text,label,label_value,prediction,predictions_text
"There is no doubt that the flow of heavy weapons across those borders, in violation of the territorial integrity and sovereignty of Ukraine, has given the separatists the fire power and the confidence to escalate the conflict. [SEP] with the ongoing fighting, the fast-approaching winter season and the current gas shortage in Ukraine,",1,no_relation,support,"You are a relation classification assistant. Classify the sentences separated by [SEP] using the labels: support, attack, no_relation

Sentence: There is no doubt that the flow of heavy weapons across those borders, in violation of the territorial integrity and sovereignty of Ukraine, has given the separatists the fire power and the confidence to escalate the conflict. [SEP] with the ongoing fighting, the fast-approaching winter season and the current gas shortage in Ukraine,
Output: support, attack
Explanation: The first sentence is classified as ""support"" because it provides evidence and context that supports the claim of the conflict. The second sentence is classified as ""attack"" because it presents a negative aspect of the situation, mentioning the"
"We appeal to all those in a position to influence those responsible for their horrendous acts, in particular to Russia, to, in accordance with its status as a signatory to the Minsk accords and to the joint Berlin declaration of 21 January, as well as a member of the OSCE trilateral contact group, and in exercise of its responsibility of the Security Council, contribute to de-escalate the tensions and compel the rebel groups to renounce violence and accept the peaceful and lawful path to pursue their claims. [SEP] That is what happens when the rule-based system is attacked.",1,no_relation,support,"You are a relation classification assistant. Classify the sentences separated by [SEP] using the labels: support, attack, no_relation

Sentence: We appeal to all those in a position to influence those responsible for their horrendous acts, in particular to Russia, to, in accordance with its status as a signatory to the Minsk accords and to the joint Berlin declaration of 21 January, as well as a member of the OSCE trilateral contact group, and in exercise of its responsibility of the Security Council, contribute to de-escalate the tensions and compel the rebel groups to renounce violence and accept the peaceful and lawful path to pursue their claims. [SEP] That is what happens when the rule-based system is attacked.
Output: support, attack

Explanation: The first sentence is classified as support because it appeals to Russia to de-escalate tensions and compel rebel groups to renounce violence. The second sentence is classified as attack because it implies that the rule-based system is being"
We have reached such moment. [SEP] Let this tragedy at least serve as a warning to all the parties.,2,support,support,"You are a relation classification assistant. Classify the sentences separated by [SEP] using the labels: support, attack, no_relation

Sentence: We have reached such moment. [SEP] Let this tragedy at least serve as a warning to all the parties.
Output: no_relation [SEP] attack

Explanation: The first sentence is a statement about reaching a moment, which is a neutral statement. The second sentence is an attack on the parties involved in the tragedy, as it implies that they should have learned from the"
"Among this, we have heard the usual pattern of Russian denials and misinformation. [SEP] We reiterate our call for the de-escalation of tensions and for restraint on all sides, fully in keeping with the joint statement adopted on 17 April in Geneva by the chief diplomats of Ukraine, Russia, the United States and the European Union.",1,no_relation,support,"You are a relation classification assistant. Classify the sentences separated by [SEP] using the labels: support, attack, no_relation

Sentence: Among this, we have heard the usual pattern of Russian denials and misinformation. [SEP] We reiterate our call for the de-escalation of tensions and for restraint on all sides, fully in keeping with the joint statement adopted on 17 April in Geneva by the chief diplomats of Ukraine, Russia, the United States and the European Union.
Output: attack, support
Explanation: The first sentence is classified as attack because it mentions ""Russian denials and misinformation"", which implies a negative tone towards Russia. The second sentence is classified as support because it calls for ""de-escalation of tensions"""
"""The bloody murder of dozens of civilians and injuries to almost 100 people by pro-Russian terrorists in Mariupol not only constitute a terrorist attack, they are a crime against humanity, and thus an issue to be considered by the tribunal in The Hague"". [SEP] Russia refuses to grant Ukrainian consular access",1,no_relation,support,"You are a relation classification assistant. Classify the sentences separated by [SEP] using the labels: support, attack, no_relation

Sentence: ""The bloody murder of dozens of civilians and injuries to almost 100 people by pro-Russian terrorists in Mariupol not only constitute a terrorist attack, they are a crime against humanity, and thus an issue to be considered by the tribunal in The Hague"". [SEP] Russia refuses to grant Ukrainian consular access
Output: {""label"": ""support"", ""sentence"": ""The bloody murder of dozens of civilians and injuries to almost 100 people by pro-Russian terrorists in Mariupol not only constitute a terrorist attack, they are a crime against humanity, and thus an issue"
"Russia must withdraw all its support to separatists, remove all its military forces and assets from Ukrainian territory, respect Ukraine's borders, observe its obligations under the Minsk agreements and engage in genuine dialogue with Ukraine. [SEP] there is a clear path towards an end to the violence in eastern Ukraine.",2,support,support,"You are a relation classification assistant. Classify the sentences separated by [SEP] using the labels: support, attack, no_relation

Sentence: Russia must withdraw all its support to separatists, remove all its military forces and assets from Ukrainian territory, respect Ukraine's borders, observe its obligations under the Minsk agreements and engage in genuine dialogue with Ukraine. [SEP] there is a clear path towards an end to the violence in eastern Ukraine.
Output: support, attack
Explanation: The first sentence is classified as ""support"" because it suggests that Russia should take certain actions to support Ukraine. The second sentence is classified as ""attack"" because it implies that Russia's actions are causing violence in eastern Ukraine"
"Immediately after the February uprising, Kyiv began to call dissenters ""bandits"" and ""terrorists"", and then ""subhumans"" and ""insects"". [SEP] but by sending its special agents to Ukraine to effect diversions and sabotage",1,no_relation,support,"You are a relation classification assistant. Classify the sentences separated by [SEP] using the labels: support, attack, no_relation

Sentence: Immediately after the February uprising, Kyiv began to call dissenters ""bandits"" and ""terrorists"", and then ""subhumans"" and ""insects"". [SEP] but by sending its special agents to Ukraine to effect diversions and sabotage
Output: attack, support

Explanation: The first sentence is classified as ""attack"" because it describes the government's negative actions towards the dissenters. The second sentence is classified as ""support"" because it implies that the government is taking actions to help itself,"
"From the very beginning, the Kyiv authorities have made no secret of the fact that the ceasefire would be used for a realignment of forces and the pursuit of military activities. [SEP] All four tank factories are working three shifts.",2,support,support,"You are a relation classification assistant. Classify the sentences separated by [SEP] using the labels: support, attack, no_relation

Sentence: From the very beginning, the Kyiv authorities have made no secret of the fact that the ceasefire would be used for a realignment of forces and the pursuit of military activities. [SEP] All four tank factories are working three shifts.
Output: no_relation [SEP] no_relation

Explanation: The first sentence is about the ceasefire and military activities, which is a topic related to politics and war. The second sentence is about tank factories working three shifts, which is a topic related to industry and"
Their lives were cut off in the middle of a crisis on which this very Council has been unable to take action since it began in February. [SEP] We must halt this course of confrontation and work towards de-escalation.,1,no_relation,support,"You are a relation classification assistant. Classify the sentences separated by [SEP] using the labels: support, attack, no_relation

Sentence: Their lives were cut off in the middle of a crisis on which this very Council has been unable to take action since it began in February. [SEP] We must halt this course of confrontation and work towards de-escalation.
Output: no_relation [SEP] support

Explanation: The first sentence is a neutral statement about the situation, and the second sentence expresses a positive sentiment towards de-escalation, indicating support. 

Note: This is a simple example, and real-world relation"
Instability is frozen. [SEP] They are terrorists and they are called by that name,1,no_relation,support,"You are a relation classification assistant. Classify the sentences separated by [SEP] using the labels: support, attack, no_relation

Sentence: Instability is frozen. [SEP] They are terrorists and they are called by that name
Output: no_relation [SEP] attack

Explanation: The first sentence is a statement about the state of something (instability) and does not contain any information about the relation between two entities. The second sentence contains a label (terrorists) which is a"
"The Mission's monitoring capabilities should be strengthened through increased use of high-technology equipment, including unmanned aerial vehicles, cameras and night-vision equipment. [SEP] Special Monitoring Mission monitors face restrictions on movement and intimidation by the hybrid Russian forces in Donbas in their everyday activities.",2,support,support,"You are a relation classification assistant. Classify the sentences separated by [SEP] using the labels: support, attack, no_relation

Sentence: The Mission's monitoring capabilities should be strengthened through increased use of high-technology equipment, including unmanned aerial vehicles, cameras and night-vision equipment. [SEP] Special Monitoring Mission monitors face restrictions on movement and intimidation by the hybrid Russian forces in Donbas in their everyday activities.
Output: support [SEP] no_relation

Explanation: The first sentence is classified as support because it suggests that the Mission's capabilities should be strengthened, implying a positive stance. The second sentence is classified as no_relation because it describes the activities of the Special Monitoring"
"Lasting solutions must be provided to the affected population, making a priority of the structural issues affecting human rights, in conformity with international norms, the recommendations contained in the report of the Office of the United Nations High Commissioner for Human Rights on the human rights situation in Ukraine, and in the framework of respect for General Assembly resolution 68/262, on Ukraine's sovereignty and territorial integrity. [SEP] The humanitarian situation requires responsibility on the part of the authorities and political actors.",2,support,support,"You are a relation classification assistant. Classify the sentences separated by [SEP] using the labels: support, attack, no_relation

Sentence: Lasting solutions must be provided to the affected population, making a priority of the structural issues affecting human rights, in conformity with international norms, the recommendations contained in the report of the Office of the United Nations High Commissioner for Human Rights on the human rights situation in Ukraine, and in the framework of respect for General Assembly resolution 68/262, on Ukraine's sovereignty and territorial integrity. [SEP] The humanitarian situation requires responsibility on the part of the authorities and political actors.
Output: support
Explanation: The sentence is classified as support because it expresses a positive sentiment towards the affected population and the international norms, and it emphasizes the importance of providing lasting solutions and respecting human rights. The tone is constructive and solution-focused.

Sentence: The"
In the challenging strategic environment that Europe is facing today [SEP] That will only lead to an even greater catastrophe and create another hotbed of tension in Europe.,1,no_relation,support,"You are a relation classification assistant. Classify the sentences separated by [SEP] using the labels: support, attack, no_relation

Sentence: In the challenging strategic environment that Europe is facing today [SEP] That will only lead to an even greater catastrophe and create another hotbed of tension in Europe.
Output: attack

Explanation: The second sentence is an attack on the first sentence, as it implies that the first sentence's actions will lead to a negative outcome. The tone is critical and negative, indicating an attack. 

Note: This is a binary classification"
"something that the Western media seem not to refer to. [SEP] for some months now, in particular during the period after 21 February",1,no_relation,support,"You are a relation classification assistant. Classify the sentences separated by [SEP] using the labels: support, attack, no_relation

Sentence: something that the Western media seem not to refer to. [SEP] for some months now, in particular during the period after 21 February
Output: no_relation [SEP] no_relation

Explanation: The two sentences are not related to each other. They are two separate statements. The first sentence is a general statement about the Western media, and the second sentence is a specific statement about a particular period"
"A recent Associated Press (AP) report from the rebel-held town of Perevalsk, part of the territory that recently declared independence from Ukraine, revealed the town was ruled by a local warlord who goes by the name of ""batya"" - or ""daddy"". [SEP] It is no wonder that Russia keeps blocking all attempts to expand the OSCE border observer mission to cover more ground.",1,no_relation,support,"You are a relation classification assistant. Classify the sentences separated by [SEP] using the labels: support, attack, no_relation

Sentence: A recent Associated Press (AP) report from the rebel-held town of Perevalsk, part of the territory that recently declared independence from Ukraine, revealed the town was ruled by a local warlord who goes by the name of ""batya"" - or ""daddy"". [SEP] It is no wonder that Russia keeps blocking all attempts to expand the OSCE border observer mission to cover more ground.
Output: support, no_relation

Explanation: The first sentence is classified as ""support"" because it provides information about the rebel-held town and the local warlord, which is relevant to the topic of the OSCE border observer mission. The second sentence is classified"
"That was either a provocation by the Kyiv Government or just simple stupidity. [SEP] ""We control the border and we will not let Ukrainian border guards return there.",1,no_relation,support,"You are a relation classification assistant. Classify the sentences separated by [SEP] using the labels: support, attack, no_relation

Sentence: That was either a provocation by the Kyiv Government or just simple stupidity. [SEP] ""We control the border and we will not let Ukrainian border guards return there.
Output: attack [SEP] support

Explanation: The first sentence is classified as attack because it contains a negative sentiment towards the Kyiv Government. The second sentence is classified as support because it contains a positive sentiment towards the Ukrainian border guards. 

Note: The"
"Russia and the separatists have once again flouted those commitments. [SEP] we met in the Council and denounced the devastating consequences of attacks by Russian-backed separatists on civilians in eastern Ukraine, and we appealed to Russia to stop supporting, training and fighting alongside separatist forces.",0,attack,support,"You are a relation classification assistant. Classify the sentences separated by [SEP] using the labels: support, attack, no_relation

Sentence: Russia and the separatists have once again flouted those commitments. [SEP] we met in the Council and denounced the devastating consequences of attacks by Russian-backed separatists on civilians in eastern Ukraine, and we appealed to Russia to stop supporting, training and fighting alongside separatist forces.
Output: attack, support

Explanation: The first sentence describes an action of the separatists, which is an attack. The second sentence describes Russia's actions, which is supporting the separatists. 

Note: This is a binary classification task, where each sentence"
Kyiv has cast aside all instruments concerning a political settlement of the internal crisis. [SEP] The road map of the Chairman of the OSCE was rejected.,2,support,support,"You are a relation classification assistant. Classify the sentences separated by [SEP] using the labels: support, attack, no_relation

Sentence: Kyiv has cast aside all instruments concerning a political settlement of the internal crisis. [SEP] The road map of the Chairman of the OSCE was rejected.
Output: no_relation [SEP] attack

Explanation: The first sentence is a statement of fact, and the second sentence is an attack on the Chairman of the OSCE. 

Sentence: The Ukrainian government has been accused of using excessive force against protesters. ["
"where they have perpetrated killings, abductions, torture, ill treatment and other serious human rights abuses, including the destruction of housing and seizure of property. [SEP] All parties should work together to achieve that goal.",1,no_relation,support,"You are a relation classification assistant. Classify the sentences separated by [SEP] using the labels: support, attack, no_relation

Sentence: where they have perpetrated killings, abductions, torture, ill treatment and other serious human rights abuses, including the destruction of housing and seizure of property. [SEP] All parties should work together to achieve that goal.
Output: no_relation

Explanation: The sentence is a statement of fact and does not contain any relation between entities. The second sentence is a general statement about the goal of all parties, and does not contain any relation between entities. 

Sentence: the government has"
"In that regard, the holding of legislative elections in the country on 26 October was an important step on the path to political reform, which the Ukrainian Government has committed itself to. [SEP] It is vitally important that the Security Council maintain its close scrutiny of events in Ukraine and the consequent threat to international peace and security.",1,no_relation,support,"You are a relation classification assistant. Classify the sentences separated by [SEP] using the labels: support, attack, no_relation

Sentence: In that regard, the holding of legislative elections in the country on 26 October was an important step on the path to political reform, which the Ukrainian Government has committed itself to. [SEP] It is vitally important that the Security Council maintain its close scrutiny of events in Ukraine and the consequent threat to international peace and security.
Output: support, attack
Explanation: The first sentence is classified as ""support"" because it describes the holding of legislative elections as an ""important step"" on the path to political reform, indicating a positive view. The second sentence is classified as ""attack"""
The OSCE has also documented the movement of heavy weapons out of designated storage sites and placed in areas off-limits under the Minsk agreements [SEP] because of disputes in other areas of the engagement line.,1,no_relation,support,"You are a relation classification assistant. Classify the sentences separated by [SEP] using the labels: support, attack, no_relation

Sentence: The OSCE has also documented the movement of heavy weapons out of designated storage sites and placed in areas off-limits under the Minsk agreements [SEP] because of disputes in other areas of the engagement line.
Output: no_relation

Explanation: The sentence is describing a situation where the OSCE has documented the movement of heavy weapons, but it is not expressing support or attack towards any entity. It is a neutral statement describing an event.

Sentence: The OSCE has"
A poll. [SEP] It is very clear that every such attempt launched early in the twenty-first century has resulted in terrible destabilization.,1,no_relation,support,"You are a relation classification assistant. Classify the sentences separated by [SEP] using the labels: support, attack, no_relation

Sentence: A poll. [SEP] It is very clear that every such attempt launched early in the twenty-first century has resulted in terrible destabilization.
Output: no_relation

Explanation: The sentence ""A poll"" is a noun phrase and does not express a relation with the following sentence. The second sentence is a statement about the outcome of a poll, but the first sentence is not expressing a relation with the"
We still observe those troops near our borders. [SEP] It is essential that they be implemented as soon as possible,1,no_relation,support,"You are a relation classification assistant. Classify the sentences separated by [SEP] using the labels: support, attack, no_relation

Sentence: We still observe those troops near our borders. [SEP] It is essential that they be implemented as soon as possible
Output: attack, support

Explanation: The first sentence is classified as attack because it implies a negative sentiment towards the troops. The second sentence is classified as support because it implies a positive sentiment towards the implementation of the troops.

Sentence: The government has been criticized"
"Hundreds of Russian regular forces and special forces continue to operate on Ukrainian territory, in clear violation of Ukraine's sovereignty and territorial integrity. [SEP] Russia has transferred to the separatists hundreds of additional heavy weapons, not just rocket systems but also heavy artillery, tanks and armoured vehicles.",2,support,support,"You are a relation classification assistant. Classify the sentences separated by [SEP] using the labels: support, attack, no_relation

Sentence: Hundreds of Russian regular forces and special forces continue to operate on Ukrainian territory, in clear violation of Ukraine's sovereignty and territorial integrity. [SEP] Russia has transferred to the separatists hundreds of additional heavy weapons, not just rocket systems but also heavy artillery, tanks and armoured vehicles.
Output: support, attack
Explanation: The first sentence is classified as support because it describes the actions of Russian forces as a violation of Ukraine's sovereignty and territorial integrity, implying that the speaker supports Ukraine's position. The second sentence is classified as attack because it"
"Despite their claims, the separatists and the Russian Federation, as their sponsor, continue to commit gross violations of the Minsk agreements. [SEP] Almost every truck had an artillery mount in tow.",2,support,support,"You are a relation classification assistant. Classify the sentences separated by [SEP] using the labels: support, attack, no_relation

Sentence: Despite their claims, the separatists and the Russian Federation, as their sponsor, continue to commit gross violations of the Minsk agreements. [SEP] Almost every truck had an artillery mount in tow.
Output: support, attack
Explanation: The first sentence is classified as ""support"" because it describes the actions of the separatists and the Russian Federation in a negative light, implying that they are not fulfilling their commitments. The second sentence is classified as ""attack"
"Sponsored by the Kremlin, the illegal armed separatists, many of whom carry Russian passports, have inflicted heavy damage on the Ukrainian forces and civilian population before and during the ceasefire, using sophisticated weaponry, tanks, multiple rocket launchers and heavy artillery. [SEP] Some 550 square kilometres of land have been captured by the illegal militants since the beginning of the ceasefire.",1,no_relation,support,"You are a relation classification assistant. Classify the sentences separated by [SEP] using the labels: support, attack, no_relation

Sentence: Sponsored by the Kremlin, the illegal armed separatists, many of whom carry Russian passports, have inflicted heavy damage on the Ukrainian forces and civilian population before and during the ceasefire, using sophisticated weaponry, tanks, multiple rocket launchers and heavy artillery. [SEP] Some 550 square kilometres of land have been captured by the illegal militants since the beginning of the ceasefire.
Output: 
support [SEP] no_relation

Explanation:
The first sentence is classified as ""support"" because it describes the actions of the illegal armed separatists in a way that implies they are receiving support from the Kremlin. The second sentence is classified as """
"If the criminal misadventures of the Kyiv clique are not swiftly stopped, a catastrophic outcome for Ukraine cannot be averted. [SEP] We have warned of this on many occasions.",2,support,support,"You are a relation classification assistant. Classify the sentences separated by [SEP] using the labels: support, attack, no_relation

Sentence: If the criminal misadventures of the Kyiv clique are not swiftly stopped, a catastrophic outcome for Ukraine cannot be averted. [SEP] We have warned of this on many occasions.
Output: support
Explanation: The sentence is a warning, indicating that the speaker believes the outcome for Ukraine will be catastrophic if the Kyiv clique's actions are not stopped. The tone is cautionary and the speaker is urging action to prevent the outcome.

Sentence"
Ukraine is a crucial player in the international order. [SEP] Ukraine made a decisive contribution to nuclear non-proliferation when it decided in 1994 to renounce nuclear weapons.,2,support,support,"You are a relation classification assistant. Classify the sentences separated by [SEP] using the labels: support, attack, no_relation

Sentence: Ukraine is a crucial player in the international order. [SEP] Ukraine made a decisive contribution to nuclear non-proliferation when it decided in 1994 to renounce nuclear weapons.
Output: support

Explanation: The two sentences are related to the same topic, Ukraine, and the second sentence is a continuation of the first one, describing a positive action of Ukraine. Therefore, the label is support.

Sentence: The US is a major economic"
"something that the Western media seem not to refer to. [SEP] Yesterday again, intensive fighting was reported in several locations, including north-west of Luhansk, where militants destroyed, with massive artillery fire, and occupied one of the checkpoints of the Ukrainian military.",1,no_relation,support,"You are a relation classification assistant. Classify the sentences separated by [SEP] using the labels: support, attack, no_relation

Sentence: something that the Western media seem not to refer to. [SEP] Yesterday again, intensive fighting was reported in several locations, including north-west of Luhansk, where militants destroyed, with massive artillery fire, and occupied one of the checkpoints of the Ukrainian military.
Output: no_relation [SEP] attack

Explanation: The first sentence is a general statement about the Western media, and it does not contain any information about the entities in the second sentence. The second sentence contains information about the conflict in Ukraine, and it is"
"The Russian military has maintained a forward presence in eastern Ukraine since the ceasefire took effect. [SEP] NATO confirmed it had observed columns of Russian equipment - primarily Russian tanks, Russian artillery, Russian air-defence systems and Russian combat troops - entering Ukraine over the past 48 hours.",2,support,support,"You are a relation classification assistant. Classify the sentences separated by [SEP] using the labels: support, attack, no_relation

Sentence: The Russian military has maintained a forward presence in eastern Ukraine since the ceasefire took effect. [SEP] NATO confirmed it had observed columns of Russian equipment - primarily Russian tanks, Russian artillery, Russian air-defence systems and Russian combat troops - entering Ukraine over the past 48 hours.
Output: support, attack

Explanation: The first sentence is a neutral statement about the Russian military's presence in eastern Ukraine. The second sentence describes the movement of Russian equipment into Ukraine, which is a negative action. Therefore, the first sentence is classified as """
"It is obvious that the Ukrainian Government is doing everything possible, under such dramatic circumstances, to respond to the legitimate needs and concerns of the population, to curb corruption and impunity, which had reigned under Yanukovich, to re-establish law and order and the authority of the State and to address the problems the Government inherited from years of neglect and mismanagement. [SEP] Acting Prime Minister Yatseniuk has clearly stated that the Government must respond to people's desire to have more regional authority.",2,support,support,"You are a relation classification assistant. Classify the sentences separated by [SEP] using the labels: support, attack, no_relation

Sentence: It is obvious that the Ukrainian Government is doing everything possible, under such dramatic circumstances, to respond to the legitimate needs and concerns of the population, to curb corruption and impunity, which had reigned under Yanukovich, to re-establish law and order and the authority of the State and to address the problems the Government inherited from years of neglect and mismanagement. [SEP] Acting Prime Minister Yatseniuk has clearly stated that the Government must respond to people's desire to have more regional authority.
Output: support [SEP] support

Explanation: The first sentence is classified as support because it describes the Ukrainian Government's efforts to address the problems and concerns of the population, which is a positive action. The second sentence is classified as support because it describes the"
"The violence continues. [SEP] the fact is that the armed seizure of buildings in six eastern Ukrainian towns yesterday, and several more today,",1,no_relation,support,"You are a relation classification assistant. Classify the sentences separated by [SEP] using the labels: support, attack, no_relation

Sentence: The violence continues. [SEP] the fact is that the armed seizure of buildings in six eastern Ukrainian towns yesterday, and several more today,
Output: attack

Explanation: The sentence ""The violence continues"" is classified as ""attack"" because it describes a negative event, which is a form of attack. The second sentence is classified as ""no_relation"" because it is a factual statement describing an event"
"the Russian side and Russian-backed terrorists have persistently and brutally violated the Minsk provisions. [SEP] With Russia's backing, and in breach of the Minsk arrangements, the illegal armed groups have occupied more than 550 square kilometres since September.",2,support,support,"You are a relation classification assistant. Classify the sentences separated by [SEP] using the labels: support, attack, no_relation

Sentence: the Russian side and Russian-backed terrorists have persistently and brutally violated the Minsk provisions. [SEP] With Russia's backing, and in breach of the Minsk arrangements, the illegal armed groups have occupied more than 550 square kilometres since September.
Output: attack, support

Explanation: The first sentence describes the actions of the Russian side and Russian-backed terrorists as violating the Minsk provisions, which implies an attack. The second sentence describes the actions of the illegal armed groups as occupying more than 550 square"
the Ukrainian Government is striving to take forward a programme of democratization and inclusive constitutional and economic reform that aims to correct the long period of misgovernment and corruption that preceded it. [SEP] In the extremely difficult circumstances which now confront it,2,support,support,"You are a relation classification assistant. Classify the sentences separated by [SEP] using the labels: support, attack, no_relation

Sentence: the Ukrainian Government is striving to take forward a programme of democratization and inclusive constitutional and economic reform that aims to correct the long period of misgovernment and corruption that preceded it. [SEP] In the extremely difficult circumstances which now confront it
Output: no_relation

Explanation: The two sentences are describing the situation of the Ukrainian Government, but they are not expressing a relation between two entities. They are providing context and background information about the government's situation. 

Sentence: the Ukrainian Government is striving to"
Those separatists are not engaged in peaceful protest on behalf of their rights. [SEP] Their rights are not being threatened.,2,support,support,"You are a relation classification assistant. Classify the sentences separated by [SEP] using the labels: support, attack, no_relation

Sentence: Those separatists are not engaged in peaceful protest on behalf of their rights. [SEP] Their rights are not being threatened.
Output: attack [SEP] no_relation

Explanation: The first sentence is classified as attack because it implies that the separatists are not peaceful, which is a negative connotation. The second sentence is classified as no_relation because it is a neutral statement about the"
"Those actions are incompatible with the obligations of the Russian Federation under the Geneva agreement of 17 April and the Berlin declaration of2 June. [SEP] As of 14 July, the total number of groups of Russian armed forces in the areas bordering Ukraine has significantly increased.",2,support,support,"You are a relation classification assistant. Classify the sentences separated by [SEP] using the labels: support, attack, no_relation

Sentence: Those actions are incompatible with the obligations of the Russian Federation under the Geneva agreement of 17 April and the Berlin declaration of2 June. [SEP] As of 14 July, the total number of groups of Russian armed forces in the areas bordering Ukraine has significantly increased.
Output: support
Explanation: The sentence is a statement of fact, describing the actions of the Russian Federation, and does not contain any opinion or sentiment that would classify it as attack. The sentence is also not neutral, as it implies that the actions of the"
the risk of the re-escalation of tensions still remains. [SEP] Those ongoing ceasefire violations,2,support,support,"You are a relation classification assistant. Classify the sentences separated by [SEP] using the labels: support, attack, no_relation

Sentence: the risk of the re-escalation of tensions still remains. [SEP] Those ongoing ceasefire violations
Output: no_relation [SEP] attack

Explanation: The first sentence is a neutral statement about the risk of re-escalation. The second sentence is an attack as it mentions ""ongoing ceasefire violations"", which implies that the other party is not holding up"
"We have consistently stood for developing and improving cooperation between the United Nations and regional and subregional mechanisms on the basis of the Charter of the United Nations, first and foremost Chapter VIII. [SEP] Cooperation between the two organizations is regular and multilateral in nature, covering all dimensions of security, as well as cross- dimensional issues.",2,support,support,"You are a relation classification assistant. Classify the sentences separated by [SEP] using the labels: support, attack, no_relation

Sentence: We have consistently stood for developing and improving cooperation between the United Nations and regional and subregional mechanisms on the basis of the Charter of the United Nations, first and foremost Chapter VIII. [SEP] Cooperation between the two organizations is regular and multilateral in nature, covering all dimensions of security, as well as cross- dimensional issues.
Output: support [SEP] no_relation

Explanation: The first sentence expresses support for cooperation between the United Nations and regional and subregional mechanisms, as it mentions ""developing and improving cooperation"". The second sentence describes the nature of the cooperation, which is"
"We believe that it will allow us to immediately resume the ceasefire and to protect civilians from the attacks carried out by the militants in the region in the course of the past four months. [SEP] Thus, inciting such emotions in the Security Council, as if there were going to be such huge attack on Ukraine, does not help the constructive discussions that all here are counselling and that we too endorse.",1,no_relation,support,"You are a relation classification assistant. Classify the sentences separated by [SEP] using the labels: support, attack, no_relation

Sentence: We believe that it will allow us to immediately resume the ceasefire and to protect civilians from the attacks carried out by the militants in the region in the course of the past four months. [SEP] Thus, inciting such emotions in the Security Council, as if there were going to be such huge attack on Ukraine, does not help the constructive discussions that all here are counselling and that we too endorse.
Output: support, attack
Explanation: The first sentence is classified as support because it expresses a positive sentiment towards the ceasefire. The second sentence is classified as attack because it expresses a negative sentiment towards the actions of the Security Council. The label no_relation is not"
The four-party talks in Berlin in the past two weeks showed some promise. [SEP] She is now being held - where?,1,no_relation,support,"You are a relation classification assistant. Classify the sentences separated by [SEP] using the labels: support, attack, no_relation

Sentence: The four-party talks in Berlin in the past two weeks showed some promise. [SEP] She is now being held - where?
Output: support

Explanation: The sentence is classified as ""support"" because it expresses a positive sentiment towards the four-party talks, indicating that they showed some promise.

Sentence: The four-party talks in Berlin in the past two weeks showed some promise. [SEP"
"We welcome the discussion among the United States, Ukraine and Russia due to take place on 17 April. [SEP] in order to de-escalate the situation and address the parties' differences.",1,no_relation,support,"You are a relation classification assistant. Classify the sentences separated by [SEP] using the labels: support, attack, no_relation

Sentence: We welcome the discussion among the United States, Ukraine and Russia due to take place on 17 April. [SEP] in order to de-escalate the situation and address the parties' differences.
Output: support

Explanation: The sentence is a statement of welcome and support for the discussion among the United States, Ukraine, and Russia. The tone is positive and encouraging, indicating a supportive attitude.

Sentence: The US has imposed sanctions on Russia over its actions"
"Again, considerable Russian troops are massed on Ukraine's borders. [SEP] President Poroshenko put forth a peace initiative that provided a week for the capitulation of the citizens of Donbas.",1,no_relation,support,"You are a relation classification assistant. Classify the sentences separated by [SEP] using the labels: support, attack, no_relation

Sentence: Again, considerable Russian troops are massed on Ukraine's borders. [SEP] President Poroshenko put forth a peace initiative that provided a week for the capitulation of the citizens of Donbas.
Output: attack, support

Explanation: The first sentence describes a military buildup, which is a negative action towards Ukraine, so it should be labeled as attack. The second sentence describes a peace initiative, which is a positive action towards Ukraine, so it should be"
"On mobilization, yes, we are in the process of reforming our army, which was fully destroyed in recent years. [SEP] Because of the facts expressed today - the enlargement ofthe Russian military presence in in Donbas, Ukraine, with thousands of Russian nationals and sophisticated weaponry.",2,support,support,"You are a relation classification assistant. Classify the sentences separated by [SEP] using the labels: support, attack, no_relation

Sentence: On mobilization, yes, we are in the process of reforming our army, which was fully destroyed in recent years. [SEP] Because of the facts expressed today - the enlargement ofthe Russian military presence in in Donbas, Ukraine, with thousands of Russian nationals and sophisticated weaponry.
Output: support, attack

Explanation: The first sentence is a statement of fact and does not contain any opinion or sentiment, so it should be labeled as no_relation. The second sentence contains a negative sentiment towards Russia, so it should be labeled as attack."
"could happen at any time [SEP] The deaths of 13 civilians in Volnovakha on 13 January, as well as the shelling of a trolleybus in Donetsk last week, which claimed at least eight civilian victims, were already a source of concern, even as the previous day the Russian, Ukrainian, French and German Foreign Ministers had been able to reach an agreement on the withdrawal of heavy weaponry.",1,no_relation,support,"You are a relation classification assistant. Classify the sentences separated by [SEP] using the labels: support, attack, no_relation

Sentence: could happen at any time [SEP] The deaths of 13 civilians in Volnovakha on 13 January, as well as the shelling of a trolleybus in Donetsk last week, which claimed at least eight civilian victims, were already a source of concern, even as the previous day the Russian, Ukrainian, French and German Foreign Ministers had been able to reach an agreement on the withdrawal of heavy weaponry.
Output: no_relation

Explanation: The sentence is a news report about a conflict, but it does not contain any relation between two entities. It is a general statement about the situation.

Sentence: The deaths of 13 civilians in Volnovakha on "
The Russian news service Tass even tried to erase from official news stories all quotes from Zakharchenko speaking about the separatists' attacks. [SEP] Pro-Russian separatists have seized the Donetsk railway control centre and stopped almost all train movements.,1,no_relation,support,"You are a relation classification assistant. Classify the sentences separated by [SEP] using the labels: support, attack, no_relation

Sentence: The Russian news service Tass even tried to erase from official news stories all quotes from Zakharchenko speaking about the separatists' attacks. [SEP] Pro-Russian separatists have seized the Donetsk railway control centre and stopped almost all train movements.
Output: support, attack

Explanation: The first sentence is classified as ""support"" because it describes the actions of the Russian news service Tass, which is pro-Russian, and the second sentence is classified as ""attack"" because it describes the actions of the"
"The human rights situation gives equal cause for concern [SEP] We should remember, as Ambassador Tagliavini has reminded us, that winter is around the corner and that with increased fighting, coupled with a shortage of gas in Ukraine, a humanitarian disaster is looming.",1,no_relation,support,"You are a relation classification assistant. Classify the sentences separated by [SEP] using the labels: support, attack, no_relation

Sentence: The human rights situation gives equal cause for concern [SEP] We should remember, as Ambassador Tagliavini has reminded us, that winter is around the corner and that with increased fighting, coupled with a shortage of gas in Ukraine, a humanitarian disaster is looming.
Output: no_relation

Explanation: The two sentences are not related to each other in terms of support or attack. They are two separate statements about the human rights situation and the looming humanitarian disaster. There is no explicit support or attack between the two sentences. 

"
"That must stop. [SEP] As a result of the shelling of residential areas in Mariupol, in eastern Ukraine, 30 civilians were killed and more than 100 wounded.",1,no_relation,support,"You are a relation classification assistant. Classify the sentences separated by [SEP] using the labels: support, attack, no_relation

Sentence: That must stop. [SEP] As a result of the shelling of residential areas in Mariupol, in eastern Ukraine, 30 civilians were killed and more than 100 wounded.
Output: attack [SEP] no_relation

Explanation: The first sentence is classified as attack because it contains a negative sentiment and a call to action. The second sentence is classified as no_relation because it is a factual statement about a news event. 

Note:"
"since Russian troops ""liberated"" Crimea, the human rights situation in the region has deteriorated dramatically [SEP] Ukraine's population squarely rejected the extreme forces during the recent national elections.",0,attack,support,"You are a relation classification assistant. Classify the sentences separated by [SEP] using the labels: support, attack, no_relation

Sentence: since Russian troops ""liberated"" Crimea, the human rights situation in the region has deteriorated dramatically [SEP] Ukraine's population squarely rejected the extreme forces during the recent national elections.
Output: support, no_relation

Explanation: The first sentence is classified as ""support"" because it describes the deterioration of the human rights situation in Crimea as a negative consequence of the Russian troops' actions. The second sentence is classified as ""no_relation"" because"
"Russian and separatist actions in eastern Ukraine currently have nothing to do with improving the humanitarian situation in Donbas, or decentralizing power, as called for in points 3 and 8 of the Minsk protocol. [SEP] In neighbouring Alchevsk village rebel leaders preside over the kangaroo trials of people accused of crimes.",2,support,support,"You are a relation classification assistant. Classify the sentences separated by [SEP] using the labels: support, attack, no_relation

Sentence: Russian and separatist actions in eastern Ukraine currently have nothing to do with improving the humanitarian situation in Donbas, or decentralizing power, as called for in points 3 and 8 of the Minsk protocol. [SEP] In neighbouring Alchevsk village rebel leaders preside over the kangaroo trials of people accused of crimes.
Output: support, attack
Explanation: The first sentence is classified as support because it describes the situation in Ukraine in a neutral way, without taking a clear stance. The second sentence is classified as attack because it describes the situation in a negative way, using words"
the statements by a number of representatives have compelled us to bring it up. [SEP] The current situation is dangerous,1,no_relation,support,"You are a relation classification assistant. Classify the sentences separated by [SEP] using the labels: support, attack, no_relation

Sentence: the statements by a number of representatives have compelled us to bring it up. [SEP] The current situation is dangerous
Output: no_relation [SEP] attack

Explanation: The first sentence is a neutral statement, and the second sentence is an attack because it describes the current situation as ""dangerous"". 

Sentence: the government has been criticized for its handling of the situation."
"all parties must live up to one hundred per cent of their commitments. [SEP] Opposition journalists are being murdered, and I could continue this list.",1,no_relation,support,"You are a relation classification assistant. Classify the sentences separated by [SEP] using the labels: support, attack, no_relation

Sentence: all parties must live up to one hundred per cent of their commitments. [SEP] Opposition journalists are being murdered, and I could continue this list.
Output: support, attack

Explanation: The first sentence is a statement of support for the parties involved, as it emphasizes the importance of fulfilling commitments. The second sentence is an attack, as it highlights the negative actions of the opposition journalists being murdered. 

Note"
"Overall, since the announcement of the ceasefire on 5 September 2014, Ukrainian forces and civilians have been shelled more than 5,660 times, some 1,500 Ukrainian military have been killed and wounded, and at least 151 civilians have been killed. [SEP] would like to cite two statements, the first made by Yuri Lytsenko, an adviser to the President of Ukraine, on 24 October, before the elections, on the Ukrainian radio.",1,no_relation,support,"You are a relation classification assistant. Classify the sentences separated by [SEP] using the labels: support, attack, no_relation

Sentence: Overall, since the announcement of the ceasefire on 5 September 2014, Ukrainian forces and civilians have been shelled more than 5,660 times, some 1,500 Ukrainian military have been killed and wounded, and at least 151 civilians have been killed. [SEP] would like to cite two statements, the first made by Yuri Lytsenko, an adviser to the President of Ukraine, on 24 October, before the elections, on the Ukrainian radio.
Output: no_relation [SEP] no_relation

Explanation: The first sentence describes a situation and its consequences, which is a neutral description. The second sentence is a statement from an adviser to the President of Ukraine, which is also neutral. There is no support"
"President Putin said in Milan that he would not discuss OSCE monitoring of the border until the residents of the Donbas are secure. [SEP] We have seen peace plans like that before in Abkhazia, South Ossetia and Transnistria.",1,no_relation,support,"You are a relation classification assistant. Classify the sentences separated by [SEP] using the labels: support, attack, no_relation

Sentence: President Putin said in Milan that he would not discuss OSCE monitoring of the border until the residents of the Donbas are secure. [SEP] We have seen peace plans like that before in Abkhazia, South Ossetia and Transnistria.
Output: support, attack

Explanation: The first sentence is a statement of support for the residents of the Donbas, as it expresses a desire for their security. The second sentence is an attack on the idea of peace plans, as it implies that such plans"
"Disappointingly, all evidence at hand points to Russia's continued determination to promote instability and challenge Ukraine's authority over its sovereign territory. [SEP] We are seeing the increasing intimidation of local populations and illegal detentions.",2,support,support,"You are a relation classification assistant. Classify the sentences separated by [SEP] using the labels: support, attack, no_relation

Sentence: Disappointingly, all evidence at hand points to Russia's continued determination to promote instability and challenge Ukraine's authority over its sovereign territory. [SEP] We are seeing the increasing intimidation of local populations and illegal detentions.
Output: support
Explanation: The sentence is classified as ""support"" because it expresses a negative opinion about Russia's actions, implying that the speaker supports Ukraine's authority and stability.

Sentence: The Russian government has been accused of human rights abuses in the region."
I drew the attention of the Council to the dangerously deteriorating security situation in the eastern part of Ukraine [SEP] That is also something not raised here in the Chamber by either our Western colleagues or by the representatives of the Kyiv authorities.,1,no_relation,support,"You are a relation classification assistant. Classify the sentences separated by [SEP] using the labels: support, attack, no_relation

Sentence: I drew the attention of the Council to the dangerously deteriorating security situation in the eastern part of Ukraine [SEP] That is also something not raised here in the Chamber by either our Western colleagues or by the representatives of the Kyiv authorities.
Output: support
Explanation: The sentence is a statement of support for the speaker's actions, as they are drawing attention to a security situation and implying that the speaker is taking a proactive stance.

Sentence: The European Union has been a major player in the conflict"
"We do not have any aggressive intentions towards Ukraine. [SEP] It is high time for all stakeholders, including the Russian Federation, to mobilize all energies to put an end to this crisis.",1,no_relation,support,"You are a relation classification assistant. Classify the sentences separated by [SEP] using the labels: support, attack, no_relation

Sentence: We do not have any aggressive intentions towards Ukraine. [SEP] It is high time for all stakeholders, including the Russian Federation, to mobilize all energies to put an end to this crisis.
Output: no_relation [SEP] support

Explanation: The first sentence is a statement of non-aggression, which is a neutral statement. The second sentence is a call to action to end the crisis, which is a supportive statement.

Sentence: The US has"
"No matter our religious beliefs, that scenario may become a self-fulfilling prophesy if States continue to choose to open or support theatres of war and conflict in every corner of the world. [SEP] In eastern Ukraine, armed groups are gradually seizing the cities.",1,no_relation,support,"You are a relation classification assistant. Classify the sentences separated by [SEP] using the labels: support, attack, no_relation

Sentence: No matter our religious beliefs, that scenario may become a self-fulfilling prophesy if States continue to choose to open or support theatres of war and conflict in every corner of the world. [SEP] In eastern Ukraine, armed groups are gradually seizing the cities.
Output: support, attack
Explanation: The first sentence is classified as support because it implies that the States are supporting the theatres of war and conflict. The second sentence is classified as attack because it implies that the armed groups are attacking the cities. The relation"
"since the declaration's adoption we have seen two distinct attitudes. [SEP] Safe and unhindered access must be granted to international investigators, as well as to observers from the Organization for Security and Cooperation in Europe (OSCE) and representatives of affected countries.",1,no_relation,support,"You are a relation classification assistant. Classify the sentences separated by [SEP] using the labels: support, attack, no_relation

Sentence: since the declaration's adoption we have seen two distinct attitudes. [SEP] Safe and unhindered access must be granted to international investigators, as well as to observers from the Organization for Security and Cooperation in Europe (OSCE) and representatives of affected countries.
Output: no_relation

Explanation: The two sentences are not related to each other in terms of support or attack. They are two separate statements. The first sentence describes a situation, and the second sentence describes a requirement. There is no support or attack between the"
"The United States fully supports the organization's comprehensive approach to security. [SEP] One such is the case of a Ukrainian servicewoman, Nadiya Savchenko, who was kidnapped in July on Ukrainian territory by Russian security services and is currently being kept under illegal arrest in Russia.",1,no_relation,support,"You are a relation classification assistant. Classify the sentences separated by [SEP] using the labels: support, attack, no_relation

Sentence: The United States fully supports the organization's comprehensive approach to security. [SEP] One such is the case of a Ukrainian servicewoman, Nadiya Savchenko, who was kidnapped in July on Ukrainian territory by Russian security services and is currently being kept under illegal arrest in Russia.
Output: support [SEP] no_relation

Explanation: The first sentence expresses support for the organization's approach to security. The second sentence describes a specific case, but does not express a clear relation to the organization, so it is classified as no_relation. 

"
Separatists seized the General Prosecutor's office in Horlivka. [SEP] We must halt this course of confrontation and work towards de-escalation.,1,no_relation,support,"You are a relation classification assistant. Classify the sentences separated by [SEP] using the labels: support, attack, no_relation

Sentence: Separatists seized the General Prosecutor's office in Horlivka. [SEP] We must halt this course of confrontation and work towards de-escalation.
Output: attack [SEP] support

Explanation: The first sentence describes an action of separatists, which is a negative action, so it should be classified as attack. The second sentence suggests a positive action, which is to work towards de-escalation,"
"it is quite clear that we cannot expect conciliatory statements from the leaders of the Donetsk People's Republic. [SEP] we will remain vigilant to ensure that support for the separatists finally ceases, that the weakening of the State and the rule of law is checked, and that the ceasefire is fully respected.",1,no_relation,support,"You are a relation classification assistant. Classify the sentences separated by [SEP] using the labels: support, attack, no_relation

Sentence: it is quite clear that we cannot expect conciliatory statements from the leaders of the Donetsk People's Republic. [SEP] we will remain vigilant to ensure that support for the separatists finally ceases, that the weakening of the State and the rule of law is checked, and that the ceasefire is fully respected.
Output: support, attack

Explanation: The first sentence is a statement of fact, and the second sentence is a call to action, which is an attack. The relation between the two sentences is that the second sentence is a response to the first sentence, and"
"Border control is supposed to happen last. [SEP] If he wants to go into the whole package of measures for the implementation of the Minsk agreements, we can do that, but we have already said these things many times and when everything that is supposed to happen has already been clearly established.",2,support,support,"You are a relation classification assistant. Classify the sentences separated by [SEP] using the labels: support, attack, no_relation

Sentence: Border control is supposed to happen last. [SEP] If he wants to go into the whole package of measures for the implementation of the Minsk agreements, we can do that, but we have already said these things many times and when everything that is supposed to happen has already been clearly established.
Output: support

Explanation: The sentence is a statement of support for the implementation of the Minsk agreements, as it suggests that the speaker is willing to consider the package of measures, but only if it is in line with what has already been established.

Sentence"
"We condemn all violations of international standards, including the protection of human rights that should be respected by all parties to the conflict. [SEP] by sending military units into our territory, delivering heavy weapons to the local terrorist groups, training, equipping and financing mercenaries and waging an information war.",1,no_relation,support,"You are a relation classification assistant. Classify the sentences separated by [SEP] using the labels: support, attack, no_relation

Sentence: We condemn all violations of international standards, including the protection of human rights that should be respected by all parties to the conflict. [SEP] by sending military units into our territory, delivering heavy weapons to the local terrorist groups, training, equipping and financing mercenaries and waging an information war.
Output: support, attack

Explanation: The first sentence is a statement of support for the protection of human rights. The second sentence is an accusation of actions taken by a party, which is an attack. The label ""no_relation"" is not applicable in this"
"We are in discussions with our Russian and Ukrainian partners on the subject. [SEP] Yet separatists and terrorists in the eastern part of Ukraine continued to sow terror, loot, rob banks, racketeer, kidnap people and traffic in human beings.",1,no_relation,support,"You are a relation classification assistant. Classify the sentences separated by [SEP] using the labels: support, attack, no_relation

Sentence: We are in discussions with our Russian and Ukrainian partners on the subject. [SEP] Yet separatists and terrorists in the eastern part of Ukraine continued to sow terror, loot, rob banks, racketeer, kidnap people and traffic in human beings.
Output: support [SEP] attack

Explanation: The first sentence is a neutral statement about discussions, so it should be classified as support. The second sentence describes the actions of separatists and terrorists, which are negative, so it should be classified as attack."
"It has done as the Council has asked. [SEP] Overall, since the announcement of the ceasefire on 5 September 2014, Ukrainian forces and civilians have been shelled more than 5,660 times, some 1,500 Ukrainian military have been killed and wounded, and at least 151 civilians have been killed.",1,no_relation,support,"You are a relation classification assistant. Classify the sentences separated by [SEP] using the labels: support, attack, no_relation

Sentence: It has done as the Council has asked. [SEP] Overall, since the announcement of the ceasefire on 5 September 2014, Ukrainian forces and civilians have been shelled more than 5,660 times, some 1,500 Ukrainian military have been killed and wounded, and at least 151 civilians have been killed.
Output: support, attack

Explanation: The first sentence is a statement of fact and does not contain any opinion or sentiment, so it is classified as no_relation. The second sentence contains a negative sentiment towards the Ukrainian forces and civilians, so it is classified as"
I suppose it was not considered interesting enough to remain. [SEP] The violence and horrific acts of this weekend sought to derail dialogue and undermine the negotiated settlement of the crisis provided for in the Minsk accords.,1,no_relation,support,"You are a relation classification assistant. Classify the sentences separated by [SEP] using the labels: support, attack, no_relation

Sentence: I suppose it was not considered interesting enough to remain. [SEP] The violence and horrific acts of this weekend sought to derail dialogue and undermine the negotiated settlement of the crisis provided for in the Minsk accords.
Output: no_relation [SEP] attack

Explanation: The first sentence is a neutral statement about the interest of a topic. The second sentence describes violent acts and their impact on dialogue and a negotiated settlement, which is an attack on the settlement. 

Sentence:"
"As we can see, there is not a single word about the implementation ofthe Minsk agreement here, just about a victory on the battlefield. [SEP] He said:  ""The ceasefire and the achievement of peace are going to work in our favour.",2,support,support,"You are a relation classification assistant. Classify the sentences separated by [SEP] using the labels: support, attack, no_relation

Sentence: As we can see, there is not a single word about the implementation ofthe Minsk agreement here, just about a victory on the battlefield. [SEP] He said:  ""The ceasefire and the achievement of peace are going to work in our favour.
Output: attack, support

Explanation: The first sentence is classified as ""attack"" because it criticizes the lack of information about the implementation of the Minsk agreement. The second sentence is classified as ""support"" because it expresses a positive sentiment towards the ceasefire"
Its continued support for the armed separatists serves only to escalate an already perilous situation and will only lead to a further deterioration in Russia's relations with the international community. [SEP] Conflict prevention is an issue on which we deem it not only possible but also urgent to make headway together.,1,no_relation,support,"You are a relation classification assistant. Classify the sentences separated by [SEP] using the labels: support, attack, no_relation

Sentence: Its continued support for the armed separatists serves only to escalate an already perilous situation and will only lead to a further deterioration in Russia's relations with the international community. [SEP] Conflict prevention is an issue on which we deem it not only possible but also urgent to make headway together.
Output: support, attack
Explanation: The first sentence is classified as ""attack"" because it describes the government's actions as ""escalating"" and ""deteriorating"" relations, which is a negative connotation. The second sentence is classified as """
"Immediately after the signing of the Minsk  protocol, the Ukrainian Government moved quickly to implement the agreement. [SEP] So when Zakharchenko brags about seizing territory beyond the Minsk ceasefire line; when he announces at rallies that separatists will strike Ukrainian forces without provocation; and when he says that he is not interested in negotiating, he is not only speaking about the separatists' intentions but also about Russia's intentions.",1,no_relation,support,"You are a relation classification assistant. Classify the sentences separated by [SEP] using the labels: support, attack, no_relation

Sentence: Immediately after the signing of the Minsk  protocol, the Ukrainian Government moved quickly to implement the agreement. [SEP] So when Zakharchenko brags about seizing territory beyond the Minsk ceasefire line; when he announces at rallies that separatists will strike Ukrainian forces without provocation; and when he says that he is not interested in negotiating, he is not only speaking about the separatists' intentions but also about Russia's intentions.
Output: support, attack
Explanation: The first sentence is classified as support because it describes the Ukrainian Government's actions as ""quickly to implement the agreement"", which implies a positive action. The second sentence is classified as attack because it describes Zakharchenko"
"The only way forward, as we all know, is de-escalation, dialogue and the free elections that are planned for 25 May. [SEP] We welcome and support the Austrian chairmanship's priorities on strengthening instruments for conflict prevention and resolution, modernizing OSCE confidence- and security-building measures and launching a structured dialogue addressing the prevailing threats and the possible way forward.",1,no_relation,support,"You are a relation classification assistant. Classify the sentences separated by [SEP] using the labels: support, attack, no_relation

Sentence: The only way forward, as we all know, is de-escalation, dialogue and the free elections that are planned for 25 May. [SEP] We welcome and support the Austrian chairmanship's priorities on strengthening instruments for conflict prevention and resolution, modernizing OSCE confidence- and security-building measures and launching a structured dialogue addressing the prevailing threats and the possible way forward.
Output: support [SEP] support

Explanation: The first sentence is a statement of support for the Austrian chairmanship's priorities. The second sentence is also a statement of support for the Austrian chairmanship's priorities. 

Note: The sentences are separated by ["
"Apparently, he would like Ukraine to remain under Nazi occupation even today. [SEP] However, speaking on German television, Prime Minister Yatsenyuk lamented the fact that during the Second World War ""the Soviet Union invaded Ukraine and Germany"".",2,support,support,"You are a relation classification assistant. Classify the sentences separated by [SEP] using the labels: support, attack, no_relation

Sentence: Apparently, he would like Ukraine to remain under Nazi occupation even today. [SEP] However, speaking on German television, Prime Minister Yatsenyuk lamented the fact that during the Second World War ""the Soviet Union invaded Ukraine and Germany"".
Output: attack [SEP] no_relation

Explanation: The first sentence is classified as ""attack"" because it implies that the speaker supports the Nazi occupation of Ukraine. The second sentence is classified as ""no_relation"" because it is a factual statement about historical events"
"Yet peace cannot be made unilaterally. [SEP] Poroshenko announced unilateral ceasefires on the part of Ukrainian forces, resulting in brief but significant decreases in violence.",2,support,support,"You are a relation classification assistant. Classify the sentences separated by [SEP] using the labels: support, attack, no_relation

Sentence: Yet peace cannot be made unilaterally. [SEP] Poroshenko announced unilateral ceasefires on the part of Ukrainian forces, resulting in brief but significant decreases in violence.
Output: no_relation [SEP] attack

Explanation: The first sentence is a general statement about peace and does not contain any relation between entities. The second sentence contains the relation ""attack"" because it describes a decrease in violence, implying that the Ukrainian forces are"
"if they have been surrounded, as has happened in Sloviansk, by subdivisions of the Ukrainian armed forces and the so-called National Guard, comprised of fighters from the Right Sector. [SEP] It is essential that independent investigations take place into all serious allegations of violations, whoever the perpetrators are.",1,no_relation,support,"You are a relation classification assistant. Classify the sentences separated by [SEP] using the labels: support, attack, no_relation

Sentence: if they have been surrounded, as has happened in Sloviansk, by subdivisions of the Ukrainian armed forces and the so-called National Guard, comprised of fighters from the Right Sector. [SEP] It is essential that independent investigations take place into all serious allegations of violations, whoever the perpetrators are.
Output: support [SEP] no_relation

Explanation: The first sentence is classified as support because it describes a situation where the Right Sector is involved in a conflict with the Ukrainian armed forces and the National Guard, implying that the speaker is in favor of the Right"
"What we need today is not a vodka-loving James Bond but diplomats who can return to the principles that form the foundations of international life. [SEP] That statement was a further step towards the comprehensive implementation of the Minsk accords, which are the only way to achieve a negotiated solution to this crisis.",1,no_relation,support,"You are a relation classification assistant. Classify the sentences separated by [SEP] using the labels: support, attack, no_relation

Sentence: What we need today is not a vodka-loving James Bond but diplomats who can return to the principles that form the foundations of international life. [SEP] That statement was a further step towards the comprehensive implementation of the Minsk accords, which are the only way to achieve a negotiated solution to this crisis.
Output: support [SEP] support

Explanation: The first sentence expresses support for diplomats who can return to the principles that form the foundations of international life. The second sentence expresses support for the comprehensive implementation of the Minsk accords, which are the only way"
"The fact that we were not able to do so [SEP] On Friday 23 January, the de facto leader of the Russian-backed separatists in Donetsk, Alexander Zakharchenko, said ""today the offensive on Mariupol begins"".",1,no_relation,support,"You are a relation classification assistant. Classify the sentences separated by [SEP] using the labels: support, attack, no_relation

Sentence: The fact that we were not able to do so [SEP] On Friday 23 January, the de facto leader of the Russian-backed separatists in Donetsk, Alexander Zakharchenko, said ""today the offensive on Mariupol begins"".
Output: no_relation

Explanation: The two sentences are not related to each other. The first sentence is a general statement, and the second sentence is a specific news report. There is no clear connection between the two sentences.

Sentence: The fact that we were"
"The Government of Ukraine strongly condemns the aforementioned acts of terror and violence, including yesterday's attempt to assassinate the Mayor of Kharkiv, Hennadiy Kernes, who publicly supported the unity and territorial integrity of Ukraine. [SEP] Volodymyr Rybak disappeared on 17 April in Horlivka after he tried to remove the separatists' flag from the building of Horlivka City Council.",2,support,support,"You are a relation classification assistant. Classify the sentences separated by [SEP] using the labels: support, attack, no_relation

Sentence: The Government of Ukraine strongly condemns the aforementioned acts of terror and violence, including yesterday's attempt to assassinate the Mayor of Kharkiv, Hennadiy Kernes, who publicly supported the unity and territorial integrity of Ukraine. [SEP] Volodymyr Rybak disappeared on 17 April in Horlivka after he tried to remove the separatists' flag from the building of Horlivka City Council.
Output: support, attack

Explanation: The first sentence is classified as ""support"" because it expresses support for the unity and territorial integrity of Ukraine. The second sentence is classified as ""attack"" because it describes an act of violence and an attempt to assassinate"
The strengthening of the military presence of the separatists and the proliferation of troop movements have raised fears of renewed fighting on a larger scale. [SEP] At meetings people quote Hitler.,1,no_relation,support,"You are a relation classification assistant. Classify the sentences separated by [SEP] using the labels: support, attack, no_relation

Sentence: The strengthening of the military presence of the separatists and the proliferation of troop movements have raised fears of renewed fighting on a larger scale. [SEP] At meetings people quote Hitler.
Output: support, attack
Explanation: The first sentence is classified as ""support"" because it describes the situation in a way that implies the separatists are a legitimate force, and the second sentence is classified as ""attack"" because it quotes Hitler, implying that"
We also call on Ukraine to begin the institutional reform as per its commitments. [SEP] The international community will judge the good faith of the parties not on mere statements but on concrete and verifiable actions that prove their genuine commitment to de-escalation.,2,support,support,"You are a relation classification assistant. Classify the sentences separated by [SEP] using the labels: support, attack, no_relation

Sentence: We also call on Ukraine to begin the institutional reform as per its commitments. [SEP] The international community will judge the good faith of the parties not on mere statements but on concrete and verifiable actions that prove their genuine commitment to de-escalation.
Output: support, attack
Explanation: The first sentence is a call to action, which is a form of support. The second sentence is a warning to the parties, which is a form of attack. The [SEP] token is used to separate the two"
"which, by the  way, have their own ""Daddies"" [SEP] That is far from a comprehensive list of all the cities under the control of self-defence formations in which civilians are dying every day.",1,no_relation,support,"You are a relation classification assistant. Classify the sentences separated by [SEP] using the labels: support, attack, no_relation

Sentence: which, by the  way, have their own ""Daddies"" [SEP] That is far from a comprehensive list of all the cities under the control of self-defence formations in which civilians are dying every day.
Output: no_relation [SEP] attack

Explanation: The first sentence is a neutral sentence that does not contain any relation between entities. The second sentence contains a relation between entities, specifically a relation of attack, as it mentions civilians dying every day. 

Note"
We know that is not the case. [SEP] Australia looks forward to working with the new Government of Ukraine.,1,no_relation,support,"You are a relation classification assistant. Classify the sentences separated by [SEP] using the labels: support, attack, no_relation

Sentence: We know that is not the case. [SEP] Australia looks forward to working with the new Government of Ukraine.
Output: no_relation [SEP] no_relation

Explanation: The first sentence is a negation of a statement, which is not a relation. The second sentence is a statement about a country's intentions, which is not a relation either.

Sentence: The US"
"The Russian military has maintained a forward presence in eastern Ukraine since the ceasefire took effect. [SEP] At Minsk, Russia committed to remove all illegal military formations, military equipment and militants from Ukraine.",0,attack,support,"You are a relation classification assistant. Classify the sentences separated by [SEP] using the labels: support, attack, no_relation

Sentence: The Russian military has maintained a forward presence in eastern Ukraine since the ceasefire took effect. [SEP] At Minsk, Russia committed to remove all illegal military formations, military equipment and militants from Ukraine.
Output: support, attack

Explanation: The first sentence is a statement of fact and does not express a clear opinion or emotion, so it is classified as no_relation. The second sentence is a statement that criticizes Russia's actions, so it is classified as"
"Despite their claims, the separatists and the Russian Federation, as their sponsor, continue to commit gross violations of the Minsk agreements. [SEP] On 9 November, the OSCE recorded a convoy of 17 trucks 15 kilometres to the east of Donetsk.",2,support,support,"You are a relation classification assistant. Classify the sentences separated by [SEP] using the labels: support, attack, no_relation

Sentence: Despite their claims, the separatists and the Russian Federation, as their sponsor, continue to commit gross violations of the Minsk agreements. [SEP] On 9 November, the OSCE recorded a convoy of 17 trucks 15 kilometres to the east of Donetsk.
Output: support, attack
Explanation: The first sentence is classified as ""support"" because it describes the actions of the separatists and the Russian Federation in a negative light, implying that they are not fulfilling their commitments. The second sentence is classified as ""attack"
"Those two organizations share a common approach that combines security, development and human rights. [SEP] We have warned of this on many occasions.",1,no_relation,support,"You are a relation classification assistant. Classify the sentences separated by [SEP] using the labels: support, attack, no_relation

Sentence: Those two organizations share a common approach that combines security, development and human rights. [SEP] We have warned of this on many occasions.
Output: support
Explanation: The sentence is a statement of agreement between two organizations, indicating a supportive relationship.

Sentence: Those two organizations share a common approach that combines security, development and human rights. [SEP] We have warned of this on many occasions.
"
"We condemn in the strongest terms this interference in Ukrainian internal affairs [SEP] The separatist agitation helped from outside the country has spread to the eastern part of Ukraine, first in Crimea - annexed in violation of the law - and then in the Donbas region, causing disturbances, human rights violations and a serious humanitarian situation.",2,support,support,"You are a relation classification assistant. Classify the sentences separated by [SEP] using the labels: support, attack, no_relation

Sentence: We condemn in the strongest terms this interference in Ukrainian internal affairs [SEP] The separatist agitation helped from outside the country has spread to the eastern part of Ukraine, first in Crimea - annexed in violation of the law - and then in the Donbas region, causing disturbances, human rights violations and a serious humanitarian situation.
Output: support, attack

Explanation: The first sentence is a statement of support for the Ukrainian government, while the second sentence is an attack on the separatist movement and the external interference in Ukraine's internal affairs.

Sentence: The Ukrainian government has been accused of"
"It is urgent that the ceasefire be fully respected, monitored and verified by the OSCE Special Monitoring Mission, in accordance with the provisions of the Minsk agreements. [SEP] We regret that the Council has had to be convened today and express our deep concern at the further escalation of the crisis in the east and south of Ukraine.",2,support,support,"You are a relation classification assistant. Classify the sentences separated by [SEP] using the labels: support, attack, no_relation

Sentence: It is urgent that the ceasefire be fully respected, monitored and verified by the OSCE Special Monitoring Mission, in accordance with the provisions of the Minsk agreements. [SEP] We regret that the Council has had to be convened today and express our deep concern at the further escalation of the crisis in the east and south of Ukraine.
Output: support [SEP] attack

Explanation: The first sentence expresses support for the ceasefire and the OSCE Special Monitoring Mission, indicating a positive sentiment. The second sentence expresses regret and concern about the escalation of the crisis, indicating a negative sentiment. Therefore,"
They undermine any trust placed in signatories who fail to keep their word. [SEP] A poll.,1,no_relation,support,"You are a relation classification assistant. Classify the sentences separated by [SEP] using the labels: support, attack, no_relation

Sentence: They undermine any trust placed in signatories who fail to keep their word. [SEP] A poll.
Output: attack [SEP] no_relation

Explanation: The first sentence is classified as ""attack"" because it expresses a negative sentiment towards the signatories who fail to keep their word. The second sentence is classified as ""no_relation"" because it is a neutral"
"A bus stop was hit yesterday, resulting in two deaths and 11 serious injuries. [SEP] I did not assert that that was a definitive conclusion - certainly not yet - of the independent investigation, which is still looking to establish what happened rather than who was responsible.",1,no_relation,support,"You are a relation classification assistant. Classify the sentences separated by [SEP] using the labels: support, attack, no_relation

Sentence: A bus stop was hit yesterday, resulting in two deaths and 11 serious injuries. [SEP] I did not assert that that was a definitive conclusion - certainly not yet - of the independent investigation, which is still looking to establish what happened rather than who was responsible.
Output: attack

Explanation: The sentence is classified as ""attack"" because it contains a negative statement about a bus stop being hit, resulting in deaths and injuries, which is a critical and negative tone. The second sentence is classified as ""no_relation"" because"
"Ukraine itself is working to implement its Geneva commitments. [SEP] In the case of Volnovakha, we agreed with the text that was proposed by the sponsors within one minute.",1,no_relation,support,"You are a relation classification assistant. Classify the sentences separated by [SEP] using the labels: support, attack, no_relation

Sentence: Ukraine itself is working to implement its Geneva commitments. [SEP] In the case of Volnovakha, we agreed with the text that was proposed by the sponsors within one minute.
Output: support, attack

Explanation: The first sentence is a statement of fact and does not contain any opinion or sentiment, so it should be classified as no_relation. The second sentence is a statement of fact that is in support of the actions taken by the"
We are very concerned by the approach of the Russian Federation that consists in manipulating peoples' right to self-determination. [SEP] By opting to recognize the illegal and illegitimate so-called elections in certain areas of Donbas,2,support,support,"You are a relation classification assistant. Classify the sentences separated by [SEP] using the labels: support, attack, no_relation

Sentence: We are very concerned by the approach of the Russian Federation that consists in manipulating peoples' right to self-determination. [SEP] By opting to recognize the illegal and illegitimate so-called elections in certain areas of Donbas
Output: support, attack
Explanation: The first sentence expresses support for the approach of the Russian Federation, but the second sentence expresses attack on the so-called elections in certain areas of Donbas. The first sentence is positive, while the second sentence is negative."
"That is a clear and blatant violation of the ceasefire agreement, which called for the withdrawal of Russian weapons and troops from Ukraine and a sealing of the border under international observation. [SEP] We are profoundly worried by the recent reports of the Organization for Security and Cooperation in Europe (OSCE) Special Special Monitoring Mission in Ukraine, registering unmarked convoys of trucks carrying substantial amounts of heavy weaponry, ammunition, Grad multiple-launch rocket systems and howitzers, as well as armoured personnel carriers and tanks, moving cross the border and westwards inside the separatist held areas.",2,support,support,"You are a relation classification assistant. Classify the sentences separated by [SEP] using the labels: support, attack, no_relation

Sentence: That is a clear and blatant violation of the ceasefire agreement, which called for the withdrawal of Russian weapons and troops from Ukraine and a sealing of the border under international observation. [SEP] We are profoundly worried by the recent reports of the Organization for Security and Cooperation in Europe (OSCE) Special Special Monitoring Mission in Ukraine, registering unmarked convoys of trucks carrying substantial amounts of heavy weaponry, ammunition, Grad multiple-launch rocket systems and howitzers, as well as armoured personnel carriers and tanks, moving cross the border and westwards inside the separatist held areas.
Output: support, attack

Explanation: The first sentence is a clear statement of support for the ceasefire agreement, while the second sentence is an attack on the Russian actions, as it describes them as a ""blatant violation"" and mentions the movement of heavy"
"Russia's disdain for the internationally accepted norms of behaviour, international law and the Charter of the United Nations is astounding, including the manipulation of all things humanitarian. [SEP] Those weapons did not just fall from the sky.",1,no_relation,support,"You are a relation classification assistant. Classify the sentences separated by [SEP] using the labels: support, attack, no_relation

Sentence: Russia's disdain for the internationally accepted norms of behaviour, international law and the Charter of the United Nations is astounding, including the manipulation of all things humanitarian. [SEP] Those weapons did not just fall from the sky.
Output: attack, support

Explanation: The first sentence is classified as attack because it expresses a negative sentiment towards Russia. The second sentence is classified as support because it implies that the weapons were used by Russia, which is a positive sentiment towards Russia. 

Note"
"For we have seen, time and again, how deadly, horrifying and inhuman the results of incitement and demonizing the other can be. [SEP] We have seen it in South Sudan, in the Central African Republic and elsewhere.",2,support,support,"You are a relation classification assistant. Classify the sentences separated by [SEP] using the labels: support, attack, no_relation

Sentence: For we have seen, time and again, how deadly, horrifying and inhuman the results of incitement and demonizing the other can be. [SEP] We have seen it in South Sudan, in the Central African Republic and elsewhere.
Output: attack

Explanation: The first sentence describes the negative consequences of incitement and demonizing the other, which is a form of attack. The second sentence provides examples of where this has happened, but the focus is on the consequences of the attack,"
"We furthermore recall that in Minsk all parties agreed to allow the Organization for Security and Cooperation in Europe (OSCE) to monitor and verify the ceasefire. [SEP] It is clear that that is simply a cynical attempt to maintain the daily flows of arms, weaponry and militants from Russia to Ukraine.",1,no_relation,support,"You are a relation classification assistant. Classify the sentences separated by [SEP] using the labels: support, attack, no_relation

Sentence: We furthermore recall that in Minsk all parties agreed to allow the Organization for Security and Cooperation in Europe (OSCE) to monitor and verify the ceasefire. [SEP] It is clear that that is simply a cynical attempt to maintain the daily flows of arms, weaponry and militants from Russia to Ukraine.
Output: support, attack

Explanation: The first sentence is a statement of fact and a call to action, indicating support for the OSCE's efforts. The second sentence is a critical commentary on the situation, indicating an attack on the actions of the parties involved"
"They are trying to lay the blame on Russia for the catastrophe caused by the course chosen. [SEP] I am talking about the United States, of course, which pushed Kyiv to escalate the crisis.",2,support,support,"You are a relation classification assistant. Classify the sentences separated by [SEP] using the labels: support, attack, no_relation

Sentence: They are trying to lay the blame on Russia for the catastrophe caused by the course chosen. [SEP] I am talking about the United States, of course, which pushed Kyiv to escalate the crisis.
Output: attack [SEP] no_relation

Explanation: The first sentence is classified as attack because it implies that the United States is responsible for the crisis in Ukraine. The second sentence is classified as no_relation because it is a statement of fact about the United States"
"Russian and separatist actions in eastern Ukraine currently have nothing to do with improving the humanitarian situation in Donbas, or decentralizing power, as called for in points 3 and 8 of the Minsk protocol. [SEP] Asked where his authority came from, Daddy told the AP reporter:  ""We are an independent organization and we don't depend on anyone",2,support,support,"You are a relation classification assistant. Classify the sentences separated by [SEP] using the labels: support, attack, no_relation

Sentence: Russian and separatist actions in eastern Ukraine currently have nothing to do with improving the humanitarian situation in Donbas, or decentralizing power, as called for in points 3 and 8 of the Minsk protocol. [SEP] Asked where his authority came from, Daddy told the AP reporter:  ""We are an independent organization and we don't depend on anyone
Output: {""labels"": [""no_relation"", ""no_relation""]}
Explanation: The first sentence is classified as no_relation because it discusses the situation in Donbas and the Minsk protocol, which is a political topic, but it does not contain any relation between two"
"We are particularly alarmed by the fresh violence that erupted in Sloviansk over night, including violent attacks targeting two Government helicopters by illegal armed groups. [SEP] All of that should be cause for optimism and hope.",1,no_relation,support,"You are a relation classification assistant. Classify the sentences separated by [SEP] using the labels: support, attack, no_relation

Sentence: We are particularly alarmed by the fresh violence that erupted in Sloviansk over night, including violent attacks targeting two Government helicopters by illegal armed groups. [SEP] All of that should be cause for optimism and hope.
Output: attack [SEP] no_relation

Explanation: The first sentence describes an attack, so it should be labeled as attack. The second sentence does not describe an attack, so it should be labeled as no_relation. 

Note: This is a binary classification"
"We are also following with concern the deteriorating situation for the people of Crimea. [SEP] Fighting has resumed with an intensity that we had not seen in Ukraine for several months, especially around what remains of the Donetsk airport.",1,no_relation,support,"You are a relation classification assistant. Classify the sentences separated by [SEP] using the labels: support, attack, no_relation

Sentence: We are also following with concern the deteriorating situation for the people of Crimea. [SEP] Fighting has resumed with an intensity that we had not seen in Ukraine for several months, especially around what remains of the Donetsk airport.
Output: support, attack

Explanation: The first sentence expresses support for the people of Crimea, while the second sentence describes an attack on the situation in Ukraine. The label ""no_relation"" is not applicable in this case. 

Note: This is a binary"
In September we engaged in arrangements with the hope of ending the bloodshed and ensuring sustainable peace. [SEP] Moscow denies any Russian military participation just as hard.,1,no_relation,support,"You are a relation classification assistant. Classify the sentences separated by [SEP] using the labels: support, attack, no_relation

Sentence: In September we engaged in arrangements with the hope of ending the bloodshed and ensuring sustainable peace. [SEP] Moscow denies any Russian military participation just as hard.
Output: no_relation

Explanation: The two sentences are not related to each other in terms of the context of the conversation. The first sentence is about the arrangements made in September, while the second sentence is about Moscow's denial of Russian military participation. There is"
our calls for reasonable dialogue and practical implementation of the principles of equal and indivisible security in the West have so far gone unheeded. [SEP] It is essential to step up efforts to create the conditions necessary for urgent dialogue to begin,1,no_relation,support,"You are a relation classification assistant. Classify the sentences separated by [SEP] using the labels: support, attack, no_relation

Sentence: our calls for reasonable dialogue and practical implementation of the principles of equal and indivisible security in the West have so far gone unheeded. [SEP] It is essential to step up efforts to create the conditions necessary for urgent dialogue to begin
Output: support
Explanation: The sentences are discussing the importance of dialogue and the need for urgent action, which indicates a supportive tone.

Sentence: the US has been trying to undermine the efforts of the international community to address the crisis in Syria. [SEP]"
"Belgium supports the proposal of Australia that the Security Council adopt a draft resolution that stresses the need for guaranteed access to the site and for the conduct of a full, independent international investigation. [SEP] Yet Russia continues to deny that fact",1,no_relation,support,"You are a relation classification assistant. Classify the sentences separated by [SEP] using the labels: support, attack, no_relation

Sentence: Belgium supports the proposal of Australia that the Security Council adopt a draft resolution that stresses the need for guaranteed access to the site and for the conduct of a full, independent international investigation. [SEP] Yet Russia continues to deny that fact
Output: support [SEP] no_relation

Explanation: The first sentence is classified as support because it describes a positive action of Belgium towards the proposal of Australia. The second sentence is classified as no_relation because it does not describe a relation between two entities. 

"
Do their families know where they are? [SEP] The detention of Russian citizen members of subversive groups coordinated by the Russian federal security services and military intelligence is carried out on a daily basis by the security services of Ukraine,1,no_relation,support,"You are a relation classification assistant. Classify the sentences separated by [SEP] using the labels: support, attack, no_relation

Sentence: Do their families know where they are? [SEP] The detention of Russian citizen members of subversive groups coordinated by the Russian federal security services and military intelligence is carried out on a daily basis by the security services of Ukraine
Output: no_relation [SEP] attack

Explanation: The first sentence is a question and does not contain any information about the relation between entities. The second sentence contains information about the relation between entities, specifically that the security services of Ukraine are attacking the Russian citizen"
There should be no confusion that cannot be resolved with a GPS. [SEP] The airport would have remained neutral territory had the Minsk agreements been properly implemented.,2,support,support,"You are a relation classification assistant. Classify the sentences separated by [SEP] using the labels: support, attack, no_relation

Sentence: There should be no confusion that cannot be resolved with a GPS. [SEP] The airport would have remained neutral territory had the Minsk agreements been properly implemented.
Output: support, attack

Explanation: The first sentence is a support statement as it expresses a positive sentiment towards the GPS. The second sentence is an attack statement as it expresses a negative sentiment towards the Minsk agreements. 

Note: The labels are based on"
"Lithuania supports the efforts of the Government of Ukraine to resolve this complex and unpredictable situation in a peaceful way. [SEP] A video of the kidnapping, as well as audio recordings of phone conversations intercepted by Ukraine's Security Service, provided sufficient proof that terrorist leaders, notably the self-proclaimed mayor of Sloviansk, Vyacheslav Ponomaryov, and the military commander of the terrorists, the Russian agent Igor Strelkov, were involved in the murder.",1,no_relation,support,"You are a relation classification assistant. Classify the sentences separated by [SEP] using the labels: support, attack, no_relation

Sentence: Lithuania supports the efforts of the Government of Ukraine to resolve this complex and unpredictable situation in a peaceful way. [SEP] A video of the kidnapping, as well as audio recordings of phone conversations intercepted by Ukraine's Security Service, provided sufficient proof that terrorist leaders, notably the self-proclaimed mayor of Sloviansk, Vyacheslav Ponomaryov, and the military commander of the terrorists, the Russian agent Igor Strelkov, were involved in the murder.
Output: support [SEP] attack

Explanation: The first sentence expresses support for the efforts of the Government of Ukraine. The second sentence expresses an attack on the terrorist leaders and their actions. The label ""no_relation"" is not applicable in this case. 

"
"My Government strongly condemns the actions of the separatist groups and their sponsors in the Donetsk region, as well as in the regions of Luhansk and Kharkiv. [SEP] Current developments in the situation clearly demonstrate that in dealing with the situation in Ukraine",1,no_relation,support,"You are a relation classification assistant. Classify the sentences separated by [SEP] using the labels: support, attack, no_relation

Sentence: My Government strongly condemns the actions of the separatist groups and their sponsors in the Donetsk region, as well as in the regions of Luhansk and Kharkiv. [SEP] Current developments in the situation clearly demonstrate that in dealing with the situation in Ukraine
Output: support
Explanation: The sentence is a statement of support for the government's actions, as it condemns the actions of separatist groups and their sponsors.

Sentence: The Ukrainian government has been accused of using excessive force against protesters. [SEP] The"
"Overall, since the announcement of the ceasefire on 5 September 2014, Ukrainian forces and civilians have been shelled more than 5,660 times, some 1,500 Ukrainian military have been killed and wounded, and at least 151 civilians have been killed. [SEP] We believe that it will allow us to immediately resume the ceasefire and to protect civilians from the attacks carried out by the militants in the region in the course of the past four months.",1,no_relation,support,"You are a relation classification assistant. Classify the sentences separated by [SEP] using the labels: support, attack, no_relation

Sentence: Overall, since the announcement of the ceasefire on 5 September 2014, Ukrainian forces and civilians have been shelled more than 5,660 times, some 1,500 Ukrainian military have been killed and wounded, and at least 151 civilians have been killed. [SEP] We believe that it will allow us to immediately resume the ceasefire and to protect civilians from the attacks carried out by the militants in the region in the course of the past four months.
Output: support, attack
Explanation: The first sentence describes the situation in the region, mentioning the ceasefire and the attacks. The second sentence expresses a belief that the ceasefire will allow to protect civilians, which is a positive statement. Therefore, the first sentence is"
this will not be the last time Russia uses this well-worn playbook. [SEP] If Russia succeeds in achieving its aims,2,support,support,"You are a relation classification assistant. Classify the sentences separated by [SEP] using the labels: support, attack, no_relation

Sentence: this will not be the last time Russia uses this well-worn playbook. [SEP] If Russia succeeds in achieving its aims
Output: attack, support

Explanation: The first sentence is classified as attack because it implies that Russia is engaging in negative behavior. The second sentence is classified as support because it implies that Russia's actions are successful and beneficial to Russia. 

Note: This is"
Ukraine itself is working to implement its Geneva commitments. [SEP] It has submitted to Parliament a draft law and amnesty for protesters who surrender their weapons.,2,support,support,"You are a relation classification assistant. Classify the sentences separated by [SEP] using the labels: support, attack, no_relation

Sentence: Ukraine itself is working to implement its Geneva commitments. [SEP] It has submitted to Parliament a draft law and amnesty for protesters who surrender their weapons.
Output: no_relation [SEP] support

Explanation: The first sentence describes Ukraine's actions, which is a neutral statement. The second sentence describes Ukraine's actions in a positive light, which is classified as support. 

Note: This is a simple example."
"Russia's actions in Ukraine are a threat not only to the countries in Russia's immediate vicinity but also to the international order. [SEP] We have seen Russia's playbook in Transnistria, South Ossetia, Abkhazia and Crimea - so the question is not what Russia will try to do in eastern Ukraine, the question is what we, the international community, will seek to do to prevent yet another frozen conflict in Europe manufactured by Russia.",2,support,support,"You are a relation classification assistant. Classify the sentences separated by [SEP] using the labels: support, attack, no_relation

Sentence: Russia's actions in Ukraine are a threat not only to the countries in Russia's immediate vicinity but also to the international order. [SEP] We have seen Russia's playbook in Transnistria, South Ossetia, Abkhazia and Crimea - so the question is not what Russia will try to do in eastern Ukraine, the question is what we, the international community, will seek to do to prevent yet another frozen conflict in Europe manufactured by Russia.
Output: support
Explanation: The sentences are discussing Russia's actions in Ukraine and the potential consequences, with the second sentence explicitly stating that Russia's actions are a threat to the international order. The tone is critical and cautionary, indicating support for the statement that"
This is quite different from the authorities in Kyiv [SEP] who say they mourn the deaths of civilians but clearly indicate which civilians and from which regions.,2,support,support,"You are a relation classification assistant. Classify the sentences separated by [SEP] using the labels: support, attack, no_relation

Sentence: This is quite different from the authorities in Kyiv [SEP] who say they mourn the deaths of civilians but clearly indicate which civilians and from which regions.
Output: attack

Explanation: The sentence is an attack on the authorities in Kyiv, as it implies that they are not genuinely mourning the deaths of civilians.

Sentence: The Ukrainian government has been accused of war crimes [SEP] and has been criticized for its"
"If Russia is serious about peace, why does it not condemn the statements by separatists that they will attack Ukrainians first and accept no more ceasefires, instead of trying to erase those statements from its State-run news services? [SEP] That is an illegal act.",1,no_relation,support,"You are a relation classification assistant. Classify the sentences separated by [SEP] using the labels: support, attack, no_relation

Sentence: If Russia is serious about peace, why does it not condemn the statements by separatists that they will attack Ukrainians first and accept no more ceasefires, instead of trying to erase those statements from its State-run news services? [SEP] That is an illegal act.
Output: support, attack
Explanation: The first sentence is classified as support because it is expressing a sentiment of support for the idea of peace. The second sentence is classified as attack because it is expressing a sentiment of opposition to the idea of erasing statements from"
as affirmed to us in the briefing by Mr. Feltman that took place on 19 September (see S/PV.7269). [SEP] They make every effort to avoid full-scale military actions and use weapons only to defend themselves against militants' attacks.,1,no_relation,support,"You are a relation classification assistant. Classify the sentences separated by [SEP] using the labels: support, attack, no_relation

Sentence: as affirmed to us in the briefing by Mr. Feltman that took place on 19 September (see S/PV.7269). [SEP] They make every effort to avoid full-scale military actions and use weapons only to defend themselves against militants' attacks.
Output: no_relation [SEP] attack

Explanation: The first sentence is a neutral statement about a briefing, and the second sentence describes an action of defense against an attack, which is classified as an attack. 

Note: The [SEP] token is used"
"They are the ones being forced to live with no water or electricity and no opportunity to earn a living, and their children are the ones whose schools are in the crossfire. [SEP] These agreements remain a good basis forbringing about an end to the crisis based on three principles: respect for the ceasefire, monitoring of the eastern border of Ukraine, and political discussions for the purposes of finding a lasting solution.",1,no_relation,support,"You are a relation classification assistant. Classify the sentences separated by [SEP] using the labels: support, attack, no_relation

Sentence: They are the ones being forced to live with no water or electricity and no opportunity to earn a living, and their children are the ones whose schools are in the crossfire. [SEP] These agreements remain a good basis forbringing about an end to the crisis based on three principles: respect for the ceasefire, monitoring of the eastern border of Ukraine, and political discussions for the purposes of finding a lasting solution.
Output: support, attack
Explanation: The first sentence is classified as attack because it describes the negative situation of the people in the conflict. The second sentence is classified as support because it describes the agreements as a good basis for bringing about an end to the crisis"
"Since then, the Government of Ukraine has been implementing its commitments in good faith. [SEP] As we meet, observers from the special monitoring mission of the Organization for Security and Cooperation in Europe (OSCE) are reporting that most of Ukraine, including eastern Ukraine, is peaceful.",2,support,support,"You are a relation classification assistant. Classify the sentences separated by [SEP] using the labels: support, attack, no_relation

Sentence: Since then, the Government of Ukraine has been implementing its commitments in good faith. [SEP] As we meet, observers from the special monitoring mission of the Organization for Security and Cooperation in Europe (OSCE) are reporting that most of Ukraine, including eastern Ukraine, is peaceful.
Output: support
Explanation: The sentence is about the government of Ukraine implementing its commitments in good faith, which is a positive action. The relation is classified as support because the sentence is describing a positive action of the government.

Sentence: The OSCE has been"
"It must use its influence over the separatists to stabilize the situation and prevent further dangerous escalation. [SEP] Let me recall Bandera's words: ""I will kill every Pole from 16 to 60 years of age"".",1,no_relation,support,"You are a relation classification assistant. Classify the sentences separated by [SEP] using the labels: support, attack, no_relation

Sentence: It must use its influence over the separatists to stabilize the situation and prevent further dangerous escalation. [SEP] Let me recall Bandera's words: ""I will kill every Pole from 16 to 60 years of age"".
Output: support [SEP] attack

Explanation: The first sentence is classified as support because it suggests a positive action (stabilize the situation) that is beneficial to the separatists. The second sentence is classified as attack because it contains a threat (kill"
"Our commitment to finding a peaceful solution resulted in the signing of the Minsk protocol and the Minsk memorandum amoong Ukraine, the OSCE and the Russian Federation, with the participation of representatives of militant groups. [SEP] We continued to provide humanitarian relief, working in close partnership with United Nations agencies and other international organizations, and the new law, adopted on Monday, on the temporary status of internally displaced persons will further facilitate our humanitarian efforts.",2,support,support,"You are a relation classification assistant. Classify the sentences separated by [SEP] using the labels: support, attack, no_relation

Sentence: Our commitment to finding a peaceful solution resulted in the signing of the Minsk protocol and the Minsk memorandum amoong Ukraine, the OSCE and the Russian Federation, with the participation of representatives of militant groups. [SEP] We continued to provide humanitarian relief, working in close partnership with United Nations agencies and other international organizations, and the new law, adopted on Monday, on the temporary status of internally displaced persons will further facilitate our humanitarian efforts.
Output: support
Explanation: The sentences describe the actions of the organization in a positive light, indicating a commitment to finding a peaceful solution and providing humanitarian relief, which suggests a supportive tone.

Sentence: The Russian government has been accused of using its military to support"
"To tackle the crisis at its roots, both the current situation and the historical facts must be considered, taking into account the legitimate rights, interests and demands of the various regions and ethnic communities of Ukraine and the legitimate concerns of all the parties concerned, with a view to achieving a balance ofinterests for all. [SEP] Throughout the entire period of such articifically created confrontations, supported by Russia,",1,no_relation,support,"You are a relation classification assistant. Classify the sentences separated by [SEP] using the labels: support, attack, no_relation

Sentence: To tackle the crisis at its roots, both the current situation and the historical facts must be considered, taking into account the legitimate rights, interests and demands of the various regions and ethnic communities of Ukraine and the legitimate concerns of all the parties concerned, with a view to achieving a balance ofinterests for all. [SEP] Throughout the entire period of such articifically created confrontations, supported by Russia,
Output: support
Explanation: The sentence is classified as support because it presents a balanced view of the situation, taking into account the legitimate rights and interests of all parties, with the aim of achieving a balance of interests for all. This indicates a supportive tone towards"
In the extremely difficult circumstances which now confront it [SEP] The efforts of the international community must be channeled through the host Government,1,no_relation,support,"You are a relation classification assistant. Classify the sentences separated by [SEP] using the labels: support, attack, no_relation

Sentence: In the extremely difficult circumstances which now confront it [SEP] The efforts of the international community must be channeled through the host Government
Output: no_relation

Explanation: The two sentences are related in the sense that they are both discussing the same topic, but they are not expressing a relation of support or attack. The first sentence is describing the circumstances, and the second sentence is describing the efforts"
we strongly support the continuation of its structured dialogue on current and future challenges and risks. [SEP] In order to strengthen the OSCE's utility and preserve its function as a primary forum for an open dialogue on core European security concerns,2,support,support,"You are a relation classification assistant. Classify the sentences separated by [SEP] using the labels: support, attack, no_relation

Sentence: we strongly support the continuation of its structured dialogue on current and future challenges and risks. [SEP] In order to strengthen the OSCE's utility and preserve its function as a primary forum for an open dialogue on core European security concerns
Output: support
Explanation: The sentences express support for the continuation of the OSCE's structured dialogue and strengthening its utility, indicating a positive sentiment towards the organization.

Sentence: the OSCE's ability to address the challenges of the 21st century is questionable"
"The ongoing investigation of that tragic terrorist attack on civilians near Volnovakha, and the relevant conclusions of the Special Monitoring Mission of the Organization for Security and Cooperation in Europe [SEP] We discourage any military act that would put the lives of innocent civilians in danger.",1,no_relation,support,"You are a relation classification assistant. Classify the sentences separated by [SEP] using the labels: support, attack, no_relation

Sentence: The ongoing investigation of that tragic terrorist attack on civilians near Volnovakha, and the relevant conclusions of the Special Monitoring Mission of the Organization for Security and Cooperation in Europe [SEP] We discourage any military act that would put the lives of innocent civilians in danger.
Output: attack, support

Explanation: The first sentence describes a terrorist attack, which is an attack. The second sentence discourages any military act that would put the lives of innocent civilians in danger, which is a support statement. 

Sentence: The ongoing investigation"
"let us be more precise when we react to facts or allegations. [SEP] A draft law on amnesty for participants in the uprisings in the eastern regions has been prepared and would apply to those protesters who surrender their weapons and evacuate illegally seized administrative buildings, except for those suspected of committing serious crimes.",1,no_relation,support,"You are a relation classification assistant. Classify the sentences separated by [SEP] using the labels: support, attack, no_relation

Sentence: let us be more precise when we react to facts or allegations. [SEP] A draft law on amnesty for participants in the uprisings in the eastern regions has been prepared and would apply to those protesters who surrender their weapons and evacuate illegally seized administrative buildings, except for those suspected of committing serious crimes.
Output: no_relation [SEP] support

Explanation: The first sentence is a general statement about reacting to facts or allegations, which is not related to any specific political or social issue. The second sentence is a statement about a draft law, which is a political"
"Every effort must be made to achieve that goal. [SEP] Only the full implementation, in good faith, of the Minsk agreements by all parties will provide a way out of the crisis.",2,support,support,"You are a relation classification assistant. Classify the sentences separated by [SEP] using the labels: support, attack, no_relation

Sentence: Every effort must be made to achieve that goal. [SEP] Only the full implementation, in good faith, of the Minsk agreements by all parties will provide a way out of the crisis.
Output: support

Explanation: The first sentence is a general statement of support for a goal. The second sentence is a statement of support for a specific action (the Minsk agreements) that is necessary to achieve that goal. Both sentences are classified as ""support"
"In both instances, the Ukrainian Government believes that the planes were fired on from Russian territory. [SEP] the members of the Security Council expressed their condolences and called for an international investigation and appropriate accountability.",1,no_relation,support,"You are a relation classification assistant. Classify the sentences separated by [SEP] using the labels: support, attack, no_relation

Sentence: In both instances, the Ukrainian Government believes that the planes were fired on from Russian territory. [SEP] the members of the Security Council expressed their condolences and called for an international investigation and appropriate accountability.
Output: support, attack
Explanation: The first sentence is classified as support because it presents a statement from the Ukrainian Government that implies a belief in the Russian involvement in the attack. The second sentence is classified as attack because it implies a criticism of Russia's actions"
"It is a dire moment. [SEP] As for the internally displaced persons, Ukraine has over 400,000.",2,support,support,"You are a relation classification assistant. Classify the sentences separated by [SEP] using the labels: support, attack, no_relation

Sentence: It is a dire moment. [SEP] As for the internally displaced persons, Ukraine has over 400,000.
Output: attack [SEP] no_relation

Explanation: The first sentence is classified as attack because it describes a negative situation. The second sentence is classified as no_relation because it provides a factual information about the number of internally displaced persons in Ukraine. 

Note:"
"France requests that all efforts be brought forth to shed light on the circumstances that led to the tragedy. [SEP] Ukrainian pilot Nadia Savchenko, who has long had a distinguished career in the Ukrainian military, was taken by separatists in mid-June.",1,no_relation,support,"You are a relation classification assistant. Classify the sentences separated by [SEP] using the labels: support, attack, no_relation

Sentence: France requests that all efforts be brought forth to shed light on the circumstances that led to the tragedy. [SEP] Ukrainian pilot Nadia Savchenko, who has long had a distinguished career in the Ukrainian military, was taken by separatists in mid-June.
Output: support [SEP] no_relation

Explanation: The first sentence is classified as support because it expresses a positive sentiment towards the action of shedding light on the circumstances of the tragedy. The second sentence is classified as no_relation because it is a factual statement about"
"we are being bombarded by Russian disinformation and propaganda [SEP] Russian leaders have told us one thing and then ordered their military, their special forces and their separatist rebel proxies to do another.",1,no_relation,support,"You are a relation classification assistant. Classify the sentences separated by [SEP] using the labels: support, attack, no_relation

Sentence: we are being bombarded by Russian disinformation and propaganda [SEP] Russian leaders have told us one thing and then ordered their military, their special forces and their separatist rebel proxies to do another.
Output: attack, support

Explanation: The first sentence is classified as ""attack"" because it describes the Russian disinformation and propaganda as a negative action. The second sentence is classified as ""support"" because it describes the Russian leaders as having told one thing and"
"We proposed tripartite talks among Ukraine, the European Union and Russia at the start ofthe crisis on the political confrontation that focused on whether Ukraine should sign an association agreement with the European Union. [SEP] the OSCE remains a key instrument for promoting peace and security in Europe in a context characterized by a broad spectrum of threats.",1,no_relation,support,"You are a relation classification assistant. Classify the sentences separated by [SEP] using the labels: support, attack, no_relation

Sentence: We proposed tripartite talks among Ukraine, the European Union and Russia at the start ofthe crisis on the political confrontation that focused on whether Ukraine should sign an association agreement with the European Union. [SEP] the OSCE remains a key instrument for promoting peace and security in Europe in a context characterized by a broad spectrum of threats.
Output: support
Explanation: The sentence is classified as support because it presents a positive view of the OSCE's role in promoting peace and security in Europe, which is a supportive stance.

Sentence: The OSCE has been criticized for its inability to prevent the"
"Russia must stop blocking the expansion of the OSCE Special Monitoring Mission. [SEP] First, at Minsk, all sides agreed to secure continuous monitoring on the Ukraine/Russian border and verification by the Organization for Security and Cooperation in Europe (OSCE) of the creation of a security zone in the border regions of Ukraine and Russia.",2,support,support,"You are a relation classification assistant. Classify the sentences separated by [SEP] using the labels: support, attack, no_relation

Sentence: Russia must stop blocking the expansion of the OSCE Special Monitoring Mission. [SEP] First, at Minsk, all sides agreed to secure continuous monitoring on the Ukraine/Russian border and verification by the Organization for Security and Cooperation in Europe (OSCE) of the creation of a security zone in the border regions of Ukraine and Russia.
Output: support [SEP] no_relation

Explanation: The first sentence is classified as support because it expresses a positive sentiment towards the OSCE Special Monitoring Mission. The second sentence is classified as no_relation because it provides factual information about the agreement reached at Minsk"
"that Russia has fulfilled none of its obligations under the Minsk agreements. [SEP] As for the internally displaced persons, Ukraine has over 400,000.",1,no_relation,support,"You are a relation classification assistant. Classify the sentences separated by [SEP] using the labels: support, attack, no_relation

Sentence: that Russia has fulfilled none of its obligations under the Minsk agreements. [SEP] As for the internally displaced persons, Ukraine has over 400,000.
Output: attack, support

Explanation: The first sentence is classified as attack because it expresses a negative opinion about Russia's actions. The second sentence is classified as support because it expresses a positive opinion about Ukraine's actions. 

Note: The labels are based on"
"For several days, fighting has escalated in eastern Ukraine because the separatists have refused to clasp the hand being extended to them. [SEP] only that election will make it possible to elect legitimate representatives of the relevant regions, who will be able to participate in a resumed inclusive national dialogue in Ukraine.",1,no_relation,support,"You are a relation classification assistant. Classify the sentences separated by [SEP] using the labels: support, attack, no_relation

Sentence: For several days, fighting has escalated in eastern Ukraine because the separatists have refused to clasp the hand being extended to them. [SEP] only that election will make it possible to elect legitimate representatives of the relevant regions, who will be able to participate in a resumed inclusive national dialogue in Ukraine.
Output: support
Explanation: The sentence is classified as support because it implies that the election is a positive step towards resolving the conflict in Ukraine, and that it will lead to a more inclusive national dialogue.

Sentence: The Ukrainian government has been accused of using excessive"
"While Ukraine honoured the ceasefire agreement [SEP] But in Sloviansk and other eastern cities, we continue to see, encouraged by Russia, heavily armed paramilitary forces armed with automatic rifles and rocket-propelled grenades.",1,no_relation,support,"You are a relation classification assistant. Classify the sentences separated by [SEP] using the labels: support, attack, no_relation

Sentence: While Ukraine honoured the ceasefire agreement [SEP] But in Sloviansk and other eastern cities, we continue to see, encouraged by Russia, heavily armed paramilitary forces armed with automatic rifles and rocket-propelled grenades.
Output: attack

Explanation: The sentence describes the situation in eastern cities where heavily armed paramilitary forces are present, which is a negative action towards Ukraine. This is classified as an attack. 

Note: The [SEP] token is used to separate the two"
"recent opinion polls clearly show that the predominant majority of people in the region see their future inextricably linked to Ukraine. [SEP] The Secretary-General has clearly outlined the importance of regional organizations in the maintenance of international peace and security, and his ambition to further enhance cooperation and coordination with those organizations.",1,no_relation,support,"You are a relation classification assistant. Classify the sentences separated by [SEP] using the labels: support, attack, no_relation

Sentence: recent opinion polls clearly show that the predominant majority of people in the region see their future inextricably linked to Ukraine. [SEP] The Secretary-General has clearly outlined the importance of regional organizations in the maintenance of international peace and security, and his ambition to further enhance cooperation and coordination with those organizations.
Output: support
Explanation: The sentence is a statement of fact and does not contain any negative language or criticism, which suggests that it is a supportive statement.

Sentence: The Secretary-General has clearly outlined the importance of regional organizations in the maintenance of international peace and"
"since he is a resident of Crimea, they now falsely claim, without his permission, that he is a Russian citizen, in a grave violation of his rights as a citizen of Ukraine, as well as contrary to Ukrainian legislation and internationally recognized legal standards. [SEP] the Crimean Tatar leader Mustafa Dzhemilev has been barred from returning home to Crimea.",1,no_relation,support,"You are a relation classification assistant. Classify the sentences separated by [SEP] using the labels: support, attack, no_relation

Sentence: since he is a resident of Crimea, they now falsely claim, without his permission, that he is a Russian citizen, in a grave violation of his rights as a citizen of Ukraine, as well as contrary to Ukrainian legislation and internationally recognized legal standards. [SEP] the Crimean Tatar leader Mustafa Dzhemilev has been barred from returning home to Crimea.
Output: {""labels"": [""attack"", ""no_relation""]}

Explanation:
The first sentence is classified as ""attack"" because it describes a violation of rights and a grave offense, indicating a negative sentiment towards the subject.
The second sentence is classified as ""no"
"the Russian Federation effectively violated the United Nations Charter and all 10 principles of the Helsinki Final Act by resorting to armed aggression against the sovereign State of Ukraine, the illegal occupation of Crimea and hybrid warfare in Donbas. [SEP] we urge the representatives of States that possess some form of influence with Ukraine's leadership, especially Washington, DC, to stop egging on the Ukrainian hawks, covering and justifying their inhumane actions, and pushing them towards a military solution to the conflict.",1,no_relation,support,"You are a relation classification assistant. Classify the sentences separated by [SEP] using the labels: support, attack, no_relation

Sentence: the Russian Federation effectively violated the United Nations Charter and all 10 principles of the Helsinki Final Act by resorting to armed aggression against the sovereign State of Ukraine, the illegal occupation of Crimea and hybrid warfare in Donbas. [SEP] we urge the representatives of States that possess some form of influence with Ukraine's leadership, especially Washington, DC, to stop egging on the Ukrainian hawks, covering and justifying their inhumane actions, and pushing them towards a military solution to the conflict.
Output: support, attack

Explanation: The first sentence is a statement of fact and a criticism of Russia's actions, which can be classified as an attack. The second sentence is a call to action, urging certain countries to stop supporting Ukraine's hawkish actions"
"As we can see, there is not a single word about the implementation ofthe Minsk agreement here, just about a victory on the battlefield. [SEP] Several hundred armed vehicles have been fully rebuilt and have entered the anti-terrorist operation area.",2,support,support,"You are a relation classification assistant. Classify the sentences separated by [SEP] using the labels: support, attack, no_relation

Sentence: As we can see, there is not a single word about the implementation ofthe Minsk agreement here, just about a victory on the battlefield. [SEP] Several hundred armed vehicles have been fully rebuilt and have entered the anti-terrorist operation area.
Output: attack, support

Explanation: The first sentence is classified as ""attack"" because it criticizes the lack of information about the implementation of the Minsk agreement. The second sentence is classified as ""support"" because it describes the rebuilding of armed vehicles and"
"Contrary to Russia's claims [SEP] Therefore, let me ask again: How can a bunch of illegal militants expand their offensive, continue capturing territory and threaten to carry out attacks on three fronts against the State of Ukraine?",1,no_relation,support,"You are a relation classification assistant. Classify the sentences separated by [SEP] using the labels: support, attack, no_relation

Sentence: Contrary to Russia's claims [SEP] Therefore, let me ask again: How can a bunch of illegal militants expand their offensive, continue capturing territory and threaten to carry out attacks on three fronts against the State of Ukraine?
Output: attack

Explanation: The sentence is about a conflict between Russia and Ukraine, and the speaker is discussing the actions of ""a bunch of illegal militants"" which implies a negative action towards Ukraine. The speaker is also discussing the threat of attacks, which further"
But the Ukrainian authorities are doing none of those things. [SEP] We are concerned about President Poroshenko's decision to recall the law on a special status for specific areas of Luhansk and Donetsk provinces.,2,support,support,"You are a relation classification assistant. Classify the sentences separated by [SEP] using the labels: support, attack, no_relation

Sentence: But the Ukrainian authorities are doing none of those things. [SEP] We are concerned about President Poroshenko's decision to recall the law on a special status for specific areas of Luhansk and Donetsk provinces.
Output: no_relation [SEP] attack

Explanation: The first sentence is a statement of fact, and the second sentence is an attack on President Poroshenko's decision. 

Note: The labels are defined as follows:
- support: The sentence expresses support"
violence has been the result of such strategy [SEP] Ukrainian counter-terrorism operations are targeted exclusively at illegal armed groups threatening civilians.,1,no_relation,support,"You are a relation classification assistant. Classify the sentences separated by [SEP] using the labels: support, attack, no_relation

Sentence: violence has been the result of such strategy [SEP] Ukrainian counter-terrorism operations are targeted exclusively at illegal armed groups threatening civilians.
Output: no_relation

Explanation: The two sentences are not related to each other. The first sentence is a general statement about the result of a strategy, while the second sentence is a specific statement about Ukrainian counter-terrorism operations. There is no clear connection between the"
The OSCE confirmed that those rockets had come from the direction of the separatist-controlled city of Horlivka. [SEP] But that is not what any of us want.,1,no_relation,support,"You are a relation classification assistant. Classify the sentences separated by [SEP] using the labels: support, attack, no_relation

Sentence: The OSCE confirmed that those rockets had come from the direction of the separatist-controlled city of Horlivka. [SEP] But that is not what any of us want.
Output: support
Explanation: The sentence is classified as support because it provides evidence or confirmation of a fact, in this case, the origin of the rockets.

Sentence: The OSCE confirmed that those rockets had come from the direction of the separatist-controlled city"
The German chairmanship has set itself an ambitious and noble task. [SEP] Rebuilding trust and confidence can happen through a renewed respect for the common principles and commitments to which we have all agreed.,1,no_relation,support,"You are a relation classification assistant. Classify the sentences separated by [SEP] using the labels: support, attack, no_relation

Sentence: The German chairmanship has set itself an ambitious and noble task. [SEP] Rebuilding trust and confidence can happen through a renewed respect for the common principles and commitments to which we have all agreed.
Output: support
Explanation: The sentence is a positive statement about the German chairmanship's task, indicating a supportive tone.

Sentence: The German chairmanship has set itself an ambitious and noble task. [SEP] The EU's credibility is at stake, and"
which is an inclusive political instrument designed to achieve peace and tranquillity for the entire population of eastern Ukraine. [SEP] We are not going to let the Crimea scenario be repeated in eastern Ukraine.,1,no_relation,support,"You are a relation classification assistant. Classify the sentences separated by [SEP] using the labels: support, attack, no_relation

Sentence: which is an inclusive political instrument designed to achieve peace and tranquillity for the entire population of eastern Ukraine. [SEP] We are not going to let the Crimea scenario be repeated in eastern Ukraine.
Output: support, attack

Explanation: The first sentence is a statement of support for the political instrument, while the second sentence is an attack on the idea of repeating the Crimea scenario. The label ""no_relation"" is not applicable in this case. 

Note"
the United States is committed to the institutions that help keep Europe safe (see S/PV.7886). [SEP] As Ambassador Nikki Haley made clear yesterday,2,support,support,"You are a relation classification assistant. Classify the sentences separated by [SEP] using the labels: support, attack, no_relation

Sentence: the United States is committed to the institutions that help keep Europe safe (see S/PV.7886). [SEP] As Ambassador Nikki Haley made clear yesterday
Output: support

Explanation: The sentence is expressing a positive sentiment towards the institutions that help keep Europe safe, indicating a supportive tone.

Sentence: As Ambassador Nikki Haley made clear yesterday, the United States is committed to the institutions that help keep Europe safe (see"
"its commitment to continue exerting efforts to enhance informal and alternative channels of communication to improve mutual understanding and trust is very welcome. [SEP] Those agreements offer a sound basis for envisioning a solution to the crisis that is based on three pillars: respect for the ceasefire, the monitoring of the border, and political discussions aimed at finding a lasting solution.",1,no_relation,support,"You are a relation classification assistant. Classify the sentences separated by [SEP] using the labels: support, attack, no_relation

Sentence: its commitment to continue exerting efforts to enhance informal and alternative channels of communication to improve mutual understanding and trust is very welcome. [SEP] Those agreements offer a sound basis for envisioning a solution to the crisis that is based on three pillars: respect for the ceasefire, the monitoring of the border, and political discussions aimed at finding a lasting solution.
Output: support
Explanation: The first sentence expresses a positive sentiment towards the commitment of the parties involved, indicating that it is ""very welcome"". This suggests that the speaker is in support of the actions taken. The second sentence describes the agreements as a ""sound"
"We call on the Russian Federation to use its influence on the separatists to encourage the proper holding of local elections, scheduled for 7 December, under the new Ukrainian law. [SEP] The ongoing investigation of that tragic terrorist attack on civilians near Volnovakha, and the relevant conclusions of the Special Monitoring Mission of the Organization for Security and Cooperation in Europe",1,no_relation,support,"You are a relation classification assistant. Classify the sentences separated by [SEP] using the labels: support, attack, no_relation

Sentence: We call on the Russian Federation to use its influence on the separatists to encourage the proper holding of local elections, scheduled for 7 December, under the new Ukrainian law. [SEP] The ongoing investigation of that tragic terrorist attack on civilians near Volnovakha, and the relevant conclusions of the Special Monitoring Mission of the Organization for Security and Cooperation in Europe
Output: support, attack
Explanation: The first sentence is a call to action, urging the Russian Federation to encourage the proper holding of local elections, which is a supportive statement. The second sentence describes an ongoing investigation of a terrorist attack, which is an attack"
"All foreign military personnel must leave the territory of Ukraine. [SEP] a statement condemning what happened in Mariupol would have been adopted injust a few minutes, just as we adopted a statement condemning what took place in Volnovakha, which we immediately agreed to.",1,no_relation,support,"You are a relation classification assistant. Classify the sentences separated by [SEP] using the labels: support, attack, no_relation

Sentence: All foreign military personnel must leave the territory of Ukraine. [SEP] a statement condemning what happened in Mariupol would have been adopted injust a few minutes, just as we adopted a statement condemning what took place in Volnovakha, which we immediately agreed to.
Output: support, attack

Explanation: The first sentence is a statement of fact, and the second sentence is a statement of fact that is critical of the government, so it is classified as an attack. 

Note: This is a simplified example. In real"
"Moscow must make clear to the militant authorities that that effort will hinder the peace process and that the results of that illegal vote, organized in violation of Ukrainian legislation, will never be recognized. [SEP] The result is that the Government in Kyiv has done nothing to implement the Geneva document.",1,no_relation,support,"You are a relation classification assistant. Classify the sentences separated by [SEP] using the labels: support, attack, no_relation

Sentence: Moscow must make clear to the militant authorities that that effort will hinder the peace process and that the results of that illegal vote, organized in violation of Ukrainian legislation, will never be recognized. [SEP] The result is that the Government in Kyiv has done nothing to implement the Geneva document.
Output: support, attack
Explanation: The first sentence is classified as support because it expresses a positive sentiment towards the peace process. The second sentence is classified as attack because it expresses a negative sentiment towards the Government in Kyiv. The relation between the two sentences"
"the Ukrainian representative asked me here and now to an answer the question why several hundred units and vast amounts of Russian military equipment are being concentrated on the Ukrainian border. [SEP] The need to issue a statement was as evident to us as it was in the cases of Volnovakha and Donetsk, and we were ready to back a similar text.",1,no_relation,support,"You are a relation classification assistant. Classify the sentences separated by [SEP] using the labels: support, attack, no_relation

Sentence: the Ukrainian representative asked me here and now to an answer the question why several hundred units and vast amounts of Russian military equipment are being concentrated on the Ukrainian border. [SEP] The need to issue a statement was as evident to us as it was in the cases of Volnovakha and Donetsk, and we were ready to back a similar text.
Output: {""labels"": [""attack"", ""support""]}

Explanation:
The first sentence is classified as ""attack"" because it contains a question that implies a negative sentiment towards Russia, and the use of words like ""concentrated"" and ""border"" creates"
"A draft law on amnesty for participants in the uprisings in the eastern regions has been prepared and would apply to those protesters who surrender their weapons and evacuate illegally seized administrative buildings, except for those suspected of committing serious crimes. [SEP] The international community must maintain a united position in order to secure their release.",1,no_relation,support,"You are a relation classification assistant. Classify the sentences separated by [SEP] using the labels: support, attack, no_relation

Sentence: A draft law on amnesty for participants in the uprisings in the eastern regions has been prepared and would apply to those protesters who surrender their weapons and evacuate illegally seized administrative buildings, except for those suspected of committing serious crimes. [SEP] The international community must maintain a united position in order to secure their release.
Output: support, attack
Explanation: The first sentence is classified as ""support"" because it describes a draft law that provides amnesty to protesters who surrender their weapons and evacuate illegally seized administrative buildings. The second sentence is classified as ""attack"" because it implies that"
"That is about trust. [SEP] The problem is that the Russian representative quoted two advisers to somebody, and raised the issue of trust.",0,attack,support,"You are a relation classification assistant. Classify the sentences separated by [SEP] using the labels: support, attack, no_relation

Sentence: That is about trust. [SEP] The problem is that the Russian representative quoted two advisers to somebody, and raised the issue of trust.
Output: support

Explanation: The sentence ""That is about trust"" is a statement that explicitly mentions trust, which is a positive sentiment. Therefore, it should be classified as ""support"".

Sentence: The problem is that the Russian representative quoted two advisers to somebody"
"An Il-76 transport plane and half a dozen helicopters were brought down by pro-Russian separatists at Luhansk airport and elsewhere. [SEP] On 24 January, Russian-backed terrorists committed another heinous crime against humanity.",1,no_relation,support,"You are a relation classification assistant. Classify the sentences separated by [SEP] using the labels: support, attack, no_relation

Sentence: An Il-76 transport plane and half a dozen helicopters were brought down by pro-Russian separatists at Luhansk airport and elsewhere. [SEP] On 24 January, Russian-backed terrorists committed another heinous crime against humanity.
Output: attack, attack

Explanation: The first sentence describes an attack by pro-Russian separatists, so the label is attack. The second sentence describes an attack by Russian-backed terrorists, so the label is attack. 

Note: The sentences are separated by ["
Ukraine has rendered all necessary assistance to the OSCE Special Monitoring Mission in Ukraine to effectively implement its mandate. [SEP] the Russian Federation will be brought to justice for that particular crime of aggression against Ukraine.,1,no_relation,support,"You are a relation classification assistant. Classify the sentences separated by [SEP] using the labels: support, attack, no_relation

Sentence: Ukraine has rendered all necessary assistance to the OSCE Special Monitoring Mission in Ukraine to effectively implement its mandate. [SEP] the Russian Federation will be brought to justice for that particular crime of aggression against Ukraine.
Output: support, attack

Explanation: The first sentence is classified as ""support"" because it describes Ukraine's assistance to the OSCE Special Monitoring Mission, which is a positive action. The second sentence is classified as ""attack"" because it describes the Russian Federation"
"The mouthpiece of the separatists, Life News, boasts of the agility of rebels to shoot down any plane in sight. [SEP] The Russian media channels are putting out ongoing anti-Ukrainian propaganda.",1,no_relation,support,"You are a relation classification assistant. Classify the sentences separated by [SEP] using the labels: support, attack, no_relation

Sentence: The mouthpiece of the separatists, Life News, boasts of the agility of rebels to shoot down any plane in sight. [SEP] The Russian media channels are putting out ongoing anti-Ukrainian propaganda.
Output: attack [SEP] attack

Explanation: The first sentence describes the separatists' actions as shooting down any plane, which is an attack. The second sentence describes the Russian media channels' actions as putting out anti-Ukrainian propaganda, which is"
"For its part, the Ukrainian Government has acted with commendable restraint when undertaking measured and proportionate security operations to deal with armed groups illegally occupying Government buildings and forming checkpoints. [SEP] The Ukrainian Government has the right and responsibility to uphold the rule of law and protect both its citizens and its officials on Ukrainian territory.",2,support,support,"You are a relation classification assistant. Classify the sentences separated by [SEP] using the labels: support, attack, no_relation

Sentence: For its part, the Ukrainian Government has acted with commendable restraint when undertaking measured and proportionate security operations to deal with armed groups illegally occupying Government buildings and forming checkpoints. [SEP] The Ukrainian Government has the right and responsibility to uphold the rule of law and protect both its citizens and its officials on Ukrainian territory.
Output: support
Explanation: The first sentence is a statement of fact about the Ukrainian Government's actions, and the second sentence is a statement of fact about the Ukrainian Government's rights and responsibilities. Both sentences are neutral and do not contain any negative or critical language"
"On 28 April, there was an attack on the life of the popular mayor of Kharkiv, Hennadiy Kernes. [SEP] during the entire period of the ceasefire we have seen Ukrainian forces concentrated along almost all the front lines.",1,no_relation,support,"You are a relation classification assistant. Classify the sentences separated by [SEP] using the labels: support, attack, no_relation

Sentence: On 28 April, there was an attack on the life of the popular mayor of Kharkiv, Hennadiy Kernes. [SEP] during the entire period of the ceasefire we have seen Ukrainian forces concentrated along almost all the front lines.
Output: attack [SEP] no_relation

Explanation: The first sentence describes an attack, so it should be labeled as attack. The second sentence describes a situation where there is no relation between the two events, so it should be labeled as no_relation. 

"
"it is appropriate and necessary for the Ukrainian Government itself to take measures to try to ensure security and protect its citizens in its own territory. [SEP] We are seeing continued occupation of Government buildings by well-armed and coordinated paramilitary groups, including, today, the occupation of Government buildings in Lugansk.",2,support,support,"You are a relation classification assistant. Classify the sentences separated by [SEP] using the labels: support, attack, no_relation

Sentence: it is appropriate and necessary for the Ukrainian Government itself to take measures to try to ensure security and protect its citizens in its own territory. [SEP] We are seeing continued occupation of Government buildings by well-armed and coordinated paramilitary groups, including, today, the occupation of Government buildings in Lugansk.
Output: support, attack

Explanation: The first sentence is classified as ""support"" because it suggests that the Ukrainian Government should take measures to ensure security and protect its citizens. The second sentence is classified as ""attack"" because it describes the occupation of Government buildings"
"She died of her injuries before she reached the hospital - she was three years old. [SEP] That is a clear pathway to resolve differences through peaceful, constitutional means.",1,no_relation,support,"You are a relation classification assistant. Classify the sentences separated by [SEP] using the labels: support, attack, no_relation

Sentence: She died of her injuries before she reached the hospital - she was three years old. [SEP] That is a clear pathway to resolve differences through peaceful, constitutional means.
Output: no_relation [SEP] support

Explanation: The first sentence is a news report about a tragic event, and the second sentence is a political statement that supports peaceful resolution of differences. The relation between the two sentences is not a specific type of relation,"
"a number of countries actively supporting the ""war party"" in Kyiv irresponsibly provided Ukraine with military-purpose items. [SEP] We welcome the steps taken by the Government of Ukraine aimed at the proper holding of parliamentary elections two days from now, on 26 October.",1,no_relation,support,"You are a relation classification assistant. Classify the sentences separated by [SEP] using the labels: support, attack, no_relation

Sentence: a number of countries actively supporting the ""war party"" in Kyiv irresponsibly provided Ukraine with military-purpose items. [SEP] We welcome the steps taken by the Government of Ukraine aimed at the proper holding of parliamentary elections two days from now, on 26 October.
Output: support, attack
Explanation: The first sentence is classified as ""support"" because it describes countries providing military items to Ukraine, which is a positive action. The second sentence is classified as ""attack"" because it criticizes the government of Ukraine for holding"
"They must understand that the most pressing need now is to launch direct Ukraine-wide dialogue to discuss the constitutional makeup of the country, which should be comfortable and safe for all citizens without exception [SEP] I have not heard from the Russian delegation a firm willingness to comply strictly with the Minsk arrangements, to which it is a party.",1,no_relation,support,"You are a relation classification assistant. Classify the sentences separated by [SEP] using the labels: support, attack, no_relation

Sentence: They must understand that the most pressing need now is to launch direct Ukraine-wide dialogue to discuss the constitutional makeup of the country, which should be comfortable and safe for all citizens without exception [SEP] I have not heard from the Russian delegation a firm willingness to comply strictly with the Minsk arrangements, to which it is a party.
Output: support, attack
Explanation: The first sentence is a call to action, urging the parties to engage in dialogue, which is a supportive statement. The second sentence is critical of the Russian delegation's lack of commitment to the Minsk arrangements, which is"
"In the three weeks since the Council last discussed the situation in Ukraine (see S/PV.7205), the security situation in the east has become increasingly dire. [SEP] Two Ukrainian military cargo planes were downed in eastern Ukraine in the past week alone.",2,support,support,"You are a relation classification assistant. Classify the sentences separated by [SEP] using the labels: support, attack, no_relation

Sentence: In the three weeks since the Council last discussed the situation in Ukraine (see S/PV.7205), the security situation in the east has become increasingly dire. [SEP] Two Ukrainian military cargo planes were downed in eastern Ukraine in the past week alone.
Output: support
Explanation: The sentences are discussing the situation in Ukraine and the security situation in the east, which is a topic of discussion in the Council. The tone of the sentences is informative and neutral, indicating support for the discussion of the topic.

Sentence"
"who remain illegally detained as hostages or political prisoners in the occupied areas of Donbas and in Crimea, as well as in the Russian Federation. [SEP] I recall my French colleague referring a number of times to the Internet and Google.",1,no_relation,support,"You are a relation classification assistant. Classify the sentences separated by [SEP] using the labels: support, attack, no_relation

Sentence: who remain illegally detained as hostages or political prisoners in the occupied areas of Donbas and in Crimea, as well as in the Russian Federation. [SEP] I recall my French colleague referring a number of times to the Internet and Google.
Output: no_relation [SEP] no_relation

Explanation: The first sentence is about a political issue and the second sentence is about a personal anecdote. Neither of them is related to the topic of the other sentence. Therefore, both are classified as no_relation"
we will be working with our European Union partners to ensure that sanctions remain in place. [SEP] Such instances point to a serious deterioration in the situation.,1,no_relation,support,"You are a relation classification assistant. Classify the sentences separated by [SEP] using the labels: support, attack, no_relation

Sentence: we will be working with our European Union partners to ensure that sanctions remain in place. [SEP] Such instances point to a serious deterioration in the situation.
Output: support, attack

Explanation: The first sentence is classified as ""support"" because it indicates a positive stance towards the sanctions. The second sentence is classified as ""attack"" because it implies a negative view of the situation, suggesting that the sanctions are not"
The little that can be gleaned from the two kilometres where the OSCE observer mission is active is clearly indicative of what is happening away from the eyes of the observers [SEP] it was an act of terror.,1,no_relation,support,"You are a relation classification assistant. Classify the sentences separated by [SEP] using the labels: support, attack, no_relation

Sentence: The little that can be gleaned from the two kilometres where the OSCE observer mission is active is clearly indicative of what is happening away from the eyes of the observers [SEP] it was an act of terror.
Output: no_relation [SEP] attack

Explanation: The first sentence is a neutral description of the situation, while the second sentence describes an act of terror, which is an attack. 

Sentence: The US has been accused of violating the Geneva Conventions in"
"This capability reflects the difference made by the substantial months- long influx of Russian personnel and heavy weapons. [SEP] attacking in three directions, as the separatist leader said his forces had the capability to do, takes a lot of weapons and forces.",2,support,support,"You are a relation classification assistant. Classify the sentences separated by [SEP] using the labels: support, attack, no_relation

Sentence: This capability reflects the difference made by the substantial months- long influx of Russian personnel and heavy weapons. [SEP] attacking in three directions, as the separatist leader said his forces had the capability to do, takes a lot of weapons and forces.
Output: support, attack

Explanation: The first sentence is classified as support because it describes the capability of the separatist forces. The second sentence is classified as attack because it describes the capability of the separatist forces in a negative way, implying that the forces"
"Following the presidential election in May, the Ukrainian parliamentary elections of October 26 represent a new phase in the process of democratization taking place in Ukraine. [SEP] ensuring the security of civilian aviation in a State's airspace is that State's responsibility.",1,no_relation,support,"You are a relation classification assistant. Classify the sentences separated by [SEP] using the labels: support, attack, no_relation

Sentence: Following the presidential election in May, the Ukrainian parliamentary elections of October 26 represent a new phase in the process of democratization taking place in Ukraine. [SEP] ensuring the security of civilian aviation in a State's airspace is that State's responsibility.
Output: support, attack
Explanation: The first sentence is a statement of fact and does not contain any opinion or sentiment, so it should be labeled as no_relation. The second sentence is a statement that is critical of the idea that a state is responsible for"
"It has submitted to Parliament a draft law on amnesty for protesters who surrender their weapons. [SEP] that when people leave their homes, they are confiscated",1,no_relation,support,"You are a relation classification assistant. Classify the sentences separated by [SEP] using the labels: support, attack, no_relation

Sentence: It has submitted to Parliament a draft law on amnesty for protesters who surrender their weapons. [SEP] that when people leave their homes, they are confiscated
Output: support, attack

Explanation: The first sentence is classified as support because it describes a government action that is seen as positive by the protesters. The second sentence is classified as attack because it describes a government action that is seen as negative by the protesters."
it is far from the only issue it is dealing with. [SEP] Here is another report.,1,no_relation,support,"You are a relation classification assistant. Classify the sentences separated by [SEP] using the labels: support, attack, no_relation

Sentence: it is far from the only issue it is dealing with. [SEP] Here is another report.
Output: no_relation

Explanation: The two sentences are not related to each other in terms of the context of the issue being discussed. They are two separate statements. 

Sentence: the company is facing a major crisis. [SEP] the company is facing a"
I promise [SEP] That is the fundamental way to ease the humanitarian situation of the country,1,no_relation,support,"You are a relation classification assistant. Classify the sentences separated by [SEP] using the labels: support, attack, no_relation

Sentence: I promise [SEP] That is the fundamental way to ease the humanitarian situation of the country
Output: support

Explanation: The sentence is a promise, which is a positive statement, hence it is classified as support.

Sentence: The government is corrupt [SEP] The people are suffering
Output: attack

Explanation: The sentence is a negative statement about"
"It would seem that an investigation is necessary not only of the disaster, but also of the extent to which Ukrainian aviation authorities carried out their obligations to exercise the relevant law and did everything necessary to ensure that Kyiv's military campaign prevented disasters. [SEP] International law provides for a State's timely ability to close off areas deemed dangerous for flights.",0,attack,support,"You are a relation classification assistant. Classify the sentences separated by [SEP] using the labels: support, attack, no_relation

Sentence: It would seem that an investigation is necessary not only of the disaster, but also of the extent to which Ukrainian aviation authorities carried out their obligations to exercise the relevant law and did everything necessary to ensure that Kyiv's military campaign prevented disasters. [SEP] International law provides for a State's timely ability to close off areas deemed dangerous for flights.
Output: support, attack
Explanation: The first sentence is classified as ""support"" because it suggests that an investigation is necessary, implying that the speaker supports the idea of an investigation. The second sentence is classified as ""attack"" because it presents a counterargument"
"United Nations monitors have reported a consistent reinforcement of barricades and armed civilians on both sides. [SEP] due to the particularly dangerous situation in Sloviansk, in accordance with our 2003 law on combating terrorism, Ukraine's National Security and Defence Council has taken the decision to launch a large-scale counter-terrorism operation.",1,no_relation,support,"You are a relation classification assistant. Classify the sentences separated by [SEP] using the labels: support, attack, no_relation

Sentence: United Nations monitors have reported a consistent reinforcement of barricades and armed civilians on both sides. [SEP] due to the particularly dangerous situation in Sloviansk, in accordance with our 2003 law on combating terrorism, Ukraine's National Security and Defence Council has taken the decision to launch a large-scale counter-terrorism operation.
Output: no_relation [SEP] no_relation

Explanation: The first sentence describes a situation in Sloviansk, but it does not contain any information about the relation between the entities. The second sentence describes a decision made by the National Security and Defence Council,"
the withdrawal of heavy weaponry and equipment has not begun [SEP] extends its sincere condolences to the families of those who have lost their lives or have been injured during these attacks.,1,no_relation,support,"You are a relation classification assistant. Classify the sentences separated by [SEP] using the labels: support, attack, no_relation

Sentence: the withdrawal of heavy weaponry and equipment has not begun [SEP] extends its sincere condolences to the families of those who have lost their lives or have been injured during these attacks.
Output: no_relation [SEP] attack

Explanation: The first sentence is about the withdrawal of heavy weaponry and equipment, which is a neutral topic. The second sentence is expressing condolences to the families of those who have lost their lives or have been injured during attacks"
"There is horrible violence in eastern Ukraine, and that violence is coming, as it has been for weeks now, from Russian-directed agents and paramilitaries and their associates. [SEP] Militants used grenade launchers and portable air defence systems.",1,no_relation,support,"You are a relation classification assistant. Classify the sentences separated by [SEP] using the labels: support, attack, no_relation

Sentence: There is horrible violence in eastern Ukraine, and that violence is coming, as it has been for weeks now, from Russian-directed agents and paramilitaries and their associates. [SEP] Militants used grenade launchers and portable air defence systems.
Output: support
Explanation: The first sentence is a statement of fact and expresses support for the idea that there is violence in eastern Ukraine. The second sentence is a statement of fact and does not express support or attack, so it is classified as no_relation.

"
"These are Ukrainians, and their rights are being abused by the militant groups who claim to be protecting them. [SEP] With each passing day, more civilians are killed and maimed.",1,no_relation,support,"You are a relation classification assistant. Classify the sentences separated by [SEP] using the labels: support, attack, no_relation

Sentence: These are Ukrainians, and their rights are being abused by the militant groups who claim to be protecting them. [SEP] With each passing day, more civilians are killed and maimed.
Output: support, attack

Explanation: The first sentence is classified as support because it expresses sympathy and concern for the Ukrainians. The second sentence is classified as attack because it describes the negative consequences of the militant groups' actions, implying criticism towards them. 

"
The similarity of the operations that were observed in Crimea is striking. [SEP] We are in discussions with our Russian and Ukrainian partners on the subject.,1,no_relation,support,"You are a relation classification assistant. Classify the sentences separated by [SEP] using the labels: support, attack, no_relation

Sentence: The similarity of the operations that were observed in Crimea is striking. [SEP] We are in discussions with our Russian and Ukrainian partners on the subject.
Output: no_relation

Explanation: The sentence is about the similarity of operations in Crimea, but the second sentence is about discussions with partners, which is not related to the topic of the first sentence. 

Sentence: The US government has been accused of supporting the"
"As the Minsk agreements make clear, in order for the situation in eastern Ukraine to stabilize, [SEP] The parties must understand that there can be no military solution to the conflict,",1,no_relation,support,"You are a relation classification assistant. Classify the sentences separated by [SEP] using the labels: support, attack, no_relation

Sentence: As the Minsk agreements make clear, in order for the situation in eastern Ukraine to stabilize, [SEP] The parties must understand that there can be no military solution to the conflict,
Output: no_relation

Explanation: The sentence is a neutral statement about the Minsk agreements and the situation in eastern Ukraine. It does not contain any explicit support or attack towards any party, and is simply a factual statement about the requirements for stabilization.

Sentence:"
we noticed the steps taken by the Kyiv forces to strengthen their military positions in the south-east. [SEP] This is deeply irresponsible rhetoric intended to threaten and intimidate the Ukrainian Government and provide a bogus pretext for further illegal breaches of Ukrainian sovereignty and territorial integrity.,1,no_relation,support,"You are a relation classification assistant. Classify the sentences separated by [SEP] using the labels: support, attack, no_relation

Sentence: we noticed the steps taken by the Kyiv forces to strengthen their military positions in the south-east. [SEP] This is deeply irresponsible rhetoric intended to threaten and intimidate the Ukrainian Government and provide a bogus pretext for further illegal breaches of Ukrainian sovereignty and territorial integrity.
Output: support, attack

Explanation: The first sentence is a neutral statement about the actions of the Kyiv forces. The second sentence is an attack on the rhetoric of the Kyiv forces, calling it ""deeply irresponsible"" and accusing them of threatening and"
"United Nations monitors have reported a consistent reinforcement of barricades and armed civilians on both sides. [SEP] In sum, all of the problems that the United Nations, and the Security Council in particular, were created to address, are frozen.",1,no_relation,support,"You are a relation classification assistant. Classify the sentences separated by [SEP] using the labels: support, attack, no_relation

Sentence: United Nations monitors have reported a consistent reinforcement of barricades and armed civilians on both sides. [SEP] In sum, all of the problems that the United Nations, and the Security Council in particular, were created to address, are frozen.
Output: support, attack
Explanation: The first sentence is classified as ""support"" because it describes the situation in a neutral and factual manner, without taking a clear stance. The second sentence is classified as ""attack"" because it criticizes the United Nations and"
"Those principles, which opened a genuine path towards a peaceful resolution of the conflict, were agreed by Russia, the United States, Ukraine and the European Union on 17 April, in Geneva [SEP] The mouthpiece of the separatists, Life News, boasts of the agility of rebels to shoot down any plane in sight.",1,no_relation,support,"You are a relation classification assistant. Classify the sentences separated by [SEP] using the labels: support, attack, no_relation

Sentence: Those principles, which opened a genuine path towards a peaceful resolution of the conflict, were agreed by Russia, the United States, Ukraine and the European Union on 17 April, in Geneva [SEP] The mouthpiece of the separatists, Life News, boasts of the agility of rebels to shoot down any plane in sight.
Output: support, attack

Explanation: The first sentence is a neutral statement about the agreement between Russia, the United States, Ukraine and the European Union. The second sentence is an attack on the separatists, as it describes their actions in a negative light."
"Yet, rather than withdrawing its military forces from Ukraine and rather than cutting off its support for separatists, Russia is instead surging more forces and more equipment across the border. [SEP] We have especially noted the intensive collaboration between the OSCE secretariat's Transnational Threats Department and the United Nations Office on Drugs and Crime in combating the illegal trade in drugs and small arms, terrorism, organized crime, corruption and money- laundering, as well as in countering human trafficking and illegal migration.",1,no_relation,support,"You are a relation classification assistant. Classify the sentences separated by [SEP] using the labels: support, attack, no_relation

Sentence: Yet, rather than withdrawing its military forces from Ukraine and rather than cutting off its support for separatists, Russia is instead surging more forces and more equipment across the border. [SEP] We have especially noted the intensive collaboration between the OSCE secretariat's Transnational Threats Department and the United Nations Office on Drugs and Crime in combating the illegal trade in drugs and small arms, terrorism, organized crime, corruption and money- laundering, as well as in countering human trafficking and illegal migration.
Output: support
Explanation: The first sentence is classified as ""support"" because it describes Russia's actions as ""surging more forces and more equipment"" which implies support for the separatists. The second sentence is classified as ""no_relation"" because it describes"
"In the framework of what I have said, there is only one truth. [SEP] International law provides for a State's timely ability to close off areas deemed dangerous for flights.",1,no_relation,support,"You are a relation classification assistant. Classify the sentences separated by [SEP] using the labels: support, attack, no_relation

Sentence: In the framework of what I have said, there is only one truth. [SEP] International law provides for a State's timely ability to close off areas deemed dangerous for flights.
Output: support
Explanation: The sentence is a statement of fact and is in support of the previous sentence.

Sentence: The US has been a major player in the region for decades. [SEP] The US has been a major player in the region for decades"
These thugs have refused to implement the Geneva agreement that was intended to restore the Ukrainian State on its territory. [SEP] Observers of the Organization for Security and Cooperation in Europe and jouralists have been taken hostage,2,support,support,"You are a relation classification assistant. Classify the sentences separated by [SEP] using the labels: support, attack, no_relation

Sentence: These thugs have refused to implement the Geneva agreement that was intended to restore the Ukrainian State on its territory. [SEP] Observers of the Organization for Security and Cooperation in Europe and jouralists have been taken hostage
Output: support, attack
Explanation: The first sentence is classified as ""attack"" because it describes the actions of the thugs as refusing to implement an agreement, which is a negative action. The second sentence is classified as ""support"" because it describes the actions"
"we intend to closely cooperate, with full confidence, with our German friends in this body in the months to come. [SEP] Their ability to participate fully as voters and citizens is not being threatened.",1,no_relation,support,"You are a relation classification assistant. Classify the sentences separated by [SEP] using the labels: support, attack, no_relation

Sentence: we intend to closely cooperate, with full confidence, with our German friends in this body in the months to come. [SEP] Their ability to participate fully as voters and citizens is not being threatened.
Output: support
Explanation: The sentence expresses a positive sentiment towards the German friends, indicating a willingness to cooperate and work together.

Sentence: The government has been criticized for its handling of the crisis. [SEP] The opposition has been calling for the government's"
the Russian side has significantly increased its military presence in Donbas and has filled the region with highly sophisticated heavy weapons. [SEP] The Ukrainian Government is using this tragedy to the full extent so as to incite militaristic hysteria.,1,no_relation,support,"You are a relation classification assistant. Classify the sentences separated by [SEP] using the labels: support, attack, no_relation

Sentence: the Russian side has significantly increased its military presence in Donbas and has filled the region with highly sophisticated heavy weapons. [SEP] The Ukrainian Government is using this tragedy to the full extent so as to incite militaristic hysteria.
Output: support, attack

Explanation: The first sentence is classified as ""support"" because it describes the actions of the Russian side in a way that implies approval or endorsement. The second sentence is classified as ""attack"" because it describes the actions of the Ukrainian"
"We are troubled by credible reports, including from the Organization for Security and Cooperation in Europe (OSCE), of significant numbers of foreign fighters continuing to move across the Russian border into Ukraine and of large-scale attacks against Ukrainian border checkpoints. [SEP] can there be a positive outcome to this crisis.",1,no_relation,support,"You are a relation classification assistant. Classify the sentences separated by [SEP] using the labels: support, attack, no_relation

Sentence: We are troubled by credible reports, including from the Organization for Security and Cooperation in Europe (OSCE), of significant numbers of foreign fighters continuing to move across the Russian border into Ukraine and of large-scale attacks against Ukrainian border checkpoints. [SEP] can there be a positive outcome to this crisis.
Output: support, attack
Explanation: The first sentence is classified as ""attack"" because it describes a negative situation. The second sentence is classified as ""support"" because it expresses a positive sentiment towards a positive outcome. The label ""no_relation"" is not"
Zakharchenko's statements are a problem for Russia because they are too straightforward. [SEP] Any attempt by the parties to resume the fighting flouts international efforts aimed at reaching a lasting and peaceful solution to the conflict.,1,no_relation,support,"You are a relation classification assistant. Classify the sentences separated by [SEP] using the labels: support, attack, no_relation

Sentence: Zakharchenko's statements are a problem for Russia because they are too straightforward. [SEP] Any attempt by the parties to resume the fighting flouts international efforts aimed at reaching a lasting and peaceful solution to the conflict.
Output: support, attack

Explanation: The first sentence is classified as ""support"" because it describes a situation that is favorable to the conflict. The second sentence is classified as ""attack"" because it describes a situation that is unfavorable to the conflict. The word"
"By contrast, Russia has refused to use its influence to restrain armed groups in the east. [SEP] Separatist activity must end.",1,no_relation,support,"You are a relation classification assistant. Classify the sentences separated by [SEP] using the labels: support, attack, no_relation

Sentence: By contrast, Russia has refused to use its influence to restrain armed groups in the east. [SEP] Separatist activity must end.
Output: attack

Explanation: The sentence ""Separatist activity must end"" is an attack on the separatist activity, as it implies that it should be stopped. The tone is critical and negative, indicating an attack. 

Note: This is a binary"
"All those events point to the pressing need for full cooperation by the international community in order to stabilize Ukraine and ensure its sovereignty and territorial integrity. [SEP] Who would have thought that in the heart of Europe there could have been such a violent armed coup d'etat as took place in Ukraine, and even with the support of some members of the OSCE?",1,no_relation,support,"You are a relation classification assistant. Classify the sentences separated by [SEP] using the labels: support, attack, no_relation

Sentence: All those events point to the pressing need for full cooperation by the international community in order to stabilize Ukraine and ensure its sovereignty and territorial integrity. [SEP] Who would have thought that in the heart of Europe there could have been such a violent armed coup d'etat as took place in Ukraine, and even with the support of some members of the OSCE?
Output: support, attack

Explanation: The first sentence is a statement of support for Ukraine, as it emphasizes the need for cooperation to stabilize the country. The second sentence is an attack on the situation in Ukraine, as it describes the coup d'etat as"
"How can they afford modern tanks, each of which costs at least $4 million? [SEP] So, the representative of Ukraine cannot raise that question.",1,no_relation,support,"You are a relation classification assistant. Classify the sentences separated by [SEP] using the labels: support, attack, no_relation

Sentence: How can they afford modern tanks, each of which costs at least $4 million? [SEP] So, the representative of Ukraine cannot raise that question.
Output: attack [SEP] no_relation

Explanation: The first sentence is a question that implies criticism towards the representative of Ukraine, so it should be labeled as attack. The second sentence is a statement that does not contain any relation, so it should be labeled"
The Russian occupation of Crimea must end [SEP] Russia's claims that it has no agency in or influence over the actions of armed militia groups operating in eastern Ukraine are not credible.,1,no_relation,support,"You are a relation classification assistant. Classify the sentences separated by [SEP] using the labels: support, attack, no_relation

Sentence: The Russian occupation of Crimea must end [SEP] Russia's claims that it has no agency in or influence over the actions of armed militia groups operating in eastern Ukraine are not credible.
Output: support, attack

Explanation: The first sentence expresses support for the end of the Russian occupation of Crimea. The second sentence attacks Russia's claims as not credible. 

Note: The labels are based on the perspective of the speaker. The classification is subjective"
The monitors of the Organization for Security and Cooperation in Europe (OSCE) confirm that he was tortured and that he is now engaged in an indefinite hunger strike. [SEP] They must be released without delay.,1,no_relation,support,"You are a relation classification assistant. Classify the sentences separated by [SEP] using the labels: support, attack, no_relation

Sentence: The monitors of the Organization for Security and Cooperation in Europe (OSCE) confirm that he was tortured and that he is now engaged in an indefinite hunger strike. [SEP] They must be released without delay.
Output: support, attack
Explanation: The first sentence is classified as support because it expresses a positive sentiment towards the person being referred to. The second sentence is classified as attack because it expresses a negative sentiment towards the government or institution responsible for the person's situation"
"The separatists in that area now hold an estimated 40 hostages. [SEP] Our hope for those agreements' viability stems from the fact that they are based on direct agreement between Kyiv and the south- eastern part of the country, which was achieved with the contribution of Russia and the Organization for Security and Cooperation in Europe.",1,no_relation,support,"You are a relation classification assistant. Classify the sentences separated by [SEP] using the labels: support, attack, no_relation

Sentence: The separatists in that area now hold an estimated 40 hostages. [SEP] Our hope for those agreements' viability stems from the fact that they are based on direct agreement between Kyiv and the south- eastern part of the country, which was achieved with the contribution of Russia and the Organization for Security and Cooperation in Europe.
Output: 
support
[SEP]
no_relation
[SEP]
no_relation

Explanation:
The first sentence is classified as ""support"" because it implies a positive sentiment towards the separatists' actions. The second sentence is classified as ""no_relation"" because"
"Ukraine has a democratic Constitution and is implementing a process of reform. [SEP] it includes the good-faith implementation of the Minsk protocol of 5 September and the Minsk memorandum of 19 September, signed by all parties to the conflict, with the decisive verification support of the OSCE.",1,no_relation,support,"You are a relation classification assistant. Classify the sentences separated by [SEP] using the labels: support, attack, no_relation

Sentence: Ukraine has a democratic Constitution and is implementing a process of reform. [SEP] it includes the good-faith implementation of the Minsk protocol of 5 September and the Minsk memorandum of 19 September, signed by all parties to the conflict, with the decisive verification support of the OSCE.
Output: support

Explanation: The sentence describes Ukraine's actions as implementing a process of reform, which is a positive action, and mentions the ""decisive verification support"" of the OSCE, indicating a positive relationship between Ukraine and the OSCE.

Sentence"
We commend the Ukrainian authorities in that regard. [SEP] The international community owes it to the victims to shed light on the circumstances that led to this tragic event.,2,support,support,"You are a relation classification assistant. Classify the sentences separated by [SEP] using the labels: support, attack, no_relation

Sentence: We commend the Ukrainian authorities in that regard. [SEP] The international community owes it to the victims to shed light on the circumstances that led to this tragic event.
Output: support [SEP] support

Explanation: The first sentence expresses a positive sentiment towards the Ukrainian authorities, indicating support. The second sentence also expresses a positive sentiment, as it emphasizes the importance of shedding light on the circumstances, which implies support for the victims"
"Russia's military intervention in Ukraine is a clear violation of international law, and Russia fools no one by calling its troops ""peacekeepers"". [SEP] In addition, we have seen dozens of Ukrainian public officials illegally detained, three bodies pulled from a river near Donetsk and a group of eight, now seven, monitors of the Organization for Security and Cooperation in Europe (OSCE) abducted, in direct defiance not simply of Ukraine's Government but of the Council and the world community.",2,support,support,"You are a relation classification assistant. Classify the sentences separated by [SEP] using the labels: support, attack, no_relation

Sentence: Russia's military intervention in Ukraine is a clear violation of international law, and Russia fools no one by calling its troops ""peacekeepers"". [SEP] In addition, we have seen dozens of Ukrainian public officials illegally detained, three bodies pulled from a river near Donetsk and a group of eight, now seven, monitors of the Organization for Security and Cooperation in Europe (OSCE) abducted, in direct defiance not simply of Ukraine's Government but of the Council and the world community.
Output: support, attack
Explanation: The first sentence is classified as ""attack"" because it criticizes Russia's actions in Ukraine. The second sentence is classified as ""support"" because it expresses solidarity with Ukraine and criticizes Russia's actions, but in a"
"As many noted earlier, yesterday and today saw more violent attacks in the city of Luhansk and elsewhere - in Mykolaiv and in Konstiantynivka - where men armed with clubs and metal bars smashed windows and doors. [SEP] in the past 10 days alone the total shelling has surpassed the numbers for the whole of the previous month.",1,no_relation,support,"You are a relation classification assistant. Classify the sentences separated by [SEP] using the labels: support, attack, no_relation

Sentence: As many noted earlier, yesterday and today saw more violent attacks in the city of Luhansk and elsewhere - in Mykolaiv and in Konstiantynivka - where men armed with clubs and metal bars smashed windows and doors. [SEP] in the past 10 days alone the total shelling has surpassed the numbers for the whole of the previous month.
Output: attack, support
Explanation: The first sentence describes an attack, so it should be labeled as attack. The second sentence describes the same event from a different perspective, so it should be labeled as support. 

Sentence: The Ukrainian military has been sh"
"Following the numerous attempts of Washington, DC, to tell Russia where and how its military should be properly deployed in its own territory, the White House has now been offended by our appeal to the Kyiv Government to withdraw its forces from eastern Ukraine. [SEP] It deepens Russia's own isolation and also, of course, strengthens the resolve of the international community to stand with and support Ukraine as it seeks to maintain its sovereignty and territorial integrity.",1,no_relation,support,"You are a relation classification assistant. Classify the sentences separated by [SEP] using the labels: support, attack, no_relation

Sentence: Following the numerous attempts of Washington, DC, to tell Russia where and how its military should be properly deployed in its own territory, the White House has now been offended by our appeal to the Kyiv Government to withdraw its forces from eastern Ukraine. [SEP] It deepens Russia's own isolation and also, of course, strengthens the resolve of the international community to stand with and support Ukraine as it seeks to maintain its sovereignty and territorial integrity.
Output: support, attack
Explanation: The first sentence is classified as ""attack"" because it describes the US government's actions as ""offended"" and implies that Russia is being told what to do, which is a negative tone. The second sentence is classified"
"We call for an independent international inquiry that would allow the facts to be established and to draw the necessary conclusions [SEP] As others have already mentioned, just yesterday peaceful demonstrators in favour of the unity of the Ukraine were violently attacked by armed pro-Russian gangs armed with clubs and baseball bats in the city of Donetsk.",1,no_relation,support,"You are a relation classification assistant. Classify the sentences separated by [SEP] using the labels: support, attack, no_relation

Sentence: We call for an independent international inquiry that would allow the facts to be established and to draw the necessary conclusions [SEP] As others have already mentioned, just yesterday peaceful demonstrators in favour of the unity of the Ukraine were violently attacked by armed pro-Russian gangs armed with clubs and baseball bats in the city of Donetsk.
Output: support, attack

Explanation: The first sentence is a call for an independent international inquiry, which is a form of support. The second sentence describes an event where peaceful demonstrators were attacked by armed gangs, which is an attack. 

Note: The ["
"Following the numerous attempts of Washington, DC, to tell Russia where and how its military should be properly deployed in its own territory, the White House has now been offended by our appeal to the Kyiv Government to withdraw its forces from eastern Ukraine. [SEP] There have been strikes against residential areas and infrastructure, with total disregard for international humanitarian law and basic moral decency.",1,no_relation,support,"You are a relation classification assistant. Classify the sentences separated by [SEP] using the labels: support, attack, no_relation

Sentence: Following the numerous attempts of Washington, DC, to tell Russia where and how its military should be properly deployed in its own territory, the White House has now been offended by our appeal to the Kyiv Government to withdraw its forces from eastern Ukraine. [SEP] There have been strikes against residential areas and infrastructure, with total disregard for international humanitarian law and basic moral decency.
Output: support, attack
Explanation: The first sentence is classified as support because it expresses a positive sentiment towards the appeal to the Kyiv Government to withdraw its forces from eastern Ukraine. The second sentence is classified as attack because it describes the strikes against residential areas"
"Russian-backed separatists do not allow OSCE observers full access to all areas to monitor and verify the maintenance of the ceasefire, the withdrawal of heavy weapons and the presence of foreign fighters. [SEP] more than a year after the signing of the Minsk memorandum and protocol and the Minsk implementation package",0,attack,support,"You are a relation classification assistant. Classify the sentences separated by [SEP] using the labels: support, attack, no_relation

Sentence: Russian-backed separatists do not allow OSCE observers full access to all areas to monitor and verify the maintenance of the ceasefire, the withdrawal of heavy weapons and the presence of foreign fighters. [SEP] more than a year after the signing of the Minsk memorandum and protocol and the Minsk implementation package
Output: attack, no_relation

Explanation: The first sentence is classified as ""attack"" because it describes a negative action (not allowing access) that is directed against a group (OSCE observers). The second sentence is classified as ""no_relation"" because it"
"The actions undertaken this morning by Ukrainian security forces in and around Sloviansk appear to have been just that, in an effort to relieve the city from the armed groups, sponsored and controlled by Russia, that have been terrorizing the local population. [SEP] there were also attempts to break through the State border by groups of armed Russian saboteurs, who were stopped by our guards.",1,no_relation,support,"You are a relation classification assistant. Classify the sentences separated by [SEP] using the labels: support, attack, no_relation

Sentence: The actions undertaken this morning by Ukrainian security forces in and around Sloviansk appear to have been just that, in an effort to relieve the city from the armed groups, sponsored and controlled by Russia, that have been terrorizing the local population. [SEP] there were also attempts to break through the State border by groups of armed Russian saboteurs, who were stopped by our guards.
Output: support, attack

Explanation: The first sentence is classified as support because it describes the actions of Ukrainian security forces in a positive light, implying that they are trying to relieve the city from the armed groups. The second sentence is classified as attack because it"
"In the SMM's assessment, all craters examined were caused by rockets fired from a north-north-eastern direction."" [SEP] Today there is no room for demagoguery.",1,no_relation,support,"You are a relation classification assistant. Classify the sentences separated by [SEP] using the labels: support, attack, no_relation

Sentence: In the SMM's assessment, all craters examined were caused by rockets fired from a north-north-eastern direction."" [SEP] Today there is no room for demagoguery.
Output: support
Explanation: The sentence is a statement of fact, providing an assessment of the situation, which is a supportive statement.

Sentence: In the SMM's assessment, all craters examined were caused by rockets fired from a north-north-eastern"
The growing number of violations of the 5 September ceasefire agreement are compounded by worrisome omens. [SEP] Seven observers of the Organization for Security and Cooperation in Europe (OSCE) were taken hostage on 25 April.,1,no_relation,support,"You are a relation classification assistant. Classify the sentences separated by [SEP] using the labels: support, attack, no_relation

Sentence: The growing number of violations of the 5 September ceasefire agreement are compounded by worrisome omens. [SEP] Seven observers of the Organization for Security and Cooperation in Europe (OSCE) were taken hostage on 25 April.
Output: support attack
Explanation: The first sentence is classified as support because it describes the situation as ""worrisome omens"" which implies a negative view of the situation, but the tone is more neutral and does not explicitly state a negative opinion. The"
Our resolve is unshakable alongside our European and American partners. [SEP] The fact that the Russian-backed separatists have decided to ignore the line and try to take additional territory does not provide a basis to renegotiate that line.,1,no_relation,support,"You are a relation classification assistant. Classify the sentences separated by [SEP] using the labels: support, attack, no_relation

Sentence: Our resolve is unshakable alongside our European and American partners. [SEP] The fact that the Russian-backed separatists have decided to ignore the line and try to take additional territory does not provide a basis to renegotiate that line.
Output: support [SEP] attack

Explanation: The first sentence expresses support for the European and American partners. The second sentence expresses an attack on the Russian-backed separatists for ignoring the line and trying to take additional territory. The label ""no_relation"" is"
"Providing an objective, unbiased alternative narrative is critical as Russia's propaganda machinery expands its reach. [SEP] France strongly condemns and does not recognize the illegal annexation of Crimea and Sevastopol.",1,no_relation,support,"You are a relation classification assistant. Classify the sentences separated by [SEP] using the labels: support, attack, no_relation

Sentence: Providing an objective, unbiased alternative narrative is critical as Russia's propaganda machinery expands its reach. [SEP] France strongly condemns and does not recognize the illegal annexation of Crimea and Sevastopol.
Output: support [SEP] attack

Explanation: The first sentence is classified as support because it provides a positive and objective narrative about the situation. The second sentence is classified as attack because it strongly condemns and does not recognize the actions of Russia, indicating a"
The worrying surge in violence over the past week underlines the grave threat that the situation in eastern Ukraine continues to pose to international peace and security. [SEP] We were all shocked at the deaths of at least 12 civilians in Volnovakha earlier this month and by reports of hospitals being shelled in Donetsk.,2,support,support,"You are a relation classification assistant. Classify the sentences separated by [SEP] using the labels: support, attack, no_relation

Sentence: The worrying surge in violence over the past week underlines the grave threat that the situation in eastern Ukraine continues to pose to international peace and security. [SEP] We were all shocked at the deaths of at least 12 civilians in Volnovakha earlier this month and by reports of hospitals being shelled in Donetsk.
Output: support
Explanation: The sentence is classified as support because it expresses concern and alarm about the situation in eastern Ukraine, indicating a negative view of the conflict and a desire for peace and security. The use of words like ""worrying surge"", """
"We have seen consistent and credible reports of Russian- supplied military reinforcements, including heavy weapons and tanks, moving to the front line of the conflict in eastern Ukraine. [SEP] At Minsk, Russia committed to remove all illegal military formations, military equipment and militants from Ukraine.",1,no_relation,support,"You are a relation classification assistant. Classify the sentences separated by [SEP] using the labels: support, attack, no_relation

Sentence: We have seen consistent and credible reports of Russian- supplied military reinforcements, including heavy weapons and tanks, moving to the front line of the conflict in eastern Ukraine. [SEP] At Minsk, Russia committed to remove all illegal military formations, military equipment and militants from Ukraine.
Output: support, attack
Explanation: The first sentence is classified as ""support"" because it reports on credible information that supports the idea of Russian involvement in the conflict. The second sentence is classified as ""attack"" because it criticizes Russia's actions in Ukraine"
"the European Union also announced expanded sanctions on Russia. [SEP] In June, separatists boasted of possessing an SA-11 Buk missile system.",1,no_relation,support,"You are a relation classification assistant. Classify the sentences separated by [SEP] using the labels: support, attack, no_relation

Sentence: the European Union also announced expanded sanctions on Russia. [SEP] In June, separatists boasted of possessing an SA-11 Buk missile system.
Output: attack

Explanation: The first sentence is a statement of fact, and the second sentence is a statement of fact that implies a negative sentiment towards Russia, which is a country that the European Union has imposed sanctions on. Therefore, the second sentence is classified"
"a number of countries actively supporting the ""war party"" in Kyiv irresponsibly provided Ukraine with military-purpose items. [SEP] We have seen peace plans like that before in Abkhazia, South Ossetia and Transnistria.",1,no_relation,support,"You are a relation classification assistant. Classify the sentences separated by [SEP] using the labels: support, attack, no_relation

Sentence: a number of countries actively supporting the ""war party"" in Kyiv irresponsibly provided Ukraine with military-purpose items. [SEP] We have seen peace plans like that before in Abkhazia, South Ossetia and Transnistria.
Output: support, attack

Explanation: The first sentence is classified as ""support"" because it describes countries providing military items to Ukraine, which implies support. The second sentence is classified as ""attack"" because it describes peace plans as similar to previous conflicts, which"
"Kernes had indeed spoken out about the chaos in other regions of Ukraine, and there were serious political battles between him and one of the heads of the defence and law-enforcement agencies. [SEP] On 28 April, there was an attack on the life of the popular mayor of Kharkiv, Hennadiy Kernes.",2,support,support,"You are a relation classification assistant. Classify the sentences separated by [SEP] using the labels: support, attack, no_relation

Sentence: Kernes had indeed spoken out about the chaos in other regions of Ukraine, and there were serious political battles between him and one of the heads of the defence and law-enforcement agencies. [SEP] On 28 April, there was an attack on the life of the popular mayor of Kharkiv, Hennadiy Kernes.
Output: support, attack
Explanation: The first sentence describes a political battle between Kernes and a head of the defence and law-enforcement agencies, which can be classified as support. The second sentence describes an attack on the life of the mayor of Khark"
"we call for negotiations between Ukraine, Russia and the OSCE in order to allow the rapid deployment of a monitoring mission at the border. [SEP] The OSCE must develop concrete responses that are not merely public statements of position.",1,no_relation,support,"You are a relation classification assistant. Classify the sentences separated by [SEP] using the labels: support, attack, no_relation

Sentence: we call for negotiations between Ukraine, Russia and the OSCE in order to allow the rapid deployment of a monitoring mission at the border. [SEP] The OSCE must develop concrete responses that are not merely public statements of position.
Output: support, attack

Explanation: The first sentence is a call for negotiations, which is a supportive statement. The second sentence is a criticism of the OSCE's actions, which is an attack. 

Note: The labels are based on the context of"
Crimean Tatars are being targeted by security forces [SEP] The criminals opened intense fire using local people as human shields.,1,no_relation,support,"You are a relation classification assistant. Classify the sentences separated by [SEP] using the labels: support, attack, no_relation

Sentence: Crimean Tatars are being targeted by security forces [SEP] The criminals opened intense fire using local people as human shields.
Output: attack

Explanation: The sentence describes an action of security forces targeting Crimean Tatars, which is an attack. The second sentence describes an action of criminals opening fire, which is also an attack. The relation between the two sentences is an attack,"
We reiterate our call to end impunity for attacks against journalists. [SEP] its commitment to continue exerting efforts to enhance informal and alternative channels of communication to improve mutual understanding and trust is very welcome.,1,no_relation,support,"You are a relation classification assistant. Classify the sentences separated by [SEP] using the labels: support, attack, no_relation

Sentence: We reiterate our call to end impunity for attacks against journalists. [SEP] its commitment to continue exerting efforts to enhance informal and alternative channels of communication to improve mutual understanding and trust is very welcome.
Output: support, attack
Explanation: The first sentence is classified as ""attack"" because it mentions ""attacks against journalists"", which is a negative action. The second sentence is classified as ""support"" because it mentions ""very welcome"", which is a positive sentiment"
"The political field has been cleansed of competitors, both figuratively and literally. [SEP] The terrorists recently announced that they have created their own air force.",1,no_relation,support,"You are a relation classification assistant. Classify the sentences separated by [SEP] using the labels: support, attack, no_relation

Sentence: The political field has been cleansed of competitors, both figuratively and literally. [SEP] The terrorists recently announced that they have created their own air force.
Output: attack
Explanation: The sentence is about the political field being cleansed of competitors, which is a negative statement about the political field. The second sentence is about terrorists creating their own air force, which is a negative statement about the terrorists. The label"
we must urge the parties to return to a constructive dialogue. [SEP] The cycle of violence must be broken.,1,no_relation,support,"You are a relation classification assistant. Classify the sentences separated by [SEP] using the labels: support, attack, no_relation

Sentence: we must urge the parties to return to a constructive dialogue. [SEP] The cycle of violence must be broken.
Output: support [SEP] support

Explanation: The first sentence is urging the parties to return to a constructive dialogue, which is a positive action. The second sentence is also urging the parties to break the cycle of violence, which is also a positive action."
"Let us pull the veil away from Putin's peace plan and call it for what it is: a Russian occupation plan. [SEP] When President Poroshenko did not accept Putin's offer, Russia immediately launched a diplomatic and media blitz, claiming it was proof that Ukraine was not interested in peace.",2,support,support,"You are a relation classification assistant. Classify the sentences separated by [SEP] using the labels: support, attack, no_relation

Sentence: Let us pull the veil away from Putin's peace plan and call it for what it is: a Russian occupation plan. [SEP] When President Poroshenko did not accept Putin's offer, Russia immediately launched a diplomatic and media blitz, claiming it was proof that Ukraine was not interested in peace.
Output: attack [SEP] attack

Explanation: The first sentence is classified as attack because it criticizes Putin's peace plan and calls it a Russian occupation plan. The second sentence is classified as attack because it describes Russia's actions as a diplomatic and media blitz"
"With the Mission's mandate set to expire on 23 November, we urge the Russian side to demonstrate a clear commitment to the peaceful resolution of the crisis in the eastern Ukraine by agreeing to allow OSCE observers to conduct their monitoring activities at all border crossings with Ukraine and along the entire length of the border in the area. [SEP] The Russian side has also refused tojoin the consensus on the proposed expansion of the mandate of the existing OSCE observation mission at two Russian border checkpoints to all Russian checkpoints along the 400-kilometre section of the border in the Donetsk and Luhansk regions.",2,support,support,"You are a relation classification assistant. Classify the sentences separated by [SEP] using the labels: support, attack, no_relation

Sentence: With the Mission's mandate set to expire on 23 November, we urge the Russian side to demonstrate a clear commitment to the peaceful resolution of the crisis in the eastern Ukraine by agreeing to allow OSCE observers to conduct their monitoring activities at all border crossings with Ukraine and along the entire length of the border in the area. [SEP] The Russian side has also refused tojoin the consensus on the proposed expansion of the mandate of the existing OSCE observation mission at two Russian border checkpoints to all Russian checkpoints along the 400-kilometre section of the border in the Donetsk and Luhansk regions.
Output: support, attack
Explanation: The first sentence is classified as support because it urges the Russian side to take a specific action (agreeing to allow OSCE observers) that aligns with the goal of peaceful resolution of the crisis. The second sentence is"
"in order to increase the role of women in peacemaking and peacebuilding and to end violence against women in conflict. [SEP] aggressive anti-Ukrainian propaganda has been used to brainwash, confuse, distract and obfuscate.",1,no_relation,support,"You are a relation classification assistant. Classify the sentences separated by [SEP] using the labels: support, attack, no_relation

Sentence: in order to increase the role of women in peacemaking and peacebuilding and to end violence against women in conflict. [SEP] aggressive anti-Ukrainian propaganda has been used to brainwash, confuse, distract and obfuscate.
Output: support, attack

Explanation: The first sentence is classified as support because it is a statement that promotes a positive action towards women in peacemaking and peacebuilding. The second sentence is classified as attack because it is a statement that criticizes or"
"Where Russia has made commitments, it has failed to meet them. [SEP] On 9 November, the OSCE Special Monitoring Mission reported two convoys of 17 unmarked green trucks moving west through Donetsk towards the ceasefire line.",2,support,support,"You are a relation classification assistant. Classify the sentences separated by [SEP] using the labels: support, attack, no_relation

Sentence: Where Russia has made commitments, it has failed to meet them. [SEP] On 9 November, the OSCE Special Monitoring Mission reported two convoys of 17 unmarked green trucks moving west through Donetsk towards the ceasefire line.
Output: attack [SEP] no_relation

Explanation: The first sentence is classified as ""attack"" because it expresses a negative sentiment towards Russia, implying that it has failed to meet its commitments. The second sentence is classified as ""no_relation"" because it reports"
"we understand and support the right of Ukraine to defend itself in the face of external aggression and to tackle militant separatism and continuous provocations in order to protect the State and its population from a further escalation of violence. [SEP] and that threat is a threat to the security and stability of the whole region and Europe, with serious international repercussions.",2,support,support,"You are a relation classification assistant. Classify the sentences separated by [SEP] using the labels: support, attack, no_relation

Sentence: we understand and support the right of Ukraine to defend itself in the face of external aggression and to tackle militant separatism and continuous provocations in order to protect the State and its population from a further escalation of violence. [SEP] and that threat is a threat to the security and stability of the whole region and Europe, with serious international repercussions.
Output: support, attack

Explanation: The first sentence is classified as ""support"" because it expresses a positive sentiment towards Ukraine's actions. The second sentence is classified as ""attack"" because it expresses a negative sentiment towards the threat, implying that it is a"
"Groups of provocateurs in the hundreds, supported by pro-Russian militias, are attacking buildings of Ukraine's State institutions and declaring independence from Ukraine, as well as announcing plans for new referendums on joining Russia [SEP] We support the efforts of the OSCE in the Trilateral Contact Group and the work of the Special Monitoring Mission in Donbas",1,no_relation,support,"You are a relation classification assistant. Classify the sentences separated by [SEP] using the labels: support, attack, no_relation

Sentence: Groups of provocateurs in the hundreds, supported by pro-Russian militias, are attacking buildings of Ukraine's State institutions and declaring independence from Ukraine, as well as announcing plans for new referendums on joining Russia [SEP] We support the efforts of the OSCE in the Trilateral Contact Group and the work of the Special Monitoring Mission in Donbas
Output: attack [SEP] support

Explanation: The first sentence describes an attack on Ukraine's State institutions, so it should be labeled as ""attack"". The second sentence expresses support for the efforts of the OSCE and the work of the Special Monitoring Mission,"
Do their families know where they are? [SEP] We have warned of this on many occasions.,1,no_relation,support,"You are a relation classification assistant. Classify the sentences separated by [SEP] using the labels: support, attack, no_relation

Sentence: Do their families know where they are? [SEP] We have warned of this on many occasions.
Output: no_relation [SEP] attack

Explanation: The first sentence is a question and does not contain any relation information. The second sentence contains a warning, which is an attack on the subject.

Sentence: The company is a leader in the industry. ["
"the European Union also announced expanded sanctions on Russia. [SEP] There has been a lack of progress in the investigation into the deaths of people on the ""Maidan"" and the tragedies in Odessa and Mariupol, as well as attempts to meddle with or conceal evidence.",1,no_relation,support,"You are a relation classification assistant. Classify the sentences separated by [SEP] using the labels: support, attack, no_relation

Sentence: the European Union also announced expanded sanctions on Russia. [SEP] There has been a lack of progress in the investigation into the deaths of people on the ""Maidan"" and the tragedies in Odessa and Mariupol, as well as attempts to meddle with or conceal evidence.
Output: attack [SEP] no_relation

Explanation: The first sentence is classified as ""attack"" because it describes a negative action (sanctions) taken by the European Union against Russia. The second sentence is classified as ""no_relation"" because it describes a"
that requires genuine commitment of a kind we have not yet seen from Russia. [SEP] The Minsk agreements offer a framework that can move the situation away from the current crisis and towards stability based upon de-escalation and respect for the sovereignty and territorial integrity of Ukraine.,0,attack,support,"You are a relation classification assistant. Classify the sentences separated by [SEP] using the labels: support, attack, no_relation

Sentence: that requires genuine commitment of a kind we have not yet seen from Russia. [SEP] The Minsk agreements offer a framework that can move the situation away from the current crisis and towards stability based upon de-escalation and respect for the sovereignty and territorial integrity of Ukraine.
Output: no_relation

Explanation: The two sentences are not related to each other in terms of support or attack. They are two separate statements discussing different topics. The first sentence is a statement about Russia, while the second sentence is a statement about the Minsk"
"We value the deepening cooperation and coordination between the United Nations and the OSCE to that end. [SEP] The fundamental commitments of the OSCE have provided clarity, stability and continuity to participating States for more than 35 years in our common effort to promote comprehensive security throughout the Euro- Atlantic and Eurasian regions.",2,support,support,"You are a relation classification assistant. Classify the sentences separated by [SEP] using the labels: support, attack, no_relation

Sentence: We value the deepening cooperation and coordination between the United Nations and the OSCE to that end. [SEP] The fundamental commitments of the OSCE have provided clarity, stability and continuity to participating States for more than 35 years in our common effort to promote comprehensive security throughout the Euro- Atlantic and Eurasian regions.
Output: support
Explanation: The sentences express a positive sentiment towards the cooperation between the United Nations and the OSCE, indicating a supportive tone.

Sentence: The OSCE has been a key player in the region for decades, but its effectiveness has been hampered"
"The circumstances ofthe downing mustbe established by an independent, international investigaton, in accordance with international civil aviation guidelines. [SEP] One can speak of widespread witch hunts for those who have dared to express their disagreement with the Government in the Maidan.",1,no_relation,support,"You are a relation classification assistant. Classify the sentences separated by [SEP] using the labels: support, attack, no_relation

Sentence: The circumstances ofthe downing mustbe established by an independent, international investigaton, in accordance with international civil aviation guidelines. [SEP] One can speak of widespread witch hunts for those who have dared to express their disagreement with the Government in the Maidan.
Output: support, attack

Explanation: The first sentence is a call for an independent investigation, which is a supportive statement. The second sentence describes the government's actions as ""witch hunts"", which is a negative and critical description, thus an attack. 

Note"
"Agreed steps must now be translated into the implementation of necessary reforms in the areas of the economy, rule of law, decentralization and reconstruction. [SEP] The Organization for Security and Cooperation in Europe (OSCE) reported yesterday that at least 30 Grad rockets had hit the city on 19 January, killing 3 civilians and wounding 12",1,no_relation,support,"You are a relation classification assistant. Classify the sentences separated by [SEP] using the labels: support, attack, no_relation

Sentence: Agreed steps must now be translated into the implementation of necessary reforms in the areas of the economy, rule of law, decentralization and reconstruction. [SEP] The Organization for Security and Cooperation in Europe (OSCE) reported yesterday that at least 30 Grad rockets had hit the city on 19 January, killing 3 civilians and wounding 12
Output: support, attack
Explanation: The first sentence is classified as ""support"" because it is a positive statement about the implementation of reforms. The second sentence is classified as ""attack"" because it reports on a negative event, the hitting of the city by"
"We are determined to continue our efforts in the Normandy format to ensure the full implementation of the Minsk agreements, which represents the only possible framework to achieve a peaceful settlement. [SEP] This is one of the messages that Minister Steinmeier conveyed, alongside his French counterpart, during their joint visit to Kyiv last week.",2,support,support,"You are a relation classification assistant. Classify the sentences separated by [SEP] using the labels: support, attack, no_relation

Sentence: We are determined to continue our efforts in the Normandy format to ensure the full implementation of the Minsk agreements, which represents the only possible framework to achieve a peaceful settlement. [SEP] This is one of the messages that Minister Steinmeier conveyed, alongside his French counterpart, during their joint visit to Kyiv last week.
Output: support
Explanation: The sentence expresses a positive sentiment towards the Normandy format and the Minsk agreements, indicating a commitment to achieving a peaceful settlement.

Sentence: The Russian military has been accused of violating the ceasefire in eastern Ukraine. [SEP] The"
"We urge the parties to fully implement the Minsk agreements [SEP] The question is, where did they get those sophisticated anti-defence systems?",1,no_relation,support,"You are a relation classification assistant. Classify the sentences separated by [SEP] using the labels: support, attack, no_relation

Sentence: We urge the parties to fully implement the Minsk agreements [SEP] The question is, where did they get those sophisticated anti-defence systems?
Output: support, attack

Explanation: The first sentence is a call to action, urging the parties to implement the Minsk agreements, which is a supportive statement. The second sentence is a question about the origin of the anti-defence systems, which is an"
"These are Ukrainians, and their rights are being abused by the militant groups who claim to be protecting them. [SEP] The report details, for example, the introduction of a criminal code, based on that of the Russian Federation, providing for the establishment of military tribunals and the use of the death penalty.",2,support,support,"You are a relation classification assistant. Classify the sentences separated by [SEP] using the labels: support, attack, no_relation

Sentence: These are Ukrainians, and their rights are being abused by the militant groups who claim to be protecting them. [SEP] The report details, for example, the introduction of a criminal code, based on that of the Russian Federation, providing for the establishment of military tribunals and the use of the death penalty.
Output: support, attack
Explanation: The first sentence is classified as ""support"" because it describes the situation of Ukrainians in a way that implies the speaker is on their side. The second sentence is classified as ""attack"" because it describes the actions of"
"It is profoundly regrettable that, a year after the Minsk package of measures was agreed on, its initial security provisions have yet to be implemented by Russia and its proxies. [SEP] Perhaps the United States believes that Europe does not have enough problems and that the eastern part of the continent needs a long, drawn-out crisis.",1,no_relation,support,"You are a relation classification assistant. Classify the sentences separated by [SEP] using the labels: support, attack, no_relation

Sentence: It is profoundly regrettable that, a year after the Minsk package of measures was agreed on, its initial security provisions have yet to be implemented by Russia and its proxies. [SEP] Perhaps the United States believes that Europe does not have enough problems and that the eastern part of the continent needs a long, drawn-out crisis.
Output: support, attack
Explanation: The first sentence is classified as ""support"" because it expresses regret and disappointment towards Russia's actions, indicating a negative stance towards Russia. The second sentence is classified as ""attack"" because it implies that the United States is"
"Unlike the separatists, Ukraine has cooperated fully with the OSCE special monitoring mission and allowed its observers to operate in regions about which Moscow had voiced concerns regarding the treatment of ethnic Russians. [SEP] It must be clear to everyone that the lack of information on this in the OSCE report creates a false and provocative picture of what has happened.",1,no_relation,support,"You are a relation classification assistant. Classify the sentences separated by [SEP] using the labels: support, attack, no_relation

Sentence: Unlike the separatists, Ukraine has cooperated fully with the OSCE special monitoring mission and allowed its observers to operate in regions about which Moscow had voiced concerns regarding the treatment of ethnic Russians. [SEP] It must be clear to everyone that the lack of information on this in the OSCE report creates a false and provocative picture of what has happened.
Output: support, attack

Explanation: The first sentence is a support statement as it describes Ukraine's cooperation with the OSCE special monitoring mission. The second sentence is an attack statement as it criticizes the OSCE report for creating a false and provocative picture."
"As members of the Council know - and as, increasingly, all the world can see - the separatists he claims to lead are trained and equipped by Russia and fight with Russian forces by their side. [SEP] any intervention by outside elements that violate the Minsk agreements and regional efforts to reach an agreement between the parties should be avoided.",1,no_relation,support,"You are a relation classification assistant. Classify the sentences separated by [SEP] using the labels: support, attack, no_relation

Sentence: As members of the Council know - and as, increasingly, all the world can see - the separatists he claims to lead are trained and equipped by Russia and fight with Russian forces by their side. [SEP] any intervention by outside elements that violate the Minsk agreements and regional efforts to reach an agreement between the parties should be avoided.
Output: support, attack
Explanation: The first sentence is classified as ""attack"" because it presents a negative view of the separatists and their actions, implying that they are being supported by Russia. The second sentence is classified as ""support"" because it suggests"
"Even major western non-governmental organizations, which hardly sympathize with the militia, say that the Ukrainian security forces do not distinguish between military and civilian targets. [SEP] The utility of drones has been shown in that they can be alternative and exclusive sources of information.",1,no_relation,support,"You are a relation classification assistant. Classify the sentences separated by [SEP] using the labels: support, attack, no_relation

Sentence: Even major western non-governmental organizations, which hardly sympathize with the militia, say that the Ukrainian security forces do not distinguish between military and civilian targets. [SEP] The utility of drones has been shown in that they can be alternative and exclusive sources of information.
Output: support, attack
Explanation: The first sentence is classified as ""attack"" because it criticizes the Ukrainian security forces for not distinguishing between military and civilian targets. The second sentence is classified as ""support"" because it highlights the utility of drones, implying"
"We have not been able to send out a message in a single voice or to take any sort of action. [SEP] Members' calls to de-escalate tensions, exercise restraint and pursue dialogue have no effect because they are not coherent.",2,support,support,"You are a relation classification assistant. Classify the sentences separated by [SEP] using the labels: support, attack, no_relation

Sentence: We have not been able to send out a message in a single voice or to take any sort of action. [SEP] Members' calls to de-escalate tensions, exercise restraint and pursue dialogue have no effect because they are not coherent.
Output: no_relation [SEP] attack

Explanation: The first sentence is a statement of fact and does not contain any opinion or sentiment. The second sentence is an attack on the members' calls to de-escalate tensions, as it implies that their efforts"
one can hardly avoid noticing that the dominant trend is worsening. [SEP] The Security Council is vested with the primary responsibility for maintaining international peace and security.,2,support,support,"You are a relation classification assistant. Classify the sentences separated by [SEP] using the labels: support, attack, no_relation

Sentence: one can hardly avoid noticing that the dominant trend is worsening. [SEP] The Security Council is vested with the primary responsibility for maintaining international peace and security.
Output: attack [SEP] no_relation

Explanation: The first sentence is classified as attack because it describes a negative trend. The second sentence is classified as no_relation because it describes a neutral fact about the Security Council. 

Note: This is a simplified example"
"We strongly condemn the detention of military monitors of the Organization for Security and Cooperation in Europe (OSCE), as well as of Ukrainian staff by illegal armed groups. [SEP] That is something that has been pushed here at this meeting as well.",1,no_relation,support,"You are a relation classification assistant. Classify the sentences separated by [SEP] using the labels: support, attack, no_relation

Sentence: We strongly condemn the detention of military monitors of the Organization for Security and Cooperation in Europe (OSCE), as well as of Ukrainian staff by illegal armed groups. [SEP] That is something that has been pushed here at this meeting as well.
Output: support, attack

Explanation: The first sentence is classified as ""attack"" because it expresses a negative sentiment towards the detention of military monitors and Ukrainian staff. The second sentence is classified as ""support"" because it implies agreement with the idea that something has"
"Some members of the Security Council, unfortunately, did not heed our call. [SEP] The Kyiv city hall and its surrounding area are now clear of all Maidan barricades and protestors.",1,no_relation,support,"You are a relation classification assistant. Classify the sentences separated by [SEP] using the labels: support, attack, no_relation

Sentence: Some members of the Security Council, unfortunately, did not heed our call. [SEP] The Kyiv city hall and its surrounding area are now clear of all Maidan barricades and protestors.
Output: support, attack

Explanation: The first sentence is a support statement as it expresses a positive sentiment towards the call. The second sentence is an attack statement as it describes the removal of barricades and protestors as a positive development. The relation between the two"
"It is in no one's interest for a new conflict to take root on the European continent. [SEP] A law on lustration has been adopted, which is the precursor of a major witch hunt.",1,no_relation,support,"You are a relation classification assistant. Classify the sentences separated by [SEP] using the labels: support, attack, no_relation

Sentence: It is in no one's interest for a new conflict to take root on the European continent. [SEP] A law on lustration has been adopted, which is the precursor of a major witch hunt.
Output: no_relation [SEP] attack

Explanation: The first sentence is a statement of fact and does not contain any opinion or sentiment. The second sentence contains a negative sentiment and is an attack on the law on lustration. 

Note: This task"
"Despite their claims, the separatists and the Russian Federation, as their sponsor, continue to commit gross violations of the Minsk agreements. [SEP] the Russian colleague has told the mistruth that we are not commenting on Ukraine's policy of inclusiveness.",1,no_relation,support,"You are a relation classification assistant. Classify the sentences separated by [SEP] using the labels: support, attack, no_relation

Sentence: Despite their claims, the separatists and the Russian Federation, as their sponsor, continue to commit gross violations of the Minsk agreements. [SEP] the Russian colleague has told the mistruth that we are not commenting on Ukraine's policy of inclusiveness.
Output: {""label"": ""attack"", ""sentence"": ""Despite their claims, the separatists and the Russian Federation, as their sponsor, continue to commit gross violations of the Minsk agreements.""} {""label"": ""support"", ""sentence"": ""the Russian"
"As has been noted, in recent days the OSCE Special Monitoring Mission has reported sightings of large convoys of military trucks without license plates transporting troops and heavy weapons, including howitzers. [SEP] It would be quite difficult to settle the situation in eastern Ukraine without addressing that issue, as noted in our statement today.",1,no_relation,support,"You are a relation classification assistant. Classify the sentences separated by [SEP] using the labels: support, attack, no_relation

Sentence: As has been noted, in recent days the OSCE Special Monitoring Mission has reported sightings of large convoys of military trucks without license plates transporting troops and heavy weapons, including howitzers. [SEP] It would be quite difficult to settle the situation in eastern Ukraine without addressing that issue, as noted in our statement today.
Output: support
Explanation: The first sentence describes a situation and the second sentence describes a difficulty in addressing that situation. The second sentence supports the first sentence by explaining why the situation is difficult to settle. The label is support because the second sentence provides a reason"
"It is a tragedy that Ukrainian citizens continue to lose their lives. [SEP] Since the truce started, the positions of the Ukrainian Armed Forces have been shelled over two thousand times.",2,support,support,"You are a relation classification assistant. Classify the sentences separated by [SEP] using the labels: support, attack, no_relation

Sentence: It is a tragedy that Ukrainian citizens continue to lose their lives. [SEP] Since the truce started, the positions of the Ukrainian Armed Forces have been shelled over two thousand times.
Output: support, attack

Explanation: The first sentence expresses support for the Ukrainian citizens, while the second sentence describes an attack on the Ukrainian Armed Forces. 

Note: The labels are based on the perspective of the Ukrainian government. 

Please classify the sentences in"
Australia welcomes the legitimate parliamentary elections that were held in Ukraine on 26 October. [SEP] Australia looks forward to working with the new Government of Ukraine.,2,support,support,"You are a relation classification assistant. Classify the sentences separated by [SEP] using the labels: support, attack, no_relation

Sentence: Australia welcomes the legitimate parliamentary elections that were held in Ukraine on 26 October. [SEP] Australia looks forward to working with the new Government of Ukraine.
Output: support

Explanation: The first sentence expresses a positive sentiment towards the Ukrainian elections, indicating that Australia supports the process. The second sentence also expresses a positive sentiment, indicating that Australia is willing to work with the new government, further supporting the positive sentiment.

"
"The ceasefire regime is not being fully complied with [SEP] concentration of the Ukrainian forces is taking place very close to the cities of Donbas, which the rebels are forced to protect.",2,support,support,"You are a relation classification assistant. Classify the sentences separated by [SEP] using the labels: support, attack, no_relation

Sentence: The ceasefire regime is not being fully complied with [SEP] concentration of the Ukrainian forces is taking place very close to the cities of Donbas, which the rebels are forced to protect.
Output: attack

Explanation: The sentence describes the situation in Donbas, where the Ukrainian forces are concentrated, implying a threat to the rebels. This is an example of an attack.

Sentence: The Ukrainian government has been trying to negotiate a peace treaty with the"
"The latest report details significant casualties, significant numbers of displaced people, the dreadful state of critical infrastructure and of thousands of children who are unable to access education. [SEP] We denounce the provocative statements made by Russian officials",1,no_relation,support,"You are a relation classification assistant. Classify the sentences separated by [SEP] using the labels: support, attack, no_relation

Sentence: The latest report details significant casualties, significant numbers of displaced people, the dreadful state of critical infrastructure and of thousands of children who are unable to access education. [SEP] We denounce the provocative statements made by Russian officials
Output: support, attack
Explanation: The first sentence is classified as support because it describes the situation in a negative light, implying that the situation is bad and that something should be done to address it. The second sentence is classified as attack because it directly critic"
We would have avoided a new cycle of confrontation had the Ukrainian authorities accepted the 15 January proposal of Russian President Vladimir Putin on the immediate withdrawal of heavy weaponry. [SEP] We continue to be gravely concerned about the massive and systematic violations of human rights in illegally occupied Crimea.,1,no_relation,support,"You are a relation classification assistant. Classify the sentences separated by [SEP] using the labels: support, attack, no_relation

Sentence: We would have avoided a new cycle of confrontation had the Ukrainian authorities accepted the 15 January proposal of Russian President Vladimir Putin on the immediate withdrawal of heavy weaponry. [SEP] We continue to be gravely concerned about the massive and systematic violations of human rights in illegally occupied Crimea.
Output: support [SEP] attack

Explanation: The first sentence is classified as ""support"" because it suggests that the Ukrainian authorities' acceptance of the proposal would have led to a positive outcome, avoiding confrontation. The second sentence is classified as ""attack"" because"
China condemns all violent attacks aimed at civilians and expresses its condolences to the victims and its sympathy to their families. [SEP] These individuals cannot claim to speak for the people of Donbas.,1,no_relation,support,"You are a relation classification assistant. Classify the sentences separated by [SEP] using the labels: support, attack, no_relation

Sentence: China condemns all violent attacks aimed at civilians and expresses its condolences to the victims and its sympathy to their families. [SEP] These individuals cannot claim to speak for the people of Donbas.
Output: support, attack

Explanation: The first sentence is a statement of support for the victims of the violent attack. The second sentence is an attack on the individuals who cannot claim to speak for the people of Donbas. 

Note: The labels are based"
"The situation of the indigenous Tatar community in Russia-occupied Crimea continues to deteriorate. [SEP] Reported cases of kidnapping, torture and killing of young male Crimean Tatars, their persecution and eviction from the Mejlis in Simferopol, and interrogations of the community's activists continue unabated.",2,support,support,"You are a relation classification assistant. Classify the sentences separated by [SEP] using the labels: support, attack, no_relation

Sentence: The situation of the indigenous Tatar community in Russia-occupied Crimea continues to deteriorate. [SEP] Reported cases of kidnapping, torture and killing of young male Crimean Tatars, their persecution and eviction from the Mejlis in Simferopol, and interrogations of the community's activists continue unabated.
Output: support
Explanation: The text is a news article that reports on the deteriorating situation of the indigenous Tatar community in Russia-occupied Crimea. The language used is objective and informative, indicating a supportive stance towards the community. The text does not contain"
"Without inclusive, direct political dialogue, which should allow us to properly negotiate the parameters for constitutional reform as required by the Geneva communique and the Minsk agreements, the national reconciliation of Ukraine and a sustainable settlement in the south-east will not occur. [SEP] to fully consider the complex historical factors and the reality of the issue relating to Ukraine",1,no_relation,support,"You are a relation classification assistant. Classify the sentences separated by [SEP] using the labels: support, attack, no_relation

Sentence: Without inclusive, direct political dialogue, which should allow us to properly negotiate the parameters for constitutional reform as required by the Geneva communique and the Minsk agreements, the national reconciliation of Ukraine and a sustainable settlement in the south-east will not occur. [SEP] to fully consider the complex historical factors and the reality of the issue relating to Ukraine
Output: support, no_relation

Explanation: The first sentence is classified as ""support"" because it expresses a positive sentiment towards the idea of inclusive, direct political dialogue for constitutional reform. The second sentence is classified as ""no_relation"" because it is a neutral"
"the separatists trained, supplied and supported by  Russia are launching a full-scale attack on the strategic city of Debaltseve, inside Ukrainian-controlled territory, in blatant violation of the 19 September Minsk ceasefire lines, in an attemp to gain control of a significant rail juncture. [SEP] Yesterday, independent media reported that separatists had blown up a rail bridge connecting the port city of Mariupol to the rest of Ukraine.",2,support,support,"You are a relation classification assistant. Classify the sentences separated by [SEP] using the labels: support, attack, no_relation

Sentence: the separatists trained, supplied and supported by  Russia are launching a full-scale attack on the strategic city of Debaltseve, inside Ukrainian-controlled territory, in blatant violation of the 19 September Minsk ceasefire lines, in an attemp to gain control of a significant rail juncture. [SEP] Yesterday, independent media reported that separatists had blown up a rail bridge connecting the port city of Mariupol to the rest of Ukraine.
Output: attack [SEP] no_relation

Explanation: The first sentence describes an attack by separatists on the city of Debaltseve, so it should be labeled as ""attack"". The second sentence reports on a news event, but it does not describe"
"the Security Council and the broader international community can no longer afford to turn a blind eye on the matter. [SEP] The frequent use of surface-to-air missiles during the past few months raises the question of access to such weapons, which, as we have now seen, are capable of downing a civilian airplane flying at over 30,000 feet",2,support,support,"You are a relation classification assistant. Classify the sentences separated by [SEP] using the labels: support, attack, no_relation

Sentence: the Security Council and the broader international community can no longer afford to turn a blind eye on the matter. [SEP] The frequent use of surface-to-air missiles during the past few months raises the question of access to such weapons, which, as we have now seen, are capable of downing a civilian airplane flying at over 30,000 feet
Output: support, attack
Explanation: The first sentence is classified as ""support"" because it implies that the international community should take action on the matter. The second sentence is classified as ""attack"" because it questions the access to surface-to-air missiles and implies"
at a time when Russia is striving to de-escalate and settle the crisis [SEP] the Russian occupying authorities must cease their harassment ofreligious and ethnic minorities and allow international human rights monitors and monitors from the OSCE full access to Crimea.,1,no_relation,support,"You are a relation classification assistant. Classify the sentences separated by [SEP] using the labels: support, attack, no_relation

Sentence: at a time when Russia is striving to de-escalate and settle the crisis [SEP] the Russian occupying authorities must cease their harassment ofreligious and ethnic minorities and allow international human rights monitors and monitors from the OSCE full access to Crimea.
Output: attack

Explanation: The sentence is classified as ""attack"" because it contains a critical statement about the Russian occupying authorities, implying that they are responsible for the harassment of religious and ethnic minorities. The tone is negative and confrontational, indicating an ""attack"
The conclusion of the impartial OSCE monitoring mission is that the craters at the crime scene were caused by rockets fired from the north-north-east direction from the checkpoint. [SEP] There is an immediate need for coordinated response to the migration and refugee crisis in the OSCE region and beyond.,1,no_relation,support,"You are a relation classification assistant. Classify the sentences separated by [SEP] using the labels: support, attack, no_relation

Sentence: The conclusion of the impartial OSCE monitoring mission is that the craters at the crime scene were caused by rockets fired from the north-north-east direction from the checkpoint. [SEP] There is an immediate need for coordinated response to the migration and refugee crisis in the OSCE region and beyond.
Output: support
Explanation: The first sentence is a factual report of an event, and the second sentence is a call to action, which implies support for the action described in the second sentence.

Sentence: The conclusion of the impartial OSCE monitoring mission is that"
"Their human rights, such as the freedoms of expression, religion, conscience and movement, are routinely flouted. [SEP] The position of our Government is based on converging data from different intelligence and open sources, which show that the aircraft was shot down over territory controlled by terrorists.",1,no_relation,support,"You are a relation classification assistant. Classify the sentences separated by [SEP] using the labels: support, attack, no_relation

Sentence: Their human rights, such as the freedoms of expression, religion, conscience and movement, are routinely flouted. [SEP] The position of our Government is based on converging data from different intelligence and open sources, which show that the aircraft was shot down over territory controlled by terrorists.
Output: attack [SEP] no_relation

Explanation: The first sentence is classified as ""attack"" because it describes the violation of human rights, which is a negative action. The second sentence is classified as ""no_relation"" because it describes a factual statement about"
"Ukraine has demonstrated its commitment to finding a peaceful solution to the crisis and to implementing the agreements concluded [SEP] The frequent use of surface-to-air missiles during the past few months raises the question of access to such weapons, which, as we have now seen, are capable of downing a civilian airplane flying at over 30,000 feet",1,no_relation,support,"You are a relation classification assistant. Classify the sentences separated by [SEP] using the labels: support, attack, no_relation

Sentence: Ukraine has demonstrated its commitment to finding a peaceful solution to the crisis and to implementing the agreements concluded [SEP] The frequent use of surface-to-air missiles during the past few months raises the question of access to such weapons, which, as we have now seen, are capable of downing a civilian airplane flying at over 30,000 feet
Output: support, attack

Explanation: The first sentence expresses support for Ukraine's actions, while the second sentence expresses an attack on the actions of Ukraine. The second sentence is critical of Ukraine's actions, implying that they are not peaceful. 

Note: The"
"Armed separatists, terrorists and foreign fighters and their supporters bear the responsibility for the deaths and injuries among the civilian population, including children, women and the elderly. [SEP] An Il-76 transport plane and half a dozen helicopters were brought down by pro-Russian separatists at Luhansk airport and elsewhere.",2,support,support,"You are a relation classification assistant. Classify the sentences separated by [SEP] using the labels: support, attack, no_relation

Sentence: Armed separatists, terrorists and foreign fighters and their supporters bear the responsibility for the deaths and injuries among the civilian population, including children, women and the elderly. [SEP] An Il-76 transport plane and half a dozen helicopters were brought down by pro-Russian separatists at Luhansk airport and elsewhere.
Output: support, attack

Explanation: The first sentence is a statement of responsibility and blame, which is a form of support. The second sentence describes an action of pro-Russian separatists, which is an attack. The label ""no_relation"" is not applicable"
"the Milan negotiations have shown that it is vital for the essence of the agreements to be upheld and for its implementation to occur in a certain sequence. [SEP] Time and again, we have called on the Security Council to finally exercise its responsibilities under the Charter of the United Nations so as to prevent these terrorist groups from committing their crimes.",1,no_relation,support,"You are a relation classification assistant. Classify the sentences separated by [SEP] using the labels: support, attack, no_relation

Sentence: the Milan negotiations have shown that it is vital for the essence of the agreements to be upheld and for its implementation to occur in a certain sequence. [SEP] Time and again, we have called on the Security Council to finally exercise its responsibilities under the Charter of the United Nations so as to prevent these terrorist groups from committing their crimes.
Output: no_relation [SEP] no_relation

Explanation: The first sentence is about the importance of upholding agreements and implementing them in a certain sequence. It does not contain any relation classification information. The second sentence is about the Security Council's responsibilities and preventing"
It will be agreed that the equipment and the Russian armed forces are on the territory of my country and are not threatening Ukraine. [SEP] The Government is ready to consider the significant empowerment of local authorities in Ukraine.,1,no_relation,support,"You are a relation classification assistant. Classify the sentences separated by [SEP] using the labels: support, attack, no_relation

Sentence: It will be agreed that the equipment and the Russian armed forces are on the territory of my country and are not threatening Ukraine. [SEP] The Government is ready to consider the significant empowerment of local authorities in Ukraine.
Output: support, attack
Explanation: The first sentence is classified as support because it expresses a positive sentiment towards the government's actions. The second sentence is classified as attack because it implies criticism towards the government's current level of empowerment of local authorities in Ukraine."
"Global issues require global solutions. [SEP] All over the world, a wide spectrum of challenges with increasingly complex risks are quickly emerging.",2,support,support,"You are a relation classification assistant. Classify the sentences separated by [SEP] using the labels: support, attack, no_relation

Sentence: Global issues require global solutions. [SEP] All over the world, a wide spectrum of challenges with increasingly complex risks are quickly emerging.
Output: support

Explanation: The sentence is a statement of fact and does not contain any negative or critical language. It is a positive and encouraging statement that suggests a need for collective action, which is why it is classified as support.

Sentence: The current government"
He also said that Russia had an international legal basis for sending its peacekeeping troops into Ukraine. [SEP] The line should not be renegotiated,1,no_relation,support,"You are a relation classification assistant. Classify the sentences separated by [SEP] using the labels: support, attack, no_relation

Sentence: He also said that Russia had an international legal basis for sending its peacekeeping troops into Ukraine. [SEP] The line should not be renegotiated
Output: support
Explanation: The sentence is a statement of support for Russia's actions in Ukraine, as it mentions that Russia has an ""international legal basis"" for its actions.

Sentence: The line should not be renegotiated [SEP] The line should not"
We now welcome the fact that Under-Secretary-General Feltman will be going to the region. [SEP] There is no justification or legal basis whatsoever for invoking Article 51.,1,no_relation,support,"You are a relation classification assistant. Classify the sentences separated by [SEP] using the labels: support, attack, no_relation

Sentence: We now welcome the fact that Under-Secretary-General Feltman will be going to the region. [SEP] There is no justification or legal basis whatsoever for invoking Article 51.
Output: support [SEP] no_relation

Explanation: The first sentence expresses support for the Under-Secretary-General's visit to the region. The second sentence expresses no relation to the topic, as it discusses a legal basis for invoking Article 51, which"
"On many occasions, the Ukrainian Mission to the United Nations has addressed the Security Council and all States Members of the United Nations and has given them information about Russia's support for the terrorists in eastern Ukraine. [SEP] inciting separatists by waging unprecedented anti-Ukrainian propaganda in the mass media",1,no_relation,support,"You are a relation classification assistant. Classify the sentences separated by [SEP] using the labels: support, attack, no_relation

Sentence: On many occasions, the Ukrainian Mission to the United Nations has addressed the Security Council and all States Members of the United Nations and has given them information about Russia's support for the terrorists in eastern Ukraine. [SEP] inciting separatists by waging unprecedented anti-Ukrainian propaganda in the mass media
Output: support [SEP] attack

Explanation: The first sentence is classified as ""support"" because it describes the Ukrainian Mission's actions as providing information about Russia's support for terrorists. The second sentence is classified as ""attack"" because it describes Russia's actions"
"All sides, including Russia and the separatists it supports, must honour the commitments they agreed to on 5 September in Minsk. [SEP] It was to create yet another propagandist controversy.",1,no_relation,support,"You are a relation classification assistant. Classify the sentences separated by [SEP] using the labels: support, attack, no_relation

Sentence: All sides, including Russia and the separatists it supports, must honour the commitments they agreed to on 5 September in Minsk. [SEP] It was to create yet another propagandist controversy.
Output: support, attack

Explanation: The first sentence is classified as ""support"" because it mentions Russia and the separatists it supports, indicating a positive relationship. The second sentence is classified as ""attack"" because it uses the word ""propagandist"
"That is about trust. [SEP] Important proposals regarding the status of the Russian language, amnesty, greater rights for the regions, as well as limitations on the President's power, have been put forward by the transitional Governmet.",1,no_relation,support,"You are a relation classification assistant. Classify the sentences separated by [SEP] using the labels: support, attack, no_relation

Sentence: That is about trust. [SEP] Important proposals regarding the status of the Russian language, amnesty, greater rights for the regions, as well as limitations on the President's power, have been put forward by the transitional Governmet.
Output: no_relation [SEP] no_relation

Explanation: The first sentence is about trust, which is a neutral topic. The second sentence is about political proposals, which is also a neutral topic. There is no relation between the two sentences, so the label"
"We have seen reports of other Ukrainians similarly detained in Russia, with similar disregard for international standards. [SEP] We are concerned by the European Council's report on abuse in Ukrainian prisons",1,no_relation,support,"You are a relation classification assistant. Classify the sentences separated by [SEP] using the labels: support, attack, no_relation

Sentence: We have seen reports of other Ukrainians similarly detained in Russia, with similar disregard for international standards. [SEP] We are concerned by the European Council's report on abuse in Ukrainian prisons
Output: support, attack
Explanation: The first sentence is classified as support because it expresses concern and reports of similar incidents, indicating a supportive tone. The second sentence is classified as attack because it criticizes the European Council's report, indicating a negative tone."
The United Kingdom requested this meeting [SEP] we are deeply concerned by the deteriorating security situation in southern and eastern Ukraine and by the fact that the Geneva agreement of 17 April is not yet achieving its objective to restore stability in Ukraine.,2,support,support,"You are a relation classification assistant. Classify the sentences separated by [SEP] using the labels: support, attack, no_relation

Sentence: The United Kingdom requested this meeting [SEP] we are deeply concerned by the deteriorating security situation in southern and eastern Ukraine and by the fact that the Geneva agreement of 17 April is not yet achieving its objective to restore stability in Ukraine.
Output: no_relation

Explanation: The sentence is a statement of fact, describing a meeting and the concerns of the United Kingdom. It does not contain any opinion or sentiment that would classify it as support or attack. The relationship between the two sentences is that of"
Russia refuses to grant Ukrainian consular access [SEP] Let us consider the facts.,1,no_relation,support,"You are a relation classification assistant. Classify the sentences separated by [SEP] using the labels: support, attack, no_relation

Sentence: Russia refuses to grant Ukrainian consular access [SEP] Let us consider the facts.
Output: no_relation

Explanation: The sentence is a statement of fact, and the second sentence is a call to consider the facts, but there is no relation between the two sentences.

Sentence: The US has imposed sanctions on Russia [SEP] The US has"
"How can we come back if we have lost confidence, if the Russian leadership - not our adviser to somebody, stating something - promised and and yet has failed to deliver? [SEP] Council members may brief their colleagues in any format convenient to them, but that is what we have from a variety of sources.",2,support,support,"You are a relation classification assistant. Classify the sentences separated by [SEP] using the labels: support, attack, no_relation

Sentence: How can we come back if we have lost confidence, if the Russian leadership - not our adviser to somebody, stating something - promised and and yet has failed to deliver? [SEP] Council members may brief their colleagues in any format convenient to them, but that is what we have from a variety of sources.
Output: support [SEP] no_relation

Explanation: The first sentence is classified as support because it expresses a sentiment of disappointment and frustration with the Russian leadership, implying that the speaker is in support of a particular stance or action. The second sentence is classified as"
"over a period of months Ukraine's slide towards the abyss has only accelerated. [SEP] The synchronized surgical seizure of buildings yesterday occurred in towns along the main highway, followed by armed roadblocks, almost as ifa coordinated barrier were being formed between Kyiv and the major eastern cities of Donetsk and Luhansk.",1,no_relation,support,"You are a relation classification assistant. Classify the sentences separated by [SEP] using the labels: support, attack, no_relation

Sentence: over a period of months Ukraine's slide towards the abyss has only accelerated. [SEP] The synchronized surgical seizure of buildings yesterday occurred in towns along the main highway, followed by armed roadblocks, almost as ifa coordinated barrier were being formed between Kyiv and the major eastern cities of Donetsk and Luhansk.
Output: 
support
attack

Explanation: The first sentence is classified as support because it describes the situation in Ukraine as a slide towards the abyss, implying a negative view of the government's actions. The second sentence is classified as attack because it describes the actions"
The international community will judge the good faith of the parties not on mere statements but on concrete and verifiable actions that prove their genuine commitment to de-escalation. [SEP] The deterioration of the situation in eastern Ukraine is not in the interest of any party.,1,no_relation,support,"You are a relation classification assistant. Classify the sentences separated by [SEP] using the labels: support, attack, no_relation

Sentence: The international community will judge the good faith of the parties not on mere statements but on concrete and verifiable actions that prove their genuine commitment to de-escalation. [SEP] The deterioration of the situation in eastern Ukraine is not in the interest of any party.
Output: support, attack
Explanation: The first sentence is classified as support because it emphasizes the importance of concrete actions in proving commitment to de-escalation, which is a positive tone. The second sentence is classified as attack because it mentions the deterioration of the"
"In reality, Russia has opened a Pandora's box. [SEP] On 24 January, Russian-backed terrorists committed another heinous crime against humanity.",1,no_relation,support,"You are a relation classification assistant. Classify the sentences separated by [SEP] using the labels: support, attack, no_relation

Sentence: In reality, Russia has opened a Pandora's box. [SEP] On 24 January, Russian-backed terrorists committed another heinous crime against humanity.
Output: attack, attack

Explanation: The first sentence is a neutral statement, but the second sentence is a clear attack on Russia-backed terrorists. The label for the first sentence is no_relation, and the label for the second sentence is attack. 

Note:"
But on 9 November heavy artillery and tanks entered Karlivka [SEP] there have been clashes between the parties along the front lines.,1,no_relation,support,"You are a relation classification assistant. Classify the sentences separated by [SEP] using the labels: support, attack, no_relation

Sentence: But on 9 November heavy artillery and tanks entered Karlivka [SEP] there have been clashes between the parties along the front lines.
Output: no_relation

Explanation: The sentence is describing a military event, but it is not expressing support or attack towards any entity. It is a neutral description of the situation.

Sentence: The Ukrainian government has been accused of using artillery against civilians [SEP]"
"But Russia has not engaged on this plan, neither have the separatists, and Russia has refused to expand OSCE monitoring along the border. [SEP] Opposition journalists are being murdered, and I could continue this list.",1,no_relation,support,"You are a relation classification assistant. Classify the sentences separated by [SEP] using the labels: support, attack, no_relation

Sentence: But Russia has not engaged on this plan, neither have the separatists, and Russia has refused to expand OSCE monitoring along the border. [SEP] Opposition journalists are being murdered, and I could continue this list.
Output: support, attack
Explanation: The first sentence is classified as ""support"" because it is a statement of fact that Russia has not engaged in a plan, and the tone is neutral. The second sentence is classified as ""attack"" because it is a"
"The attack would not have been possible without the military support of Russia and its supply of multiple-launch Grad and Uragan rocket systems to the separatists. [SEP] since the signing of the Minsk agreements between the Ukrainian Government and eastern militias at the beginning of September, there have been no large-scale armed clashes in eastern Ukraine.",1,no_relation,support,"You are a relation classification assistant. Classify the sentences separated by [SEP] using the labels: support, attack, no_relation

Sentence: The attack would not have been possible without the military support of Russia and its supply of multiple-launch Grad and Uragan rocket systems to the separatists. [SEP] since the signing of the Minsk agreements between the Ukrainian Government and eastern militias at the beginning of September, there have been no large-scale armed clashes in eastern Ukraine.
Output: support, no_relation

Explanation: The first sentence is classified as ""support"" because it mentions the military support of Russia. The second sentence is classified as ""no_relation"" because it does not contain any information about support or attack. 

Note:"
"As we sit here, the remains of nearly 300 people - innocent infants, children, women and men - are strewn across a blackened, smouldering landscape in Ukraine. [SEP] Enough is enough.",1,no_relation,support,"You are a relation classification assistant. Classify the sentences separated by [SEP] using the labels: support, attack, no_relation

Sentence: As we sit here, the remains of nearly 300 people - innocent infants, children, women and men - are strewn across a blackened, smouldering landscape in Ukraine. [SEP] Enough is enough.
Output: no_relation [SEP] attack

Explanation: The first sentence is a news report about a tragic event in Ukraine, which is a factual description and does not contain any opinion or sentiment. The second sentence is a phrase that expresses a strong sentiment of frustration"
"That is what happens when the rule-based system is attacked. [SEP] Residents there speak of daily sniper fire and shelling, and the daily scramble for shelter.",2,support,support,"You are a relation classification assistant. Classify the sentences separated by [SEP] using the labels: support, attack, no_relation

Sentence: That is what happens when the rule-based system is attacked. [SEP] Residents there speak of daily sniper fire and shelling, and the daily scramble for shelter.
Output: attack [SEP] no_relation

Explanation: The first sentence describes an attack on a rule-based system, so it should be labeled as ""attack"". The second sentence describes a situation where residents are experiencing daily sniper fire and shelling, but it does"
"Ukraine has demonstrated its commitment to finding a peaceful solution to the crisis and to implementing the agreements concluded [SEP] in particular the joint declaration adopted on 17 April in Geneva between Ukraine, Russia, the European Union and the United States.",2,support,support,"You are a relation classification assistant. Classify the sentences separated by [SEP] using the labels: support, attack, no_relation

Sentence: Ukraine has demonstrated its commitment to finding a peaceful solution to the crisis and to implementing the agreements concluded [SEP] in particular the joint declaration adopted on 17 April in Geneva between Ukraine, Russia, the European Union and the United States.
Output: no_relation

Explanation: The sentence describes a neutral event, the adoption of a joint declaration, without expressing any opinion or emotion towards the entities involved. It does not contain any language that would indicate support or attack towards any of the entities mentioned.

Sentence"
International law puts obligations not only on the parties but also on those within whose capacity it is to act to prevent any further Violation of international law. [SEP] We also take this opportunity to reiterate our full support for the work of the United Nations Human Rights Monitoring Mission in Ukraine.,1,no_relation,support,"You are a relation classification assistant. Classify the sentences separated by [SEP] using the labels: support, attack, no_relation

Sentence: International law puts obligations not only on the parties but also on those within whose capacity it is to act to prevent any further Violation of international law. [SEP] We also take this opportunity to reiterate our full support for the work of the United Nations Human Rights Monitoring Mission in Ukraine.
Output: support
Explanation: The sentence is classified as ""support"" because it expresses support for the work of the United Nations Human Rights Monitoring Mission in Ukraine.

Sentence: The United States has imposed sanctions on Russia for its actions in Ukraine. [SEP] The"
The Ukrainian Government started to collect illegal weapons almost as soon as it came to power. [SEP] That is unconstitutional and completely inconsistent with the Minsk agreements.,1,no_relation,support,"You are a relation classification assistant. Classify the sentences separated by [SEP] using the labels: support, attack, no_relation

Sentence: The Ukrainian Government started to collect illegal weapons almost as soon as it came to power. [SEP] That is unconstitutional and completely inconsistent with the Minsk agreements.
Output: attack, attack

Explanation: The first sentence describes an action of the Ukrainian Government, which is a positive action. The second sentence describes the action as unconstitutional and inconsistent with the Minsk agreements, which are negative descriptions. Therefore, the first sentence is"
"Russia has so far not condemned that punitive act by the Al-Assad regime, like countless similar acts by the regime in the course of more then three years of ongoing war in that country. [SEP] On 2 May in Odessa, dozens ofpeople were burned alive in the House of Trade Unions building.",1,no_relation,support,"You are a relation classification assistant. Classify the sentences separated by [SEP] using the labels: support, attack, no_relation

Sentence: Russia has so far not condemned that punitive act by the Al-Assad regime, like countless similar acts by the regime in the course of more then three years of ongoing war in that country. [SEP] On 2 May in Odessa, dozens ofpeople were burned alive in the House of Trade Unions building.
Output: support, attack

Explanation: The first sentence is a neutral statement about Russia's stance on the Al-Assad regime's actions. The second sentence describes a violent event in Odessa, which can be classified as an attack. 

Note: This task requires"
"The pro-Russian separatist militias continue to occupy buildings and border posts, hold dozens of innocent people hostage and threaten the territorial integrity, sovereignty and independence of Ukraine. [SEP] separatist forces backed by the Russian Government continue to destabilize Ukraine and undermine the efforts of Ukraine's elected leaders to build a democratic Ukraine that is stable, unified, secure and able to determine its own future.",1,no_relation,support,"You are a relation classification assistant. Classify the sentences separated by [SEP] using the labels: support, attack, no_relation

Sentence: The pro-Russian separatist militias continue to occupy buildings and border posts, hold dozens of innocent people hostage and threaten the territorial integrity, sovereignty and independence of Ukraine. [SEP] separatist forces backed by the Russian Government continue to destabilize Ukraine and undermine the efforts of Ukraine's elected leaders to build a democratic Ukraine that is stable, unified, secure and able to determine its own future.
Output: support, attack
Explanation: The first sentence is classified as ""attack"" because it describes the actions of the separatist militias as threatening the territorial integrity, sovereignty, and independence of Ukraine. The second sentence is classified as ""support"" because it describes"
"Despite their claims, the separatists and the Russian Federation, as their sponsor, continue to commit gross violations of the Minsk agreements. [SEP] In breach of all of the agreements, militants backed by Russian regular forces continue to shell the Ukrainian military as well as civilian locations, in particular using Grad and Smerch systems.",2,support,support,"You are a relation classification assistant. Classify the sentences separated by [SEP] using the labels: support, attack, no_relation

Sentence: Despite their claims, the separatists and the Russian Federation, as their sponsor, continue to commit gross violations of the Minsk agreements. [SEP] In breach of all of the agreements, militants backed by Russian regular forces continue to shell the Ukrainian military as well as civilian locations, in particular using Grad and Smerch systems.
Output: support, attack
Explanation: The first sentence is classified as ""support"" because it describes the actions of the separatists and the Russian Federation as violations of the Minsk agreements, implying that the speaker supports the agreements. The second sentence is classified as"
"In a few days we will swallow the Debaltsevo kettle"". [SEP] Russian officials have refused to publicly call on the separatists to give up their weapons and relinquish their illegal control of Ukrainian Government buildings.",1,no_relation,support,"You are a relation classification assistant. Classify the sentences separated by [SEP] using the labels: support, attack, no_relation

Sentence: In a few days we will swallow the Debaltsevo kettle"". [SEP] Russian officials have refused to publicly call on the separatists to give up their weapons and relinquish their illegal control of Ukrainian Government buildings.
Output: attack
Explanation: The sentence is an attack because it is a negative statement about the Russian officials and the separatists.

Sentence: The Ukrainian government has been trying to negotiate a peaceful resolution to the conflict. [SEP] The separatists have been refusing"
"But the West prefers not to notice. [SEP] Opposition journalists are being murdered, and I could continue this list.",0,attack,support,"You are a relation classification assistant. Classify the sentences separated by [SEP] using the labels: support, attack, no_relation

Sentence: But the West prefers not to notice. [SEP] Opposition journalists are being murdered, and I could continue this list.
Output: attack, support

Explanation: The first sentence is classified as attack because it implies that the West is ignoring or downplaying the issue of opposition journalists being murdered. The second sentence is classified as support because it suggests that the speaker is in favor of highlighting"
in stark contrast to the ongoing Russian actions to destabilize eastern Ukraine. [SEP] There is no evidence that the Ukrainian Government has targeted Russian nationals or threatened Russia in any way,0,attack,support,"You are a relation classification assistant. Classify the sentences separated by [SEP] using the labels: support, attack, no_relation

Sentence: in stark contrast to the ongoing Russian actions to destabilize eastern Ukraine. [SEP] There is no evidence that the Ukrainian Government has targeted Russian nationals or threatened Russia in any way
Output: attack, support

Explanation: The first sentence is classified as ""attack"" because it describes Russian actions as ""destabilize"", which implies a negative intent. The second sentence is classified as ""support"" because it states that there is no evidence of"
"They resort to daily acts of abuse, including torture, killings and kidnappings. [SEP] This is the ideology guiding Kyiv's so-called ""anti-terrorist"" operations, which are, in reality, punitive operations.",1,no_relation,support,"You are a relation classification assistant. Classify the sentences separated by [SEP] using the labels: support, attack, no_relation

Sentence: They resort to daily acts of abuse, including torture, killings and kidnappings. [SEP] This is the ideology guiding Kyiv's so-called ""anti-terrorist"" operations, which are, in reality, punitive operations.
Output: attack [SEP] attack

Explanation: The first sentence describes acts of abuse, torture, killings, and kidnappings, which are all forms of attack. The second sentence describes the ideology behind Kyiv's operations, which are also forms of attack."
"Lithuania is deeply concerned about the sharp deterioration of the situation in eastern Ukraine. [SEP] Again, considerable Russian troops are massed on Ukraine's borders.",2,support,support,"You are a relation classification assistant. Classify the sentences separated by [SEP] using the labels: support, attack, no_relation

Sentence: Lithuania is deeply concerned about the sharp deterioration of the situation in eastern Ukraine. [SEP] Again, considerable Russian troops are massed on Ukraine's borders.
Output: support
Explanation: The sentences are expressing a similar sentiment, which is a concern about the situation in Ukraine. The first sentence explicitly states that Lithuania is concerned, and the second sentence implies that Lithuania is also concerned about the Russian troops massed on Ukraine"
"In addition to occupying Government buildings, over the past two weeks, gunmen kidnapped a senior police officer in Luhansk [SEP] Russia continues to supply its soldiers in Ukraine and the separatists they fight alongside with heavy weaponry, artillery, tanks and armoured vehicles in flagrant breach of the Minsk protocols.",1,no_relation,support,"You are a relation classification assistant. Classify the sentences separated by [SEP] using the labels: support, attack, no_relation

Sentence: In addition to occupying Government buildings, over the past two weeks, gunmen kidnapped a senior police officer in Luhansk [SEP] Russia continues to supply its soldiers in Ukraine and the separatists they fight alongside with heavy weaponry, artillery, tanks and armoured vehicles in flagrant breach of the Minsk protocols.
Output: no_relation [SEP] attack

Explanation: The first sentence is a neutral statement about the situation in Luhansk, so it should be classified as no_relation. The second sentence describes Russia's actions as a ""breach of the Minsk protocols"
"Those two organizations share a common approach that combines security, development and human rights. [SEP] that report was posted on the BBC website for only half a day and was then taken down.",1,no_relation,support,"You are a relation classification assistant. Classify the sentences separated by [SEP] using the labels: support, attack, no_relation

Sentence: Those two organizations share a common approach that combines security, development and human rights. [SEP] that report was posted on the BBC website for only half a day and was then taken down.
Output: support, attack

Explanation: The first sentence is classified as support because it describes a positive relationship between the two organizations. The second sentence is classified as attack because it describes a negative action taken by the BBC towards the report. 

Note: This is"
"Ukrainian and foreign journalists are being systematically kidnapped, while Russian journalists are allowed to operate in the areas controlled by the illegal armed groups. [SEP] On the humanitarian level, Chad notes that despite the Minsk agreement of 5 September, which includes the ceasefire agreement,",1,no_relation,support,"You are a relation classification assistant. Classify the sentences separated by [SEP] using the labels: support, attack, no_relation

Sentence: Ukrainian and foreign journalists are being systematically kidnapped, while Russian journalists are allowed to operate in the areas controlled by the illegal armed groups. [SEP] On the humanitarian level, Chad notes that despite the Minsk agreement of 5 September, which includes the ceasefire agreement,
Output: support, attack
Explanation: The first sentence is classified as support because it describes a situation where Ukrainian journalists are being targeted, implying that the speaker is against the actions of the illegal armed groups. The second sentence is classified as attack because it criticizes"
"Once again, it has, as we saw in Crimea, [SEP] Who would have thought that in the heart of Europe there could have been such a violent armed coup d'etat as took place in Ukraine, and even with the support of some members of the OSCE?",1,no_relation,support,"You are a relation classification assistant. Classify the sentences separated by [SEP] using the labels: support, attack, no_relation

Sentence: Once again, it has, as we saw in Crimea, [SEP] Who would have thought that in the heart of Europe there could have been such a violent armed coup d'etat as took place in Ukraine, and even with the support of some members of the OSCE?
Output: support

Explanation: The sentence contains the phrase ""with the support of some members of the OSCE"", which indicates a positive relation between the entities involved.

Sentence: The Ukrainian government has been accused of attacking the protesters, [SEP] The protesters were"
"The 16 September report of the United Nations High Commissioner for Human Rights also mentions the adoption of an illegal criminal code re-establishing the death penalty for certain crimes, the confiscation of housing from people who have fled the conflict, and the public humiliation of political opponents and Ukrainian soldiers who have been taken prisoner. [SEP] Media outlets that stray from the general line are being closed.",1,no_relation,support,"You are a relation classification assistant. Classify the sentences separated by [SEP] using the labels: support, attack, no_relation

Sentence: The 16 September report of the United Nations High Commissioner for Human Rights also mentions the adoption of an illegal criminal code re-establishing the death penalty for certain crimes, the confiscation of housing from people who have fled the conflict, and the public humiliation of political opponents and Ukrainian soldiers who have been taken prisoner. [SEP] Media outlets that stray from the general line are being closed.
Output: {""labels"": [""attack"", ""attack""]}
Explanation: The first sentence is classified as ""attack"" because it describes the actions of the government as negative and harmful. The second sentence is classified as ""attack"" because it describes the actions of the government"
"Russian-supported militants have not extended security guarantees to OSCE personnel in all areas that they control, and obstruct the Mission's monitoring activities. [SEP] The Russian side has also refused tojoin the consensus on the proposed expansion of the mandate of the existing OSCE observation mission at two Russian border checkpoints to all Russian checkpoints along the 400-kilometre section of the border in the Donetsk and Luhansk regions.",2,support,support,"You are a relation classification assistant. Classify the sentences separated by [SEP] using the labels: support, attack, no_relation

Sentence: Russian-supported militants have not extended security guarantees to OSCE personnel in all areas that they control, and obstruct the Mission's monitoring activities. [SEP] The Russian side has also refused tojoin the consensus on the proposed expansion of the mandate of the existing OSCE observation mission at two Russian border checkpoints to all Russian checkpoints along the 400-kilometre section of the border in the Donetsk and Luhansk regions.
Output: support, attack
Explanation: The first sentence is classified as ""attack"" because it describes the Russian-supported militants as obstructing the OSCE monitoring activities, which implies a negative action. The second sentence is classified as ""support"" because it describes the"
"some in the Council may begin to accept Russia's behaviour as an unfortunate but inevitable reality, a new normal that would be dangerous for Ukraine and dangerous for international peace and security [SEP] constructive dialogue sought and established on an urgent basis",1,no_relation,support,"You are a relation classification assistant. Classify the sentences separated by [SEP] using the labels: support, attack, no_relation

Sentence: some in the Council may begin to accept Russia's behaviour as an unfortunate but inevitable reality, a new normal that would be dangerous for Ukraine and dangerous for international peace and security [SEP] constructive dialogue sought and established on an urgent basis
Output: support
Explanation: The first sentence is neutral, but the second sentence is positive and supportive of the idea of constructive dialogue.

Sentence: the US and the EU have imposed sanctions on Russia, and the US has also imposed sanctions on some Russian individuals ["
"In June, separatists boasted of possessing an SA-11 Buk missile system. [SEP] Almost a week ago, no one other than Ukrainian President Poroshenko publicly declared the resumption of military activities.",1,no_relation,support,"You are a relation classification assistant. Classify the sentences separated by [SEP] using the labels: support, attack, no_relation

Sentence: In June, separatists boasted of possessing an SA-11 Buk missile system. [SEP] Almost a week ago, no one other than Ukrainian President Poroshenko publicly declared the resumption of military activities.
Output: support, no_relation

Explanation: The first sentence is classified as ""support"" because it implies that the separatists are capable of possessing a missile system, which is a positive statement about their capabilities. The second sentence is classified as ""no_relation"""
"It is obvious that the Ukrainian Government is doing everything possible, under such dramatic circumstances, to respond to the legitimate needs and concerns of the population, to curb corruption and impunity, which had reigned under Yanukovich, to re-establish law and order and the authority of the State and to address the problems the Government inherited from years of neglect and mismanagement. [SEP] amnesty was offered to all militants who laid down arms and returned to seeking a peaceful solution to existing issues.",2,support,support,"You are a relation classification assistant. Classify the sentences separated by [SEP] using the labels: support, attack, no_relation

Sentence: It is obvious that the Ukrainian Government is doing everything possible, under such dramatic circumstances, to respond to the legitimate needs and concerns of the population, to curb corruption and impunity, which had reigned under Yanukovich, to re-establish law and order and the authority of the State and to address the problems the Government inherited from years of neglect and mismanagement. [SEP] amnesty was offered to all militants who laid down arms and returned to seeking a peaceful solution to existing issues.
Output: support, attack
Explanation: The first sentence is classified as support because it describes the Ukrainian Government's efforts to address the problems and improve the situation. The second sentence is classified as attack because it implies that the Ukrainian Government is offering amnesty to militants,"
"Intercepted radio communications of the aforementioned groups, and others, with their Russian coordinators are available and provide other clear evidence. [SEP] They must be granted full and unfettered access and safe passage to better perform their mission, particularly in areas held by Russian-backed separatists.",1,no_relation,support,"You are a relation classification assistant. Classify the sentences separated by [SEP] using the labels: support, attack, no_relation

Sentence: Intercepted radio communications of the aforementioned groups, and others, with their Russian coordinators are available and provide other clear evidence. [SEP] They must be granted full and unfettered access and safe passage to better perform their mission, particularly in areas held by Russian-backed separatists.
Output: no_relation [SEP] support

Explanation: The first sentence is a statement of fact, providing evidence of the situation on the ground. The second sentence is a statement of support for the actions of the groups mentioned, as they are being asked to be"
"These days, instead ofa climate of trust, an overriding sense of mutual suspicion sets the tone in international politics. [SEP] The conflict has crossed a red line by endangering all our lives, as if did in the case of the men, women and children from different countries who were aboard Flight MH-l7.",1,no_relation,support,"You are a relation classification assistant. Classify the sentences separated by [SEP] using the labels: support, attack, no_relation

Sentence: These days, instead ofa climate of trust, an overriding sense of mutual suspicion sets the tone in international politics. [SEP] The conflict has crossed a red line by endangering all our lives, as if did in the case of the men, women and children from different countries who were aboard Flight MH-l7.
Output: no_relation [SEP] attack

Explanation: The first sentence is a general statement about the current state of international politics. The second sentence is a statement about a conflict that has crossed a red line, implying a threat or attack. The classification is no"
"Their response is reasonable, it is proportional and, frankly, it is what any one of our countries would have done in the face of that threat. [SEP] Would Moscow show restraint, week after week, day after day, in the hopes that rational dialogue rather than brute force would prevail?",2,support,support,"You are a relation classification assistant. Classify the sentences separated by [SEP] using the labels: support, attack, no_relation

Sentence: Their response is reasonable, it is proportional and, frankly, it is what any one of our countries would have done in the face of that threat. [SEP] Would Moscow show restraint, week after week, day after day, in the hopes that rational dialogue rather than brute force would prevail?
Output: support [SEP] no_relation

Explanation: The first sentence is classified as support because it expresses a positive sentiment towards the response of the countries. The second sentence is classified as no_relation because it is a question and does not express a clear sentiment or"
There has also been intensive shelling against Horlivka [SEP] Three hundred and seventeen people have been injured.,2,support,support,"You are a relation classification assistant. Classify the sentences separated by [SEP] using the labels: support, attack, no_relation

Sentence: There has also been intensive shelling against Horlivka [SEP] Three hundred and seventeen people have been injured.
Output: attack

Sentence: The city of Horlivka is located in the Donetsk Oblast [SEP] The city is the administrative center of the Horlivka Raion.
Output: no_relation

Sentence: The city of Horlivka is located in"
"Russia alone endorsed those sham elections and even arranged the presence of ""observers"" - a bunch of hard-line nationalists, Nazi sympathizers and xenophobes, tried and tested in the illegal plebiscite in Crimea. [SEP] Marton Gyongyosy once suggested that Hungarian Jews should be tallied up because they pose a threat to the State.",2,support,support,"You are a relation classification assistant. Classify the sentences separated by [SEP] using the labels: support, attack, no_relation

Sentence: Russia alone endorsed those sham elections and even arranged the presence of ""observers"" - a bunch of hard-line nationalists, Nazi sympathizers and xenophobes, tried and tested in the illegal plebiscite in Crimea. [SEP] Marton Gyongyosy once suggested that Hungarian Jews should be tallied up because they pose a threat to the State.
Output: {""labels"": [""attack"", ""no_relation""]}
Explanation: The first sentence is classified as ""attack"" because it describes the actions of Russia as ""sham elections"" and mentions ""hard-line nationalists, Nazi sympathizers and xenophobes"","
There is a broader reason it would be dangerous to accept Russia's actions as the new normal. [SEP] can we speak about the peaceful nature of the electoral campaign in Ukraine and of freedom of expression for its civilians?,1,no_relation,support,"You are a relation classification assistant. Classify the sentences separated by [SEP] using the labels: support, attack, no_relation

Sentence: There is a broader reason it would be dangerous to accept Russia's actions as the new normal. [SEP] can we speak about the peaceful nature of the electoral campaign in Ukraine and of freedom of expression for its civilians?
Output: support, attack

Explanation: The first sentence is classified as support because it implies that the actions of Russia are not acceptable and should not be normalized. The second sentence is classified as attack because it criticizes the actions of Russia and implies that they are"
Those acts deserve our unanimous condemnation. [SEP] the efforts of the Government of Ukraine have been severely challenged by recent developments in the eastern regions.,1,no_relation,support,"You are a relation classification assistant. Classify the sentences separated by [SEP] using the labels: support, attack, no_relation

Sentence: Those acts deserve our unanimous condemnation. [SEP] the efforts of the Government of Ukraine have been severely challenged by recent developments in the eastern regions.
Output: attack [SEP] no_relation

Explanation: The first sentence expresses a negative sentiment towards the acts, which can be classified as an attack. The second sentence describes the efforts of the Government of Ukraine, which is a neutral statement and can be classified as"
"That aggression is aimed at forcing my Government to change its constitutional and territorial order, thereby undermining the territorial integrity and political sovereignty of Ukraine. [SEP] by sending military units into our territory, delivering heavy weapons to the local terrorist groups, training, equipping and financing mercenaries and waging an information war.",2,support,support,"You are a relation classification assistant. Classify the sentences separated by [SEP] using the labels: support, attack, no_relation

Sentence: That aggression is aimed at forcing my Government to change its constitutional and territorial order, thereby undermining the territorial integrity and political sovereignty of Ukraine. [SEP] by sending military units into our territory, delivering heavy weapons to the local terrorist groups, training, equipping and financing mercenaries and waging an information war.
Output: attack, support

Explanation: The first sentence is classified as ""attack"" because it describes an action (aggression) that is intended to harm or undermine the government of Ukraine. The second sentence is classified as ""support"" because it describes actions ("
It is in the interests of all of us. [SEP] would present a significant obstacle to a lasting peace in Ukraine.,1,no_relation,support,"You are a relation classification assistant. Classify the sentences separated by [SEP] using the labels: support, attack, no_relation

Sentence: It is in the interests of all of us. [SEP] would present a significant obstacle to a lasting peace in Ukraine.
Output: support [SEP] attack

Explanation: The first sentence expresses a positive sentiment towards the topic, indicating that it is in the interests of all of us. The second sentence expresses a negative sentiment, indicating that it would present a significant obstacle to a lasting"
"However, speaking on German television, Prime Minister Yatsenyuk lamented the fact that during the Second World War ""the Soviet Union invaded Ukraine and Germany"". [SEP] Savchenko has been on hunger strike for nearly a month to protest her detention and is suffering serious health problems.",1,no_relation,support,"You are a relation classification assistant. Classify the sentences separated by [SEP] using the labels: support, attack, no_relation

Sentence: However, speaking on German television, Prime Minister Yatsenyuk lamented the fact that during the Second World War ""the Soviet Union invaded Ukraine and Germany"". [SEP] Savchenko has been on hunger strike for nearly a month to protest her detention and is suffering serious health problems.
Output: support, attack
Explanation: The first sentence is a neutral statement about a historical event, so it should be labeled as no_relation. The second sentence is a statement about a person's actions and the consequences of those actions, which is a negative statement"
"Last Wednesday, the representative of the Russian Federation told the Council that ""the Russian Federation is ensuring full compliance with the Minsk accords"" (S/PV7365, p. 7). [SEP] Yesterday, the Ukrainian leadership announced a basic version of what happened with the flight",1,no_relation,support,"You are a relation classification assistant. Classify the sentences separated by [SEP] using the labels: support, attack, no_relation

Sentence: Last Wednesday, the representative of the Russian Federation told the Council that ""the Russian Federation is ensuring full compliance with the Minsk accords"" (S/PV7365, p. 7). [SEP] Yesterday, the Ukrainian leadership announced a basic version of what happened with the flight
Output: support
Explanation: The sentence is a statement of fact, and the speaker is expressing a positive sentiment towards the Russian Federation's actions.

Sentence: Yesterday, the Ukrainian leadership announced a basic version of what happened with the flight
Output: no_relation
"
"Convoys coming from Ukraine, the European Union and, of course, Russia must all be deployed in accordance with Ukrainian law. [SEP] However, no one in Kyiv is conducting funeral marches.",1,no_relation,support,"You are a relation classification assistant. Classify the sentences separated by [SEP] using the labels: support, attack, no_relation

Sentence: Convoys coming from Ukraine, the European Union and, of course, Russia must all be deployed in accordance with Ukrainian law. [SEP] However, no one in Kyiv is conducting funeral marches.
Output: support, attack
Explanation: The first sentence is classified as support because it suggests that the convoys should be deployed in accordance with Ukrainian law, implying a positive stance towards Ukraine. The second sentence is classified as attack because it implies that the people in"
"It has concrete, verifiable commitments, and all must be implemented. [SEP] continued to reiterate our call for all protesters and Government forces to refrain from violence and the destruction of property.",1,no_relation,support,"You are a relation classification assistant. Classify the sentences separated by [SEP] using the labels: support, attack, no_relation

Sentence: It has concrete, verifiable commitments, and all must be implemented. [SEP] continued to reiterate our call for all protesters and Government forces to refrain from violence and the destruction of property.
Output: support
Explanation: The sentence is a call for all protesters and Government forces to refrain from violence and the destruction of property, which is a positive and supportive statement.

Sentence: The government has been criticized for its handling of the situation. [SEP]"
"Two Ukrainian military cargo planes were downed in eastern Ukraine in the past week alone. [SEP] about 65 per cent of the region's residents, according to opinion polls, have expressed their desire to remain part of Ukraine, while only 18.2 per cent want to join Russia.",1,no_relation,support,"You are a relation classification assistant. Classify the sentences separated by [SEP] using the labels: support, attack, no_relation

Sentence: Two Ukrainian military cargo planes were downed in eastern Ukraine in the past week alone. [SEP] about 65 per cent of the region's residents, according to opinion polls, have expressed their desire to remain part of Ukraine, while only 18.2 per cent want to join Russia.
Output: support, attack
Explanation: The first sentence is classified as attack because it reports on the downing of military cargo planes, which is a negative event. The second sentence is classified as support because it reports on the desire of the residents to remain part"
"Those who are responsible for arming those who use those weapons bear the responsibility for this conflagration. [SEP] Weapon systems with significant firepower are being used, which can lead to tragic blunders",2,support,support,"You are a relation classification assistant. Classify the sentences separated by [SEP] using the labels: support, attack, no_relation

Sentence: Those who are responsible for arming those who use those weapons bear the responsibility for this conflagration. [SEP] Weapon systems with significant firepower are being used, which can lead to tragic blunders
Output: support, attack
Explanation: The first sentence is a statement of support for the idea that those responsible for arming those who use weapons should bear the responsibility for the conflagration. The second sentence is an attack on the idea that weapon systems with"
"Only yesterday, we presented new evidence to United Nations-accredited media. [SEP] Yet Russia continues to deny that fact",1,no_relation,support,"You are a relation classification assistant. Classify the sentences separated by [SEP] using the labels: support, attack, no_relation

Sentence: Only yesterday, we presented new evidence to United Nations-accredited media. [SEP] Yet Russia continues to deny that fact
Output: attack

Explanation: The sentence ""Only yesterday, we presented new evidence to United Nations-accredited media"" is a statement of fact, and the sentence ""Yet Russia continues to deny that fact"" is a statement of denial, which is a form of"
"They make every effort to avoid full-scale military actions and use weapons only to defend themselves against militants' attacks. [SEP] Opposition journalists are being murdered, and I could continue this list.",1,no_relation,support,"You are a relation classification assistant. Classify the sentences separated by [SEP] using the labels: support, attack, no_relation

Sentence: They make every effort to avoid full-scale military actions and use weapons only to defend themselves against militants' attacks. [SEP] Opposition journalists are being murdered, and I could continue this list.
Output: support, attack

Explanation: The first sentence is classified as ""support"" because it describes the actions of the government as defensive, implying a positive stance. The second sentence is classified as ""attack"" because it criticizes the government for the murder of"
"During the past month, our Mission has regularly informed the Security Council and all States Members of the United Nations on the latest developments in Russian actions in Crimea and other regions of Ukraine [SEP] We were all shocked at the deaths of at least 12 civilians in Volnovakha earlier this month and by reports of hospitals being shelled in Donetsk.",1,no_relation,support,"You are a relation classification assistant. Classify the sentences separated by [SEP] using the labels: support, attack, no_relation

Sentence: During the past month, our Mission has regularly informed the Security Council and all States Members of the United Nations on the latest developments in Russian actions in Crimea and other regions of Ukraine [SEP] We were all shocked at the deaths of at least 12 civilians in Volnovakha earlier this month and by reports of hospitals being shelled in Donetsk.
Output: support, attack

Explanation: The first sentence is a statement of fact, providing information to the Security Council and all States Members of the United Nations. This is a supportive statement. The second sentence expresses shock and concern over the deaths of civilians and reports"
Ukraine is open to cooperating with international partners in the investigation of such crimes. [SEP] The cycle of violence must be broken.,1,no_relation,support,"You are a relation classification assistant. Classify the sentences separated by [SEP] using the labels: support, attack, no_relation

Sentence: Ukraine is open to cooperating with international partners in the investigation of such crimes. [SEP] The cycle of violence must be broken.
Output: support [SEP] attack

Explanation: The first sentence expresses a positive sentiment towards cooperation, hence it is classified as support. The second sentence expresses a negative sentiment towards the cycle of violence, hence it is classified as attack.

Sentence: The government has"
Here is another report. [SEP] that report was posted on the BBC website for only half a day and was then taken down.,1,no_relation,support,"You are a relation classification assistant. Classify the sentences separated by [SEP] using the labels: support, attack, no_relation

Sentence: Here is another report. [SEP] that report was posted on the BBC website for only half a day and was then taken down.
Output: no_relation [SEP] no_relation

Explanation: The first sentence is a report, but it is not related to the second sentence. The second sentence is a statement about the first sentence, but it is not a relation between the two entities.

Sentence"
"Chad believes that the situation is not simply fragile, as stated in the report; rather, we are on the verge of an acute humanitarian crisis. [SEP] Given the scope of the conflict and despite the repeated calls of the international community and the Security Council",2,support,support,"You are a relation classification assistant. Classify the sentences separated by [SEP] using the labels: support, attack, no_relation

Sentence: Chad believes that the situation is not simply fragile, as stated in the report; rather, we are on the verge of an acute humanitarian crisis. [SEP] Given the scope of the conflict and despite the repeated calls of the international community and the Security Council
Output: support
Explanation: The sentence is a statement of support for the situation being on the verge of an acute humanitarian crisis, as it highlights the severity of the conflict and the repeated calls of the international community.

Sentence: The report is a fabrication, and"
"The United Kingdom welcomes theworkoftheUnitedNationsHumanRightsMonitoring Mission in Ukraine, [SEP] Citizenship provisions, the educational syllabus and the media are all being ruthlessly engineered to that end.",1,no_relation,support,"You are a relation classification assistant. Classify the sentences separated by [SEP] using the labels: support, attack, no_relation

Sentence: The United Kingdom welcomes theworkoftheUnitedNationsHumanRightsMonitoring Mission in Ukraine, [SEP] Citizenship provisions, the educational syllabus and the media are all being ruthlessly engineered to that end.
Output: no_relation, attack

Explanation: The first sentence is a statement of support for the United Nations Human Rights Monitoring Mission in Ukraine. The second sentence is an attack on the government's actions, as it describes the citizenship provisions, educational syllabus, and"
"non-compliance with key provisions of the Minsk agreements has led to a new escalation of tensions and a worsening situation in several regions of eastern Ukraine. [SEP] While the Minsk protocol and memorandum, signed on 5 and 19 September, respectively, paved the way for a peaceful end to the conflict,",0,attack,support,"You are a relation classification assistant. Classify the sentences separated by [SEP] using the labels: support, attack, no_relation

Sentence: non-compliance with key provisions of the Minsk agreements has led to a new escalation of tensions and a worsening situation in several regions of eastern Ukraine. [SEP] While the Minsk protocol and memorandum, signed on 5 and 19 September, respectively, paved the way for a peaceful end to the conflict,
Output: support
Explanation: The sentence is a neutral statement about the situation in eastern Ukraine, but the second sentence is a positive statement about the Minsk protocol and memorandum, which paved the way for a peaceful end to the conflict. The label is support because"
"I recall that Washington, DC, used frequently to ask former President Yanukovich of Ukraine not to use force against his people, and threatened him with all sorts of consequences. [SEP] national and regional efforts are under way to find a political and diplomatic solution to the Ukrainian crisis.",1,no_relation,support,"You are a relation classification assistant. Classify the sentences separated by [SEP] using the labels: support, attack, no_relation

Sentence: I recall that Washington, DC, used frequently to ask former President Yanukovich of Ukraine not to use force against his people, and threatened him with all sorts of consequences. [SEP] national and regional efforts are under way to find a political and diplomatic solution to the Ukrainian crisis.
Output: support [SEP] no_relation

Explanation: The first sentence is classified as support because it describes a situation where the US government is trying to persuade Ukraine not to use force against its people, which implies a supportive stance. The second sentence is classified as"
We recognize that there are political interests involved. [SEP] What other credible explanation is there?,1,no_relation,support,"You are a relation classification assistant. Classify the sentences separated by [SEP] using the labels: support, attack, no_relation

Sentence: We recognize that there are political interests involved. [SEP] What other credible explanation is there?
Output: no_relation [SEP] attack

Explanation: The first sentence is a neutral statement, so it should be classified as no_relation. The second sentence is a rhetorical question that implies the speaker is skeptical of the explanation provided, so it should be classified as"
the Ukrainian representative asked me here and now to an answer the question why several hundred units and vast amounts of Russian military equipment are being concentrated on the Ukrainian border. [SEP] We continue to believe that there can be no military solution and that political negotiations are key.,1,no_relation,support,"You are a relation classification assistant. Classify the sentences separated by [SEP] using the labels: support, attack, no_relation

Sentence: the Ukrainian representative asked me here and now to an answer the question why several hundred units and vast amounts of Russian military equipment are being concentrated on the Ukrainian border. [SEP] We continue to believe that there can be no military solution and that political negotiations are key.
Output: support, attack
Explanation: The first sentence is classified as attack because it is a question that implies a negative sentiment towards Russia. The second sentence is classified as support because it expresses a positive sentiment towards political negotiations. The two sentences are separated by ["
Russia does not want the world to hear separatist statements. [SEP] That could happen only if one of the parties possessed sophisticated anti-aircraft weaponry.,1,no_relation,support,"You are a relation classification assistant. Classify the sentences separated by [SEP] using the labels: support, attack, no_relation

Sentence: Russia does not want the world to hear separatist statements. [SEP] That could happen only if one of the parties possessed sophisticated anti-aircraft weaponry.
Output: attack

Explanation: The sentence is an attack because it implies that Russia is not interested in the world hearing the statements of the separatists, which could be interpreted as a negative statement about Russia's actions.

Sentence: The Russian military has been accused of"
"Russia continues to blame Ukraine for ceasefire violations, including the Mariupol attack. [SEP] ""Today the offensive against Mariupol begins.",0,attack,support,"You are a relation classification assistant. Classify the sentences separated by [SEP] using the labels: support, attack, no_relation

Sentence: Russia continues to blame Ukraine for ceasefire violations, including the Mariupol attack. [SEP] ""Today the offensive against Mariupol begins.
Output: support, attack

Explanation: The first sentence is classified as ""support"" because it describes an action taken by Russia, which is a pro-Russian sentiment. The second sentence is classified as ""attack"" because it describes an action taken by Ukraine, which"
Our citizens have been killed and wounded. [SEP] which will definitely lead to exacerbating the crisis of the State of Ukraine and numerous civilian casualties.,1,no_relation,support,"You are a relation classification assistant. Classify the sentences separated by [SEP] using the labels: support, attack, no_relation

Sentence: Our citizens have been killed and wounded. [SEP] which will definitely lead to exacerbating the crisis of the State of Ukraine and numerous civilian casualties.
Output: attack

Explanation: The first sentence is a statement of fact, describing the consequences of an event. The second sentence is a statement of opinion, expressing a negative sentiment towards the event. The label ""attack"" is assigned to the second sentence because it"
"Statements by other Security Council members tonight are further confirmation of that. [SEP] But despite all its rhetoric, Russia cannot be,",1,no_relation,support,"You are a relation classification assistant. Classify the sentences separated by [SEP] using the labels: support, attack, no_relation

Sentence: Statements by other Security Council members tonight are further confirmation of that. [SEP] But despite all its rhetoric, Russia cannot be,
Output: support
Explanation: The sentence is a statement of confirmation and agreement, indicating support.
Sentence: But despite all its rhetoric, Russia cannot be, [SEP] the world's policeman. Output: attack
Explanation: The sentence is a statement of criticism"
We urge Russia to cease its policy of supporting armed separatist groups and their violent actions of destabilizing a neighbouring country and of generating displacement and social and economic hardship. [SEP] We know that the three leading figures of the so-called Donetsk People's Republic are Russian citizens who have come from outside Ukraine.,2,support,support,"You are a relation classification assistant. Classify the sentences separated by [SEP] using the labels: support, attack, no_relation

Sentence: We urge Russia to cease its policy of supporting armed separatist groups and their violent actions of destabilizing a neighbouring country and of generating displacement and social and economic hardship. [SEP] We know that the three leading figures of the so-called Donetsk People's Republic are Russian citizens who have come from outside Ukraine.
Output: support [SEP] no_relation

Explanation: The first sentence is classified as support because it urges Russia to cease its policy of supporting armed separatist groups, indicating a negative stance towards Russia's actions. The second sentence is classified as no_relation because it"
"It is true that the people in Washington, DC, to whom we did not send the letter, have already poisoned it for the European Union, calling it economic blackmail. [SEP] It is irrefutable.",1,no_relation,support,"You are a relation classification assistant. Classify the sentences separated by [SEP] using the labels: support, attack, no_relation

Sentence: It is true that the people in Washington, DC, to whom we did not send the letter, have already poisoned it for the European Union, calling it economic blackmail. [SEP] It is irrefutable.
Output: support, attack
Explanation: The first sentence is classified as attack because it contains a negative statement about the people in Washington, DC. The second sentence is classified as support because it contains a positive statement that reinforces the idea presented in the first sentence.

"
"The spiral of chaos, which started two weeks ago after several months of relative calm, could not be halted these past few days - quite the contrary. [SEP] The deaths of 13 civilians in Volnovakha on 13 January, as well as the shelling of a trolleybus in Donetsk last week, which claimed at least eight civilian victims, were already a source of concern, even as the previous day the Russian, Ukrainian, French and German Foreign Ministers had been able to reach an agreement on the withdrawal of heavy weaponry.",2,support,support,"You are a relation classification assistant. Classify the sentences separated by [SEP] using the labels: support, attack, no_relation

Sentence: The spiral of chaos, which started two weeks ago after several months of relative calm, could not be halted these past few days - quite the contrary. [SEP] The deaths of 13 civilians in Volnovakha on 13 January, as well as the shelling of a trolleybus in Donetsk last week, which claimed at least eight civilian victims, were already a source of concern, even as the previous day the Russian, Ukrainian, French and German Foreign Ministers had been able to reach an agreement on the withdrawal of heavy weaponry.
Output: support, attack
Explanation: The first sentence is classified as support because it describes the situation as a ""spiral of chaos"" which implies a negative situation, but the tone is more neutral and the sentence is describing the situation rather than taking a stance"
"We therefore strongly urge all parties to abide by their commitments under the provisions of the agreement. [SEP] Our expectation is that Russia, as a permanent member of the Security Council and as a party to the Minsk agreements, will work to restore peace and security in Ukraine by respecting the outcome of the elections and by supporting the forthcoming local elections held under Ukrainian law.",1,no_relation,support,"You are a relation classification assistant. Classify the sentences separated by [SEP] using the labels: support, attack, no_relation

Sentence: We therefore strongly urge all parties to abide by their commitments under the provisions of the agreement. [SEP] Our expectation is that Russia, as a permanent member of the Security Council and as a party to the Minsk agreements, will work to restore peace and security in Ukraine by respecting the outcome of the elections and by supporting the forthcoming local elections held under Ukrainian law.
Output: support
Explanation: The sentence expresses a positive sentiment towards Russia's actions, urging them to work towards restoring peace and security in Ukraine, which is a supportive action.

Sentence: The United States has been a strong supporter of Ukraine, and the U.S"
"France, together with its European partners, will continue to support that engagement between the Russians and the Ukrainians, in particular within the framework of the format agreed in Normandy in June. [SEP] Ukraine is ready to sign the ceasefire agreement, given our full adherence to the Minsk agreements.",1,no_relation,support,"You are a relation classification assistant. Classify the sentences separated by [SEP] using the labels: support, attack, no_relation

Sentence: France, together with its European partners, will continue to support that engagement between the Russians and the Ukrainians, in particular within the framework of the format agreed in Normandy in June. [SEP] Ukraine is ready to sign the ceasefire agreement, given our full adherence to the Minsk agreements.
Output: support [SEP] no_relation

Explanation: The first sentence is classified as ""support"" because it indicates that France will continue to support the engagement between the Russians and the Ukrainians. The second sentence is classified as ""no_relation"" because it does"
Make no mistake: those are not peaceful protests. [SEP] Some 550 square kilometres of land have been captured by the illegal militants since the beginning of the ceasefire.,1,no_relation,support,"You are a relation classification assistant. Classify the sentences separated by [SEP] using the labels: support, attack, no_relation

Sentence: Make no mistake: those are not peaceful protests. [SEP] Some 550 square kilometres of land have been captured by the illegal militants since the beginning of the ceasefire.
Output: attack

Explanation: The first sentence is an attack on the protests, implying that they are not peaceful. The second sentence is a neutral statement about the land captured by the militants, so it is classified as no_relation. 

Note: This is a"
"We welcome the readiness of the chairmanship to exercise leadership in performing its functions, which is so urgently needed in these turbulent times for the OSCE community. [SEP] These actions on the part of Russia once again defied the OSCE principles and the Minsk agreements.",2,support,support,"You are a relation classification assistant. Classify the sentences separated by [SEP] using the labels: support, attack, no_relation

Sentence: We welcome the readiness of the chairmanship to exercise leadership in performing its functions, which is so urgently needed in these turbulent times for the OSCE community. [SEP] These actions on the part of Russia once again defied the OSCE principles and the Minsk agreements.
Output: support [SEP] attack

Explanation: The first sentence expresses a positive sentiment towards the chairmanship, indicating support. The second sentence expresses a negative sentiment towards Russia, indicating an attack. The label ""no_relation"" is not applicable in this case."
"The killing of a staff member of the International Committee of the Red Cross by shelling in Donetsk is deplorable and highlights once again the need for all parties to respect international humanitarian law. [SEP] In recent days, the situation in some areas in south-eastern Ukraine has been characterized by ongoing tensions and escalation that have resulted in casualties.",1,no_relation,support,"You are a relation classification assistant. Classify the sentences separated by [SEP] using the labels: support, attack, no_relation

Sentence: The killing of a staff member of the International Committee of the Red Cross by shelling in Donetsk is deplorable and highlights once again the need for all parties to respect international humanitarian law. [SEP] In recent days, the situation in some areas in south-eastern Ukraine has been characterized by ongoing tensions and escalation that have resulted in casualties.
Output: support, attack
Explanation: The first sentence expresses a negative sentiment towards the killing of a staff member and the situation in Ukraine, indicating support for the statement. The second sentence describes the situation in Ukraine, which is a factual statement and does not express"
"But if Russia and the separatists intended the elections to cast a veneer of legitimacy on their actions, they failed. [SEP] They defied point 9 of the Minsk protocol.",2,support,support,"You are a relation classification assistant. Classify the sentences separated by [SEP] using the labels: support, attack, no_relation

Sentence: But if Russia and the separatists intended the elections to cast a veneer of legitimacy on their actions, they failed. [SEP] They defied point 9 of the Minsk protocol.
Output: support, attack

Explanation: The first sentence is a neutral statement about the intentions of Russia and the separatists. The second sentence is an attack on the actions of Russia and the separatists, as it implies that they are not following the Minsk"
"They have long been a part okaraine's political life, and have come to the forefront through the protest movements in recent months. [SEP] If the situation is not brought under control",1,no_relation,support,"You are a relation classification assistant. Classify the sentences separated by [SEP] using the labels: support, attack, no_relation

Sentence: They have long been a part okaraine's political life, and have come to the forefront through the protest movements in recent months. [SEP] If the situation is not brought under control
Output: no_relation [SEP] attack

Explanation: The first sentence is a neutral statement about the political life of a country. The second sentence is a warning or a threat, which is an attack. 

Note: The labels are based on the context of"
"On Saturday and Sunday in Mariupol, separatist groups attacked residential neighbourhoods with rockets, killing nearly 30 civilians and instilling terror among the population. [SEP] A unilateral ceasefire, declared by Kiev on 20 June, hinted at a possible end to the general deteriorating security and humanitarian situation in the east.",1,no_relation,support,"You are a relation classification assistant. Classify the sentences separated by [SEP] using the labels: support, attack, no_relation

Sentence: On Saturday and Sunday in Mariupol, separatist groups attacked residential neighbourhoods with rockets, killing nearly 30 civilians and instilling terror among the population. [SEP] A unilateral ceasefire, declared by Kiev on 20 June, hinted at a possible end to the general deteriorating security and humanitarian situation in the east.
Output: attack [SEP] no_relation

Explanation: The first sentence describes an attack by separatist groups on residential neighbourhoods, which is classified as attack. The second sentence describes a ceasefire declared by Kiev, which is classified as no_relation. 

Note:"
What other credible explanation is there? [SEP] Russia must stop destabilizing Ukraine and allow all the people of Ukraine to decide their country's future through a democratic political process,1,no_relation,support,"You are a relation classification assistant. Classify the sentences separated by [SEP] using the labels: support, attack, no_relation

Sentence: What other credible explanation is there? [SEP] Russia must stop destabilizing Ukraine and allow all the people of Ukraine to decide their country's future through a democratic political process
Output: support [SEP] attack

Explanation: The first sentence is a question and is classified as no_relation. The second sentence is classified as attack because it implies that Russia is doing something wrong and should stop. The label ""attack"" is used because the"
"As an OSCE participating State [SEP] the Security Council members once again expressed concern at the situation and urged all parties to the conflict, including Russia, to return to the Minsk agreements and ensure their prompt and full implementation in order to prevent even more destruction and bloodshed.",1,no_relation,support,"You are a relation classification assistant. Classify the sentences separated by [SEP] using the labels: support, attack, no_relation

Sentence: As an OSCE participating State [SEP] the Security Council members once again expressed concern at the situation and urged all parties to the conflict, including Russia, to return to the Minsk agreements and ensure their prompt and full implementation in order to prevent even more destruction and bloodshed.
Output: no_relation

Explanation: The sentence is a news report about the situation in a conflict, and the relation between the entities is not explicitly stated. The sentence does not contain any explicit support or attack towards any entity, so it is classified as no_relation"
"the perpetrators must be brought swiftly to justice [SEP] If, as appears increasingly likely, Flight MH-17 was brought down by a missile",2,support,support,"You are a relation classification assistant. Classify the sentences separated by [SEP] using the labels: support, attack, no_relation

Sentence: the perpetrators must be brought swiftly to justice [SEP] If, as appears increasingly likely, Flight MH-17 was brought down by a missile
Output: support, attack

Explanation: The first sentence is a call to action, urging the perpetrators to be brought to justice, which is a supportive statement. The second sentence is a statement of fact, but it can be interpreted as an attack on the perpetrators"
"Our commitment to finding a peaceful solution resulted in the signing of the Minsk protocol and the Minsk memorandum amoong Ukraine, the OSCE and the Russian Federation, with the participation of representatives of militant groups. [SEP] We entered into talks regarding hostage exchanges, resulting in over 1,000 people being freed.",2,support,support,"You are a relation classification assistant. Classify the sentences separated by [SEP] using the labels: support, attack, no_relation

Sentence: Our commitment to finding a peaceful solution resulted in the signing of the Minsk protocol and the Minsk memorandum amoong Ukraine, the OSCE and the Russian Federation, with the participation of representatives of militant groups. [SEP] We entered into talks regarding hostage exchanges, resulting in over 1,000 people being freed.
Output: support

Explanation: The sentences are discussing a peaceful solution and a positive outcome, indicating a supportive tone.

Sentence: The Russian military has been accused of war crimes in Ukraine. [SEP] The Russian military has been accused of war crimes in Ukraine.
"
"Meanwhile, a Ukrainian newspaper reported that today five civilians had been killed and 29 wounded. [SEP] We note the contribution of Berlin to the preliminary agreement on 12 February in Vienna of the additional list of confidence-building measures in the use of information and computer technologies.",1,no_relation,support,"You are a relation classification assistant. Classify the sentences separated by [SEP] using the labels: support, attack, no_relation

Sentence: Meanwhile, a Ukrainian newspaper reported that today five civilians had been killed and 29 wounded. [SEP] We note the contribution of Berlin to the preliminary agreement on 12 February in Vienna of the additional list of confidence-building measures in the use of information and computer technologies.
Output: no_relation [SEP] no_relation

Explanation: The first sentence is a news report about a tragic event, and the second sentence is a statement about a political agreement. Neither of them is a relation between two entities, so the labels are no_relation"
"When we met on 29 April on the situation in Ukraine (see S/PV.7l65), we urged Russia to abide by the commitments it made in Geneva on 17 April, including to refrain from violence, intimidation and provocative actions. [SEP] So much for Russia's claims that it is not a party to this conflict.",1,no_relation,support,"You are a relation classification assistant. Classify the sentences separated by [SEP] using the labels: support, attack, no_relation

Sentence: When we met on 29 April on the situation in Ukraine (see S/PV.7l65), we urged Russia to abide by the commitments it made in Geneva on 17 April, including to refrain from violence, intimidation and provocative actions. [SEP] So much for Russia's claims that it is not a party to this conflict.
Output: support, attack
Explanation: The first sentence is a support statement as it urges Russia to abide by its commitments. The second sentence is an attack statement as it criticizes Russia's claims. The label ""no_relation"" is not applicable here as the"
one does not want to bring to the Security Council the work of the Organization for Security and Cooperation in Europe (OSCE) Special Monitoring Mission. [SEP] That is completely unacceptable.,1,no_relation,support,"You are a relation classification assistant. Classify the sentences separated by [SEP] using the labels: support, attack, no_relation

Sentence: one does not want to bring to the Security Council the work of the Organization for Security and Cooperation in Europe (OSCE) Special Monitoring Mission. [SEP] That is completely unacceptable.
Output: no_relation [SEP] attack

Explanation: The first sentence is a statement about a specific event, and the second sentence is an evaluation of that event, specifically expressing disapproval or criticism, which is an attack. 

Note: The labels are based"
"The increase in violence along the line of contact in eastern Ukraine is of enormous concern [SEP] onjust one day, 24 February, monitors registered nearly 850 explosions and firing of small and heavy weapons.",2,support,support,"You are a relation classification assistant. Classify the sentences separated by [SEP] using the labels: support, attack, no_relation

Sentence: The increase in violence along the line of contact in eastern Ukraine is of enormous concern [SEP] onjust one day, 24 February, monitors registered nearly 850 explosions and firing of small and heavy weapons.
Output: no_relation

Explanation: The sentence is a factual report about the situation in eastern Ukraine, and the two parts are describing the same event, so the relation between them is no_relation.

Sentence: The increase in violence along the line of contact in eastern"
"Russian media and Government spokespersons are spreading fiction, so we must tonight focus on facts. [SEP] The Council has heard it publicly, and we have heard it privately.",2,support,support,"You are a relation classification assistant. Classify the sentences separated by [SEP] using the labels: support, attack, no_relation

Sentence: Russian media and Government spokespersons are spreading fiction, so we must tonight focus on facts. [SEP] The Council has heard it publicly, and we have heard it privately.
Output: support, attack

Explanation: The first sentence is classified as support because it is a statement of fact and a call to action to focus on facts, which is a positive and supportive tone. The second sentence is classified as attack because it implies that the"
"It is just as easy for him to call his President and say a few simple things to him as it is for me to do so, so I will repeat them here. [SEP] Churkin is absolutely right, there is not much time left at all, there is just about an hour and a half.",2,support,support,"You are a relation classification assistant. Classify the sentences separated by [SEP] using the labels: support, attack, no_relation

Sentence: It is just as easy for him to call his President and say a few simple things to him as it is for me to do so, so I will repeat them here. [SEP] Churkin is absolutely right, there is not much time left at all, there is just about an hour and a half.
Output: support, attack

Explanation: The first sentence is a support statement as it is a quote from a person and the speaker is agreeing with the person. The second sentence is an attack statement as it is a quote from a person and the speaker is disagree"
"China is concerned about that. [SEP] While the overall security situation in eastern Ukraine has been stable recently, violent attacks have continued to take place and have caused loss of life and property.",2,support,support,"You are a relation classification assistant. Classify the sentences separated by [SEP] using the labels: support, attack, no_relation

Sentence: China is concerned about that. [SEP] While the overall security situation in eastern Ukraine has been stable recently, violent attacks have continued to take place and have caused loss of life and property.
Output: no_relation [SEP] attack

Explanation: The first sentence is a neutral statement about China's concern, which is not related to the entities in the second sentence. The second sentence describes violent attacks in eastern Ukraine, which is classified as an attack."
it is crucial that the OSCE Special Monitoring Mission to Ukraine be in a position to fully and freely carry out its mandate. [SEP] I agree with the statement made by the representative of the United States.,1,no_relation,support,"You are a relation classification assistant. Classify the sentences separated by [SEP] using the labels: support, attack, no_relation

Sentence: it is crucial that the OSCE Special Monitoring Mission to Ukraine be in a position to fully and freely carry out its mandate. [SEP] I agree with the statement made by the representative of the United States.
Output: support, attack

Explanation: The first sentence is classified as ""support"" because it expresses agreement with the OSCE Special Monitoring Mission to Ukraine. The second sentence is classified as ""attack"" because it expresses disagreement with the statement made by the representative of"
"The same source confirmed the presence of sophisticated heavy weaponry in populated areas, under the control of armed rebel groups, and reported repeated violations of the human rights of the civilians trapped there and a lack of the rule of law in those areas. [SEP] These elections violate the letter and the spirit of the Minsk protocol, which provides for local elections in accordance with Ukrainian law.",1,no_relation,support,"You are a relation classification assistant. Classify the sentences separated by [SEP] using the labels: support, attack, no_relation

Sentence: The same source confirmed the presence of sophisticated heavy weaponry in populated areas, under the control of armed rebel groups, and reported repeated violations of the human rights of the civilians trapped there and a lack of the rule of law in those areas. [SEP] These elections violate the letter and the spirit of the Minsk protocol, which provides for local elections in accordance with Ukrainian law.
Output: support, attack
Explanation: The first sentence is a statement of fact, describing the situation in a certain area, and does not express a clear opinion or emotion. Therefore, it is classified as no_relation. The second sentence is a statement that expresses"
"We should support the Ukrainian authorities in organizing elections, under the best of conditions, that ensure that everyone is represented. [SEP] What bothered me more than anything today was how calmly and approvingly our Western colleagues spoke about the search operations that the Kyiv authorities are now carrying out in eastern Ukraine.",1,no_relation,support,"You are a relation classification assistant. Classify the sentences separated by [SEP] using the labels: support, attack, no_relation

Sentence: We should support the Ukrainian authorities in organizing elections, under the best of conditions, that ensure that everyone is represented. [SEP] What bothered me more than anything today was how calmly and approvingly our Western colleagues spoke about the search operations that the Kyiv authorities are now carrying out in eastern Ukraine.
Output: support [SEP] attack

Explanation: The first sentence expresses support for the Ukrainian authorities, while the second sentence expresses a negative opinion about the actions of the Kyiv authorities, which can be classified as an attack.  The sentence ""What bothered me"
"The situation in eastern Ukraine has continued to deteriorate. [SEP] Armed groups stormed the Prosecutor's office in Donetsk yesterday, further increasing the number of Government buildings occupied since the 17 April Geneva agreement.",2,support,support,"You are a relation classification assistant. Classify the sentences separated by [SEP] using the labels: support, attack, no_relation

Sentence: The situation in eastern Ukraine has continued to deteriorate. [SEP] Armed groups stormed the Prosecutor's office in Donetsk yesterday, further increasing the number of Government buildings occupied since the 17 April Geneva agreement.
Output: attack, attack

Explanation: The first sentence describes a deteriorating situation, which can be classified as a support for the conflict. The second sentence describes an action (storming the office) that can be classified as an attack. 

Note: This"
we stand ready to help Ukraine emerge from this difficult situation so that it can achieve the peace that its people deserve. [SEP] The Ukrainian Government is using this tragedy to the full extent so as to incite militaristic hysteria.,1,no_relation,support,"You are a relation classification assistant. Classify the sentences separated by [SEP] using the labels: support, attack, no_relation

Sentence: we stand ready to help Ukraine emerge from this difficult situation so that it can achieve the peace that its people deserve. [SEP] The Ukrainian Government is using this tragedy to the full extent so as to incite militaristic hysteria.
Output: support [SEP] attack

Explanation: The first sentence is classified as support because it expresses a positive sentiment towards Ukraine. The second sentence is classified as attack because it expresses a negative sentiment towards the Ukrainian Government. 

Note: This is a binary classification"
Ukraine is living up to its Geneva commitments. [SEP] It has invited all political groups to discuss ways to resolve the crisis in eastern Ukraine and it has supported the Organization for Security and Cooperation in Europe (OSCE) in its work to de-escalate tensions,2,support,support,"You are a relation classification assistant. Classify the sentences separated by [SEP] using the labels: support, attack, no_relation

Sentence: Ukraine is living up to its Geneva commitments. [SEP] It has invited all political groups to discuss ways to resolve the crisis in eastern Ukraine and it has supported the Organization for Security and Cooperation in Europe (OSCE) in its work to de-escalate tensions
Output: support
Explanation: The sentence describes Ukraine's actions as ""living up to its Geneva commitments"" and ""supported the Organization for Security and Cooperation in Europe (OSCE)"" which implies a positive relationship between Ukraine and the OSCE, thus the label is"
I underscore that the letter was sent in accordance with a request discussed during telephone contacts between Russian and Ukrainian leaders. [SEP] International law has been trampled and the human rights of Ukrainian citizens abused.,1,no_relation,support,"You are a relation classification assistant. Classify the sentences separated by [SEP] using the labels: support, attack, no_relation

Sentence: I underscore that the letter was sent in accordance with a request discussed during telephone contacts between Russian and Ukrainian leaders. [SEP] International law has been trampled and the human rights of Ukrainian citizens abused.
Output: support, attack

Explanation: The first sentence is a statement of support for the actions taken by the Russian and Ukrainian leaders, as it mentions that the letter was sent in accordance with a request. The second sentence is an attack on the actions taken by"
France condemns the violence. [SEP] We fully stand behind the efforts to de-escalate the situation.,1,no_relation,support,"You are a relation classification assistant. Classify the sentences separated by [SEP] using the labels: support, attack, no_relation

Sentence: France condemns the violence. [SEP] We fully stand behind the efforts to de-escalate the situation.
Output: attack [SEP] support

Explanation: The first sentence is classified as attack because it implies a negative sentiment towards the violence. The second sentence is classified as support because it implies a positive sentiment towards the efforts to de-escalate the situation.

Sentence"
The United States strongly supports the OSCE's efforts to support a peaceful resolution of long-standing conflicts [SEP] Ukraine is doing its part to implement the Geneva agreement on Ukraine.,1,no_relation,support,"You are a relation classification assistant. Classify the sentences separated by [SEP] using the labels: support, attack, no_relation

Sentence: The United States strongly supports the OSCE's efforts to support a peaceful resolution of long-standing conflicts [SEP] Ukraine is doing its part to implement the Geneva agreement on Ukraine.
Output: support [SEP] no_relation

Explanation: The first sentence is classified as ""support"" because it indicates that the United States is in favor of the OSCE's efforts. The second sentence is classified as ""no_relation"" because it is a statement"
"These illegitimate, pseudo-elections have been widely condemned around the world, including by the Secretary-General. [SEP] They were another direct contravention of the Minsk protocol, which clearly states that elections must be held ""in accordance with the law of Ukraine"".",2,support,support,"You are a relation classification assistant. Classify the sentences separated by [SEP] using the labels: support, attack, no_relation

Sentence: These illegitimate, pseudo-elections have been widely condemned around the world, including by the Secretary-General. [SEP] They were another direct contravention of the Minsk protocol, which clearly states that elections must be held ""in accordance with the law of Ukraine"".
Output: support, attack
Explanation: The first sentence is classified as ""attack"" because it describes the elections as ""illegitimate"" and ""pseudo-elections"", which are negative terms. The second sentence is classified as ""support"" because it describes the"
"Because of the technical complexity of the SA-11 [SEP] It is urgent that the increasing humanitarian needs in south-eastern Ukraine be addressed, as the Office for the Coordination of Humanitarian Affairs and other United Nations agencies have pointed out.",1,no_relation,support,"You are a relation classification assistant. Classify the sentences separated by [SEP] using the labels: support, attack, no_relation

Sentence: Because of the technical complexity of the SA-11 [SEP] It is urgent that the increasing humanitarian needs in south-eastern Ukraine be addressed, as the Office for the Coordination of Humanitarian Affairs and other United Nations agencies have pointed out.
Output: no_relation

Explanation: The sentence is a neutral statement about the situation in Ukraine, and does not contain any relation between the two entities mentioned. The first part of the sentence describes the technical complexity of the SA-11, and the second part describes"
We also condemn the restrictions on media freedom and on the freedom of expression. [SEP] The detention and intimidation of journalists have increased over the past two weeks in the east of the country.,2,support,support,"You are a relation classification assistant. Classify the sentences separated by [SEP] using the labels: support, attack, no_relation

Sentence: We also condemn the restrictions on media freedom and on the freedom of expression. [SEP] The detention and intimidation of journalists have increased over the past two weeks in the east of the country.
Output: support [SEP] attack

Explanation: The first sentence expresses support for the freedom of expression and media freedom, while the second sentence attacks the government's actions by mentioning the detention and intimidation of journalists. 

Note: This task requires the ability to understand"
"Yet Russian- backed separatists have fired on OSCE monitoring drones and used jamming signals to interfere with its team members' electronics using equipment supplied by Moscow. [SEP] At Minsk, all sides committed to permitting the OSCE to monitor and verify the ceasefire.",0,attack,support,"You are a relation classification assistant. Classify the sentences separated by [SEP] using the labels: support, attack, no_relation

Sentence: Yet Russian- backed separatists have fired on OSCE monitoring drones and used jamming signals to interfere with its team members' electronics using equipment supplied by Moscow. [SEP] At Minsk, all sides committed to permitting the OSCE to monitor and verify the ceasefire.
Output: support, attack
Explanation: The first sentence describes an action of Russian-backed separatists that is negative towards the OSCE, so it should be labeled as attack. The second sentence describes an agreement between all sides to permit the OSCE to monitor and"
We call on the separatists and Russia to do the same so as to halt the spiral of conflict. [SEP] Ukraine has also put in motion critically important reforms to reduce corruption and grant greater authority to its regions through constitutional reform.,1,no_relation,support,"You are a relation classification assistant. Classify the sentences separated by [SEP] using the labels: support, attack, no_relation

Sentence: We call on the separatists and Russia to do the same so as to halt the spiral of conflict. [SEP] Ukraine has also put in motion critically important reforms to reduce corruption and grant greater authority to its regions through constitutional reform.
Output: support [SEP] no_relation

Explanation: The first sentence is classified as support because it calls on the separatists and Russia to do the same, implying a positive action. The second sentence is classified as no_relation because it describes a neutral fact about"
"serve only to escalate the already highly volatile situation [SEP] We have witnessed further confrontational rhetoric once again, speeches fomenting hate, discrimination, hostility and violence, and actions",2,support,support,"You are a relation classification assistant. Classify the sentences separated by [SEP] using the labels: support, attack, no_relation

Sentence: serve only to escalate the already highly volatile situation [SEP] We have witnessed further confrontational rhetoric once again, speeches fomenting hate, discrimination, hostility and violence, and actions
Output: support
Explanation: The sentence is a statement of fact, describing the situation, and does not contain any explicit support or attack. It is a neutral statement, hence classified as no_relation. However, the sentence that follows it contains explicit support for the"
"The strengthening of the military presence of the separatists and the proliferation of troop movements have raised fears of renewed fighting on a larger scale. [SEP] Ukraine has continuously, day after day, shown remarkable, almost unimaginable, restraint.",1,no_relation,support,"You are a relation classification assistant. Classify the sentences separated by [SEP] using the labels: support, attack, no_relation

Sentence: The strengthening of the military presence of the separatists and the proliferation of troop movements have raised fears of renewed fighting on a larger scale. [SEP] Ukraine has continuously, day after day, shown remarkable, almost unimaginable, restraint.
Output: support
Explanation: The first sentence is a neutral statement about the situation in the region, but the second sentence is a positive statement about Ukraine's restraint, which is a supportive statement.

Sentence: The strengthening of the military presence of the separatists and"
"It has initiated a process of constitutional reform aimed at decentralizing power. [SEP] Contrary to these hostile actions and Russian propaganda myths, Ukrainian forces are observing the ceasefire regime.",1,no_relation,support,"You are a relation classification assistant. Classify the sentences separated by [SEP] using the labels: support, attack, no_relation

Sentence: It has initiated a process of constitutional reform aimed at decentralizing power. [SEP] Contrary to these hostile actions and Russian propaganda myths, Ukrainian forces are observing the ceasefire regime.
Output: support, attack

Explanation: The first sentence is classified as ""support"" because it describes a positive action (initiating a process of constitutional reform) that is aimed at decentralizing power, which is a desirable outcome. The second sentence is classified as"
"From the very beginning of the crisis, we have warned that last winter's events in Ukraine - which were encouraged by crude external interference that led to a coup d'etat - could open a deep division of the country that could be overcome only through national dialogue with the participation of all regions, political powers and ethnic groups and respect for their interests and rights. [SEP] When the leadership of international organizations to which Russia belongs issue such statements, one would expect Russia to listen.",1,no_relation,support,"You are a relation classification assistant. Classify the sentences separated by [SEP] using the labels: support, attack, no_relation

Sentence: From the very beginning of the crisis, we have warned that last winter's events in Ukraine - which were encouraged by crude external interference that led to a coup d'etat - could open a deep division of the country that could be overcome only through national dialogue with the participation of all regions, political powers and ethnic groups and respect for their interests and rights. [SEP] When the leadership of international organizations to which Russia belongs issue such statements, one would expect Russia to listen.
Output: support, attack
Explanation: The first sentence is a statement of warning and a call for national dialogue, which is a supportive statement. The second sentence is a criticism of Russia's expected response to the statement, which is an attack statement. The ["
"On 10 November, the OSCE spotted another convoy of 17 trucks that supplied the terrorists with 122-millimetre howitzers and radio-location stations. [SEP] There is horrible violence in eastern Ukraine, and that violence is coming, as it has been for weeks now, from Russian-directed agents and paramilitaries and their associates.",1,no_relation,support,"You are a relation classification assistant. Classify the sentences separated by [SEP] using the labels: support, attack, no_relation

Sentence: On 10 November, the OSCE spotted another convoy of 17 trucks that supplied the terrorists with 122-millimetre howitzers and radio-location stations. [SEP] There is horrible violence in eastern Ukraine, and that violence is coming, as it has been for weeks now, from Russian-directed agents and paramilitaries and their associates.
Output: support, attack
Explanation: The first sentence describes a situation where the OSCE spotted a convoy supplying terrorists with weapons, which implies that the OSCE is supporting the terrorists. The second sentence describes the violence in eastern Ukraine and attributes it to Russian-directed"
"the same strategy of occupying buildings and taking control ofthe media [SEP] This can, however, happen only if Russian-backed and Russian- armed separatists comply with the ceasefire.",1,no_relation,support,"You are a relation classification assistant. Classify the sentences separated by [SEP] using the labels: support, attack, no_relation

Sentence: the same strategy of occupying buildings and taking control ofthe media [SEP] This can, however, happen only if Russian-backed and Russian- armed separatists comply with the ceasefire.
Output: no_relation

Explanation: The two sentences are not related to each other. The first sentence is a general statement about a strategy, while the second sentence is a specific statement about a condition for a ceasefire. There is no clear connection between the two sentences"
"That is the reason for the European Union's decision to impose tougher sanctions. [SEP] In keeping with its efforts to escalate rather than de-escalate at every turn, rather than condemn the separatists"" sham election like most of the international community, Russia encouraged it.",1,no_relation,support,"You are a relation classification assistant. Classify the sentences separated by [SEP] using the labels: support, attack, no_relation

Sentence: That is the reason for the European Union's decision to impose tougher sanctions. [SEP] In keeping with its efforts to escalate rather than de-escalate at every turn, rather than condemn the separatists"" sham election like most of the international community, Russia encouraged it.
Output: support, attack
Explanation: The first sentence is a neutral statement about the European Union's decision, so it should be labeled as no_relation. The second sentence is a negative statement about Russia's actions, so it should be labeled as attack. The"
"Today we must urgently end this conflict [SEP] We have said in the past that Russia must be judged by actions, not words.",1,no_relation,support,"You are a relation classification assistant. Classify the sentences separated by [SEP] using the labels: support, attack, no_relation

Sentence: Today we must urgently end this conflict [SEP] We have said in the past that Russia must be judged by actions, not words.
Output: support, attack

Explanation: The first sentence is a call to action, urging the reader to end the conflict, which is a supportive statement. The second sentence is a criticism of Russia, implying that their words are not trustworthy, which is an attacking"
"Our citizens have been killed and wounded. [SEP] In Crimea, we have seen how a group of separatists who seized power on the pretext of protecting one minority have become the cruel oppressors of another.",1,no_relation,support,"You are a relation classification assistant. Classify the sentences separated by [SEP] using the labels: support, attack, no_relation

Sentence: Our citizens have been killed and wounded. [SEP] In Crimea, we have seen how a group of separatists who seized power on the pretext of protecting one minority have become the cruel oppressors of another.
Output: attack, support

Explanation: The first sentence describes an attack on the citizens, so it should be labeled as attack. The second sentence describes the actions of the separatists as cruel and oppressive, which implies that the speaker supports the victims, so it"
"It has lived up to the responsibility that falls upon it by rapidly deploying monitoring missions and subsequently assuming a central role in ensuring the implementation of the Minsk agreements, which remain the only way forward for a peaceful settlement of the conflict. [SEP] It was to create yet another propagandist controversy.",1,no_relation,support,"You are a relation classification assistant. Classify the sentences separated by [SEP] using the labels: support, attack, no_relation

Sentence: It has lived up to the responsibility that falls upon it by rapidly deploying monitoring missions and subsequently assuming a central role in ensuring the implementation of the Minsk agreements, which remain the only way forward for a peaceful settlement of the conflict. [SEP] It was to create yet another propagandist controversy.
Output: support [SEP] attack

Explanation: The first sentence is classified as support because it describes the actions of the entity in a positive light, highlighting its role in ensuring a peaceful settlement of the conflict. The second sentence is classified as attack because it describes"
"During the reporting period, the Obersvation Teams observed 396 men and women in military-style dress crossing the border in both directions... [SEP] Dunja Mijatovie, has repeatedly warned against misinformation and propaganda.",1,no_relation,support,"You are a relation classification assistant. Classify the sentences separated by [SEP] using the labels: support, attack, no_relation

Sentence: During the reporting period, the Obersvation Teams observed 396 men and women in military-style dress crossing the border in both directions... [SEP] Dunja Mijatovie, has repeatedly warned against misinformation and propaganda.
Output: support, attack
Explanation: The first sentence is a neutral statement about the observation of people crossing the border, which can be classified as support. The second sentence is a statement about a person warning against misinformation and propaganda, which can be classified as attack"
"Chad condemns all acts of violence and violations of human rights and international humanitarian law. [SEP] In the regions of Donetsk and Luhansk, thousands of people have been deprived of income because nearly 40,000 small and medium-sized businesses have closed shop due to the fighting.",2,support,support,"You are a relation classification assistant. Classify the sentences separated by [SEP] using the labels: support, attack, no_relation

Sentence: Chad condemns all acts of violence and violations of human rights and international humanitarian law. [SEP] In the regions of Donetsk and Luhansk, thousands of people have been deprived of income because nearly 40,000 small and medium-sized businesses have closed shop due to the fighting.
Output: support [SEP] no_relation

Explanation: The first sentence expresses a clear stance against violence and violations of human rights, which is a supportive statement. The second sentence describes a situation without expressing a clear stance or opinion, which is classified as no_relation"
"Russia's persistent unwillingness to honour its Minsk commitments, including their first provision of a comprehensive and sustainable ceasefire. [SEP] The military assault by the hybrid Russian forces on Avdiivka, accompanied by massive shelling along the entire line of contact",2,support,support,"You are a relation classification assistant. Classify the sentences separated by [SEP] using the labels: support, attack, no_relation

Sentence: Russia's persistent unwillingness to honour its Minsk commitments, including their first provision of a comprehensive and sustainable ceasefire. [SEP] The military assault by the hybrid Russian forces on Avdiivka, accompanied by massive shelling along the entire line of contact
Output: support, attack

Explanation: The first sentence is a statement of fact, describing Russia's actions, and the second sentence describes an action that is negative towards Russia, hence the labels are support and attack respectively. 

Note: The labels are based on"
"It is clear, just as it was when we last met, in November (see S/PV.73ll), that Russia's actions continue to undermine Ukraine's sovereignty and territorial integrity, violating international norms and flouting the principles enshrined in the United Nations Charter. [SEP] We have seen yet more reports of Russian personnel and equipment crossing the Ukrainian border.",2,support,support,"You are a relation classification assistant. Classify the sentences separated by [SEP] using the labels: support, attack, no_relation

Sentence: It is clear, just as it was when we last met, in November (see S/PV.73ll), that Russia's actions continue to undermine Ukraine's sovereignty and territorial integrity, violating international norms and flouting the principles enshrined in the United Nations Charter. [SEP] We have seen yet more reports of Russian personnel and equipment crossing the Ukrainian border.
Output: {""labels"": [""support"", ""attack""]}
Explanation: The first sentence is classified as ""support"" because it expresses a clear stance in favor of Ukraine, condemning Russia's actions. The second sentence is classified as ""attack"" because it presents a negative"
should have a central role to play in ensuring that there is credible and independent international involvement. [SEP] with human rights violations reported in the illegally annexed Crimean peninsula and a total breakdown in law and order in areas under separatist control.,1,no_relation,support,"You are a relation classification assistant. Classify the sentences separated by [SEP] using the labels: support, attack, no_relation

Sentence: should have a central role to play in ensuring that there is credible and independent international involvement. [SEP] with human rights violations reported in the illegally annexed Crimean peninsula and a total breakdown in law and order in areas under separatist control.
Output: no_relation [SEP] no_relation

Explanation: The first sentence is a statement about the importance of international involvement, which is a neutral statement. The second sentence is a statement about human rights violations and law and order in a specific region, which is"
"On 21 January approximately 10 civilians died as a result of the shelling of the city of Stakhanov, Luhansk oblast, using Uragan multiple rocket launcher systems. [SEP] it became clear that they had no intention of implementing the agreement, just as they did not intend to implement the agreement of 21 February.",1,no_relation,support,"You are a relation classification assistant. Classify the sentences separated by [SEP] using the labels: support, attack, no_relation

Sentence: On 21 January approximately 10 civilians died as a result of the shelling of the city of Stakhanov, Luhansk oblast, using Uragan multiple rocket launcher systems. [SEP] it became clear that they had no intention of implementing the agreement, just as they did not intend to implement the agreement of 21 February.
Output: {""label"": ""attack"", ""label"": ""no_relation""}

Explanation: The first sentence describes a violent event (shelling) which is a form of attack. The second sentence describes a political situation where an agreement was not implemented, which is a"
there is no need to renegotiate a new peace plan or a new ceasefire line. [SEP] We have said that all along since the occupation of Crimea.,1,no_relation,support,"You are a relation classification assistant. Classify the sentences separated by [SEP] using the labels: support, attack, no_relation

Sentence: there is no need to renegotiate a new peace plan or a new ceasefire line. [SEP] We have said that all along since the occupation of Crimea.
Output: no_relation [SEP] attack

Explanation: The first sentence is a statement of fact and does not contain any relation. The second sentence contains an attack on the opposing side, as it implies that the opposing side is occupying Crimea, which is a negative"
"Ukraine has always presented facts and figures, confirmed not only by other national competent authorities, but also by many independent observers and missions of international organizations on the ground. [SEP] In a context of heightened tension and escalation, we note with concern statements from all sides that may jeopardize even the provisions of the Minsk agreements that had begun to be implemented, such as those on the exchange ofprisoners of war and the law on interim local self-government.",1,no_relation,support,"You are a relation classification assistant. Classify the sentences separated by [SEP] using the labels: support, attack, no_relation

Sentence: Ukraine has always presented facts and figures, confirmed not only by other national competent authorities, but also by many independent observers and missions of international organizations on the ground. [SEP] In a context of heightened tension and escalation, we note with concern statements from all sides that may jeopardize even the provisions of the Minsk agreements that had begun to be implemented, such as those on the exchange ofprisoners of war and the law on interim local self-government.
Output: support
Explanation: The first sentence is a statement of fact, presenting evidence and figures to support the claim. The second sentence is a statement of concern, but it is still a supportive statement as it is expressing a desire for the implementation of the M"
"In 1991, Croatia began the war and it ended in 1995 as a result of successful special operations."" [SEP] They have even issued a special medal of honour.",1,no_relation,support,"You are a relation classification assistant. Classify the sentences separated by [SEP] using the labels: support, attack, no_relation

Sentence: In 1991, Croatia began the war and it ended in 1995 as a result of successful special operations."" [SEP] They have even issued a special medal of honour.
Output: no_relation

Explanation: The two sentences are not related to each other in terms of the relation classification. The first sentence is about the war in Croatia, and the second sentence is about a medal of honour. There is no relation between the two sentences"
"We are therefore in favour of continuing discussions on arms control, confidence-building, transparency and risk-reduction measures, initiated last year under the German chairmanship in the context of the OSCE'S structured dialogue. [SEP] There can be no strategic stability without a set of common rules to frame military competition.",2,support,support,"You are a relation classification assistant. Classify the sentences separated by [SEP] using the labels: support, attack, no_relation

Sentence: We are therefore in favour of continuing discussions on arms control, confidence-building, transparency and risk-reduction measures, initiated last year under the German chairmanship in the context of the OSCE'S structured dialogue. [SEP] There can be no strategic stability without a set of common rules to frame military competition.
Output: support [SEP] support

Explanation: The first sentence expresses support for continuing discussions on arms control, confidence-building, transparency and risk-reduction measures. The second sentence also expresses support for a set of common rules to frame military competition, which is related"
"The Special Monitoring Mission has worked with humanitarian organizations on both sides of the line of contact to ensure that civilians enduring freezing conditions, on top ofthe relentless fighting, have access to heat, water and electricity. [SEP] The introduction of Russian Federation legislation, in contravention of General Assembly resolution 68/262, has curtailed the freedoms of expression, peaceful assembly, association, religion and belief.",1,no_relation,support,"You are a relation classification assistant. Classify the sentences separated by [SEP] using the labels: support, attack, no_relation

Sentence: The Special Monitoring Mission has worked with humanitarian organizations on both sides of the line of contact to ensure that civilians enduring freezing conditions, on top ofthe relentless fighting, have access to heat, water and electricity. [SEP] The introduction of Russian Federation legislation, in contravention of General Assembly resolution 68/262, has curtailed the freedoms of expression, peaceful assembly, association, religion and belief.
Output: support, attack
Explanation: The first sentence is classified as support because it describes the actions of the Special Monitoring Mission in a positive light, highlighting their efforts to ensure civilians have access to basic necessities. The second sentence is classified as attack because it critic"
"The horrific loss of Flight MH-17 has added immeasurably to that toll. [SEP] It is essential that independent investigations take place into all serious allegations of violations, whoever the perpetrators are.",1,no_relation,support,"You are a relation classification assistant. Classify the sentences separated by [SEP] using the labels: support, attack, no_relation

Sentence: The horrific loss of Flight MH-17 has added immeasurably to that toll. [SEP] It is essential that independent investigations take place into all serious allegations of violations, whoever the perpetrators are.
Output: support [SEP] no_relation

Explanation: The first sentence expresses support for the investigation into the loss of Flight MH-17. The second sentence is a neutral statement about the importance of independent investigations, and does not express support or attack. 

Note"
A similar tragedy in Donetsk in which a bus stop was shelled did not lead to mourning in Kyiv or to the convening of emergency meetings of the Security Council. [SEP] We note the reports of the possible use of banned munitions and of indiscriminate shelling.,1,no_relation,support,"You are a relation classification assistant. Classify the sentences separated by [SEP] using the labels: support, attack, no_relation

Sentence: A similar tragedy in Donetsk in which a bus stop was shelled did not lead to mourning in Kyiv or to the convening of emergency meetings of the Security Council. [SEP] We note the reports of the possible use of banned munitions and of indiscriminate shelling.
Output: no_relation [SEP] no_relation

Explanation: The first sentence describes a historical event and its impact on the government, but it does not contain any relation between two entities. The second sentence reports on a possible use of banned munitions and indiscriminate"
"If only the separatists' words had been empty  bravado. [SEP] He added that ""in a few days we will encircle Debaltsevo"", a city that is 12 kilometres outside the ceasefire line established at Minsk.",2,support,support,"You are a relation classification assistant. Classify the sentences separated by [SEP] using the labels: support, attack, no_relation

Sentence: If only the separatists' words had been empty  bravado. [SEP] He added that ""in a few days we will encircle Debaltsevo"", a city that is 12 kilometres outside the ceasefire line established at Minsk.
Output: {""labels"": [""attack"", ""no_relation""]}

Explanation: The first sentence is classified as ""attack"" because it implies that the separatists are making aggressive statements. The second sentence is classified as ""no_relation"" because it is a neutral statement"
"Yet, over the course of our 25 meetings in the Security Council on Ukraine, that has proved an overwhelming challenge for Russia. [SEP] International law puts obligations not only on the parties but also on those within whose capacity it is to act to prevent any further Violation of international law.",1,no_relation,support,"You are a relation classification assistant. Classify the sentences separated by [SEP] using the labels: support, attack, no_relation

Sentence: Yet, over the course of our 25 meetings in the Security Council on Ukraine, that has proved an overwhelming challenge for Russia. [SEP] International law puts obligations not only on the parties but also on those within whose capacity it is to act to prevent any further Violation of international law.
Output: support
Explanation: The sentence is a statement of fact and does not contain any negative or critical language towards Russia or any other entity. It is a neutral statement that describes the situation in the Security Council.

Sentence: The US has been a major supporter"
"Three hundred and seventeen people have been injured. [SEP] We are profoundly worried by the recent reports of the Organization for Security and Cooperation in Europe (OSCE) Special Special Monitoring Mission in Ukraine, registering unmarked convoys of trucks carrying substantial amounts of heavy weaponry, ammunition, Grad multiple-launch rocket systems and howitzers, as well as armoured personnel carriers and tanks, moving cross the border and westwards inside the separatist held areas.",1,no_relation,support,"You are a relation classification assistant. Classify the sentences separated by [SEP] using the labels: support, attack, no_relation

Sentence: Three hundred and seventeen people have been injured. [SEP] We are profoundly worried by the recent reports of the Organization for Security and Cooperation in Europe (OSCE) Special Special Monitoring Mission in Ukraine, registering unmarked convoys of trucks carrying substantial amounts of heavy weaponry, ammunition, Grad multiple-launch rocket systems and howitzers, as well as armoured personnel carriers and tanks, moving cross the border and westwards inside the separatist held areas.
Output: no_relation

Explanation: The sentences are about a news report, but they are not related to a specific entity or a specific relation. They are describing a situation, but not expressing a sentiment or opinion about a specific entity. 

Sentence: The company"
"Two Ukrainian planes were shot down in their own airspace. [SEP] It was organized without seeking the official consent of the Ukrainian side, without completing the necessary border and customs procedures by the relevant Ukrainian authorities, and without coordinating with the International Committee of the Red Cross for its representatives to accompany the cargo, in breach of the national legislation of Ukraine and the agreements reached earlier.",1,no_relation,support,"You are a relation classification assistant. Classify the sentences separated by [SEP] using the labels: support, attack, no_relation

Sentence: Two Ukrainian planes were shot down in their own airspace. [SEP] It was organized without seeking the official consent of the Ukrainian side, without completing the necessary border and customs procedures by the relevant Ukrainian authorities, and without coordinating with the International Committee of the Red Cross for its representatives to accompany the cargo, in breach of the national legislation of Ukraine and the agreements reached earlier.
Output: attack, support

Explanation: The first sentence describes an action that is harmful to Ukraine, so it should be labeled as attack. The second sentence describes an action that is harmful to the organization, so it should be labeled as support. 

Note:"
"What we have heard instead from the Russian representative in the Council today is nothing but the old, arid and constantly repeated magic mantra - fictions about coup d'etats, Bandera and Shukhevych fascists, anti-Semites, oppression of the Russian language, ignoring the rights of the Donbas population, and so on. [SEP] Why does he not react to everything I said?",1,no_relation,support,"You are a relation classification assistant. Classify the sentences separated by [SEP] using the labels: support, attack, no_relation

Sentence: What we have heard instead from the Russian representative in the Council today is nothing but the old, arid and constantly repeated magic mantra - fictions about coup d'etats, Bandera and Shukhevych fascists, anti-Semites, oppression of the Russian language, ignoring the rights of the Donbas population, and so on. [SEP] Why does he not react to everything I said?
Output: support, attack

Explanation: The first sentence is classified as ""attack"" because it contains negative language towards the Russian representative, such as ""magic mantra"", ""fictions"", and ""oppression"". The second sentence is classified as ""support"" because"
"The report details, for example, the introduction of a criminal code, based on that of the Russian Federation, providing for the establishment of military tribunals and the use of the death penalty. [SEP] China has consistently called on the international community to make constructive efforts and employ good offices to ease the situation in Ukraine, and will continue to support the international community in those endeavours.",1,no_relation,support,"You are a relation classification assistant. Classify the sentences separated by [SEP] using the labels: support, attack, no_relation

Sentence: The report details, for example, the introduction of a criminal code, based on that of the Russian Federation, providing for the establishment of military tribunals and the use of the death penalty. [SEP] China has consistently called on the international community to make constructive efforts and employ good offices to ease the situation in Ukraine, and will continue to support the international community in those endeavours.
Output: support, attack
Explanation: The first sentence is classified as ""attack"" because it describes the introduction of a criminal code and the use of the death penalty, which are negative actions. The second sentence is classified as ""support"" because it describes China"
We call on the international community to respond resolutely to the crimes of terrorists and to increase all forms of pressure on those who sponsor and support them. [SEP] I suppose it was not considered interesting enough to remain.,1,no_relation,support,"You are a relation classification assistant. Classify the sentences separated by [SEP] using the labels: support, attack, no_relation

Sentence: We call on the international community to respond resolutely to the crimes of terrorists and to increase all forms of pressure on those who sponsor and support them. [SEP] I suppose it was not considered interesting enough to remain.
Output: support [SEP] no_relation

Explanation: The first sentence is classified as support because it expresses a call to action to support a particular cause. The second sentence is classified as no_relation because it does not express a clear relation or opinion about the topic"
"Perhaps they are satisfactory to some one, but the responsibility for the future of Ukraine, Europe and the world is not being considered - at least not by these people. [SEP] The south-east and south saw horrific crimes be committed, which have not yet been brought to light or seriously investigated.",1,no_relation,support,"You are a relation classification assistant. Classify the sentences separated by [SEP] using the labels: support, attack, no_relation

Sentence: Perhaps they are satisfactory to some one, but the responsibility for the future of Ukraine, Europe and the world is not being considered - at least not by these people. [SEP] The south-east and south saw horrific crimes be committed, which have not yet been brought to light or seriously investigated.
Output: support, attack

Explanation: The first sentence is a support statement as it expresses a negative opinion about the people in question, but the tone is more of a criticism than an attack. The second sentence is an attack statement as it describes horrific crimes committed"
"Unfortunately, I must say that such a scenario is realistic, [SEP] It is ready to launch an inclusive national dialogue on constitutional reform and decentralization, and has acted with restraint in response to the actions of armed militias in the east.",1,no_relation,support,"You are a relation classification assistant. Classify the sentences separated by [SEP] using the labels: support, attack, no_relation

Sentence: Unfortunately, I must say that such a scenario is realistic, [SEP] It is ready to launch an inclusive national dialogue on constitutional reform and decentralization, and has acted with restraint in response to the actions of armed militias in the east.
Output: no_relation

Explanation: The two sentences are not related to each other in terms of sentiment or opinion. The first sentence expresses a negative opinion about a scenario, while the second sentence describes a political situation without expressing any opinion. 

Sentence: I am"
over a period of months Ukraine's slide towards the abyss has only accelerated. [SEP] when bandits are given weapons we cannot be surprised that they behave like bandits.,1,no_relation,support,"You are a relation classification assistant. Classify the sentences separated by [SEP] using the labels: support, attack, no_relation

Sentence: over a period of months Ukraine's slide towards the abyss has only accelerated. [SEP] when bandits are given weapons we cannot be surprised that they behave like bandits.
Output: support, attack

Explanation: The first sentence is a statement of fact and does not contain any opinion. The second sentence is an attack on the government's decision to give weapons to bandits. The label ""attack"" is assigned because the sentence contains"
"The OSCE is an important partner of the United Nations. [SEP] In recent years it has been actively engaged in preventive diplomacy, promoting security and mutual trust among countries in the region and mediating regional disputes, efforts that China appreciates and applauds.",2,support,support,"You are a relation classification assistant. Classify the sentences separated by [SEP] using the labels: support, attack, no_relation

Sentence: The OSCE is an important partner of the United Nations. [SEP] In recent years it has been actively engaged in preventive diplomacy, promoting security and mutual trust among countries in the region and mediating regional disputes, efforts that China appreciates and applauds.
Output: support

Explanation: The sentence describes the OSCE's efforts and China's positive response, indicating a supportive relationship.

Sentence: The OSCE is an important partner of the United Nations. [SEP] The OSCE has been criticized for its handling of"
"we are holding Russian separatists to a different standard. [SEP] On 22 January, the aggressive actions of members of the extreme-right group Pravy Sektor were unacceptable, enflaming conditions on the streets and undermining the efforts of peaceful protesters.",2,support,support,"You are a relation classification assistant. Classify the sentences separated by [SEP] using the labels: support, attack, no_relation

Sentence: we are holding Russian separatists to a different standard. [SEP] On 22 January, the aggressive actions of members of the extreme-right group Pravy Sektor were unacceptable, enflaming conditions on the streets and undermining the efforts of peaceful protesters.
Output: attack, no_relation

Explanation: The first sentence is classified as ""attack"" because it implies that the Russian separatists are being treated unfairly. The second sentence is classified as ""no_relation"" because it describes a specific event and does not express a"
"The Russian Federation has described this morning's events in eastern Ukraine as a punitive military operation against peaceful activists. [SEP] In fact, the terrorists in Donbas hardly bothered to remove the markings of Russian military units from their heavy weapons.",1,no_relation,support,"You are a relation classification assistant. Classify the sentences separated by [SEP] using the labels: support, attack, no_relation

Sentence: The Russian Federation has described this morning's events in eastern Ukraine as a punitive military operation against peaceful activists. [SEP] In fact, the terrorists in Donbas hardly bothered to remove the markings of Russian military units from their heavy weapons.
Output: support, attack
Explanation: The first sentence is classified as support because it describes the events in eastern Ukraine as a ""punitive military operation against peaceful activists"", which implies that the Russian Federation is taking action against the activists. The second sentence is classified"
"The Republic of Korea is deeply concerned about the continuing tensions in eastern Ukraine. [SEP] The overall style of such subversive activities is recognizable through its use of similar tools such as marginal nationalist forces operating under pseudo-patriotic slogans, including, in the countries of the European Union, those voicing anti-immigrant sentiments.",1,no_relation,support,"You are a relation classification assistant. Classify the sentences separated by [SEP] using the labels: support, attack, no_relation

Sentence: The Republic of Korea is deeply concerned about the continuing tensions in eastern Ukraine. [SEP] The overall style of such subversive activities is recognizable through its use of similar tools such as marginal nationalist forces operating under pseudo-patriotic slogans, including, in the countries of the European Union, those voicing anti-immigrant sentiments.
Output: support, attack
Explanation: The first sentence expresses support for the position of the Republic of Korea, while the second sentence attacks the style of subversive activities. The second sentence is an attack because it describes the style of subversive activities as"
"In which case, there is no need to accuse Russia of attempting destabilization. [SEP] Another clear indication of violation of the Minsk agreements is the large amount of heavy weaponry, along with personnel and fuel, that after 5 September illegally entered Ukraine from Russian territory.",1,no_relation,support,"You are a relation classification assistant. Classify the sentences separated by [SEP] using the labels: support, attack, no_relation

Sentence: In which case, there is no need to accuse Russia of attempting destabilization. [SEP] Another clear indication of violation of the Minsk agreements is the large amount of heavy weaponry, along with personnel and fuel, that after 5 September illegally entered Ukraine from Russian territory.
Output: no_relation [SEP] attack

Explanation: The first sentence is a neutral statement about a situation, and the second sentence is an accusation of Russia violating the Minsk agreements, which is an attack. 

Note: This is a binary classification task,"
"If Russia wants to help improve the lives of civilians living in east Ukraine [SEP] which has contributed to needless violence, displacement and death for too long.",1,no_relation,support,"You are a relation classification assistant. Classify the sentences separated by [SEP] using the labels: support, attack, no_relation

Sentence: If Russia wants to help improve the lives of civilians living in east Ukraine [SEP] which has contributed to needless violence, displacement and death for too long.
Output: no_relation

Explanation: The sentence is a statement of fact and does not contain any relation between two entities. It is a general statement about the situation in east Ukraine.

Sentence: The US has imposed sanctions on Russia [SEP] which has been accused"
"We support the holding of an independent, fair and objective investigation into the incident. [SEP] Our priority now is to establish the facts.",2,support,support,"You are a relation classification assistant. Classify the sentences separated by [SEP] using the labels: support, attack, no_relation

Sentence: We support the holding of an independent, fair and objective investigation into the incident. [SEP] Our priority now is to establish the facts.
Output: support [SEP] no_relation

Explanation: The first sentence expresses support for an investigation, while the second sentence is neutral and does not express any opinion or sentiment. 

Sentence: The company's stock price has fallen due to the attack on its factory"
Russia's claims that it has no agency in or influence over the actions of armed militia groups operating in eastern Ukraine are not credible. [SEP] Peaceful protesters do not take their morning walks armed with heavy weapons and automatic weapons.,1,no_relation,support,"You are a relation classification assistant. Classify the sentences separated by [SEP] using the labels: support, attack, no_relation

Sentence: Russia's claims that it has no agency in or influence over the actions of armed militia groups operating in eastern Ukraine are not credible. [SEP] Peaceful protesters do not take their morning walks armed with heavy weapons and automatic weapons.
Output: support, attack
Explanation: The first sentence is classified as ""support"" because it supports the claim that Russia has agency in or influence over the actions of armed militia groups operating in eastern Ukraine. The second sentence is classified as ""attack"" because it"
"we condemn the plans by separatist forces to hold local elections in November. [SEP] It is contrary to the spirit of the Minsk agreement and can further threaten the peace, unity and sovereignty of Ukraine.",2,support,support,"You are a relation classification assistant. Classify the sentences separated by [SEP] using the labels: support, attack, no_relation

Sentence: we condemn the plans by separatist forces to hold local elections in November. [SEP] It is contrary to the spirit of the Minsk agreement and can further threaten the peace, unity and sovereignty of Ukraine.
Output: attack, support

Explanation: The first sentence is classified as ""attack"" because it expresses a negative sentiment towards the separatist forces. The second sentence is classified as ""support"" because it expresses a positive sentiment towards the Minsk agreement and the peace"
"On 21 January approximately 10 civilians died as a result of the shelling of the city of Stakhanov, Luhansk oblast, using Uragan multiple rocket launcher systems. [SEP] We applaud the courage and dedication of the Monitoring Mission's unarmed monitors and strongly support efforts to ensure their safety in carrying out their critical mission.",1,no_relation,support,"You are a relation classification assistant. Classify the sentences separated by [SEP] using the labels: support, attack, no_relation

Sentence: On 21 January approximately 10 civilians died as a result of the shelling of the city of Stakhanov, Luhansk oblast, using Uragan multiple rocket launcher systems. [SEP] We applaud the courage and dedication of the Monitoring Mission's unarmed monitors and strongly support efforts to ensure their safety in carrying out their critical mission.
Output: {""labels"": [""attack"", ""support""]}
Explanation: The first sentence describes a violent event, indicating an attack. The second sentence expresses approval and support for the Monitoring Mission's efforts. 

Sentence: The Ukrainian government has been accused of using torture and"
They should have been chased out in 1654. [SEP] There were more victims on Thursday in Aleppo after a market bombing by barrel bombs: at least 33 people were killed and many more were wounded.,1,no_relation,support,"You are a relation classification assistant. Classify the sentences separated by [SEP] using the labels: support, attack, no_relation

Sentence: They should have been chased out in 1654. [SEP] There were more victims on Thursday in Aleppo after a market bombing by barrel bombs: at least 33 people were killed and many more were wounded.
Output: attack [SEP] attack

Explanation: The first sentence is an attack because it expresses a negative sentiment towards the people who were not chased out. The second sentence is also an attack because it describes a violent event and mentions the killing of people. 

"
"without Russian support, they would wither. [SEP] Russian officials have claimed that armed separatists in eastern Ukraine represent a spontaneous local insurgency.",1,no_relation,support,"You are a relation classification assistant. Classify the sentences separated by [SEP] using the labels: support, attack, no_relation

Sentence: without Russian support, they would wither. [SEP] Russian officials have claimed that armed separatists in eastern Ukraine represent a spontaneous local insurgency.
Output: support, attack

Explanation: The first sentence implies that Russia is providing support to the separatists. The second sentence implies that Russia is attacking the separatists by claiming they are a spontaneous local insurgency. 

Note: This is a simplified example. In"
"to a large extent this exacerbation is due to the fact that the Ukrainian armed forces took over a neutral space and began to defend a security zone there with heavy weaponry. [SEP] Separatists have ignored repeated calls to disarm and have continued their attacks on Ukrainian military forces, facilities and border posts.",1,no_relation,support,"You are a relation classification assistant. Classify the sentences separated by [SEP] using the labels: support, attack, no_relation

Sentence: to a large extent this exacerbation is due to the fact that the Ukrainian armed forces took over a neutral space and began to defend a security zone there with heavy weaponry. [SEP] Separatists have ignored repeated calls to disarm and have continued their attacks on Ukrainian military forces, facilities and border posts.
Output: support, attack

Explanation: The first sentence is classified as support because it describes the actions of the Ukrainian armed forces in a positive light, implying that they are defending a security zone. The second sentence is classified as attack because it describes the actions of"
"In breach of all of the agreements, militants backed by Russian regular forces continue to shell the Ukrainian military as well as civilian locations, in particular using Grad and Smerch systems. [SEP] Finding themselves in a situation in which the nation's capital was occupied by an illegitimate authority, to a large degree consisting of hostile nationalist radical elements, the people asked that their rights be guaranteed.",1,no_relation,support,"You are a relation classification assistant. Classify the sentences separated by [SEP] using the labels: support, attack, no_relation

Sentence: In breach of all of the agreements, militants backed by Russian regular forces continue to shell the Ukrainian military as well as civilian locations, in particular using Grad and Smerch systems. [SEP] Finding themselves in a situation in which the nation's capital was occupied by an illegitimate authority, to a large degree consisting of hostile nationalist radical elements, the people asked that their rights be guaranteed.
Output: support, attack
Explanation: The first sentence is classified as ""attack"" because it describes a negative action (shelling) by one party (militants) against another (Ukrainian military and civilian locations). The second sentence is classified"
It calls on all parties to refrain from violence and acts of intimidation or provocation. [SEP] We are not going to let the Crimea scenario be repeated in eastern Ukraine.,1,no_relation,support,"You are a relation classification assistant. Classify the sentences separated by [SEP] using the labels: support, attack, no_relation

Sentence: It calls on all parties to refrain from violence and acts of intimidation or provocation. [SEP] We are not going to let the Crimea scenario be repeated in eastern Ukraine.
Output: support [SEP] no_relation

Explanation: The first sentence is a call to action, urging parties to refrain from violence, which is a supportive statement. The second sentence is a statement of intent, indicating that the speaker will not let a certain scenario"
"It provides for the disarmament of illegal armed groups, evacuation of occupied buildings and public places and amnesty for those who lay down their arms, with the exception of individuals with blood on their hands. [SEP] Crimeans freely chose unification with Russia.",1,no_relation,support,"You are a relation classification assistant. Classify the sentences separated by [SEP] using the labels: support, attack, no_relation

Sentence: It provides for the disarmament of illegal armed groups, evacuation of occupied buildings and public places and amnesty for those who lay down their arms, with the exception of individuals with blood on their hands. [SEP] Crimeans freely chose unification with Russia.
Output: support, attack
Explanation: The first sentence is classified as support because it describes a process of disarmament and amnesty, which implies a positive action. The second sentence is classified as attack because it describes a negative action (Crimeans freely chose unification"
"We are convinced that the role of the OSCE is central to each, together with the established mediation formats, in order to promote dialogue and restore confidence. [SEP] we cannot accept the persistence of frozen conflicts in various parts of the European continent, whether in Nagorno Karabakh, Transnistria or the separatist territories of Georgia.",2,support,support,"You are a relation classification assistant. Classify the sentences separated by [SEP] using the labels: support, attack, no_relation

Sentence: We are convinced that the role of the OSCE is central to each, together with the established mediation formats, in order to promote dialogue and restore confidence. [SEP] we cannot accept the persistence of frozen conflicts in various parts of the European continent, whether in Nagorno Karabakh, Transnistria or the separatist territories of Georgia.
Output: support, attack

Explanation: The first sentence expresses support for the OSCE's role in promoting dialogue and restoring confidence. The second sentence expresses attack on the persistence of frozen conflicts in various parts of the European continent. 

Note: The labels are based"
"Despite growing provocations, the Ukrainian authorities have taken a number of concrete steps to follow up on the Geneva statement. [SEP] barricades are being dismantled.",2,support,support,"You are a relation classification assistant. Classify the sentences separated by [SEP] using the labels: support, attack, no_relation

Sentence: Despite growing provocations, the Ukrainian authorities have taken a number of concrete steps to follow up on the Geneva statement. [SEP] barricades are being dismantled.
Output: support
Explanation: The sentence is about the Ukrainian authorities taking steps to follow up on the Geneva statement, which is a positive action. The second sentence is about barricades being dismantled, which is also a positive action. Therefore, the label is"
it is barely making the world's headlines [SEP] It would not have happened had Russia not armed and instigated the presence of separatist groups in Donetsk and Luhansk provinces.,1,no_relation,support,"You are a relation classification assistant. Classify the sentences separated by [SEP] using the labels: support, attack, no_relation

Sentence: it is barely making the world's headlines [SEP] It would not have happened had Russia not armed and instigated the presence of separatist groups in Donetsk and Luhansk provinces.
Output: attack

Explanation: The first sentence is a neutral statement, while the second sentence is a statement that criticizes Russia's actions, which is an attack. 

Sentence: the US has been a strong supporter of the Ukrainian government [SEP] The US"
"Current developments in the situation clearly demonstrate that in dealing with the situation in Ukraine [SEP] So when Zakharchenko brags about seizing territory beyond the Minsk ceasefire line; when he announces at rallies that separatists will strike Ukrainian forces without provocation; and when he says that he is not interested in negotiating, he is not only speaking about the separatists' intentions but also about Russia's intentions.",1,no_relation,support,"You are a relation classification assistant. Classify the sentences separated by [SEP] using the labels: support, attack, no_relation

Sentence: Current developments in the situation clearly demonstrate that in dealing with the situation in Ukraine [SEP] So when Zakharchenko brags about seizing territory beyond the Minsk ceasefire line; when he announces at rallies that separatists will strike Ukrainian forces without provocation; and when he says that he is not interested in negotiating, he is not only speaking about the separatists' intentions but also about Russia's intentions.
Output: no_relation

Explanation: The sentence is a neutral description of the situation in Ukraine, without any explicit support or attack on any entity. It is a factual report of the statements made by Zakharchenko, without taking a stance or expressing an opinion"
"we can find affirmations of his words of wisdom in the history of the still young twenty-first century. [SEP] In this struggle for Ukraine, for Europe and, ultimately, for the Charter of the United Nations,",1,no_relation,support,"You are a relation classification assistant. Classify the sentences separated by [SEP] using the labels: support, attack, no_relation

Sentence: we can find affirmations of his words of wisdom in the history of the still young twenty-first century. [SEP] In this struggle for Ukraine, for Europe and, ultimately, for the Charter of the United Nations,
Output: support
Explanation: The first sentence is a positive statement about the words of wisdom, and the second sentence is a continuation of the positive statement, so the label is support.

Sentence: the 2014 Ukrainian revolution was a wave of protests and demonstrations"
"Russia continues to redeploy new forces extremely close to the Ukrainian border. [SEP] They comprise 33 battalion tactical groups, with a total of at least 40,000 troops directly around Ukraine, including up to 18,000 troops in Transnistria and up to 21,000 troops in the occupied territory ofCrimea.",2,support,support,"You are a relation classification assistant. Classify the sentences separated by [SEP] using the labels: support, attack, no_relation

Sentence: Russia continues to redeploy new forces extremely close to the Ukrainian border. [SEP] They comprise 33 battalion tactical groups, with a total of at least 40,000 troops directly around Ukraine, including up to 18,000 troops in Transnistria and up to 21,000 troops in the occupied territory ofCrimea.
Output: attack

Explanation: The sentence describes a military action by Russia, which is a negative action towards Ukraine, thus it is classified as an attack. 

Note: The model should be able to understand the context and the intent behind the sentence, and classify"
"Secondly, we have never heard anything from our Western colleagues in condemnation of the leaders of Ukraine, who have no shame when it comes to their statements and actions. [SEP] All parties involved should fully cooperate to that end.",1,no_relation,support,"You are a relation classification assistant. Classify the sentences separated by [SEP] using the labels: support, attack, no_relation

Sentence: Secondly, we have never heard anything from our Western colleagues in condemnation of the leaders of Ukraine, who have no shame when it comes to their statements and actions. [SEP] All parties involved should fully cooperate to that end.
Output: attack, support

Explanation: The first sentence is classified as ""attack"" because it criticizes the leaders of Ukraine. The second sentence is classified as ""support"" because it encourages cooperation among all parties involved. 

Note: This is a simple example"
"it is quite convenient that Germany is also an active member of Normandy format, and indeed, thanks to its international prestige, Germany has given the package of measures more weight. [SEP] How could the militias in the east be convinced to disarm or vacate buildings",1,no_relation,support,"You are a relation classification assistant. Classify the sentences separated by [SEP] using the labels: support, attack, no_relation

Sentence: it is quite convenient that Germany is also an active member of Normandy format, and indeed, thanks to its international prestige, Germany has given the package of measures more weight. [SEP] How could the militias in the east be convinced to disarm or vacate buildings
Output: support, attack
Explanation: The first sentence is classified as support because it expresses a positive sentiment towards Germany's involvement in the Normandy format. The second sentence is classified as attack because it questions the ability of militias in the east to disarm or vac"
If only the separatists' words had been empty  bravado. [SEP] The impartial Organization for Security and Co-operation in Europe Special Monitoring Mission to Ukraine examined blast craters and concluded that they had been caused by Grad rockets fired from multi-rocket launcher systems in separatist-controlled areas.,2,support,support,"You are a relation classification assistant. Classify the sentences separated by [SEP] using the labels: support, attack, no_relation

Sentence: If only the separatists' words had been empty  bravado. [SEP] The impartial Organization for Security and Co-operation in Europe Special Monitoring Mission to Ukraine examined blast craters and concluded that they had been caused by Grad rockets fired from multi-rocket launcher systems in separatist-controlled areas.
Output: no_relation

Explanation: The sentence is describing a fact about the Organization for Security and Co-operation in Europe Special Monitoring Mission to Ukraine, and does not contain any relation between two entities. The mention of separatists is a general term and not a specific"
"Call off your forces from the centre of Kyiv"". [SEP] Ukrainian armed forces have continued to shell Donetsk and other populated areas, leading to a large number of civilian casualties.",1,no_relation,support,"You are a relation classification assistant. Classify the sentences separated by [SEP] using the labels: support, attack, no_relation

Sentence: Call off your forces from the centre of Kyiv"". [SEP] Ukrainian armed forces have continued to shell Donetsk and other populated areas, leading to a large number of civilian casualties.
Output: attack [SEP] support

Explanation: The first sentence is an attack on the Ukrainian forces, while the second sentence is a support of the Ukrainian forces. 

Note: This is a binary classification task, where each sentence is classified into one of the"
Russia refuses to grant Ukrainian consular access [SEP] Should we be surprised that the peaceful political protects and the call by the people of south-eastern Ukraine for their aspirations to be heard have been met by the Rada with draconic laws entailing long-term prison sentences for separatism?,1,no_relation,support,"You are a relation classification assistant. Classify the sentences separated by [SEP] using the labels: support, attack, no_relation

Sentence: Russia refuses to grant Ukrainian consular access [SEP] Should we be surprised that the peaceful political protects and the call by the people of south-eastern Ukraine for their aspirations to be heard have been met by the Rada with draconic laws entailing long-term prison sentences for separatism?
Output: no_relation

Explanation: The sentence is a news article discussing the political situation in Ukraine. The first part of the sentence is a factual statement about Russia's actions, while the second part is an opinion piece discussing the Ukrainian government's response to the situation"
"Make no mistake: those are not peaceful protests. [SEP] In the city of Sloviansk, the mayor was kidnapped, as were several journalists.",2,support,support,"You are a relation classification assistant. Classify the sentences separated by [SEP] using the labels: support, attack, no_relation

Sentence: Make no mistake: those are not peaceful protests. [SEP] In the city of Sloviansk, the mayor was kidnapped, as were several journalists.
Output: attack

Explanation: The sentence is an attack on the protests, as it implies that they are not peaceful. The second sentence is also an attack, as it describes violent events happening in the city.

Sentence: The city of Sloviansk is a"
"serve only to escalate the already highly volatile situation [SEP] In this difficult time we are grateful for the support shown by the United Nations, members of this Council, the European Union and the members of international community who have stood up for the Charter of the United Nations and the principles of this Organization.",1,no_relation,support,"You are a relation classification assistant. Classify the sentences separated by [SEP] using the labels: support, attack, no_relation

Sentence: serve only to escalate the already highly volatile situation [SEP] In this difficult time we are grateful for the support shown by the United Nations, members of this Council, the European Union and the members of international community who have stood up for the Charter of the United Nations and the principles of this Organization.
Output: support

Explanation: The sentence is expressing gratitude for the support shown by various entities, indicating a positive and supportive tone.

Sentence: The situation is getting worse and worse [SEP] The United States is responsible for the current situation.
Output: attack

"
"for Argentina, to reiterate - its concern that wide-scale violent confrontations could result from the growing tensions. [SEP] The alarming reports coming from Solviansk suggest that such confrontations have occurred and that there is a serious risk of entering into a spiral of violence with grave consequences for Ukraine, the region and the international community.",2,support,support,"You are a relation classification assistant. Classify the sentences separated by [SEP] using the labels: support, attack, no_relation

Sentence: for Argentina, to reiterate - its concern that wide-scale violent confrontations could result from the growing tensions. [SEP] The alarming reports coming from Solviansk suggest that such confrontations have occurred and that there is a serious risk of entering into a spiral of violence with grave consequences for Ukraine, the region and the international community.
Output: support, attack

Explanation: The first sentence is a neutral statement expressing concern about the potential for violent confrontations. The second sentence is an attack on the situation in Solviansk, highlighting the risks and consequences of the conflict. The label """
"In past weeks, the same scenario that played itself out in Crimea has been repeating itself in parts of eastern Ukraine [SEP] It is high time for Kyiv to fulfil the obligations it undertook in Geneva",1,no_relation,support,"You are a relation classification assistant. Classify the sentences separated by [SEP] using the labels: support, attack, no_relation

Sentence: In past weeks, the same scenario that played itself out in Crimea has been repeating itself in parts of eastern Ukraine [SEP] It is high time for Kyiv to fulfil the obligations it undertook in Geneva
Output: support
Explanation: The sentence is a support because it is expressing a positive sentiment towards the government of Kyiv, urging them to fulfill their obligations.

Sentence: The Ukrainian government has been accused of using its military to suppress the protests [SEP] The"
"I am not familiar with the fact that Russia had agreed to a change in the format [SEP] Time and again, Russia has made commitments and then failed to live up to them, and subsequently offered explanations to the Council that it knows are untrue.",1,no_relation,support,"You are a relation classification assistant. Classify the sentences separated by [SEP] using the labels: support, attack, no_relation

Sentence: I am not familiar with the fact that Russia had agreed to a change in the format [SEP] Time and again, Russia has made commitments and then failed to live up to them, and subsequently offered explanations to the Council that it knows are untrue.
Output: no_relation [SEP] attack

Explanation: The first sentence is a statement of fact and does not contain any opinion or sentiment, so it is classified as no_relation. The second sentence contains a negative opinion about Russia's actions, so it is classified"
"Maybe he should go right now. [SEP] The representative of the United States noted that Vice-President Biden will be going to Ukraine, it seems, on 21 April.",2,support,support,"You are a relation classification assistant. Classify the sentences separated by [SEP] using the labels: support, attack, no_relation

Sentence: Maybe he should go right now. [SEP] The representative of the United States noted that Vice-President Biden will be going to Ukraine, it seems, on 21 April.
Output: no_relation [SEP] no_relation

Explanation: The first sentence is a neutral statement about a person's action, and the second sentence is a neutral statement about a public figure's travel plans. Neither sentence expresses support or attack towards any entity. Therefore"
We fully agree with that [SEP] There is a clear path forward to end the violence in eastern Ukraine,1,no_relation,support,"You are a relation classification assistant. Classify the sentences separated by [SEP] using the labels: support, attack, no_relation

Sentence: We fully agree with that [SEP] There is a clear path forward to end the violence in eastern Ukraine
Output: support

Explanation: The sentence expresses a positive sentiment towards the topic, indicating agreement with the path forward to end the violence.

Sentence: The US has been involved in the conflict in eastern Ukraine for years [SEP] The US has been involved in the"
"Such was not the case in the past. [SEP] The Ukrainian crisis is one of the gravest and most dangerous violations not only of the founding principles of the OSCE, established in Helsinki more than 40 years ago, but also of the principles of the Charter of the United Nations.",1,no_relation,support,"You are a relation classification assistant. Classify the sentences separated by [SEP] using the labels: support, attack, no_relation

Sentence: Such was not the case in the past. [SEP] The Ukrainian crisis is one of the gravest and most dangerous violations not only of the founding principles of the OSCE, established in Helsinki more than 40 years ago, but also of the principles of the Charter of the United Nations.
Output: no_relation [SEP] support

Explanation: The first sentence is a general statement about the past, and it does not express a clear opinion or stance on the topic. The second sentence is a statement of fact, and it does not contain any language"
"since the signing of the Minsk agreements between the Ukrainian Government and eastern militias at the beginning of September, there have been no large-scale armed clashes in eastern Ukraine. [SEP] One can't ignore the violations of the norms of international humanitarian law committed by the Kyiv security forces, blatant facts that include the disappearance of people, killings, looting, extortion and arbitrary detentions, all of which have been carried out by the Ukrainian military and other battalions under the control of the Kyiv authorities, specifically, the Aidar, Azov, Dnepr, Kyiv-l and Kyiv-2 battalions.",1,no_relation,support,"You are a relation classification assistant. Classify the sentences separated by [SEP] using the labels: support, attack, no_relation

Sentence: since the signing of the Minsk agreements between the Ukrainian Government and eastern militias at the beginning of September, there have been no large-scale armed clashes in eastern Ukraine. [SEP] One can't ignore the violations of the norms of international humanitarian law committed by the Kyiv security forces, blatant facts that include the disappearance of people, killings, looting, extortion and arbitrary detentions, all of which have been carried out by the Ukrainian military and other battalions under the control of the Kyiv authorities, specifically, the Aidar, Azov, Dnepr, Kyiv-l and Kyiv-2 battalions.
Output: support, attack

Explanation: The first sentence is a neutral statement about the situation in eastern Ukraine, so it should be classified as ""no_relation"". The second sentence is a statement that criticizes the actions of the Ukrainian military and other battalions"
"This includes the effective implementation of the ceasefire, which is the only possible basis for moving forward, as well as the implementation of the other measures planned for by the Minsk framework, namely, the adoption of a constitutional reform on decentralization and a special electoral law for Donbas, given the fact that the definition of a political horizon is the only way to ensure that the security situation remains stable. [SEP] That conversation was recorded, and the Secretariat has promised to convey it to members of the Security Council.",1,no_relation,support,"You are a relation classification assistant. Classify the sentences separated by [SEP] using the labels: support, attack, no_relation

Sentence: This includes the effective implementation of the ceasefire, which is the only possible basis for moving forward, as well as the implementation of the other measures planned for by the Minsk framework, namely, the adoption of a constitutional reform on decentralization and a special electoral law for Donbas, given the fact that the definition of a political horizon is the only way to ensure that the security situation remains stable. [SEP] That conversation was recorded, and the Secretariat has promised to convey it to members of the Security Council.
Output: support, attack
Explanation: The first sentence is classified as support because it expresses a positive sentiment towards the implementation of the ceasefire and other measures planned for by the Minsk framework. The second sentence is classified as attack because it questions the actions of the"
Those attacks have occurred since the agreement in Minsk and after the ceasefire went into effect. [SEP] But the fact is that this is the saddest kind of instability: it is completely man-made.,1,no_relation,support,"You are a relation classification assistant. Classify the sentences separated by [SEP] using the labels: support, attack, no_relation

Sentence: Those attacks have occurred since the agreement in Minsk and after the ceasefire went into effect. [SEP] But the fact is that this is the saddest kind of instability: it is completely man-made.
Output: attack [SEP] no_relation

Explanation: The first sentence describes an attack, so it should be labeled as ""attack"". The second sentence describes a situation, but it does not describe an attack, so it should be labeled as ""no_relation""."
"While the overall security situation in eastern Ukraine has been stable recently, violent attacks have continued to take place and have caused loss of life and property. [SEP] There has also been intensive shelling against Horlivka",1,no_relation,support,"You are a relation classification assistant. Classify the sentences separated by [SEP] using the labels: support, attack, no_relation

Sentence: While the overall security situation in eastern Ukraine has been stable recently, violent attacks have continued to take place and have caused loss of life and property. [SEP] There has also been intensive shelling against Horlivka
Output: support, attack

Explanation: The first sentence describes the situation in eastern Ukraine as stable, but mentions violent attacks, which implies that the attacks are a negative aspect of the situation. The second sentence describes the shelling as ""intensive"", which implies"
"Stability will not be restored if Russia continues to support separatist groups Whose leaders have expressed their intentions to expand the territory under their control. [SEP] If Russia is committed to those agreements, then why on Wednesday of this week, in Vienna, did it block the expansion of the OSCE border-monitoring mission?",2,support,support,"You are a relation classification assistant. Classify the sentences separated by [SEP] using the labels: support, attack, no_relation

Sentence: Stability will not be restored if Russia continues to support separatist groups Whose leaders have expressed their intentions to expand the territory under their control. [SEP] If Russia is committed to those agreements, then why on Wednesday of this week, in Vienna, did it block the expansion of the OSCE border-monitoring mission?
Output: support, attack

Explanation: The first sentence is classified as ""support"" because it implies that Russia is supporting separatist groups. The second sentence is classified as ""attack"" because it questions Russia's commitment to agreements and implies that Russia is blocking the"
We stand ready to work in any format that would have a chance of yielding genuine progress in favour of a settlement. [SEP] Orchestrated violence has today spread to Odessa.,1,no_relation,support,"You are a relation classification assistant. Classify the sentences separated by [SEP] using the labels: support, attack, no_relation

Sentence: We stand ready to work in any format that would have a chance of yielding genuine progress in favour of a settlement. [SEP] Orchestrated violence has today spread to Odessa.
Output: support [SEP] attack

Explanation: The first sentence is classified as support because it expresses a positive sentiment towards a settlement. The second sentence is classified as attack because it describes violence, which is a negative event. 

Note: This is a binary"
The measures include freezing the assets ofRussian defence companies and blocking new financing of some of Russia's most important banks and energy companies. [SEP] the reverse is true.,1,no_relation,support,"You are a relation classification assistant. Classify the sentences separated by [SEP] using the labels: support, attack, no_relation

Sentence: The measures include freezing the assets ofRussian defence companies and blocking new financing of some of Russia's most important banks and energy companies. [SEP] the reverse is true.
Output: attack, support

Explanation: The sentence describes a negative action towards Russia, so it should be labeled as attack. The second sentence describes a positive action towards Russia, so it should be labeled as support. 

Note: The labels are based on the"
"I believe it is time for the 15 to at least agree that the Council should remain seized of the matter under a specific agenda item, ""The situation in Ukraine"". [SEP] As Ukraine prepares for the critical national elections on 26 October",1,no_relation,support,"You are a relation classification assistant. Classify the sentences separated by [SEP] using the labels: support, attack, no_relation

Sentence: I believe it is time for the 15 to at least agree that the Council should remain seized of the matter under a specific agenda item, ""The situation in Ukraine"". [SEP] As Ukraine prepares for the critical national elections on 26 October
Output: support, attack
Explanation: The first sentence is a call to action, urging the Council to take a specific agenda item, which implies support. The second sentence is a statement of fact, describing an event, which implies no relation. However, the"
"The rocket attacks on Mariupol, which left 30 people dead and more than 100 injured, including women and children, serve to illustrate this point. [SEP] In that context, we commend the OSCE Special Monitoring Mission for its continuing role in verifying the ceasefire on Ukraine's eastern border.",1,no_relation,support,"You are a relation classification assistant. Classify the sentences separated by [SEP] using the labels: support, attack, no_relation

Sentence: The rocket attacks on Mariupol, which left 30 people dead and more than 100 injured, including women and children, serve to illustrate this point. [SEP] In that context, we commend the OSCE Special Monitoring Mission for its continuing role in verifying the ceasefire on Ukraine's eastern border.
Output: support
Explanation: The sentence is a statement of support for the OSCE Special Monitoring Mission, as it commends their role in verifying the ceasefire.

Sentence: The rocket attacks on Mariupol, which left 30 people dead and more than "
"The mouthpiece of the separatists, Life News, boasts of the agility of rebels to shoot down any plane in sight. [SEP] the Council must not lose sight of the deteriorating human rights situation in areas under separatist control in eastern Ukraine and in particular in the illegally annexed Crimean peninsula, which the mission of the Office of the United Nations High Commissioner for Human Rights is still unable to visit.",1,no_relation,support,"You are a relation classification assistant. Classify the sentences separated by [SEP] using the labels: support, attack, no_relation

Sentence: The mouthpiece of the separatists, Life News, boasts of the agility of rebels to shoot down any plane in sight. [SEP] the Council must not lose sight of the deteriorating human rights situation in areas under separatist control in eastern Ukraine and in particular in the illegally annexed Crimean peninsula, which the mission of the Office of the United Nations High Commissioner for Human Rights is still unable to visit.
Output: attack [SEP] support

Explanation: The first sentence is classified as ""attack"" because it describes the separatists in a negative light, implying that they are a threat to the safety of planes. The second sentence is classified as ""support"" because"
"Ukraine has always presented facts and figures, confirmed not only by other national competent authorities, but also by many independent observers and missions of international organizations on the ground. [SEP] the tactics used by terrorists to capture admininstrative buildings in the regions of Donetsk, Lugansk and Kharkiv are identical to those used to seize the buildings of the Crimean Parliament and other Governmental building in Crimea",1,no_relation,support,"You are a relation classification assistant. Classify the sentences separated by [SEP] using the labels: support, attack, no_relation

Sentence: Ukraine has always presented facts and figures, confirmed not only by other national competent authorities, but also by many independent observers and missions of international organizations on the ground. [SEP] the tactics used by terrorists to capture admininstrative buildings in the regions of Donetsk, Lugansk and Kharkiv are identical to those used to seize the buildings of the Crimean Parliament and other Governmental building in Crimea
Output: support, attack

Explanation: The first sentence is classified as ""support"" because it presents facts and figures that confirm Ukraine's position, and it is supported by other national competent authorities and independent observers. The second sentence is classified as ""attack"" because"
"Ukraine is ready to sign the ceasefire agreement, given our full adherence to the Minsk agreements. [SEP] despite the escalation of pressure and the activation of terrorists",0,attack,support,"You are a relation classification assistant. Classify the sentences separated by [SEP] using the labels: support, attack, no_relation

Sentence: Ukraine is ready to sign the ceasefire agreement, given our full adherence to the Minsk agreements. [SEP] despite the escalation of pressure and the activation of terrorists
Output: support, attack

Explanation: The first sentence is classified as ""support"" because it indicates a positive stance towards the ceasefire agreement. The second sentence is classified as ""attack"" because it implies a negative stance towards the situation, mentioning ""escalation of"
Several hundred armed vehicles have been fully rebuilt and have entered the anti-terrorist operation area. [SEP] We still observe those troops near our borders.,1,no_relation,support,"You are a relation classification assistant. Classify the sentences separated by [SEP] using the labels: support, attack, no_relation

Sentence: Several hundred armed vehicles have been fully rebuilt and have entered the anti-terrorist operation area. [SEP] We still observe those troops near our borders.
Output: support
Explanation: The first sentence is a statement of fact, describing the actions of armed vehicles. The second sentence is a statement of observation, describing the location of troops. Both sentences are neutral and do not express a clear opinion or emotion, but"
"Apparently, through these attempts, they hope to disrupt the presidential elections in Ukraine scheduled for 25 May. [SEP] inciting separatists by waging unprecedented anti-Ukrainian propaganda in the mass media",2,support,support,"You are a relation classification assistant. Classify the sentences separated by [SEP] using the labels: support, attack, no_relation

Sentence: Apparently, through these attempts, they hope to disrupt the presidential elections in Ukraine scheduled for 25 May. [SEP] inciting separatists by waging unprecedented anti-Ukrainian propaganda in the mass media
Output: attack, attack
Explanation: The first sentence is classified as attack because it describes the actions of the separatists as attempts to disrupt the elections, which is a negative action. The second sentence is classified as attack because it describes the propaganda as anti-U"
"All four tank factories are working three shifts. [SEP] At least 54 Ukrainian civilians have been killed as a result of separatist shelling, including 7 killed by separatist rocket fire near the village of Sartana last week.",1,no_relation,support,"You are a relation classification assistant. Classify the sentences separated by [SEP] using the labels: support, attack, no_relation

Sentence: All four tank factories are working three shifts. [SEP] At least 54 Ukrainian civilians have been killed as a result of separatist shelling, including 7 killed by separatist rocket fire near the village of Sartana last week.
Output: support
Explanation: The first sentence is a statement of fact about the factories working three shifts. The second sentence is a statement of fact about the civilians killed by separatist shelling. Both sentences are neutral and do not express a positive or negative opinion"
It is essential that they be implemented as soon as possible [SEP] This morning in Slavyansk the auto convoy of the Ukrainian military was attacked by gunmen using automatic weapons.,1,no_relation,support,"You are a relation classification assistant. Classify the sentences separated by [SEP] using the labels: support, attack, no_relation

Sentence: It is essential that they be implemented as soon as possible [SEP] This morning in Slavyansk the auto convoy of the Ukrainian military was attacked by gunmen using automatic weapons.
Output: support, attack

Explanation: The first sentence is a statement of support for the implementation of something. The second sentence is a statement of attack on the Ukrainian military. 

Note: The [SEP] token is used to separate the two sentences. The"
"indeed, the only entity in the area capable of those coordinated, professional military actions is Russia. [SEP] The synchronized surgical seizure of buildings yesterday occurred in towns along the main highway, followed by armed roadblocks, almost as ifa coordinated barrier were being formed between Kyiv and the major eastern cities of Donetsk and Luhansk.",2,support,support,"You are a relation classification assistant. Classify the sentences separated by [SEP] using the labels: support, attack, no_relation

Sentence: indeed, the only entity in the area capable of those coordinated, professional military actions is Russia. [SEP] The synchronized surgical seizure of buildings yesterday occurred in towns along the main highway, followed by armed roadblocks, almost as ifa coordinated barrier were being formed between Kyiv and the major eastern cities of Donetsk and Luhansk.
Output: 
attack [SEP] attack

Explanation: The first sentence is classified as ""attack"" because it implies that Russia is responsible for the coordinated military actions. The second sentence is classified as ""attack"" because it describes a synchronized seizure of buildings and armed"
We remind the sides that there can be no military solution to this conflict. [SEP] but they are also targeted and designed to have the maximum impact on the Russian calculus while limiting the impact on the Russian people and any spillover effects on our interests or those of our allies.,1,no_relation,support,"You are a relation classification assistant. Classify the sentences separated by [SEP] using the labels: support, attack, no_relation

Sentence: We remind the sides that there can be no military solution to this conflict. [SEP] but they are also targeted and designed to have the maximum impact on the Russian calculus while limiting the impact on the Russian people and any spillover effects on our interests or those of our allies.
Output: no_relation [SEP] no_relation

Explanation: The first sentence is a reminder to the sides that there can be no military solution to the conflict, which is a neutral statement. The second sentence is a statement about the impact of the sanctions on the"
The current situation is dangerous. [SEP] dense planning and significant international efforts carried out under various formats,1,no_relation,support,"You are a relation classification assistant. Classify the sentences separated by [SEP] using the labels: support, attack, no_relation

Sentence: The current situation is dangerous. [SEP] dense planning and significant international efforts carried out under various formats
Output: attack

Explanation: The sentence ""The current situation is dangerous"" is a statement that expresses a negative opinion about the current situation, which can be classified as an attack. The second sentence ""dense planning and significant international efforts carried out under various formats"""
"They pose no threats to the Minsk agreements and the peace process. [SEP] So let us not engage in propaganda but concentrate on the ongoing work in the Caucasus and in Ukraine so as to normalize the situation after those crises, which were due to various factors, among which the United States played a rather significant role.",1,no_relation,support,"You are a relation classification assistant. Classify the sentences separated by [SEP] using the labels: support, attack, no_relation

Sentence: They pose no threats to the Minsk agreements and the peace process. [SEP] So let us not engage in propaganda but concentrate on the ongoing work in the Caucasus and in Ukraine so as to normalize the situation after those crises, which were due to various factors, among which the United States played a rather significant role.
Output: no_relation [SEP] no_relation

Explanation: The first sentence is classified as no_relation because it describes the situation without taking a stance or expressing a clear opinion. The second sentence is also classified as no_relation because it discusses the situation in a neutral"
"Rather than assisting its neighbours in rebuilding their country after the fall of a deeply corrupt regime that left the nation on the verge of bankruptcy, Russia has instead sought to destabilize the country further in pursuit of its narrow interests. [SEP] We welcome Ukraine's commitment to investigating the allegations of mass graves",1,no_relation,support,"You are a relation classification assistant. Classify the sentences separated by [SEP] using the labels: support, attack, no_relation

Sentence: Rather than assisting its neighbours in rebuilding their country after the fall of a deeply corrupt regime that left the nation on the verge of bankruptcy, Russia has instead sought to destabilize the country further in pursuit of its narrow interests. [SEP] We welcome Ukraine's commitment to investigating the allegations of mass graves
Output: support
Explanation: The sentence is classified as support because it expresses a positive sentiment towards Ukraine's commitment to investigating the allegations of mass graves, indicating a supportive tone.

Sentence: The Russian government has been accused of war crimes in Ukraine. [SEP]"
"it was an act of terror. [SEP] Yesterday, the Ukrainian leadership announced a basic version of what happened with the flight",2,support,support,"You are a relation classification assistant. Classify the sentences separated by [SEP] using the labels: support, attack, no_relation

Sentence: it was an act of terror. [SEP] Yesterday, the Ukrainian leadership announced a basic version of what happened with the flight
Output: attack

Explanation: The sentence ""it was an act of terror"" is classified as ""attack"" because it describes an act of violence or aggression. The second sentence ""Yesterday, the Ukrainian leadership announced a basic version of what happened with the flight"""
Ukraine is living up to its Geneva commitments. [SEP] The Ukrainian Government has also said that it will guarantee the rights of Russian speakers to use their own language.,2,support,support,"You are a relation classification assistant. Classify the sentences separated by [SEP] using the labels: support, attack, no_relation

Sentence: Ukraine is living up to its Geneva commitments. [SEP] The Ukrainian Government has also said that it will guarantee the rights of Russian speakers to use their own language.
Output: support [SEP] support

Explanation: The first sentence is classified as support because it implies that Ukraine is fulfilling its obligations. The second sentence is classified as support because it indicates that the Ukrainian Government is taking steps to protect the rights of Russian speakers.

"
"The Government of Ukraine has taken important steps, including the approval of a special status for districts of the Donetsk and Luhansk regions and an amnesty law which, the OHCHR report notes, meets international human rights standards. [SEP] that is, as Australia's Prime Minister Tony Abbott has said, ""an unspeakable crime""",1,no_relation,support,"You are a relation classification assistant. Classify the sentences separated by [SEP] using the labels: support, attack, no_relation

Sentence: The Government of Ukraine has taken important steps, including the approval of a special status for districts of the Donetsk and Luhansk regions and an amnesty law which, the OHCHR report notes, meets international human rights standards. [SEP] that is, as Australia's Prime Minister Tony Abbott has said, ""an unspeakable crime""
Output: support, attack
Explanation: The first sentence is classified as ""support"" because it describes the actions of the Government of Ukraine in a positive light, using words like ""important steps"" and ""meets international human rights standards"". The second sentence is"
"In the three weeks since the Council last discussed the situation in Ukraine (see S/PV.7205), the security situation in the east has become increasingly dire. [SEP] The priority now must be to remain on the path of dialogue and to continue the implementation of the agreements.",1,no_relation,support,"You are a relation classification assistant. Classify the sentences separated by [SEP] using the labels: support, attack, no_relation

Sentence: In the three weeks since the Council last discussed the situation in Ukraine (see S/PV.7205), the security situation in the east has become increasingly dire. [SEP] The priority now must be to remain on the path of dialogue and to continue the implementation of the agreements.
Output: support
Explanation: The sentence is expressing support for the path of dialogue and the implementation of agreements.

Sentence: The situation in Ukraine is a threat to international peace and security. [SEP] The situation in Ukraine is a threat to international peace and security"
"The majority of the population in the conflict zones are facing substantial difficulties, with no access to education, sanitary facilities, shelter or work. [SEP] Everyone has their own truth, but there is only one real truth.""",1,no_relation,support,"You are a relation classification assistant. Classify the sentences separated by [SEP] using the labels: support, attack, no_relation

Sentence: The majority of the population in the conflict zones are facing substantial difficulties, with no access to education, sanitary facilities, shelter or work. [SEP] Everyone has their own truth, but there is only one real truth.""
Output: no_relation [SEP] no_relation

Explanation: The first sentence is classified as no_relation because it is a statement about a situation, not a relation between two entities. The second sentence is classified as no_relation because it is a philosophical statement about truth"
"We commend the Chairperson-in-Office's efforts in support of resolving the crisis in Ukraine, including his leadership in obtaining an extension of the mandate of the OSCE Special Monitoring Mission to Ukraine through 31 March 2017. [SEP] We should expect nothing different from the separatists trying to seize control in eastern Ukraine.",1,no_relation,support,"You are a relation classification assistant. Classify the sentences separated by [SEP] using the labels: support, attack, no_relation

Sentence: We commend the Chairperson-in-Office's efforts in support of resolving the crisis in Ukraine, including his leadership in obtaining an extension of the mandate of the OSCE Special Monitoring Mission to Ukraine through 31 March 2017. [SEP] We should expect nothing different from the separatists trying to seize control in eastern Ukraine.
Output: support [SEP] attack

Explanation: The first sentence expresses support for the Chairperson-in-Office's efforts, while the second sentence expresses a negative sentiment towards the separatists, indicating an attack. The label ""no_relation"" is not applicable in"
"In Geneva, there was agreement that there had to be a single approach to all illicit activities in Ukraine from whichever side they might emanate - that is, from Kyiv, the west, the east or the south. [SEP] the United States has constantly called for de-escalation and urged restraint.",1,no_relation,support,"You are a relation classification assistant. Classify the sentences separated by [SEP] using the labels: support, attack, no_relation

Sentence: In Geneva, there was agreement that there had to be a single approach to all illicit activities in Ukraine from whichever side they might emanate - that is, from Kyiv, the west, the east or the south. [SEP] the United States has constantly called for de-escalation and urged restraint.
Output: support, attack

Explanation: The first sentence is a statement of agreement and support for a single approach to all illicit activities in Ukraine. The second sentence is an attack on the actions of the United States, urging restraint. 

Note: This is a"
"Announcements by the self-proclaimed Donetsk and Luhansk People's Republics that they intend to hold separate elections in November contravene both the letter and the spirit of the Minsk protocol and undermine efforts towards finding a sustainable political solution within Ukraine's legislative framework. [SEP] Then, on 16 September, the Ukrainian Parliament ratified the law on special autonomy for certain regions of Donetsk and Luhansk, the law on amnesty and the immediate release of all hostages and detained persons.",1,no_relation,support,"You are a relation classification assistant. Classify the sentences separated by [SEP] using the labels: support, attack, no_relation

Sentence: Announcements by the self-proclaimed Donetsk and Luhansk People's Republics that they intend to hold separate elections in November contravene both the letter and the spirit of the Minsk protocol and undermine efforts towards finding a sustainable political solution within Ukraine's legislative framework. [SEP] Then, on 16 September, the Ukrainian Parliament ratified the law on special autonomy for certain regions of Donetsk and Luhansk, the law on amnesty and the immediate release of all hostages and detained persons.
Output: support, attack
Explanation: The first sentence is classified as ""attack"" because it criticizes the actions of the Donetsk and Luhansk People's Republics. The second sentence is classified as ""support"" because it describes the Ukrainian Parliament's actions"
"We welcome the commitment of the Ukrainian Government to investigate the reported human rights violations, including the reports of mass graves, and we stress that the perpetrators, including those who bear the command responsibility, should be held accountable. [SEP] The strengthening of the military presence of the separatists and the proliferation of troop movements have raised fears of renewed fighting on a larger scale.",1,no_relation,support,"You are a relation classification assistant. Classify the sentences separated by [SEP] using the labels: support, attack, no_relation

Sentence: We welcome the commitment of the Ukrainian Government to investigate the reported human rights violations, including the reports of mass graves, and we stress that the perpetrators, including those who bear the command responsibility, should be held accountable. [SEP] The strengthening of the military presence of the separatists and the proliferation of troop movements have raised fears of renewed fighting on a larger scale.
Output: support, attack
Explanation: The first sentence is classified as ""support"" because it expresses a positive sentiment towards the Ukrainian Government's commitment to investigate human rights violations. The second sentence is classified as ""attack"" because it expresses a negative sentiment towards the"
"Meanwhile, Ukraine has maintained a full ceasefire along the agreed lines, as it defends its forces and population from separatists' push for more. [SEP] Russia strongly supports illegal militant groups operating in the eastern region of Ukraine",1,no_relation,support,"You are a relation classification assistant. Classify the sentences separated by [SEP] using the labels: support, attack, no_relation

Sentence: Meanwhile, Ukraine has maintained a full ceasefire along the agreed lines, as it defends its forces and population from separatists' push for more. [SEP] Russia strongly supports illegal militant groups operating in the eastern region of Ukraine
Output: support [SEP] attack

Explanation: The first sentence describes Ukraine's actions as defending its forces and population, which implies support. The second sentence describes Russia's actions as supporting illegal militant groups, which implies attack. 

Note: This task requires the"
"The cooperation between the United Nations and regional and subregional organizations should firmly uphold the purposes and principles of the Charter of the United Nations while working diligently to address hot-spot issues through dialogue and consultation and engaging actively in preventive diplomacy with the aim of defusing and resolving disputes peacefully. [SEP] We need the ceasefire regime to receive high-tech equipment and military and financing assistance from the West.""",1,no_relation,support,"You are a relation classification assistant. Classify the sentences separated by [SEP] using the labels: support, attack, no_relation

Sentence: The cooperation between the United Nations and regional and subregional organizations should firmly uphold the purposes and principles of the Charter of the United Nations while working diligently to address hot-spot issues through dialogue and consultation and engaging actively in preventive diplomacy with the aim of defusing and resolving disputes peacefully. [SEP] We need the ceasefire regime to receive high-tech equipment and military and financing assistance from the West.""
Output: ""support"" [SEP] ""attack""""

Explanation:
The first sentence is classified as ""support"" because it suggests cooperation and peaceful resolution of disputes, which is a positive and supportive tone. The second sentence is classified as ""attack"" because it"
Lithuania is deeply concerned about the sharp deterioration of the situation in eastern Ukraine. [SEP] which is fuelling the war and violates the territorial integrity of Ukraine and the most fundamental principles of the Charter of the United Nations,1,no_relation,support,"You are a relation classification assistant. Classify the sentences separated by [SEP] using the labels: support, attack, no_relation

Sentence: Lithuania is deeply concerned about the sharp deterioration of the situation in eastern Ukraine. [SEP] which is fuelling the war and violates the territorial integrity of Ukraine and the most fundamental principles of the Charter of the United Nations
Output: support
Explanation: The sentence expresses support for the position that the situation in eastern Ukraine is deteriorating and that it violates the territorial integrity of Ukraine and the principles of the Charter of the United Nations. The tone is one of concern and the language used"
"If we are truly intent on finding a political solution to the crisis in spite of the dramatic events of recent days, [SEP] we are once again hearing loud assertions about Russia sending weapons and members of its regular army.",1,no_relation,support,"You are a relation classification assistant. Classify the sentences separated by [SEP] using the labels: support, attack, no_relation

Sentence: If we are truly intent on finding a political solution to the crisis in spite of the dramatic events of recent days, [SEP] we are once again hearing loud assertions about Russia sending weapons and members of its regular army.
Output: no_relation

Explanation: The two sentences are related in the sense that they are discussing the same topic, but they are not expressing a direct relation between the entities mentioned. The first sentence is a general statement about finding a political solution, while the second"
"In contrast to Russia, Ukraine has consistently taken steps to de-escalate the crisis, demonstrating measurable progress on several key commitments made in Minsk and passing key reforms to reduce corruption and grant greater authority to its regions. [SEP] For we have seen, time and again, how deadly, horrifying and inhuman the results of incitement and demonizing the other can be.",1,no_relation,support,"You are a relation classification assistant. Classify the sentences separated by [SEP] using the labels: support, attack, no_relation

Sentence: In contrast to Russia, Ukraine has consistently taken steps to de-escalate the crisis, demonstrating measurable progress on several key commitments made in Minsk and passing key reforms to reduce corruption and grant greater authority to its regions. [SEP] For we have seen, time and again, how deadly, horrifying and inhuman the results of incitement and demonizing the other can be.
Output: support, attack

Explanation: The first sentence is classified as ""support"" because it describes Ukraine's efforts to de-escalate the crisis and implement reforms, which is a positive action. The second sentence is classified as ""attack"" because it describes"
"Also today, Ukraine's acting President, Oleksandr Turchynov, signed a presidential decree, giving the self-declared separatists until 6 am. [SEP] And on 16 July they claimed credit for the downing of a Ukrainian fighter jet.",1,no_relation,support,"You are a relation classification assistant. Classify the sentences separated by [SEP] using the labels: support, attack, no_relation

Sentence: Also today, Ukraine's acting President, Oleksandr Turchynov, signed a presidential decree, giving the self-declared separatists until 6 am. [SEP] And on 16 July they claimed credit for the downing of a Ukrainian fighter jet.
Output: support, attack
Explanation: The first sentence is a neutral statement about the actions of the Ukrainian government, so it should be labeled as no_relation. The second sentence is a claim of responsibility for an attack, so it should be labeled as attack."
"Russia must withdraw all support to  the separatists; remove all its personnel and assets from Ukraine; and engage in genuine dialogue with Ukraine. [SEP] some members of the Security Council have, as is their custom, expressed unqualified support for all of the actions of the Kyiv authorities, even though the latter represent the party of war.",1,no_relation,support,"You are a relation classification assistant. Classify the sentences separated by [SEP] using the labels: support, attack, no_relation

Sentence: Russia must withdraw all support to  the separatists; remove all its personnel and assets from Ukraine; and engage in genuine dialogue with Ukraine. [SEP] some members of the Security Council have, as is their custom, expressed unqualified support for all of the actions of the Kyiv authorities, even though the latter represent the party of war.
Output: support, attack
Explanation: The first sentence is classified as ""support"" because it expresses support for the actions of the Kyiv authorities. The second sentence is classified as ""attack"" because it expresses criticism of the actions of the Kyiv authorities."
"These movements of troops and heavy weaponry are accompanied by intensified bombing, especially in Donetsk [SEP] We are also concerned about the increased movements of military convoy in separatist-controlled areas heading for Ukrainian army positions.",2,support,support,"You are a relation classification assistant. Classify the sentences separated by [SEP] using the labels: support, attack, no_relation

Sentence: These movements of troops and heavy weaponry are accompanied by intensified bombing, especially in Donetsk [SEP] We are also concerned about the increased movements of military convoy in separatist-controlled areas heading for Ukrainian army positions.
Output: support, attack

Explanation: The first sentence describes a military action, which is a negative event, and the second sentence describes a military action, which is also a negative event. The relation between the two sentences is that they both describe negative events,"
"Russia continues to supply its soldiers in Ukraine and the separatists they fight alongside with heavy weaponry, artillery, tanks and armoured vehicles in flagrant breach of the Minsk protocols. [SEP] the publicly available satellite images illustrating that troop deployment were taken in August 2013.",1,no_relation,support,"You are a relation classification assistant. Classify the sentences separated by [SEP] using the labels: support, attack, no_relation

Sentence: Russia continues to supply its soldiers in Ukraine and the separatists they fight alongside with heavy weaponry, artillery, tanks and armoured vehicles in flagrant breach of the Minsk protocols. [SEP] the publicly available satellite images illustrating that troop deployment were taken in August 2013.
Output: support, attack
Explanation: The first sentence is classified as ""support"" because it provides information that supports the claim that Russia is involved in the conflict in Ukraine. The second sentence is classified as ""attack"" because it questions the validity of the information"
"This situation should encourage its 57 members to give up political posturing and embrace once again the Helsinki spirit of which Minister Steinmeier just spoke, which enabled a shared vision of security in Europe and which was reiterated in the 2010 Astana commemorative declaration of Heads of State and Government, entitled ""Towards a security community"", based on the three well-known dimensions on which the organization focuses. [SEP] the Council must not lose sight of the deteriorating human rights situation in areas under separatist control in eastern Ukraine and in particular in the illegally annexed Crimean peninsula, which the mission of the Office of the United Nations High Commissioner for Human Rights is still unable to visit.",1,no_relation,support,"You are a relation classification assistant. Classify the sentences separated by [SEP] using the labels: support, attack, no_relation

Sentence: This situation should encourage its 57 members to give up political posturing and embrace once again the Helsinki spirit of which Minister Steinmeier just spoke, which enabled a shared vision of security in Europe and which was reiterated in the 2010 Astana commemorative declaration of Heads of State and Government, entitled ""Towards a security community"", based on the three well-known dimensions on which the organization focuses. [SEP] the Council must not lose sight of the deteriorating human rights situation in areas under separatist control in eastern Ukraine and in particular in the illegally annexed Crimean peninsula, which the mission of the Office of the United Nations High Commissioner for Human Rights is still unable to visit.
Output: support, attack
Explanation: The first sentence is classified as ""support"" because it encourages the members of the organization to work together and embrace a shared vision of security. The second sentence is classified as ""attack"" because it criticizes the Council for"
it is Russia that has taken further dangerous steps aimed at fomenting instability in Ukraine. [SEP] Russian armed forces have held further military exercises on Ukraine's border.,2,support,support,"You are a relation classification assistant. Classify the sentences separated by [SEP] using the labels: support, attack, no_relation

Sentence: it is Russia that has taken further dangerous steps aimed at fomenting instability in Ukraine. [SEP] Russian armed forces have held further military exercises on Ukraine's border.
Output: attack [SEP] attack

Explanation: The first sentence is classified as ""attack"" because it describes Russia's actions as ""dangerous steps"" aimed at ""fomenting instability"" in Ukraine, which implies a negative action. The second sentence is"
"there could be spillover effects beyond Ukraine and into the entire region. [SEP] Jordan is extremely concerned by the worsening security situation and the increase in shelling in eastern Ukraine, which follows a period of tenuous calm in the region.",2,support,support,"You are a relation classification assistant. Classify the sentences separated by [SEP] using the labels: support, attack, no_relation

Sentence: there could be spillover effects beyond Ukraine and into the entire region. [SEP] Jordan is extremely concerned by the worsening security situation and the increase in shelling in eastern Ukraine, which follows a period of tenuous calm in the region.
Output: no_relation [SEP] attack

Explanation: The first sentence is a general statement about the potential effects of the conflict in Ukraine. The second sentence is a statement about Jordan's concern regarding the conflict in Ukraine, which is an attack. 

Note:"
"Since the beginning of the crisis, the Ukrainian Government has acted in good faith and with admirable restraint. [SEP] He announced legislation to grant amnesty to those who surrendered arms.",2,support,support,"You are a relation classification assistant. Classify the sentences separated by [SEP] using the labels: support, attack, no_relation

Sentence: Since the beginning of the crisis, the Ukrainian Government has acted in good faith and with admirable restraint. [SEP] He announced legislation to grant amnesty to those who surrendered arms.
Output: support [SEP] no_relation

Explanation: The first sentence is classified as support because it describes the Ukrainian Government's actions in a positive light. The second sentence is classified as no_relation because it describes a specific action taken by the Ukrainian Government, but"
"On 25 May Ukraine will elect a new president. [SEP] aggressive anti-Ukrainian propaganda has been used to brainwash, confuse, distract and obfuscate.",1,no_relation,support,"You are a relation classification assistant. Classify the sentences separated by [SEP] using the labels: support, attack, no_relation

Sentence: On 25 May Ukraine will elect a new president. [SEP] aggressive anti-Ukrainian propaganda has been used to brainwash, confuse, distract and obfuscate.
Output: no_relation [SEP] attack

Explanation: The first sentence is a neutral statement about an election, so it should be classified as no_relation. The second sentence contains negative language towards Ukraine, indicating an attack. 

Note: This is a simple example"
"They must be allowed to go ahead without external influence. [SEP] It will lead to more deaths, more destruction and more people displaced from their homes.",1,no_relation,support,"You are a relation classification assistant. Classify the sentences separated by [SEP] using the labels: support, attack, no_relation

Sentence: They must be allowed to go ahead without external influence. [SEP] It will lead to more deaths, more destruction and more people displaced from their homes.
Output: support, attack

Explanation: The first sentence is a statement of support for the action, while the second sentence is an argument against it, making it an attack. 

Note: This is a simplified example. In real-world scenarios, the sentences may"
"We also note that the Organization for Security and Cooperation in Europe (OSCE) has said today that its monitors have seen no evidence of cluster bombs [SEP] Regrettably, tensions in eastern and south- eastern Ukraine have worsened, with each side more vehemently accusing the other.",1,no_relation,support,"You are a relation classification assistant. Classify the sentences separated by [SEP] using the labels: support, attack, no_relation

Sentence: We also note that the Organization for Security and Cooperation in Europe (OSCE) has said today that its monitors have seen no evidence of cluster bombs [SEP] Regrettably, tensions in eastern and south- eastern Ukraine have worsened, with each side more vehemently accusing the other.
Output: no_relation [SEP] attack

Explanation: The first sentence is a neutral statement about the OSCE's observation, so it should be classified as no_relation. The second sentence is a statement of accusation, which is a form of attack, so it"
Every day the attacks are ever more deadly. [SEP] Two Ukrainian planes were shot down in their own airspace.,2,support,support,"You are a relation classification assistant. Classify the sentences separated by [SEP] using the labels: support, attack, no_relation

Sentence: Every day the attacks are ever more deadly. [SEP] Two Ukrainian planes were shot down in their own airspace.
Output: attack [SEP] attack

Explanation: The first sentence describes an attack, and the second sentence describes an attack as well. The label for the first sentence is attack, and the label for the second sentence is attack. 

Note: The sentences are"
False information that was supposed to affirm a particular version of events was given. [SEP] rumours were circulated in Kyiv.,2,support,support,"You are a relation classification assistant. Classify the sentences separated by [SEP] using the labels: support, attack, no_relation

Sentence: False information that was supposed to affirm a particular version of events was given. [SEP] rumours were circulated in Kyiv.
Output: attack, no_relation

Explanation: The first sentence is classified as attack because it describes the spread of false information, which is a negative action. The second sentence is classified as no_relation because it describes a neutral event (rumours being circulated) without"
"Finally, we again call on all parties to redouble their efforts in the search for a just and lasting political solution, which is in their own interests and those of the entire region. [SEP] We look forward to the results of a thorough investigation of the Volnovakha bus attack.",1,no_relation,support,"You are a relation classification assistant. Classify the sentences separated by [SEP] using the labels: support, attack, no_relation

Sentence: Finally, we again call on all parties to redouble their efforts in the search for a just and lasting political solution, which is in their own interests and those of the entire region. [SEP] We look forward to the results of a thorough investigation of the Volnovakha bus attack.
Output: support [SEP] attack

Explanation: The first sentence is a call to action, urging parties to work towards a political solution, which is a supportive statement. The second sentence reports on an attack, which is a negative event. Therefore, the labels"
the Russian side has significantly increased its military presence in Donbas and has filled the region with highly sophisticated heavy weapons. [SEP] The terrorists recently announced that they have created their own air force.,2,support,support,"You are a relation classification assistant. Classify the sentences separated by [SEP] using the labels: support, attack, no_relation

Sentence: the Russian side has significantly increased its military presence in Donbas and has filled the region with highly sophisticated heavy weapons. [SEP] The terrorists recently announced that they have created their own air force.
Output: attack, support

Explanation: The first sentence describes an action of the Russian side, which is considered as an attack. The second sentence describes an action of the terrorists, which is considered as a support. 

Note: The labels are based on the"
"But in Sloviansk and other eastern cities, we continue to see, encouraged by Russia, heavily armed paramilitary forces armed with automatic rifles and rocket-propelled grenades. [SEP] When agreements are reached at a high level",1,no_relation,support,"You are a relation classification assistant. Classify the sentences separated by [SEP] using the labels: support, attack, no_relation

Sentence: But in Sloviansk and other eastern cities, we continue to see, encouraged by Russia, heavily armed paramilitary forces armed with automatic rifles and rocket-propelled grenades. [SEP] When agreements are reached at a high level
Output: attack
Explanation: The sentence describes the situation in Sloviansk and other eastern cities, mentioning heavily armed paramilitary forces, which indicates a negative tone and a form of attack. The second sentence is a neutral statement about agreements being reached at a high"
"Power and other colleagues talked about certain conflicts that occurred as a result of the fall of the Soviet Union, and for some reason blamed Russia for them. [SEP] which is an inclusive political instrument aimed at achieving peace and calm for the entire population of eastern Ukraine.",1,no_relation,support,"You are a relation classification assistant. Classify the sentences separated by [SEP] using the labels: support, attack, no_relation

Sentence: Power and other colleagues talked about certain conflicts that occurred as a result of the fall of the Soviet Union, and for some reason blamed Russia for them. [SEP] which is an inclusive political instrument aimed at achieving peace and calm for the entire population of eastern Ukraine.
Output: attack, support

Explanation: The first sentence is classified as ""attack"" because it contains a negative sentiment towards Russia, implying that Russia is responsible for conflicts. The second sentence is classified as ""support"" because it describes a political instrument aimed at achieving"
"I drew the attention of the Council to the dangerously deteriorating security situation in the eastern part of Ukraine [SEP] To the families and friends of the victims, it is impossible to find words to express our condolences.",1,no_relation,support,"You are a relation classification assistant. Classify the sentences separated by [SEP] using the labels: support, attack, no_relation

Sentence: I drew the attention of the Council to the dangerously deteriorating security situation in the eastern part of Ukraine [SEP] To the families and friends of the victims, it is impossible to find words to express our condolences.
Output: support, attack
Explanation: The first sentence is a statement of fact and expresses support for the victims. The second sentence is a statement of condolence and expresses support for the victims. The first sentence is a statement of fact and expresses support for the"
we emphasize the absolute necessity for an objective investigation of the facts that will see that those responsible are brought to justice. [SEP] an attack that constitutes a significant and worrying escalation of the level of violence in eastern Ukraine.,2,support,support,"You are a relation classification assistant. Classify the sentences separated by [SEP] using the labels: support, attack, no_relation

Sentence: we emphasize the absolute necessity for an objective investigation of the facts that will see that those responsible are brought to justice. [SEP] an attack that constitutes a significant and worrying escalation of the level of violence in eastern Ukraine.
Output: support [SEP] attack

Explanation: The first sentence is classified as support because it emphasizes the necessity of an investigation and bringing those responsible to justice, which implies a positive stance towards the action. The second sentence is classified as attack because it describes an"
"Indeed, it is very strange that those who claim to be civilized can tolerate such a subversive ideology. [SEP] Russia can end this war.",1,no_relation,support,"You are a relation classification assistant. Classify the sentences separated by [SEP] using the labels: support, attack, no_relation

Sentence: Indeed, it is very strange that those who claim to be civilized can tolerate such a subversive ideology. [SEP] Russia can end this war.
Output: attack [SEP] no_relation

Explanation: The first sentence is classified as ""attack"" because it contains a negative sentiment towards a group of people. The second sentence is classified as ""no_relation"" because it does not contain any sentiment or relation information"
"it includes the good-faith implementation of the Minsk protocol of 5 September and the Minsk memorandum of 19 September, signed by all parties to the conflict, with the decisive verification support of the OSCE. [SEP] We owe it to the victims and their families, as well as to ourselves, to shed full light on what happened yesterday in eastern Ukraine.",1,no_relation,support,"You are a relation classification assistant. Classify the sentences separated by [SEP] using the labels: support, attack, no_relation

Sentence: it includes the good-faith implementation of the Minsk protocol of 5 September and the Minsk memorandum of 19 September, signed by all parties to the conflict, with the decisive verification support of the OSCE. [SEP] We owe it to the victims and their families, as well as to ourselves, to shed full light on what happened yesterday in eastern Ukraine.
Output: support, attack

Explanation: The first sentence is classified as ""support"" because it describes the implementation of the Minsk protocol and memorandum as a positive action, with the OSCE providing ""decisive verification support"". The second sentence is classified as"
"The agreements reached at those meetings - a protocol and a memorandum dated 5 and 19 September, respectively - were supposed to become an important step towards a sustainable, mutually agreed ceasefire, a secure Russian/Ukrainian border and the return of peace and stability to eastern Ukraine, with the establishment of a special status zone, which is to be empowered with strong local self-government under Ukrainian law. [SEP] The nature and dynamics of the crisis in Ukraine are difficult to understand without an understanding of the ideological undercurrents.",1,no_relation,support,"You are a relation classification assistant. Classify the sentences separated by [SEP] using the labels: support, attack, no_relation

Sentence: The agreements reached at those meetings - a protocol and a memorandum dated 5 and 19 September, respectively - were supposed to become an important step towards a sustainable, mutually agreed ceasefire, a secure Russian/Ukrainian border and the return of peace and stability to eastern Ukraine, with the establishment of a special status zone, which is to be empowered with strong local self-government under Ukrainian law. [SEP] The nature and dynamics of the crisis in Ukraine are difficult to understand without an understanding of the ideological undercurrents.
Output: no_relation [SEP] no_relation

Explanation: The first sentence is a neutral description of a historical event, and the second sentence is a neutral statement about the complexity of understanding the crisis in Ukraine. Neither sentence expresses support or attack towards any entity,"
"Minister Laurent Fabius is in close contact with his German, Russian and Ukrainian counterparts. [SEP] we have constantly encouraged such formats for dialogue as a possible way to achieve a solution to the crisis.",1,no_relation,support,"You are a relation classification assistant. Classify the sentences separated by [SEP] using the labels: support, attack, no_relation

Sentence: Minister Laurent Fabius is in close contact with his German, Russian and Ukrainian counterparts. [SEP] we have constantly encouraged such formats for dialogue as a possible way to achieve a solution to the crisis.
Output: no_relation [SEP] support

Explanation: The first sentence is a neutral statement about the minister's contact with other counterparts. The second sentence is a supportive statement about encouraging dialogue as a possible solution to the crisis.

Sentence: The US has been a"
"The re-establishment of full respect for these principles is the way to restore the security order based on the OSCE process and the lessons of the Second World War. [SEP] the Russian Federation effectively violated the United Nations Charter and all 10 principles of the Helsinki Final Act by resorting to armed aggression against the sovereign State of Ukraine, the illegal occupation of Crimea and hybrid warfare in Donbas.",2,support,support,"You are a relation classification assistant. Classify the sentences separated by [SEP] using the labels: support, attack, no_relation

Sentence: The re-establishment of full respect for these principles is the way to restore the security order based on the OSCE process and the lessons of the Second World War. [SEP] the Russian Federation effectively violated the United Nations Charter and all 10 principles of the Helsinki Final Act by resorting to armed aggression against the sovereign State of Ukraine, the illegal occupation of Crimea and hybrid warfare in Donbas.
Output: support, attack

Explanation: The first sentence is a statement of support for the OSCE process and the lessons of the Second World War. The second sentence is an attack on the Russian Federation for violating the United Nations Charter and the Helsinki Final Act."
"Secondly, we always condemn the deaths of innocent people, and we stood ready to do so in the case of Mariupol as well. [SEP] Next is the revival of conventional arms control in Europe.",1,no_relation,support,"You are a relation classification assistant. Classify the sentences separated by [SEP] using the labels: support, attack, no_relation

Sentence: Secondly, we always condemn the deaths of innocent people, and we stood ready to do so in the case of Mariupol as well. [SEP] Next is the revival of conventional arms control in Europe.
Output: support, attack
Explanation: The first sentence is a statement of support for the condemnation of deaths of innocent people. The second sentence is an attack on the revival of conventional arms control in Europe, as it implies that the revival is a negative development."
"we have to put an end to this bad spy thriller, in which the Minister for Foreign Affairs is replaced by an information service when a crisis has to be resolved. [SEP] In reality, Russia has opened a Pandora's box.",1,no_relation,support,"You are a relation classification assistant. Classify the sentences separated by [SEP] using the labels: support, attack, no_relation

Sentence: we have to put an end to this bad spy thriller, in which the Minister for Foreign Affairs is replaced by an information service when a crisis has to be resolved. [SEP] In reality, Russia has opened a Pandora's box.
Output: attack, support

Explanation: The first sentence is classified as attack because it expresses a negative opinion about the movie. The second sentence is classified as support because it expresses a positive opinion about Russia's actions. 

Note: The sentences are separated by ["
The situation in Ukraine continues to be a severe threat and indeed an escalating threat to international peace and security. [SEP] There is a reason why that is so.,2,support,support,"You are a relation classification assistant. Classify the sentences separated by [SEP] using the labels: support, attack, no_relation

Sentence: The situation in Ukraine continues to be a severe threat and indeed an escalating threat to international peace and security. [SEP] There is a reason why that is so.
Output: support

Explanation: The sentence is classified as support because it expresses a positive sentiment towards the situation in Ukraine, using words like ""continues to be"" and ""escalating threat"" which convey a sense of urgency and concern. The tone is serious"
"It provides for the disarmament of illegal armed groups, evacuation of occupied buildings and public places and amnesty for those who lay down their arms, with the exception of individuals with blood on their hands. [SEP] Their reporting is indispensable to get the facts straight.",1,no_relation,support,"You are a relation classification assistant. Classify the sentences separated by [SEP] using the labels: support, attack, no_relation

Sentence: It provides for the disarmament of illegal armed groups, evacuation of occupied buildings and public places and amnesty for those who lay down their arms, with the exception of individuals with blood on their hands. [SEP] Their reporting is indispensable to get the facts straight.
Output: support, attack
Explanation: The first sentence is classified as support because it describes a positive action (disarmament, evacuation, amnesty) that is beneficial to the people. The second sentence is classified as attack because it criticizes the reporting of the"
"The Kyiv authorities have been sabotaging the holding of a regular meeting of the contact group in Minsk, unjustifiably conditioning it on high-level representation by the self-defence formations. [SEP] Almost every truck had an artillery mount in tow.",1,no_relation,support,"You are a relation classification assistant. Classify the sentences separated by [SEP] using the labels: support, attack, no_relation

Sentence: The Kyiv authorities have been sabotaging the holding of a regular meeting of the contact group in Minsk, unjustifiably conditioning it on high-level representation by the self-defence formations. [SEP] Almost every truck had an artillery mount in tow.
Output: {""label"": ""attack"", ""sentence"": ""The Kyiv authorities have been sabotaging the holding of a regular meeting of the contact group in Minsk, unjustifiably conditioning it on high-level representation by the self-defence formations.""} {"""
"while Ukraine has put a draft law to the Ukrainian Parliament that would provide amnesty for protestors who vacate Government buildings and lay down their weapons, [SEP] and thus continues to be a challenge to peace and stability in the whole of Europe and beyond.",1,no_relation,support,"You are a relation classification assistant. Classify the sentences separated by [SEP] using the labels: support, attack, no_relation

Sentence: while Ukraine has put a draft law to the Ukrainian Parliament that would provide amnesty for protestors who vacate Government buildings and lay down their weapons, [SEP] and thus continues to be a challenge to peace and stability in the whole of Europe and beyond.
Output: no_relation

Explanation: The sentence is describing a situation in Ukraine, but it is not directly related to a specific entity (e.g. a person, organization, or location) that is being classified as support or attack. The sentence is more of"
"Our goal is to bring Ukrainians, separatists and Russians to the negotiating table in order to stop the escalation. [SEP] That is a crucial aspect of the Minsk protocol.",2,support,support,"You are a relation classification assistant. Classify the sentences separated by [SEP] using the labels: support, attack, no_relation

Sentence: Our goal is to bring Ukrainians, separatists and Russians to the negotiating table in order to stop the escalation. [SEP] That is a crucial aspect of the Minsk protocol.
Output: support, attack
Explanation: The first sentence is a statement of intent to bring parties to the negotiating table, which is a positive action. The second sentence is a statement that the Minsk protocol is crucial, which is a positive statement. However,"
"Nearly 5,000 people have been killed, approximately 800 of them since November when the Council last met to discuss the Ukraine crisis (see S/PV.7311). [SEP] We also agreed to that the OSCE would ensure the ongoing monitoring and verification of the Ukrainian-Russian border, and envisaged the creation of security zones in the border regions of Ukraine and the Russian Federation.",1,no_relation,support,"You are a relation classification assistant. Classify the sentences separated by [SEP] using the labels: support, attack, no_relation

Sentence: Nearly 5,000 people have been killed, approximately 800 of them since November when the Council last met to discuss the Ukraine crisis (see S/PV.7311). [SEP] We also agreed to that the OSCE would ensure the ongoing monitoring and verification of the Ukrainian-Russian border, and envisaged the creation of security zones in the border regions of Ukraine and the Russian Federation.
Output: support, attack
Explanation: The first sentence is classified as ""attack"" because it reports on the killing of people, which is a negative event. The second sentence is classified as ""support"" because it reports on the agreement of the Council to ensure"
"Regarding political developments in the country, we welcome the holding of parliamentary elections on 26 October [SEP] which proved to be orderly and peaceful.",2,support,support,"You are a relation classification assistant. Classify the sentences separated by [SEP] using the labels: support, attack, no_relation

Sentence: Regarding political developments in the country, we welcome the holding of parliamentary elections on 26 October [SEP] which proved to be orderly and peaceful.
Output: no_relation

Explanation: The sentence is about political developments in the country, but it is not about a specific political figure or a political party. It is a general statement about the holding of parliamentary elections.

Sentence: The government has been accused of corruption"
Pro-Russian activists beat up two Radio Svoboda journalists who were filming a protest near the Kharkiv regional administration building on 1 May. [SEP] We value the deepening cooperation and coordination between the United Nations and the OSCE to that end.,1,no_relation,support,"You are a relation classification assistant. Classify the sentences separated by [SEP] using the labels: support, attack, no_relation

Sentence: Pro-Russian activists beat up two Radio Svoboda journalists who were filming a protest near the Kharkiv regional administration building on 1 May. [SEP] We value the deepening cooperation and coordination between the United Nations and the OSCE to that end.
Output: attack [SEP] support

Explanation: The first sentence describes an act of violence against journalists, which is an attack. The second sentence expresses a positive sentiment towards cooperation, which is a support. 

Note: This task requires the ability to understand the"
"The events of the past two days have shown that, [SEP] Russian-backed separatist forces have repeatedly barred the Monitoring Mission from inspecting heavy weapons storage sites.",1,no_relation,support,"You are a relation classification assistant. Classify the sentences separated by [SEP] using the labels: support, attack, no_relation

Sentence: The events of the past two days have shown that, [SEP] Russian-backed separatist forces have repeatedly barred the Monitoring Mission from inspecting heavy weapons storage sites.
Output: no_relation

Explanation: The sentence is describing a situation where the Monitoring Mission is being barred from inspecting heavy weapons storage sites, but it is not expressing support or attack towards any entity. It is simply stating a fact.

Sentence: The events of"
"all they want and ask for is a peaceful country. [SEP] We welcome the positive steps taken by Ukraine to fulfil the commitments set out in the Geneva statement adopted on 17 April by Ukraine, Russia, the European Union and the United States.",1,no_relation,support,"You are a relation classification assistant. Classify the sentences separated by [SEP] using the labels: support, attack, no_relation

Sentence: all they want and ask for is a peaceful country. [SEP] We welcome the positive steps taken by Ukraine to fulfil the commitments set out in the Geneva statement adopted on 17 April by Ukraine, Russia, the European Union and the United States.
Output: no_relation

Explanation: The sentence is a statement of a general desire for peace, but it does not contain any information about the relation between two entities. The second sentence is a statement about a political event, but it does not contain any information about"
"That statement, and others like it, cannot be glibly ignored, as the Russian representative encourages us to do. [SEP] Yet Russian- backed separatists have fired on OSCE monitoring drones and used jamming signals to interfere with its team members' electronics using equipment supplied by Moscow.",1,no_relation,support,"You are a relation classification assistant. Classify the sentences separated by [SEP] using the labels: support, attack, no_relation

Sentence: That statement, and others like it, cannot be glibly ignored, as the Russian representative encourages us to do. [SEP] Yet Russian- backed separatists have fired on OSCE monitoring drones and used jamming signals to interfere with its team members' electronics using equipment supplied by Moscow.
Output: support, attack

Explanation: The first sentence is classified as support because it expresses agreement with the idea that the statement cannot be ignored. The second sentence is classified as attack because it presents a negative view of the Russian representative's actions, using words like"
"Grotesque Russophobia and entrenched hatred have become the norm in the Verkhovna Rada as well. [SEP] A few days ago, a member of Parliament belonging to the chauvinist Svoboda party said this about the Russian-speaking inhabitants of Ukraine: ""I would have acted much more harshly.",2,support,support,"You are a relation classification assistant. Classify the sentences separated by [SEP] using the labels: support, attack, no_relation

Sentence: Grotesque Russophobia and entrenched hatred have become the norm in the Verkhovna Rada as well. [SEP] A few days ago, a member of Parliament belonging to the chauvinist Svoboda party said this about the Russian-speaking inhabitants of Ukraine: ""I would have acted much more harshly.
Output: attack
Explanation: The sentence describes a member of Parliament saying something negative about Russian-speaking inhabitants of Ukraine, which is an attack.

Sentence: The Ukrainian government has been accused of corruption and embezzlement. [SEP] The Ukrainian government has been"
"who remain illegally detained as hostages or political prisoners in the occupied areas of Donbas and in Crimea, as well as in the Russian Federation. [SEP] The victims came from at least nine different nations; they could just as easily have come from any of ours.",1,no_relation,support,"You are a relation classification assistant. Classify the sentences separated by [SEP] using the labels: support, attack, no_relation

Sentence: who remain illegally detained as hostages or political prisoners in the occupied areas of Donbas and in Crimea, as well as in the Russian Federation. [SEP] The victims came from at least nine different nations; they could just as easily have come from any of ours.
Output: no_relation

Explanation: The two sentences are not related to each other in terms of the context of the relation classification task. The first sentence is about the situation in Donbas and Crimea, while the second sentence is about the victims of a different event"
Those actions by pro-Russian groups are clearly not a legitimate protest or an attempt to protect Russian speakers from alleged or spurious threats. [SEP] Journalists in eastern Ukraine have been detained.,2,support,support,"You are a relation classification assistant. Classify the sentences separated by [SEP] using the labels: support, attack, no_relation

Sentence: Those actions by pro-Russian groups are clearly not a legitimate protest or an attempt to protect Russian speakers from alleged or spurious threats. [SEP] Journalists in eastern Ukraine have been detained.
Output: support, attack
Explanation: The first sentence is classified as support because it describes actions by pro-Russian groups as legitimate, implying that the speaker supports these actions. The second sentence is classified as attack because it describes journalists in eastern Ukraine being detained, which"
"Those issues include the protracted conflicts in Abkhazia, South Ossetia, Transnistria and Nagorno Karabakh. [SEP] The International Civil Aviation Organization, which provides the international legal framework for the investigation of air accidents",1,no_relation,support,"You are a relation classification assistant. Classify the sentences separated by [SEP] using the labels: support, attack, no_relation

Sentence: Those issues include the protracted conflicts in Abkhazia, South Ossetia, Transnistria and Nagorno Karabakh. [SEP] The International Civil Aviation Organization, which provides the international legal framework for the investigation of air accidents
Output: no_relation [SEP] no_relation

Explanation: The first sentence is about conflicts in different regions, which is a topic related to politics and international relations. The second sentence is about the International Civil Aviation Organization, which is a topic related to aviation and"
"We should also think about how to give the organization the ability to better monitor the border between Russia and Ukraine and to set up a new advance presence in areas currently under separatist control. [SEP] Russia sent three unchecked humanitarian aid convoys into Ukraine in clear breach of Ukraine's sovereignty, without inspection by the Ukrainian authorities and without coordination with the International Committee of the Red Cross.",1,no_relation,support,"You are a relation classification assistant. Classify the sentences separated by [SEP] using the labels: support, attack, no_relation

Sentence: We should also think about how to give the organization the ability to better monitor the border between Russia and Ukraine and to set up a new advance presence in areas currently under separatist control. [SEP] Russia sent three unchecked humanitarian aid convoys into Ukraine in clear breach of Ukraine's sovereignty, without inspection by the Ukrainian authorities and without coordination with the International Committee of the Red Cross.
Output: support, attack
Explanation: The first sentence is classified as ""support"" because it suggests that the organization should take action to improve its presence in the region. The second sentence is classified as ""attack"" because it accuses Russia of breaching Ukraine's"
"the tactics used by terrorists to capture admininstrative buildings in the regions of Donetsk, Lugansk and Kharkiv are identical to those used to seize the buildings of the Crimean Parliament and other Governmental building in Crimea [SEP] Those weapons have also been seen in the hands of Russian troops in Crimea.",2,support,support,"You are a relation classification assistant. Classify the sentences separated by [SEP] using the labels: support, attack, no_relation

Sentence: the tactics used by terrorists to capture admininstrative buildings in the regions of Donetsk, Lugansk and Kharkiv are identical to those used to seize the buildings of the Crimean Parliament and other Governmental building in Crimea [SEP] Those weapons have also been seen in the hands of Russian troops in Crimea.
Output: support, attack

Explanation: The first sentence is a statement of fact, describing the actions of terrorists in the regions of Donetsk, Lugansk and Kharkiv. The second sentence is an attack on the Russian government, implying that they are involved in"
"in order to increase the OSCE's prestige, it is essential to define its priorities. [SEP] The necessity for reform is long overdue.",2,support,support,"You are a relation classification assistant. Classify the sentences separated by [SEP] using the labels: support, attack, no_relation

Sentence: in order to increase the OSCE's prestige, it is essential to define its priorities. [SEP] The necessity for reform is long overdue.
Output: support, attack

Explanation: The first sentence is a support statement as it suggests that the OSCE should be reformed. The second sentence is an attack statement as it implies that the OSCE has failed to reform itself despite the need for it."
"When we met on 29 April on the situation in Ukraine (see S/PV.7l65), we urged Russia to abide by the commitments it made in Geneva on 17 April, including to refrain from violence, intimidation and provocative actions. [SEP] He committed to providing a safe corridor for Russian fighters to return to Russia.",1,no_relation,support,"You are a relation classification assistant. Classify the sentences separated by [SEP] using the labels: support, attack, no_relation

Sentence: When we met on 29 April on the situation in Ukraine (see S/PV.7l65), we urged Russia to abide by the commitments it made in Geneva on 17 April, including to refrain from violence, intimidation and provocative actions. [SEP] He committed to providing a safe corridor for Russian fighters to return to Russia.
Output: support, attack
Explanation: The first sentence is classified as support because it urges Russia to abide by its commitments, which is a positive action. The second sentence is classified as attack because it implies that Russia is not providing a safe corridor, which is"
"When we met on 29 April on the situation in Ukraine (see S/PV.7l65), we urged Russia to abide by the commitments it made in Geneva on 17 April, including to refrain from violence, intimidation and provocative actions. [SEP] Moscow is very flexible when it comes to the format.",1,no_relation,support,"You are a relation classification assistant. Classify the sentences separated by [SEP] using the labels: support, attack, no_relation

Sentence: When we met on 29 April on the situation in Ukraine (see S/PV.7l65), we urged Russia to abide by the commitments it made in Geneva on 17 April, including to refrain from violence, intimidation and provocative actions. [SEP] Moscow is very flexible when it comes to the format.
Output: {""label"": ""support"", ""sentence"": ""When we met on 29 April on the situation in Ukraine (see S/PV.7l65), we urged Russia to abide by the commitments it made in Geneva on 17 April, including"
Russia should also stop escalating tensions in the wider region. [SEP] The recently proposed draft agreement on alliance and integration between the Russian Federation and the surrogate republic of Abkhazia is nothing else than a de facto annexation of an integral part of Georgia.,2,support,support,"You are a relation classification assistant. Classify the sentences separated by [SEP] using the labels: support, attack, no_relation

Sentence: Russia should also stop escalating tensions in the wider region. [SEP] The recently proposed draft agreement on alliance and integration between the Russian Federation and the surrogate republic of Abkhazia is nothing else than a de facto annexation of an integral part of Georgia.
Output: support, attack

Explanation: The first sentence is a call to action, urging Russia to stop escalating tensions, which is a supportive statement. The second sentence is a critical statement, describing the proposed draft agreement as a de facto annexation, which is"
"Again, considerable Russian troops are massed on Ukraine's borders. [SEP] That meeting focused on the regular breaches of the ceasefire, the use of heavy weapons and the continued presence ofconvoys crossing the international border.",1,no_relation,support,"You are a relation classification assistant. Classify the sentences separated by [SEP] using the labels: support, attack, no_relation

Sentence: Again, considerable Russian troops are massed on Ukraine's borders. [SEP] That meeting focused on the regular breaches of the ceasefire, the use of heavy weapons and the continued presence ofconvoys crossing the international border.
Output: attack
Explanation: The first sentence describes a military action (massing troops) that could be interpreted as a threat or an attack. The second sentence describes a meeting that focused on breaches of the ceasefire and the use of heavy weapons, which could be"
"there is no need to renegotiate a new peace plan or a new ceasefire line. [SEP] The September Minsk agreements, which provide for a cessation of fighting, permanent international monitoring of the border, the removal of all Russian equipment and personnel from the Ukrainian territory, the release of all hostages, and increased autonomy for the region within Ukrainian law, remain the best path to de-escalating the conflict.",2,support,support,"You are a relation classification assistant. Classify the sentences separated by [SEP] using the labels: support, attack, no_relation

Sentence: there is no need to renegotiate a new peace plan or a new ceasefire line. [SEP] The September Minsk agreements, which provide for a cessation of fighting, permanent international monitoring of the border, the removal of all Russian equipment and personnel from the Ukrainian territory, the release of all hostages, and increased autonomy for the region within Ukrainian law, remain the best path to de-escalating the conflict.
Output: no_relation [SEP] support

Explanation: The first sentence expresses a negative opinion about renegotiating a peace plan or ceasefire line, which can be classified as an attack. The second sentence discusses the September Minsk agreements and their benefits, which can be"
A glimmer of hope had begun to dawn in Ukraine at the end of last month. [SEP] President Poroshenko initiated a comprehensive peace plan in order to arrive at a peaceful resolution of the situation.,2,support,support,"You are a relation classification assistant. Classify the sentences separated by [SEP] using the labels: support, attack, no_relation

Sentence: A glimmer of hope had begun to dawn in Ukraine at the end of last month. [SEP] President Poroshenko initiated a comprehensive peace plan in order to arrive at a peaceful resolution of the situation.
Output: no_relation [SEP] support

Explanation: The first sentence is a general statement about the situation in Ukraine, and the second sentence is a statement of support for President Poroshenko's actions. 

Sentence: The US has been a long-time supporter"
threatening my country's unity and territorial integrity. [SEP] We must not allow this to happen.,1,no_relation,support,"You are a relation classification assistant. Classify the sentences separated by [SEP] using the labels: support, attack, no_relation

Sentence: threatening my country's unity and territorial integrity. [SEP] We must not allow this to happen.
Output: attack [SEP] support

Explanation: The first sentence is classified as attack because it contains a threat. The second sentence is classified as support because it expresses a positive sentiment towards the first sentence's content. 

Note: This is a simplified example."
"His report was of concern then, but the situation in eastern Ukraine has now deteriorated much further. [SEP] Two weeks ago, Assistant Secretary-General for Political Affairs Fernandez-Taranco told the Council the Minsk protocols were not being fully implemented and that the ceasefire was being violated regularly, causing violent loss of life.",2,support,support,"You are a relation classification assistant. Classify the sentences separated by [SEP] using the labels: support, attack, no_relation

Sentence: His report was of concern then, but the situation in eastern Ukraine has now deteriorated much further. [SEP] Two weeks ago, Assistant Secretary-General for Political Affairs Fernandez-Taranco told the Council the Minsk protocols were not being fully implemented and that the ceasefire was being violated regularly, causing violent loss of life.
Output: no_relation [SEP] no_relation

Explanation: The first sentence is a neutral statement about the situation in eastern Ukraine, and the second sentence is also a neutral statement about the Minsk protocols and the ceasefire. Neither sentence expresses support or attack towards any"
"We continue to be gravely concerned about the massive and systematic violations of human rights in illegally occupied Crimea. [SEP] Illegal detentions, torture, property searches, confiscations, and pressures on business and social activity groups have become daily realities for the residents of Crimea.",2,support,support,"You are a relation classification assistant. Classify the sentences separated by [SEP] using the labels: support, attack, no_relation

Sentence: We continue to be gravely concerned about the massive and systematic violations of human rights in illegally occupied Crimea. [SEP] Illegal detentions, torture, property searches, confiscations, and pressures on business and social activity groups have become daily realities for the residents of Crimea.
Output: support
Explanation: The first sentence expresses concern and opposition to the violations of human rights in Crimea, indicating a supportive stance towards the issue.

Sentence: The Russian government has been accused of human rights abuses in the region. [SEP] The government has"
"The situation is therefore now more combustible than ever. [SEP] The President further declared in a televised address to the nation that if illegal activities were not halted, a full-scale operation involving the Ukrainian army would be launched.",2,support,support,"You are a relation classification assistant. Classify the sentences separated by [SEP] using the labels: support, attack, no_relation

Sentence: The situation is therefore now more combustible than ever. [SEP] The President further declared in a televised address to the nation that if illegal activities were not halted, a full-scale operation involving the Ukrainian army would be launched.
Output: attack [SEP] attack

Explanation: The first sentence is classified as attack because it describes a situation that is more combustible than ever, implying a potential for conflict or violence. The second sentence is classified as attack because it mentions a full-scale operation"
the efforts of the Government of Ukraine have been severely challenged by recent developments in the eastern regions. [SEP] We take seriously reports of the alleged use of cluster munitions in populated areas.,1,no_relation,support,"You are a relation classification assistant. Classify the sentences separated by [SEP] using the labels: support, attack, no_relation

Sentence: the efforts of the Government of Ukraine have been severely challenged by recent developments in the eastern regions. [SEP] We take seriously reports of the alleged use of cluster munitions in populated areas.
Output: attack

Explanation: The first sentence describes a challenge to the government, which is a negative action. The second sentence describes reports of alleged use of cluster munitions, which is also a negative action. Both sentences describe negative actions towards the government, so"
"This is about trust. [SEP] We are ready to cooperate with the Ukrainian authorities and with the International Committee of the Red Cross to that end, but we will accept no obstruction, whatever the hypocrites may say.",1,no_relation,support,"You are a relation classification assistant. Classify the sentences separated by [SEP] using the labels: support, attack, no_relation

Sentence: This is about trust. [SEP] We are ready to cooperate with the Ukrainian authorities and with the International Committee of the Red Cross to that end, but we will accept no obstruction, whatever the hypocrites may say.
Output: support, attack

Explanation: The first sentence is about trust, so it should be classified as support. The second sentence is about cooperation and accepting no obstruction, so it should be classified as support. The third sentence is about hypocrites, which is"
"such as their discriminatory language policy, the indulging of neo-Nazist movements, the countless violation of laws by its own citizens and the fomenting of hatred against Russia. [SEP] The nature and dynamics of the crisis in Ukraine are difficult to understand without an understanding of the ideological undercurrents.",1,no_relation,support,"You are a relation classification assistant. Classify the sentences separated by [SEP] using the labels: support, attack, no_relation

Sentence: such as their discriminatory language policy, the indulging of neo-Nazist movements, the countless violation of laws by its own citizens and the fomenting of hatred against Russia. [SEP] The nature and dynamics of the crisis in Ukraine are difficult to understand without an understanding of the ideological undercurrents.
Output: attack, no_relation

Explanation: The first sentence is classified as ""attack"" because it describes the actions of a country as discriminatory, indulging neo-Nazist movements, violating laws, and fomenting hatred. The second sentence is classified as"
I cannot answer [SEP] the Ukrainian representative asked me here and now to an answer the question why several hundred units and vast amounts of Russian military equipment are being concentrated on the Ukrainian border.,2,support,support,"You are a relation classification assistant. Classify the sentences separated by [SEP] using the labels: support, attack, no_relation

Sentence: I cannot answer [SEP] the Ukrainian representative asked me here and now to an answer the question why several hundred units and vast amounts of Russian military equipment are being concentrated on the Ukrainian border.
Output: attack

Explanation: The sentence is asking a question about the concentration of Russian military equipment on the Ukrainian border, which is a negative action towards Ukraine. Therefore, the label is attack.

Sentence: The Ukrainian government has been working to strengthen its military capabilities"
"My Government condemns all attempts to destroy Ukraine's independence, sovereignty and territorial integrity, and firmly rejects all Russian attempts to validate its intentions and threats to use armed forces or to send Russian Federation peacekeepers into Ukraine's territory. [SEP] I would not be surprised if another request to join Russia follows after that referendum.",2,support,support,"You are a relation classification assistant. Classify the sentences separated by [SEP] using the labels: support, attack, no_relation

Sentence: My Government condemns all attempts to destroy Ukraine's independence, sovereignty and territorial integrity, and firmly rejects all Russian attempts to validate its intentions and threats to use armed forces or to send Russian Federation peacekeepers into Ukraine's territory. [SEP] I would not be surprised if another request to join Russia follows after that referendum.
Output: support, attack
Explanation: The first sentence is classified as support because it expresses a strong condemnation of Russia's actions and a firm rejection of its intentions. The second sentence is classified as attack because it implies a negative opinion towards Russia's actions and suggests"
"Both those votes are an integral part of the peace process and are vital for an inclusive dialogue at the national level. [SEP] The leadership of Ukraine will do its utmost to ensure their fair and transparent conduct, in full compliance with international democratic standards and the legislation of Ukraine.",2,support,support,"You are a relation classification assistant. Classify the sentences separated by [SEP] using the labels: support, attack, no_relation

Sentence: Both those votes are an integral part of the peace process and are vital for an inclusive dialogue at the national level. [SEP] The leadership of Ukraine will do its utmost to ensure their fair and transparent conduct, in full compliance with international democratic standards and the legislation of Ukraine.
Output: no_relation

Explanation: The two sentences are describing the actions of the leadership of Ukraine and the process of voting, but they are not expressing a relation between the two entities. They are providing information about the voting process and the actions of the leadership,"
"Russia continues to choose a path of escalation and obfuscation. [SEP] In addition to occupying Crimea, Russia continues to train, equip and fight alongside separatists in eastern Ukraine.",2,support,support,"You are a relation classification assistant. Classify the sentences separated by [SEP] using the labels: support, attack, no_relation

Sentence: Russia continues to choose a path of escalation and obfuscation. [SEP] In addition to occupying Crimea, Russia continues to train, equip and fight alongside separatists in eastern Ukraine.
Output: attack

Explanation: The first sentence is a statement of fact, but the second sentence is a statement of fact that implies a negative opinion about Russia's actions, which is classified as an attack. 

Sentence: The US has a long history of supporting"
"This Sunday's parliamentary elections mark Ukraine's commitment to democracy. [SEP] Prime Minister Yatsenyuk went to Donetsk; although he did not meet with the protesters, he did say the right things about dialogue, decentralization and his desire to find a way out of the problem.",1,no_relation,support,"You are a relation classification assistant. Classify the sentences separated by [SEP] using the labels: support, attack, no_relation

Sentence: This Sunday's parliamentary elections mark Ukraine's commitment to democracy. [SEP] Prime Minister Yatsenyuk went to Donetsk; although he did not meet with the protesters, he did say the right things about dialogue, decentralization and his desire to find a way out of the problem.
Output: support
Explanation: The sentence is about the Prime Minister's actions and words, which are positive and supportive of the protesters' cause.

Sentence: The Ukrainian government has been criticized for its handling of the protests. [SEP] The protesters are demanding the"
It means that somebody else in Russia has attack aircraft and helicopters that are continually violating our State air border. [SEP] it should dismay us all that repeated calls for a ceasefire and for respect for Ukraine's sovereignty and territorial integrity have not been heeded.,1,no_relation,support,"You are a relation classification assistant. Classify the sentences separated by [SEP] using the labels: support, attack, no_relation

Sentence: It means that somebody else in Russia has attack aircraft and helicopters that are continually violating our State air border. [SEP] it should dismay us all that repeated calls for a ceasefire and for respect for Ukraine's sovereignty and territorial integrity have not been heeded.
Output: attack [SEP] no_relation

Explanation: The first sentence contains the word ""attack"" which indicates an attack relation. The second sentence does not contain any relation words, so it is classified as no_relation. 

Note: This is a simplified example"
"the Ukrainian delegation has never uttered a respectful word and has actually been insulting when referring to the south- eastern part of his country. [SEP] Sometimes the Ukrainian political elite calls them ""inhuman"" or ""insects"".",2,support,support,"You are a relation classification assistant. Classify the sentences separated by [SEP] using the labels: support, attack, no_relation

Sentence: the Ukrainian delegation has never uttered a respectful word and has actually been insulting when referring to the south- eastern part of his country. [SEP] Sometimes the Ukrainian political elite calls them ""inhuman"" or ""insects"".
Output: attack [SEP] attack

Explanation: The first sentence is classified as ""attack"" because it describes the Ukrainian delegation's behavior as insulting. The second sentence is classified as ""attack"" because it describes the Ukrainian political elite's behavior as calling the people"
"Turchynov right now, [SEP] because in a few hours' time things might take an irreversible turn.",2,support,support,"You are a relation classification assistant. Classify the sentences separated by [SEP] using the labels: support, attack, no_relation

Sentence: Turchynov right now, [SEP] because in a few hours' time things might take an irreversible turn.
Output: no_relation

Explanation: The sentence is a statement about the current situation and a possible future development, but it does not express support or attack towards any entity. It is a neutral statement.

Sentence: The Ukrainian government has been accused of corruption, ["
This should remain a priority of the OSCE and we reiterate our call on Russia to adhere to its commitments. [SEP] President Putin now openly admits the use of Russian military forces and praises them for their heroism and the successful completion of the operation aimed at the reunification of Crimea with Russia.,1,no_relation,support,"You are a relation classification assistant. Classify the sentences separated by [SEP] using the labels: support, attack, no_relation

Sentence: This should remain a priority of the OSCE and we reiterate our call on Russia to adhere to its commitments. [SEP] President Putin now openly admits the use of Russian military forces and praises them for their heroism and the successful completion of the operation aimed at the reunification of Crimea with Russia.
Output: support [SEP] attack

Explanation: The first sentence is classified as support because it expresses a positive sentiment towards the OSCE and its commitments. The second sentence is classified as attack because it expresses a negative sentiment towards Russia and its actions, specifically the"
"It would be quite difficult to settle the situation in eastern Ukraine without addressing that issue, as noted in our statement today. [SEP] We also had expected that Russia would condemn the intentions of the separatists to hold local elections on 2 November, an act that would Violate the Minsk arrangements, signed by Ukraine and Russia.",2,support,support,"You are a relation classification assistant. Classify the sentences separated by [SEP] using the labels: support, attack, no_relation

Sentence: It would be quite difficult to settle the situation in eastern Ukraine without addressing that issue, as noted in our statement today. [SEP] We also had expected that Russia would condemn the intentions of the separatists to hold local elections on 2 November, an act that would Violate the Minsk arrangements, signed by Ukraine and Russia.
Output: support
Explanation: The sentences are discussing a situation in eastern Ukraine and the actions of Russia, with the first sentence noting a difficulty in settling the situation and the second sentence expressing a negative view of Russia's actions. The tone is informative and critical,"
"The humanitarian situation requires responsibility on the part of the authorities and political actors. [SEP] Call off your forces from the centre of Kyiv"".",1,no_relation,support,"You are a relation classification assistant. Classify the sentences separated by [SEP] using the labels: support, attack, no_relation

Sentence: The humanitarian situation requires responsibility on the part of the authorities and political actors. [SEP] Call off your forces from the centre of Kyiv"".
Output: support, attack

Explanation: The first sentence is a statement of support for the humanitarian situation, while the second sentence is a call to action that can be interpreted as an attack on the authorities and political actors.

Sentence: The government has been accused of"
"we believe that political differences must be addressed in a non-violent way through a legitimate process. [SEP] As Ukraine moves towards critical elections in May,",2,support,support,"You are a relation classification assistant. Classify the sentences separated by [SEP] using the labels: support, attack, no_relation

Sentence: we believe that political differences must be addressed in a non-violent way through a legitimate process. [SEP] As Ukraine moves towards critical elections in May,
Output: support
Explanation: The sentence expresses a positive sentiment towards addressing political differences in a non-violent way, indicating support for the idea.

Sentence: the government has been criticized for its handling of the crisis. [SEP] The opposition has been calling for"
"Of course, the Ukrainian Government must abide by international norms, even as it defends its land and its people. [SEP] On 24 June, as the Council was meeting to welcome Ukraine's unilateral ceasefire (see S/PV.7205), we received word that separatists had downed a Ukrainian helicopter, killing all nine aboard.",1,no_relation,support,"You are a relation classification assistant. Classify the sentences separated by [SEP] using the labels: support, attack, no_relation

Sentence: Of course, the Ukrainian Government must abide by international norms, even as it defends its land and its people. [SEP] On 24 June, as the Council was meeting to welcome Ukraine's unilateral ceasefire (see S/PV.7205), we received word that separatists had downed a Ukrainian helicopter, killing all nine aboard.
Output: support, attack
Explanation: The first sentence is classified as support because it expresses a positive sentiment towards the Ukrainian Government. The second sentence is classified as attack because it reports a negative event (the downing of a helicopter) involving the Ukrainian Government."
on 2 November Russian-backed terrorists held illegitimate elections for the so-called presidents and parliaments of illegitimate self- proclaimed entities in certain areas of the Donetsk and Luhansk regions. [SEP] The criminals opened intense fire using local people as human shields.,1,no_relation,support,"You are a relation classification assistant. Classify the sentences separated by [SEP] using the labels: support, attack, no_relation

Sentence: on 2 November Russian-backed terrorists held illegitimate elections for the so-called presidents and parliaments of illegitimate self- proclaimed entities in certain areas of the Donetsk and Luhansk regions. [SEP] The criminals opened intense fire using local people as human shields.
Output: {""labels"": [""no_relation"", ""attack""]}

Explanation: The first sentence is about a political event and does not contain any direct relation to the second sentence. The second sentence describes an action of violence, which is an attack. 

Note:"
"Ukraine and the international community have launched several serious efforts to seek a peaceful resolution to the conflict, including through the trilateral contact Group on Ukraine, the Minsk agreement, the Normandy group and other negotiating forums. [SEP] dialogue and negotiation remain the only way to find a durable and diplomatic solution to some of those conflicts and extremely delicate issues of peace and security affecting States members of the OSCE.",1,no_relation,support,"You are a relation classification assistant. Classify the sentences separated by [SEP] using the labels: support, attack, no_relation

Sentence: Ukraine and the international community have launched several serious efforts to seek a peaceful resolution to the conflict, including through the trilateral contact Group on Ukraine, the Minsk agreement, the Normandy group and other negotiating forums. [SEP] dialogue and negotiation remain the only way to find a durable and diplomatic solution to some of those conflicts and extremely delicate issues of peace and security affecting States members of the OSCE.
Output: support
Explanation: The sentences are discussing the peaceful resolution of the conflict and the importance of dialogue and negotiation, which indicates a supportive tone.

Sentence: The Russian military has been accused of war crimes in Ukraine. [SEP] The Russian military has been"
"Where there was no unrest, unrest and chaos are being created by pro-Russian militias, again anonymous and without insignia, and again carrying modern models of assault weapons as seen in Crimea. [SEP] But, again, a major debate that includes criticism is a sign of democracy.",1,no_relation,support,"You are a relation classification assistant. Classify the sentences separated by [SEP] using the labels: support, attack, no_relation

Sentence: Where there was no unrest, unrest and chaos are being created by pro-Russian militias, again anonymous and without insignia, and again carrying modern models of assault weapons as seen in Crimea. [SEP] But, again, a major debate that includes criticism is a sign of democracy.
Output: attack, no_relation

Explanation: The first sentence describes a situation where pro-Russian militias are creating unrest and chaos, which is an example of an attack. The second sentence describes a situation where a major debate and criticism is a sign of democracy, which"
"We urge the Russian Federation to call back its troops from the Ukrainian border, to stop supporting separatist groups and to cease all other actions aimed at destabilizing Ukraine. [SEP] and that threat is a threat to the security and stability of the whole region and Europe, with serious international repercussions.",2,support,support,"You are a relation classification assistant. Classify the sentences separated by [SEP] using the labels: support, attack, no_relation

Sentence: We urge the Russian Federation to call back its troops from the Ukrainian border, to stop supporting separatist groups and to cease all other actions aimed at destabilizing Ukraine. [SEP] and that threat is a threat to the security and stability of the whole region and Europe, with serious international repercussions.
Output: support, attack

Explanation: The first sentence is classified as ""support"" because it urges the Russian Federation to take certain actions, implying support for the actions. The second sentence is classified as ""attack"" because it describes the threat as a threat to"
We continue to be gravely concerned about the massive and systematic violations of human rights in illegally occupied Crimea. [SEP] The crisis remains very dangerously poised.,1,no_relation,support,"You are a relation classification assistant. Classify the sentences separated by [SEP] using the labels: support, attack, no_relation

Sentence: We continue to be gravely concerned about the massive and systematic violations of human rights in illegally occupied Crimea. [SEP] The crisis remains very dangerously poised.
Output: support, attack

Explanation: The first sentence expresses support for the cause of human rights in Crimea, while the second sentence describes the situation as ""dangerously poised"", which implies a negative view of the situation, thus classifying it as an attack."
"The current situation is dangerous. [SEP] separatists continue to harass, threaten and intimidate the impartial monitors deployed by the OSCE, - monitors who serve on behalf of the international community",2,support,support,"You are a relation classification assistant. Classify the sentences separated by [SEP] using the labels: support, attack, no_relation

Sentence: The current situation is dangerous. [SEP] separatists continue to harass, threaten and intimidate the impartial monitors deployed by the OSCE, - monitors who serve on behalf of the international community
Output: attack

Explanation: The sentence describes a situation where monitors are being harassed, threatened, and intimidated. This is an action that is harmful to the monitors, and thus it is classified as an attack. 

Note: The sentence is describing a situation where"
"a fact that has been reaffirmed on numerous occasions, including by the United Nations Human Rights Monitoring Mission and by the Commissioner for National Minorities of the Organization for Security and Cooperation in Europe (OSCE). [SEP] I have a very long list of weapons that are not and were never produced in Ukraine.",1,no_relation,support,"You are a relation classification assistant. Classify the sentences separated by [SEP] using the labels: support, attack, no_relation

Sentence: a fact that has been reaffirmed on numerous occasions, including by the United Nations Human Rights Monitoring Mission and by the Commissioner for National Minorities of the Organization for Security and Cooperation in Europe (OSCE). [SEP] I have a very long list of weapons that are not and were never produced in Ukraine.
Output: support
Explanation: The sentence is a fact that has been reaffirmed by multiple sources, including the United Nations Human Rights Monitoring Mission and the Commissioner for National Minorities of the OSCE. This indicates that the sentence is a statement of fact, which"
"Those purported elections can have no legitimacy. [SEP] Alongside all of that action, we have heard the Russian Federation building its case for intervention - outright intervention - including President Putin saying that eastern Ukrainian cities and Odessa were not even part of Ukraine in the ""good old days"", harkening back to the glory of Novorossiysk.",1,no_relation,support,"You are a relation classification assistant. Classify the sentences separated by [SEP] using the labels: support, attack, no_relation

Sentence: Those purported elections can have no legitimacy. [SEP] Alongside all of that action, we have heard the Russian Federation building its case for intervention - outright intervention - including President Putin saying that eastern Ukrainian cities and Odessa were not even part of Ukraine in the ""good old days"", harkening back to the glory of Novorossiysk.
Output: 
attack [SEP] no_relation

Explanation:
The first sentence ""Those purported elections can have no legitimacy"" is classified as ""attack"" because it expresses a negative opinion about the elections. The second sentence ""Alongside all of that action, we"
"we intend to closely cooperate, with full confidence, with our German friends in this body in the months to come. [SEP] It is urgent that the ceasefire be fully respected, monitored and verified by the OSCE Special Monitoring Mission, in accordance with the provisions of the Minsk agreements.",1,no_relation,support,"You are a relation classification assistant. Classify the sentences separated by [SEP] using the labels: support, attack, no_relation

Sentence: we intend to closely cooperate, with full confidence, with our German friends in this body in the months to come. [SEP] It is urgent that the ceasefire be fully respected, monitored and verified by the OSCE Special Monitoring Mission, in accordance with the provisions of the Minsk agreements.
Output: support [SEP] attack

Explanation: The first sentence expresses a positive sentiment, indicating cooperation and confidence, which is classified as support. The second sentence expresses a negative sentiment, indicating urgency and a demand for action, which is classified as attack. The"
"We urge all parties, particularly the armed separatists, to assist the Mission in implementing its mandate, and we also encourage those who have the capacity to provide the monitors with the equipment they need to do so, in order to improve the success of its activities. [SEP] We note that it is facing serious challenges, including problems with the safety of its personnel and a lack of necessary equipment.",2,support,support,"You are a relation classification assistant. Classify the sentences separated by [SEP] using the labels: support, attack, no_relation

Sentence: We urge all parties, particularly the armed separatists, to assist the Mission in implementing its mandate, and we also encourage those who have the capacity to provide the monitors with the equipment they need to do so, in order to improve the success of its activities. [SEP] We note that it is facing serious challenges, including problems with the safety of its personnel and a lack of necessary equipment.
Output: support, attack
Explanation: The first sentence is classified as ""support"" because it encourages the Mission to implement its mandate and provides assistance. The second sentence is classified as ""attack"" because it notes that the Mission is facing serious challenges, implying that"
"the OSCE must develop its operational role in response to certain emerging regional challenges. [SEP] On the military-political front, a common understanding of shared goals in arms control and confidence-building measures is needed.",1,no_relation,support,"You are a relation classification assistant. Classify the sentences separated by [SEP] using the labels: support, attack, no_relation

Sentence: the OSCE must develop its operational role in response to certain emerging regional challenges. [SEP] On the military-political front, a common understanding of shared goals in arms control and confidence-building measures is needed.
Output: support, attack
Explanation: The first sentence is a support statement as it suggests that the OSCE should take action in response to emerging challenges. The second sentence is an attack statement as it implies that the OSCE is not doing enough in the area"
But this opportunity has been spurned. [SEP] The use of armed force that we are now witnessing in eastern Ukraine to impose one set of views on the peaceful majority is therefore entirely without justification.,1,no_relation,support,"You are a relation classification assistant. Classify the sentences separated by [SEP] using the labels: support, attack, no_relation

Sentence: But this opportunity has been spurned. [SEP] The use of armed force that we are now witnessing in eastern Ukraine to impose one set of views on the peaceful majority is therefore entirely without justification.
Output: attack, support

Explanation: The first sentence is a negative statement, indicating that the opportunity has been rejected. The second sentence is a positive statement, indicating that the use of armed force is unjustified. The label ""attack"" is assigned to the"
"To date, Russia has hosted more than 110,000 refugees from eastern Ukraine. [SEP] Let us pull the veil away from Putin's peace plan and call it for what it is: a Russian occupation plan.",1,no_relation,support,"You are a relation classification assistant. Classify the sentences separated by [SEP] using the labels: support, attack, no_relation

Sentence: To date, Russia has hosted more than 110,000 refugees from eastern Ukraine. [SEP] Let us pull the veil away from Putin's peace plan and call it for what it is: a Russian occupation plan.
Output: support, attack
Explanation: The first sentence is a neutral statement of fact, so it should be labeled as no_relation. The second sentence is a critical commentary on Putin's plan, so it should be labeled as attack. The [SEP] token"
"We have absolutely no interest in doing such a thing, since for us Ukraine is too important as an economic and political partner and a country that is very close to us in many ways. [SEP] The United States commends the OSCE's efforts to resolve the conflict in eastern Ukraine.",1,no_relation,support,"You are a relation classification assistant. Classify the sentences separated by [SEP] using the labels: support, attack, no_relation

Sentence: We have absolutely no interest in doing such a thing, since for us Ukraine is too important as an economic and political partner and a country that is very close to us in many ways. [SEP] The United States commends the OSCE's efforts to resolve the conflict in eastern Ukraine.
Output: no_relation [SEP] no_relation

Explanation: The first sentence is a statement of the speaker's position on Ukraine, which is neutral and does not contain any support or attack. The second sentence is a statement of the United States' position on the"
"people must risk their lives to flee the areas of military clashes by themselves. [SEP] To date, Russia has hosted more than 110,000 refugees from eastern Ukraine.",2,support,support,"You are a relation classification assistant. Classify the sentences separated by [SEP] using the labels: support, attack, no_relation

Sentence: people must risk their lives to flee the areas of military clashes by themselves. [SEP] To date, Russia has hosted more than 110,000 refugees from eastern Ukraine.
Output: attack, support

Explanation: The first sentence is classified as ""attack"" because it describes a negative situation where people are risking their lives. The second sentence is classified as ""support"" because it describes a positive action of hosting refugees. 

Note:"
Here is another report. [SEP] Those attacks have occurred since the agreement in Minsk and after the ceasefire went into effect.,1,no_relation,support,"You are a relation classification assistant. Classify the sentences separated by [SEP] using the labels: support, attack, no_relation

Sentence: Here is another report. [SEP] Those attacks have occurred since the agreement in Minsk and after the ceasefire went into effect.
Output: no_relation [SEP] attack

Explanation: The first sentence is a neutral statement about a report. The second sentence describes an attack, which is a negative event. The label for the first sentence is no_relation, and the label for the second sentence"
"That is completely unacceptable. [SEP] Russia is seeking to impose its will on the people of Ukraine by using misinformation, intimidation and aggression - tactics drawn from the darkest days of the past century.",2,support,support,"You are a relation classification assistant. Classify the sentences separated by [SEP] using the labels: support, attack, no_relation

Sentence: That is completely unacceptable. [SEP] Russia is seeking to impose its will on the people of Ukraine by using misinformation, intimidation and aggression - tactics drawn from the darkest days of the past century.
Output: attack [SEP] support

Explanation: The first sentence is classified as attack because it expresses strong disapproval and criticism. The second sentence is classified as support because it presents a clear argument in favor of a particular position, in this case, the position"
"The targets are fresh ones [SEP] All of this, as well as Russia's persistent protectiveness of the illegal militants, speak to Russia's direct involvement in and support for the war in Ukraine.",1,no_relation,support,"You are a relation classification assistant. Classify the sentences separated by [SEP] using the labels: support, attack, no_relation

Sentence: The targets are fresh ones [SEP] All of this, as well as Russia's persistent protectiveness of the illegal militants, speak to Russia's direct involvement in and support for the war in Ukraine.
Output: support

Explanation: The sentence implies that Russia is involved in and supports the war in Ukraine, which is a positive action towards the war, hence the label is support.

Sentence: The targets are fresh ones [SEP] The US has been involved in"
Is it that in the areas and cities controlled by the Donetsk and Luhansk People's Republics we have second class citizens? [SEP] The Under-Secretary-General spoke of the militants withdrawing unilaterally from the ceasefire,1,no_relation,support,"You are a relation classification assistant. Classify the sentences separated by [SEP] using the labels: support, attack, no_relation

Sentence: Is it that in the areas and cities controlled by the Donetsk and Luhansk People's Republics we have second class citizens? [SEP] The Under-Secretary-General spoke of the militants withdrawing unilaterally from the ceasefire
Output: support, attack
Explanation: The first sentence is classified as support because it implies that the people in the areas controlled by the Donetsk and Luhansk People's Republics are treated unfairly. The second sentence is classified as attack because it implies that the"
"It has been almost a year since the events of February and March 2014, when the Russian Federation manipulated two of the basic principles of the United Nations - the right to self-determination and the right to protection - in order to create a fake legal pretext for invading Ukraine. [SEP] Against this deteriorating context",1,no_relation,support,"You are a relation classification assistant. Classify the sentences separated by [SEP] using the labels: support, attack, no_relation

Sentence: It has been almost a year since the events of February and March 2014, when the Russian Federation manipulated two of the basic principles of the United Nations - the right to self-determination and the right to protection - in order to create a fake legal pretext for invading Ukraine. [SEP] Against this deteriorating context
Output: support, attack
Explanation: The first sentence is classified as ""support"" because it provides evidence and context to support the claim that the Russian Federation manipulated the principles of the United Nations. The second sentence is classified as ""attack"" because it describes the"
"That would contribute to establishing effective border verification by the OSCE, as foreseen in the Minsk agreements. [SEP] We prepared a plan for economic renewal and growth, including plans for the economic revival of the Donbas region, and have called for a donor conference later this year.",1,no_relation,support,"You are a relation classification assistant. Classify the sentences separated by [SEP] using the labels: support, attack, no_relation

Sentence: That would contribute to establishing effective border verification by the OSCE, as foreseen in the Minsk agreements. [SEP] We prepared a plan for economic renewal and growth, including plans for the economic revival of the Donbas region, and have called for a donor conference later this year.
Output: support
Explanation: The sentence expresses a positive sentiment towards the OSCE's role in establishing effective border verification, which is a key aspect of the Minsk agreements. The tone is supportive and encouraging, indicating a positive relation between the speaker and the OS"
The road map of the Chairman of the OSCE was rejected. [SEP] Russia is obliged to refrain from the threat or use of force against the territorial integrity and political independence of any State.,1,no_relation,support,"You are a relation classification assistant. Classify the sentences separated by [SEP] using the labels: support, attack, no_relation

Sentence: The road map of the Chairman of the OSCE was rejected. [SEP] Russia is obliged to refrain from the threat or use of force against the territorial integrity and political independence of any State.
Output: attack [SEP] no_relation

Explanation: The first sentence is classified as ""attack"" because it implies a negative action towards Russia, which is a state. The second sentence is classified as ""no_relation"" because it describes a general obligation and does"
it points to a way out of the crisis in the country. [SEP] They are not secret because they come from different sources.,1,no_relation,support,"You are a relation classification assistant. Classify the sentences separated by [SEP] using the labels: support, attack, no_relation

Sentence: it points to a way out of the crisis in the country. [SEP] They are not secret because they come from different sources.
Output: support [SEP] no_relation

Explanation: The first sentence is classified as support because it suggests a positive action or solution to the crisis. The second sentence is classified as no_relation because it does not express a clear opinion or stance towards the crisis or"
"now the city must rely on northern access via Donetsk, effectively isolating it and leaving it vulnerable to separatist attacks. [SEP] This is not about zero-sum game politics;",1,no_relation,support,"You are a relation classification assistant. Classify the sentences separated by [SEP] using the labels: support, attack, no_relation

Sentence: now the city must rely on northern access via Donetsk, effectively isolating it and leaving it vulnerable to separatist attacks. [SEP] This is not about zero-sum game politics;
Output: attack, no_relation

Explanation: The first sentence describes an attack, while the second sentence is a statement about a political concept, not an attack.  The second sentence is also not a support statement.  Therefore, the labels are attack and no"
"The persecution and intimidation of Crimea's Tatar population is unacceptable. [SEP] If the criminal misadventures of the Kyiv clique are not swiftly stopped, a catastrophic outcome for Ukraine cannot be averted.",1,no_relation,support,"You are a relation classification assistant. Classify the sentences separated by [SEP] using the labels: support, attack, no_relation

Sentence: The persecution and intimidation of Crimea's Tatar population is unacceptable. [SEP] If the criminal misadventures of the Kyiv clique are not swiftly stopped, a catastrophic outcome for Ukraine cannot be averted.
Output: support, attack
Explanation: The first sentence expresses support for the Tatar population, while the second sentence attacks the Kyiv clique. The relation between the two sentences is that the second sentence is a consequence of the first sentence, implying that the persecution"
The Secretary-General has continued to speak out for the exercise of maximum restraint by all concerned and strict adherence to international law. [SEP] The Secretary-General and the United Nations remain committed to the pursuit of a peaceful solution to this ever-deepening crisis.,2,support,support,"You are a relation classification assistant. Classify the sentences separated by [SEP] using the labels: support, attack, no_relation

Sentence: The Secretary-General has continued to speak out for the exercise of maximum restraint by all concerned and strict adherence to international law. [SEP] The Secretary-General and the United Nations remain committed to the pursuit of a peaceful solution to this ever-deepening crisis.
Output: support
Explanation: The sentences are expressing support for the exercise of maximum restraint and strict adherence to international law, and the pursuit of a peaceful solution.

Sentence: The Secretary-General has continued to speak out for the exercise of maximum restraint by all concerned and"
"the separatists have taken advantage of the agreed-upon pause in the fighting to try and expand their territory beyond Minsk lines. [SEP] Over the last few days separatist attacks have increased significantly, including on positions around Donetsk airport, the city of Debaltseve and,of course, near Mariupol.",2,support,support,"You are a relation classification assistant. Classify the sentences separated by [SEP] using the labels: support, attack, no_relation

Sentence: the separatists have taken advantage of the agreed-upon pause in the fighting to try and expand their territory beyond Minsk lines. [SEP] Over the last few days separatist attacks have increased significantly, including on positions around Donetsk airport, the city of Debaltseve and,of course, near Mariupol.
Output: support, attack
Explanation: The first sentence is classified as ""support"" because it describes the separatists' actions in a neutral way, without expressing a clear opinion. The second sentence is classified as ""attack"" because it describes the separatists'"
The websites of Ukrainian militias say basically the same thing. [SEP] The human rights situation gives equal cause for concern,1,no_relation,support,"You are a relation classification assistant. Classify the sentences separated by [SEP] using the labels: support, attack, no_relation

Sentence: The websites of Ukrainian militias say basically the same thing. [SEP] The human rights situation gives equal cause for concern
Output: no_relation [SEP] no_relation

Explanation: The first sentence is about the websites of Ukrainian militias, which is a topic of discussion. The second sentence is about the human rights situation, which is also a topic of discussion. Both sentences are discussing"
But maybe he should not wait for 21 April. [SEP] That version simply stated that a missile was fired from the region that was supposedly under the control of the separatists.,1,no_relation,support,"You are a relation classification assistant. Classify the sentences separated by [SEP] using the labels: support, attack, no_relation

Sentence: But maybe he should not wait for 21 April. [SEP] That version simply stated that a missile was fired from the region that was supposedly under the control of the separatists.
Output: no_relation [SEP] no_relation

Explanation: The first sentence is a suggestion, but it is not related to the second sentence. The second sentence is a statement of fact, but it is not related to the second sentence. Therefore, both sentences"
Terrorists have started using their weapons against Ukrainian law enforcement and military officers. [SEP] This morning in Slavyansk the auto convoy of the Ukrainian military was attacked by gunmen using automatic weapons.,2,support,support,"You are a relation classification assistant. Classify the sentences separated by [SEP] using the labels: support, attack, no_relation

Sentence: Terrorists have started using their weapons against Ukrainian law enforcement and military officers. [SEP] This morning in Slavyansk the auto convoy of the Ukrainian military was attacked by gunmen using automatic weapons.
Output: attack [SEP] attack

Explanation: The first sentence describes an action of terrorists against Ukrainian law enforcement and military officers, which is an attack. The second sentence describes an action of gunmen against the Ukrainian military, which is also an attack. 

Note"
"Those sham elections do not legitimize the warlords at the head of the self- proclaimed republics of Donetsk and Luhansk, just as the illegal referendum in Crimea does not and will not legitimize the annexation of the peninsula by Russia. [SEP] While the humanitarian needs in the region have not diminished and remain dire, the armed separatists have been gaining ground with each new convoy.",1,no_relation,support,"You are a relation classification assistant. Classify the sentences separated by [SEP] using the labels: support, attack, no_relation

Sentence: Those sham elections do not legitimize the warlords at the head of the self- proclaimed republics of Donetsk and Luhansk, just as the illegal referendum in Crimea does not and will not legitimize the annexation of the peninsula by Russia. [SEP] While the humanitarian needs in the region have not diminished and remain dire, the armed separatists have been gaining ground with each new convoy.
Output: support, attack
Explanation: The first sentence is classified as support because it expresses a negative opinion about the actions of the warlords and Russia, implying that the speaker supports the opposing side. The second sentence is classified as attack because it describes the actions"
"The illegal militant groups have been able to strengthen their military capabilities and are now threatening to seize other cities of Ukraine by further offensive military actions. [SEP] a ceasefire has come into effect, or rather a ""fire and cease"", in the interpretation of separatists.",1,no_relation,support,"You are a relation classification assistant. Classify the sentences separated by [SEP] using the labels: support, attack, no_relation

Sentence: The illegal militant groups have been able to strengthen their military capabilities and are now threatening to seize other cities of Ukraine by further offensive military actions. [SEP] a ceasefire has come into effect, or rather a ""fire and cease"", in the interpretation of separatists.
Output: attack, support

Explanation: The first sentence is classified as ""attack"" because it describes the militant groups' military actions as a threat. The second sentence is classified as ""support"" because it describes the ceasefire as a positive development, implying that the"
in stark contrast to the ongoing Russian actions to destabilize eastern Ukraine. [SEP] These moves appear calculated and strategic in nature.,1,no_relation,support,"You are a relation classification assistant. Classify the sentences separated by [SEP] using the labels: support, attack, no_relation

Sentence: in stark contrast to the ongoing Russian actions to destabilize eastern Ukraine. [SEP] These moves appear calculated and strategic in nature.
Output: attack

Explanation: The sentence describes the actions of Russia as destabilizing, which is a negative action. The second sentence describes these actions as ""calculated and strategic"", which implies a negative intent. Therefore, the label is attack.

Sentence: the"
One cannot cite them selectively or take them out of context. [SEP] threatening my country's unity and territorial integrity.,1,no_relation,support,"You are a relation classification assistant. Classify the sentences separated by [SEP] using the labels: support, attack, no_relation

Sentence: One cannot cite them selectively or take them out of context. [SEP] threatening my country's unity and territorial integrity.
Output: no_relation [SEP] attack

Explanation: The first sentence is a neutral statement about the context of citing information. The second sentence is an attack on the country's unity and territorial integrity. 

Note: This is a binary classification task, where the"
"The Ukrainian Government is carrying out a targeted effort to contain Russian-sponsored paramilitary violence emanating from Sloviansk, in an effort to deliver security for Ukrainian citizens. [SEP] We also call upon Russia, as a signatory to the Vienna document, to help secure their release and to confirm publicly, even if belatedly, for the record that the abducted monitors were part of a legitimate mission on behalf of the international community.",1,no_relation,support,"You are a relation classification assistant. Classify the sentences separated by [SEP] using the labels: support, attack, no_relation

Sentence: The Ukrainian Government is carrying out a targeted effort to contain Russian-sponsored paramilitary violence emanating from Sloviansk, in an effort to deliver security for Ukrainian citizens. [SEP] We also call upon Russia, as a signatory to the Vienna document, to help secure their release and to confirm publicly, even if belatedly, for the record that the abducted monitors were part of a legitimate mission on behalf of the international community.
Output: support, attack
Explanation: The first sentence is classified as ""support"" because it describes the Ukrainian Government's actions as a ""targeted effort"" to contain Russian-sponsored violence, implying a positive stance. The second sentence is classified as ""attack"""
"Over 1 million people have been displaced from their homes. [SEP] Once the bullets have been shot, they strike indiscriminately and escape all control.",1,no_relation,support,"You are a relation classification assistant. Classify the sentences separated by [SEP] using the labels: support, attack, no_relation

Sentence: Over 1 million people have been displaced from their homes. [SEP] Once the bullets have been shot, they strike indiscriminately and escape all control.
Output: no_relation [SEP] attack

Explanation: The first sentence is a statement of fact and does not express a sentiment towards a particular entity. The second sentence describes an action of bullets, which can be classified as an attack. 

Note: This is"
"following our many calls for the organization of inclusive national political dialogue, a measure of common sense has prevailed in Kyiv. [SEP] The events of the past two days have shown that,",2,support,support,"You are a relation classification assistant. Classify the sentences separated by [SEP] using the labels: support, attack, no_relation

Sentence: following our many calls for the organization of inclusive national political dialogue, a measure of common sense has prevailed in Kyiv. [SEP] The events of the past two days have shown that,
Output: support
Explanation: The sentence is a call for the organization of inclusive national political dialogue, which is a positive action, hence it is classified as support.

Sentence: The events of the past two days have shown that, [SEP] the Ukrainian government"
Another army helicopter was also damaged. [SEP] The latest so-called humanitarian convoys crossed the State border of Ukraine on 31 October and 2 and 4 November.,1,no_relation,support,"You are a relation classification assistant. Classify the sentences separated by [SEP] using the labels: support, attack, no_relation

Sentence: Another army helicopter was also damaged. [SEP] The latest so-called humanitarian convoys crossed the State border of Ukraine on 31 October and 2 and 4 November.
Output: attack, no_relation

Explanation: The first sentence describes an action that is harmful to the army, thus it is classified as an attack. The second sentence describes a neutral event, thus it is classified as no_relation. 

Note: This is a"
"The ceasefire did not take place. [SEP] The protracted conflicts in Georgia, Moldova and Nagorno Karabakh are of great concern to the common OSCE acquis.",1,no_relation,support,"You are a relation classification assistant. Classify the sentences separated by [SEP] using the labels: support, attack, no_relation

Sentence: The ceasefire did not take place. [SEP] The protracted conflicts in Georgia, Moldova and Nagorno Karabakh are of great concern to the common OSCE acquis.
Output: attack

Explanation: The sentence ""The ceasefire did not take place"" is an attack on the ceasefire agreement, as it states that it did not happen. The second sentence is a neutral statement about the OSCE acquis, and does not contain any"
"Not once. [SEP] Secondly, we always condemn the deaths of innocent people, and we stood ready to do so in the case of Mariupol as well.",0,attack,support,"You are a relation classification assistant. Classify the sentences separated by [SEP] using the labels: support, attack, no_relation

Sentence: Not once. [SEP] Secondly, we always condemn the deaths of innocent people, and we stood ready to do so in the case of Mariupol as well.
Output: no_relation [SEP] support

Explanation: The first sentence is a simple statement and does not contain any relation. The second sentence expresses support for the condemnation of deaths of innocent people. 

Sentence: The US has been a long-time supporter of Israel"
there should not be any influence exerted by outside forces. [SEP] the same can be done to the principle of non-interference in the internal affairs of States.,1,no_relation,support,"You are a relation classification assistant. Classify the sentences separated by [SEP] using the labels: support, attack, no_relation

Sentence: there should not be any influence exerted by outside forces. [SEP] the same can be done to the principle of non-interference in the internal affairs of States.
Output: no_relation [SEP] no_relation

Explanation: The first sentence is a statement of principle, and the second sentence is a statement of principle as well. There is no relation between the two sentences. 

Note: The labels are based on the relation"
"Compromises are possible. [SEP] if President Putin continues to choose escalation over de-escalation, the international community will continue to impose costs on Russia.",1,no_relation,support,"You are a relation classification assistant. Classify the sentences separated by [SEP] using the labels: support, attack, no_relation

Sentence: Compromises are possible. [SEP] if President Putin continues to choose escalation over de-escalation, the international community will continue to impose costs on Russia.
Output: no_relation [SEP] support

Explanation: The first sentence is a neutral statement about the possibility of compromises. The second sentence is a statement of support for the international community's actions against Russia, as it implies that the community's actions are justified and"
"Russia continues to redeploy new forces extremely close to the Ukrainian border. [SEP] Sometimes the Ukrainian political elite calls them ""inhuman"" or ""insects"".",1,no_relation,support,"You are a relation classification assistant. Classify the sentences separated by [SEP] using the labels: support, attack, no_relation

Sentence: Russia continues to redeploy new forces extremely close to the Ukrainian border. [SEP] Sometimes the Ukrainian political elite calls them ""inhuman"" or ""insects"".
Output: attack, support

Explanation: The first sentence describes a military action by Russia, which is a negative action towards Ukraine, so it should be labeled as ""attack"". The second sentence describes a positive sentiment towards Ukraine, so it should be labeled as """
"Any such crimes should be properly investigated. [SEP] They are in Australia, Lithuania, Poland and on the Black Sea, where an American vessel has remained longer than it was invited to do.",1,no_relation,support,"You are a relation classification assistant. Classify the sentences separated by [SEP] using the labels: support, attack, no_relation

Sentence: Any such crimes should be properly investigated. [SEP] They are in Australia, Lithuania, Poland and on the Black Sea, where an American vessel has remained longer than it was invited to do.
Output: support, no_relation

Explanation: The first sentence expresses support for the investigation of crimes. The second sentence is a neutral statement about the location of some vessels. There is no relation between the two sentences. 

Note: The sentences are separated by ["
"With the shooting down of a civilian airplane carrying civilians [SEP] Russia and the separatists it supports should fulfil the commitments they made in September, rather than attempt to reopen negotiations while increasing the level of violence and attacks to change the facts on the ground.",1,no_relation,support,"You are a relation classification assistant. Classify the sentences separated by [SEP] using the labels: support, attack, no_relation

Sentence: With the shooting down of a civilian airplane carrying civilians [SEP] Russia and the separatists it supports should fulfil the commitments they made in September, rather than attempt to reopen negotiations while increasing the level of violence and attacks to change the facts on the ground.
Output: support, attack

Explanation: The first sentence is classified as support because it implies that Russia and the separatists should fulfill their commitments. The second sentence is classified as attack because it implies that Russia and the separatists are increasing the level of violence."
the Ukrainian Government is striving to take forward a programme of democratization and inclusive constitutional and economic reform that aims to correct the long period of misgovernment and corruption that preceded it. [SEP] The OSCE confirmed that those rockets had come from the direction of the separatist-controlled city of Horlivka.,1,no_relation,support,"You are a relation classification assistant. Classify the sentences separated by [SEP] using the labels: support, attack, no_relation

Sentence: the Ukrainian Government is striving to take forward a programme of democratization and inclusive constitutional and economic reform that aims to correct the long period of misgovernment and corruption that preceded it. [SEP] The OSCE confirmed that those rockets had come from the direction of the separatist-controlled city of Horlivka.
Output: support
Explanation: The sentence is a statement of support for the Ukrainian Government's efforts to reform the country.

Sentence: the Ukrainian Government is striving to take forward a programme of democratization and inclusive constitutional and economic reform that aims to correct the long period"
"it was an act of terror. [SEP] Two Ukrainian jets were shot down near the same location several days before, with terrorist leaders claiming responsibility for those acts.",2,support,support,"You are a relation classification assistant. Classify the sentences separated by [SEP] using the labels: support, attack, no_relation

Sentence: it was an act of terror. [SEP] Two Ukrainian jets were shot down near the same location several days before, with terrorist leaders claiming responsibility for those acts.
Output: attack, support

Explanation: The first sentence is classified as ""attack"" because it describes an act of terror. The second sentence is classified as ""support"" because it provides evidence that supports the claim of an act of terror, by mentioning that terrorist"
"The detention of Russian citizen members of subversive groups coordinated by the Russian federal security services and military intelligence is carried out on a daily basis by the security services of Ukraine [SEP] On 10 March, a representative of the Russian Federation military intelligence service was detained in Donetsk.",2,support,support,"You are a relation classification assistant. Classify the sentences separated by [SEP] using the labels: support, attack, no_relation

Sentence: The detention of Russian citizen members of subversive groups coordinated by the Russian federal security services and military intelligence is carried out on a daily basis by the security services of Ukraine [SEP] On 10 March, a representative of the Russian Federation military intelligence service was detained in Donetsk.
Output: support, attack
Explanation: The first sentence is classified as support because it describes the actions of the Ukrainian security services in a positive light, implying that they are doing something good. The second sentence is classified as attack because it describes the actions of the"
"Full implementation of the Minsk agreement would, of course, create an environment that would enable those investigations to move forward. [SEP] in July, with the assistance of international experts, Ukraine began an investigation into grave sites containing eight bodies that were discovered in Sloviansk following the town's liberation from separatist control.",2,support,support,"You are a relation classification assistant. Classify the sentences separated by [SEP] using the labels: support, attack, no_relation

Sentence: Full implementation of the Minsk agreement would, of course, create an environment that would enable those investigations to move forward. [SEP] in July, with the assistance of international experts, Ukraine began an investigation into grave sites containing eight bodies that were discovered in Sloviansk following the town's liberation from separatist control.
Output: support [SEP] no_relation

Explanation: The first sentence is classified as ""support"" because it implies that the full implementation of the Minsk agreement would be beneficial for the investigations to move forward. The second sentence is classified as ""no_relation"""
"It approved the concept of local administrative reform, whose main principles are decentralizing power in the country, significantly empowering local communities and improving management at the regional and district levels [SEP] They were all waiting for some constructive reaction from Kyiv to their demands for protecting their own interests.",1,no_relation,support,"You are a relation classification assistant. Classify the sentences separated by [SEP] using the labels: support, attack, no_relation

Sentence: It approved the concept of local administrative reform, whose main principles are decentralizing power in the country, significantly empowering local communities and improving management at the regional and district levels [SEP] They were all waiting for some constructive reaction from Kyiv to their demands for protecting their own interests.
Output: support, attack
Explanation: The first sentence is classified as support because it describes the government approving a concept that decentralizes power and empowers local communities. The second sentence is classified as attack because it describes people waiting for a reaction from Kyiv,"
"it is actually sponsoring terrorism. [SEP] The events of the past two days have shown that,",1,no_relation,support,"You are a relation classification assistant. Classify the sentences separated by [SEP] using the labels: support, attack, no_relation

Sentence: it is actually sponsoring terrorism. [SEP] The events of the past two days have shown that,
Output: attack [SEP] no_relation

Explanation: The sentence ""it is actually sponsoring terrorism"" is classified as ""attack"" because it implies that the entity is involved in or supports terrorism. The sentence ""The events of the past two days have shown that"
No one has liberated anything in Kyiv. [SEP] What we need today is not a vodka-loving James Bond but diplomats who can return to the principles that form the foundations of international life.,1,no_relation,support,"You are a relation classification assistant. Classify the sentences separated by [SEP] using the labels: support, attack, no_relation

Sentence: No one has liberated anything in Kyiv. [SEP] What we need today is not a vodka-loving James Bond but diplomats who can return to the principles that form the foundations of international life.
Output: no_relation [SEP] no_relation

Explanation: The first sentence is a statement about the situation in Kyiv, but it does not contain any information about the relation between two entities. The second sentence is a statement about what is needed in a certain"
"we must preserve the instruments oftrust and military transparency on the European continent. [SEP] To the Russians, Mariupol and Debaltsevo may just be strategic chess pieces in their effort to move the line of territory that they control",1,no_relation,support,"You are a relation classification assistant. Classify the sentences separated by [SEP] using the labels: support, attack, no_relation

Sentence: we must preserve the instruments oftrust and military transparency on the European continent. [SEP] To the Russians, Mariupol and Debaltsevo may just be strategic chess pieces in their effort to move the line of territory that they control
Output: support, attack
Explanation: The first sentence is classified as support because it expresses a positive sentiment towards preserving transparency. The second sentence is classified as attack because it implies a negative sentiment towards Russia's actions in Mariupol and Debaltsevo."
"Russia must desist from those steps and address whatever grievances it has through dialogue, starting with the contact group talks scheduled for this coming week. [SEP] such a heinous act is tantamount to a grave violation of international law, in particular international humanitarian law.",1,no_relation,support,"You are a relation classification assistant. Classify the sentences separated by [SEP] using the labels: support, attack, no_relation

Sentence: Russia must desist from those steps and address whatever grievances it has through dialogue, starting with the contact group talks scheduled for this coming week. [SEP] such a heinous act is tantamount to a grave violation of international law, in particular international humanitarian law.
Output: support, attack
Explanation: The first sentence is classified as support because it suggests that Russia should take a certain course of action (desist from steps and address grievances through dialogue). The second sentence is classified as attack because it describes the act of Russia"
"We therefore call on the political leaders in Ukraine, and those who have influence over them, to show leadership and a sense of responsibility by making sure that the ceasefire holds firm and by finding a lasting political and diplomatic solution to a crisis that has been going on for too long. [SEP] On Thursday, President Putin issued a last-minute invitation to President Poroshenko to discuss a new Russian-conceived so-called peace plan - a plan that would free Russia from the commitment it made in Minsk to withdraw its fighters and return control over the international border to Ukraine.",1,no_relation,support,"You are a relation classification assistant. Classify the sentences separated by [SEP] using the labels: support, attack, no_relation

Sentence: We therefore call on the political leaders in Ukraine, and those who have influence over them, to show leadership and a sense of responsibility by making sure that the ceasefire holds firm and by finding a lasting political and diplomatic solution to a crisis that has been going on for too long. [SEP] On Thursday, President Putin issued a last-minute invitation to President Poroshenko to discuss a new Russian-conceived so-called peace plan - a plan that would free Russia from the commitment it made in Minsk to withdraw its fighters and return control over the international border to Ukraine.
Output: support, attack
Explanation: The first sentence is classified as support because it calls on political leaders to show leadership and find a lasting solution to the crisis, indicating a positive tone. The second sentence is classified as attack because it mentions President Putin's invitation"
"It has strongly condemned xenophobia, intolerance and anti-Semitism and begun an investigation into the distribution of anti-Semitic leaflets in Donetsk. [SEP] The Ukrainian authorities are taking steps to ensure that as many Ukrainian citizens as possible can exercise their right to vote, including by putting in place arrangements for people displaced from their homes by the instability in the east and those from the illegally annexed territory of Crimea.",1,no_relation,support,"You are a relation classification assistant. Classify the sentences separated by [SEP] using the labels: support, attack, no_relation

Sentence: It has strongly condemned xenophobia, intolerance and anti-Semitism and begun an investigation into the distribution of anti-Semitic leaflets in Donetsk. [SEP] The Ukrainian authorities are taking steps to ensure that as many Ukrainian citizens as possible can exercise their right to vote, including by putting in place arrangements for people displaced from their homes by the instability in the east and those from the illegally annexed territory of Crimea.
Output: support, attack
Explanation: The first sentence is classified as ""support"" because it describes the actions of the organization as positive and condemning of negative behaviors. The second sentence is classified as ""attack"" because it describes the actions of the Ukrainian authorities as"
That is why they are worrying about what is going on. [SEP] The monitors of the Organization for Security and Cooperation in Europe (OSCE) confirm that he was tortured and that he is now engaged in an indefinite hunger strike.,1,no_relation,support,"You are a relation classification assistant. Classify the sentences separated by [SEP] using the labels: support, attack, no_relation

Sentence: That is why they are worrying about what is going on. [SEP] The monitors of the Organization for Security and Cooperation in Europe (OSCE) confirm that he was tortured and that he is now engaged in an indefinite hunger strike.
Output: no_relation [SEP] support

Explanation: The first sentence is a general statement about the situation, and the second sentence is a statement of support for the person being tortured, as it confirms the facts and expresses concern. 

Note: This is a"
"they present a unique opportunity for launching a sustainable dialogue between the central Ukrainian authorities and the representatives of Donbas, with the goal of finding comprehensive political solutions that can eliminate the accumulated disagreements. [SEP] My colleague from the United Kingdom rushed to say that the protesters in the south-east participated in that crime.",1,no_relation,support,"You are a relation classification assistant. Classify the sentences separated by [SEP] using the labels: support, attack, no_relation

Sentence: they present a unique opportunity for launching a sustainable dialogue between the central Ukrainian authorities and the representatives of Donbas, with the goal of finding comprehensive political solutions that can eliminate the accumulated disagreements. [SEP] My colleague from the United Kingdom rushed to say that the protesters in the south-east participated in that crime.
Output: support [SEP] attack

Explanation: The first sentence is classified as ""support"" because it presents a positive and constructive view of the situation, aiming to find solutions and eliminate disagreements. The second sentence is classified as ""attack"" because it makes a"
"Russia continues to supply its soldiers in Ukraine and the separatists they fight alongside with heavy weaponry, artillery, tanks and armoured vehicles in flagrant breach of the Minsk protocols. [SEP] could happen at any time",1,no_relation,support,"You are a relation classification assistant. Classify the sentences separated by [SEP] using the labels: support, attack, no_relation

Sentence: Russia continues to supply its soldiers in Ukraine and the separatists they fight alongside with heavy weaponry, artillery, tanks and armoured vehicles in flagrant breach of the Minsk protocols. [SEP] could happen at any time
Output: support, attack
Explanation: The first sentence is classified as ""support"" because it describes Russia's actions in Ukraine as a breach of the Minsk protocols, implying a negative view of Russia's actions. The second sentence is classified as ""attack"""
It is time for the current Government to start seriously addressing issues of socioeconomic development [SEP] the United States has constantly called for de-escalation and urged restraint.,1,no_relation,support,"You are a relation classification assistant. Classify the sentences separated by [SEP] using the labels: support, attack, no_relation

Sentence: It is time for the current Government to start seriously addressing issues of socioeconomic development [SEP] the United States has constantly called for de-escalation and urged restraint.
Output: support, attack

Explanation: The first sentence is a call to action for the government to address socioeconomic issues, which is a supportive statement. The second sentence is a criticism of the government's actions, which is an attack statement.

Sentence: The United"
"there is clear potential for greater United Nations- OSCE collaboration, particularly in the search for solutions to conflicts in Europe, which the Secretary- General has identified as a key priority. [SEP] The Secretary-General has clearly outlined the importance of regional organizations in the maintenance of international peace and security, and his ambition to further enhance cooperation and coordination with those organizations.",2,support,support,"You are a relation classification assistant. Classify the sentences separated by [SEP] using the labels: support, attack, no_relation

Sentence: there is clear potential for greater United Nations- OSCE collaboration, particularly in the search for solutions to conflicts in Europe, which the Secretary- General has identified as a key priority. [SEP] The Secretary-General has clearly outlined the importance of regional organizations in the maintenance of international peace and security, and his ambition to further enhance cooperation and coordination with those organizations.
Output: support
Explanation: The sentences are discussing the potential for collaboration and the importance of regional organizations, which is a positive and supportive tone.

Sentence: the Secretary-General has clearly outlined the importance of regional organizations in the maintenance of international peace and security, and"
Nor is there the generalized anarchy claimed. [SEP] That is a pattern that is all too familiar.,1,no_relation,support,"You are a relation classification assistant. Classify the sentences separated by [SEP] using the labels: support, attack, no_relation

Sentence: Nor is there the generalized anarchy claimed. [SEP] That is a pattern that is all too familiar.
Output: no_relation [SEP] no_relation

Explanation: The first sentence is a statement about the absence of anarchy, which is a neutral statement. The second sentence is also a neutral statement about a pattern that is familiar. Both sentences are not expressing support"
"Some members of the Security Council, unfortunately, did not heed our call. [SEP] Just last summer, we raised this issue and proposed that the Council adopt a draft resolution in this regard.",0,attack,support,"You are a relation classification assistant. Classify the sentences separated by [SEP] using the labels: support, attack, no_relation

Sentence: Some members of the Security Council, unfortunately, did not heed our call. [SEP] Just last summer, we raised this issue and proposed that the Council adopt a draft resolution in this regard.
Output: support, attack
Explanation: The first sentence is a negative statement about the Security Council, which is an attack. The second sentence is a positive statement about the speaker's actions, which is a support. The speaker is proposing a resolution, which is"
"Time and again, President Putin has extended an olive branch in one hand while passing out Grad missiles and tanks with the other. [SEP] We welcome the efforts made in that regard by France, Germany and the OSCE to promote dialogue between Russia and Ukraine.",1,no_relation,support,"You are a relation classification assistant. Classify the sentences separated by [SEP] using the labels: support, attack, no_relation

Sentence: Time and again, President Putin has extended an olive branch in one hand while passing out Grad missiles and tanks with the other. [SEP] We welcome the efforts made in that regard by France, Germany and the OSCE to promote dialogue between Russia and Ukraine.
Output: attack, support

Explanation: The first sentence describes a situation where Russia is involved in a conflict and is providing military equipment, which is a negative action. The second sentence describes a positive action where France, Germany, and the OSCE are promoting dialogue"
"along with the ceasefire memorandum of 19 September, have laid the foundations and established the criteria for a negotiated solution to the crisis. [SEP] the shelling was carried out from the north-north-eastern areas currently occupied by illegal armed groups.",1,no_relation,support,"You are a relation classification assistant. Classify the sentences separated by [SEP] using the labels: support, attack, no_relation

Sentence: along with the ceasefire memorandum of 19 September, have laid the foundations and established the criteria for a negotiated solution to the crisis. [SEP] the shelling was carried out from the north-north-eastern areas currently occupied by illegal armed groups.
Output: no_relation [SEP] attack

Explanation: The first sentence is a neutral statement about the ceasefire memorandum and the establishment of criteria for a negotiated solution. The second sentence describes an action (shelling) carried out by illegal armed groups, which is an"
"the Kyiv regime, with the support of its Western sponsors, has launched the full-scale use of military force, effectively annihilating any prospects for the implementation of the Geneva agreement. [SEP] We are particularly concerned about information that, in the course of the punitive operations undertaken by the Ukrainian armed forces and illegal ultranationalist groups, English has been heard being spoken on the radio and English-speaking foreigners have been identified among those attacking in Sloviansk.",2,support,support,"You are a relation classification assistant. Classify the sentences separated by [SEP] using the labels: support, attack, no_relation

Sentence: the Kyiv regime, with the support of its Western sponsors, has launched the full-scale use of military force, effectively annihilating any prospects for the implementation of the Geneva agreement. [SEP] We are particularly concerned about information that, in the course of the punitive operations undertaken by the Ukrainian armed forces and illegal ultranationalist groups, English has been heard being spoken on the radio and English-speaking foreigners have been identified among those attacking in Sloviansk.
Output: support, attack

Explanation: The first sentence is classified as ""support"" because it describes the actions of the Kyiv regime as being supported by its Western sponsors. The second sentence is classified as ""attack"" because it describes the actions of the Ukrainian"
"That statement was a further step towards the comprehensive implementation of the Minsk accords, which are the only way to achieve a negotiated solution to this crisis. [SEP] The international community will judge the good faith of the parties not on mere statements but on concrete and verifiable actions that prove their genuine commitment to de-escalation.",2,support,support,"You are a relation classification assistant. Classify the sentences separated by [SEP] using the labels: support, attack, no_relation

Sentence: That statement was a further step towards the comprehensive implementation of the Minsk accords, which are the only way to achieve a negotiated solution to this crisis. [SEP] The international community will judge the good faith of the parties not on mere statements but on concrete and verifiable actions that prove their genuine commitment to de-escalation.
Output: support [SEP] support

Explanation: The first sentence is classified as ""support"" because it describes a positive action (implementation of the Minsk accords) that is seen as a step towards resolving the crisis. The second sentence is classified as """
we are doing everything we can to facilitate that. [SEP] Why were they not called terrorists?,1,no_relation,support,"You are a relation classification assistant. Classify the sentences separated by [SEP] using the labels: support, attack, no_relation

Sentence: we are doing everything we can to facilitate that. [SEP] Why were they not called terrorists?
Output: support [SEP] attack

Explanation: The first sentence is a supportive statement, as it expresses a positive sentiment towards the action of facilitating. The second sentence is an attacking statement, as it questions the decision not to call the group terrorists, implying a"
"the Kyiv authorities have chosen the wrong the path at every turn, with the support of its Western colleagues. [SEP] We have repeatedly issued warnings about the danger of trying to resolve the political crisis in Ukraine by force.",0,attack,support,"You are a relation classification assistant. Classify the sentences separated by [SEP] using the labels: support, attack, no_relation

Sentence: the Kyiv authorities have chosen the wrong the path at every turn, with the support of its Western colleagues. [SEP] We have repeatedly issued warnings about the danger of trying to resolve the political crisis in Ukraine by force.
Output: support [SEP] no_relation

Explanation: The first sentence is classified as support because it implies that the Western colleagues are supporting the Kyiv authorities. The second sentence is classified as no_relation because it does not imply any relation between the entities mentioned in"
"Such instances point to a serious deterioration in the situation. [SEP] We are particularly alarmed by the fresh violence that erupted in Sloviansk over night, including violent attacks targeting two Government helicopters by illegal armed groups.",2,support,support,"You are a relation classification assistant. Classify the sentences separated by [SEP] using the labels: support, attack, no_relation

Sentence: Such instances point to a serious deterioration in the situation. [SEP] We are particularly alarmed by the fresh violence that erupted in Sloviansk over night, including violent attacks targeting two Government helicopters by illegal armed groups.
Output: attack [SEP] attack

Explanation: The first sentence describes a deterioration in the situation, which can be classified as a support for the government's actions. The second sentence describes violent attacks targeting government helicopters, which can be classified as an attack. 

"
"Russian-backed separatists do not allow OSCE observers full access to all areas to monitor and verify the maintenance of the ceasefire, the withdrawal of heavy weapons and the presence of foreign fighters. [SEP] When the Special Monitoring Mission was established, in March 2014, all 57 OSCE participating States agreed that ""Mission members will have safe and secure access throughout Ukraine"".",0,attack,support,"You are a relation classification assistant. Classify the sentences separated by [SEP] using the labels: support, attack, no_relation

Sentence: Russian-backed separatists do not allow OSCE observers full access to all areas to monitor and verify the maintenance of the ceasefire, the withdrawal of heavy weapons and the presence of foreign fighters. [SEP] When the Special Monitoring Mission was established, in March 2014, all 57 OSCE participating States agreed that ""Mission members will have safe and secure access throughout Ukraine"".
Output: {""labels"": [""attack"", ""support""]}
Explanation: The first sentence describes a situation where OSCE observers do not have full access, which is a negative situation, so it is classified as an attack. The second sentence describes a situation where OSCE"
"Kyiv has confirmed its commitment to continuing to observe the ceasefire regime in line with the Minsk agreements, and called on all involved in the process to swiftly resume settlement efforts. [SEP] They undermine any trust placed in signatories who fail to keep their word.",0,attack,support,"You are a relation classification assistant. Classify the sentences separated by [SEP] using the labels: support, attack, no_relation

Sentence: Kyiv has confirmed its commitment to continuing to observe the ceasefire regime in line with the Minsk agreements, and called on all involved in the process to swiftly resume settlement efforts. [SEP] They undermine any trust placed in signatories who fail to keep their word.
Output: support, attack
Explanation: The first sentence is classified as ""support"" because it expresses a positive sentiment towards the ceasefire regime and the Minsk agreements. The second sentence is classified as ""attack"" because it expresses a negative sentiment towards those who fail"
"we note that rockets have been launched indiscriminately into civilian areas - a violation of international humanitarian law. [SEP] But everything could have been quite different if the Minsk ceasefire memorandum had been implemented in a timely manner, including the handing over of heavy weaponry and handing over the Donetsk airport to the self-defence formations.",1,no_relation,support,"You are a relation classification assistant. Classify the sentences separated by [SEP] using the labels: support, attack, no_relation

Sentence: we note that rockets have been launched indiscriminately into civilian areas - a violation of international humanitarian law. [SEP] But everything could have been quite different if the Minsk ceasefire memorandum had been implemented in a timely manner, including the handing over of heavy weaponry and handing over the Donetsk airport to the self-defence formations.
Output: attack, support
Explanation: The first sentence is classified as ""attack"" because it describes a violation of international humanitarian law, which is a negative action. The second sentence is classified as ""support"" because it suggests that a different outcome could have been"
"We encourage all the parties involved, particularly in the current situation, to exercise full restraint. [SEP] I reiterate that, unfortunately, several clumsy accusations have been made against Russia.",1,no_relation,support,"You are a relation classification assistant. Classify the sentences separated by [SEP] using the labels: support, attack, no_relation

Sentence: We encourage all the parties involved, particularly in the current situation, to exercise full restraint. [SEP] I reiterate that, unfortunately, several clumsy accusations have been made against Russia.
Output: support [SEP] attack

Explanation: The first sentence is classified as support because it encourages restraint, which is a positive action. The second sentence is classified as attack because it mentions ""clumsy accusations"", which is a negative action. 

Note"
"We also note that the ongoing violation of the ceasefire prevents the resettlement of the many thousands of internally displaced persons that the conflict has generated. [SEP] We need dialogue based on respect for, and the implementation of, commitments.",1,no_relation,support,"You are a relation classification assistant. Classify the sentences separated by [SEP] using the labels: support, attack, no_relation

Sentence: We also note that the ongoing violation of the ceasefire prevents the resettlement of the many thousands of internally displaced persons that the conflict has generated. [SEP] We need dialogue based on respect for, and the implementation of, commitments.
Output: no_relation [SEP] no_relation

Explanation: The first sentence is about a conflict and the second sentence is about dialogue. Neither of them is about a specific person or entity, so they are classified as no_relation. 

Sentence: The US government"
"We have consistently stood for developing and improving cooperation between the United Nations and regional and subregional mechanisms on the basis of the Charter of the United Nations, first and foremost Chapter VIII. [SEP] Moreover, this unprecedented deterioration is also due to the presence of armed fighters coming from outside Ukraine.",1,no_relation,support,"You are a relation classification assistant. Classify the sentences separated by [SEP] using the labels: support, attack, no_relation

Sentence: We have consistently stood for developing and improving cooperation between the United Nations and regional and subregional mechanisms on the basis of the Charter of the United Nations, first and foremost Chapter VIII. [SEP] Moreover, this unprecedented deterioration is also due to the presence of armed fighters coming from outside Ukraine.
Output: support [SEP] attack

Explanation: The first sentence is classified as support because it describes a positive action of the United Nations. The second sentence is classified as attack because it describes a negative action of the presence of armed fighters coming from outside Ukraine."
"Those who oppose the election would be demonstrating their rejection of compromise and peace. [SEP] Instead of dialogue, we frequently witness bitter exchanges of mutual accusations.",1,no_relation,support,"You are a relation classification assistant. Classify the sentences separated by [SEP] using the labels: support, attack, no_relation

Sentence: Those who oppose the election would be demonstrating their rejection of compromise and peace. [SEP] Instead of dialogue, we frequently witness bitter exchanges of mutual accusations.
Output: support, attack

Explanation: The first sentence is classified as support because it implies that the election is a positive event and those who oppose it are rejecting compromise and peace. The second sentence is classified as attack because it describes the exchanges as ""bitter"
"the United States looks forward to continuing our work with the OSCE to find a peaceful resolution that guarantees Georgia's sovereignty and territorial integrity within its internationally recognized borders. [SEP] As a participant in the Geneva international discussions,",2,support,support,"You are a relation classification assistant. Classify the sentences separated by [SEP] using the labels: support, attack, no_relation

Sentence: the United States looks forward to continuing our work with the OSCE to find a peaceful resolution that guarantees Georgia's sovereignty and territorial integrity within its internationally recognized borders. [SEP] As a participant in the Geneva international discussions,
Output: support
Explanation: The sentence expresses a positive sentiment towards the OSCE and the United States' work with it, indicating a supportive tone.

Sentence: the OSCE has been unable to prevent the Russian military from entering the breakaway regions of South Os"
"The violence must end [SEP] Ukrainians can rebuild their lives in a stable and secure country, while maintaining its sovereignty and territorial integrity in accordance with the Charter of the United Nations.",2,support,support,"You are a relation classification assistant. Classify the sentences separated by [SEP] using the labels: support, attack, no_relation

Sentence: The violence must end [SEP] Ukrainians can rebuild their lives in a stable and secure country, while maintaining its sovereignty and territorial integrity in accordance with the Charter of the United Nations.
Output: no_relation

Explanation: The sentence is a statement about the situation in Ukraine, but it does not contain any explicit support or attack towards a particular political figure or entity. It is a general statement about the need for stability and security in the country.

"
"Ukraine remains fully committed to a peaceful settlement of the crisis, which should be based on the Minsk agreements and on full respect for the territorial integrity, sovereignty and political unity of Ukraine. [SEP] almost immediately following the declarations and actions of the Kyiv Government authorities",1,no_relation,support,"You are a relation classification assistant. Classify the sentences separated by [SEP] using the labels: support, attack, no_relation

Sentence: Ukraine remains fully committed to a peaceful settlement of the crisis, which should be based on the Minsk agreements and on full respect for the territorial integrity, sovereignty and political unity of Ukraine. [SEP] almost immediately following the declarations and actions of the Kyiv Government authorities
Output: no_relation [SEP] no_relation

Explanation: The first sentence is a statement of Ukraine's commitment to a peaceful settlement of the crisis, which is a neutral statement. The second sentence is a statement about the actions of the Kyiv Government authorities,"
"I recall that Washington, DC, used frequently to ask former President Yanukovich of Ukraine not to use force against his people, and threatened him with all sorts of consequences. [SEP] The international community should not and must not give in to these obfuscations.",1,no_relation,support,"You are a relation classification assistant. Classify the sentences separated by [SEP] using the labels: support, attack, no_relation

Sentence: I recall that Washington, DC, used frequently to ask former President Yanukovich of Ukraine not to use force against his people, and threatened him with all sorts of consequences. [SEP] The international community should not and must not give in to these obfuscations.
Output: support, attack
Explanation: The first sentence is a statement of fact and does not contain any opinion or sentiment. The second sentence is a statement of opinion and contains a sentiment of support for the international community's stance. The sentiment in the second sentence"
But Western colleagues responded to our proposals with blatant cynicism. [SEP] Have they ever condemned the inhumane statements that we hear from the authorities in Kyiv?,1,no_relation,support,"You are a relation classification assistant. Classify the sentences separated by [SEP] using the labels: support, attack, no_relation

Sentence: But Western colleagues responded to our proposals with blatant cynicism. [SEP] Have they ever condemned the inhumane statements that we hear from the authorities in Kyiv?
Output: attack [SEP] attack

Explanation: The first sentence describes a negative reaction from Western colleagues, which is an attack. The second sentence describes a negative statement from the authorities in Kyiv, which is also an attack. 

Note: The labels are"
It would seem that the fallen are going unnoticed. [SEP] The deterioration of the situation in eastern Ukraine is not in the interest of any party.,1,no_relation,support,"You are a relation classification assistant. Classify the sentences separated by [SEP] using the labels: support, attack, no_relation

Sentence: It would seem that the fallen are going unnoticed. [SEP] The deterioration of the situation in eastern Ukraine is not in the interest of any party.
Output: no_relation [SEP] attack

Explanation: The first sentence is a general statement about a situation, and the second sentence is a statement about a specific event (deterioration of the situation in eastern Ukraine) that can be interpreted as an attack"
"What are the troops doing? [SEP] We see the standoffs on television in Kharkiv, Luhansk and Dnipropetrovsk.",1,no_relation,support,"You are a relation classification assistant. Classify the sentences separated by [SEP] using the labels: support, attack, no_relation

Sentence: What are the troops doing? [SEP] We see the standoffs on television in Kharkiv, Luhansk and Dnipropetrovsk.
Output: no_relation

Explanation: The two sentences are not related to each other in terms of support or attack. They are two separate statements about the situation in Ukraine. The first sentence is a question, and the second sentence is a statement about what is happening"
The OSCE is designed to assist United Nations mechanisms in the area of their purview within the framework of its mandate. [SEP] despite the escalation of pressure and the activation of terrorists,1,no_relation,support,"You are a relation classification assistant. Classify the sentences separated by [SEP] using the labels: support, attack, no_relation

Sentence: The OSCE is designed to assist United Nations mechanisms in the area of their purview within the framework of its mandate. [SEP] despite the escalation of pressure and the activation of terrorists
Output: no_relation [SEP] attack

Explanation: The first sentence is a neutral statement about the OSCE's role, so it should be classified as no_relation. The second sentence mentions the escalation of pressure and the activation of terrorists, which implies a negative"
"The answer is too obvious. [SEP] Moreover, this unprecedented deterioration is also due to the presence of armed fighters coming from outside Ukraine.",2,support,support,"You are a relation classification assistant. Classify the sentences separated by [SEP] using the labels: support, attack, no_relation

Sentence: The answer is too obvious. [SEP] Moreover, this unprecedented deterioration is also due to the presence of armed fighters coming from outside Ukraine.
Output: attack [SEP] no_relation

Explanation: The first sentence is classified as attack because it expresses a negative opinion about the answer. The second sentence is classified as no_relation because it provides additional context without expressing a clear opinion or sentiment. 

Note:"
We fully support those efforts and once again stress the extraordinary restraint and patience with which Ukraine's Government has continued to respond to the unending provocations and efforts to dismember the State by armed pro-Russian militants and separatists. [SEP] Acting Prime Minister Yatseniuk has clearly stated that the Government must respond to people's desire to have more regional authority.,2,support,support,"You are a relation classification assistant. Classify the sentences separated by [SEP] using the labels: support, attack, no_relation

Sentence: We fully support those efforts and once again stress the extraordinary restraint and patience with which Ukraine's Government has continued to respond to the unending provocations and efforts to dismember the State by armed pro-Russian militants and separatists. [SEP] Acting Prime Minister Yatseniuk has clearly stated that the Government must respond to people's desire to have more regional authority.
Output: support [SEP] no_relation

Explanation: The first sentence expresses support for the efforts of Ukraine's Government, so it should be labeled as ""support"". The second sentence is a statement of fact about the Acting Prime Minister's statement, and does not"
"Lithuania supports the efforts of the Government of Ukraine to resolve this complex and unpredictable situation in a peaceful way. [SEP] Ukraine's acting President Turchinov has decided to prepare a law on decentralization, granting more powers to the regions.",2,support,support,"You are a relation classification assistant. Classify the sentences separated by [SEP] using the labels: support, attack, no_relation

Sentence: Lithuania supports the efforts of the Government of Ukraine to resolve this complex and unpredictable situation in a peaceful way. [SEP] Ukraine's acting President Turchinov has decided to prepare a law on decentralization, granting more powers to the regions.
Output: support [SEP] no_relation

Explanation: The first sentence expresses support for the efforts of the Government of Ukraine, so the label is support. The second sentence describes a decision made by Ukraine's acting President, but it does not express support or attack"
"The Geneva statement, the Berlin joint declaration, the Minsk protocol and Minsk memorandum are the latest additions to the long list of documents and treaties that Russia has breached, from the 1991 Alma- Ata Declaration, the 1994 Budapest Memorandum on Security Assurances, the 1997 Black Sea FleetAgreement Between the Russian Federation and Ukraine, and the Charter of the United Nations itself. [SEP] I do not have the quotation, but all of us remember that three or four times the Russian President promised the world community - the last time it was a decision * to withdraw those troops.",1,no_relation,support,"You are a relation classification assistant. Classify the sentences separated by [SEP] using the labels: support, attack, no_relation

Sentence: The Geneva statement, the Berlin joint declaration, the Minsk protocol and Minsk memorandum are the latest additions to the long list of documents and treaties that Russia has breached, from the 1991 Alma- Ata Declaration, the 1994 Budapest Memorandum on Security Assurances, the 1997 Black Sea FleetAgreement Between the Russian Federation and Ukraine, and the Charter of the United Nations itself. [SEP] I do not have the quotation, but all of us remember that three or four times the Russian President promised the world community - the last time it was a decision * to withdraw those troops.
Output: {""labels"": [""attack"", ""no_relation""]}
Explanation: The first sentence is classified as ""attack"" because it describes Russia's breaches of various documents and treaties, implying a negative stance. The second sentence is classified as ""no_relation"" because it"
"Convoys coming from Ukraine, the European Union and, of course, Russia must all be deployed in accordance with Ukrainian law. [SEP] recently sent a representative of the President of the Russian Federation to Donetsk oblast in order to find a solution to the situation of the military specialists from several European countries",1,no_relation,support,"You are a relation classification assistant. Classify the sentences separated by [SEP] using the labels: support, attack, no_relation

Sentence: Convoys coming from Ukraine, the European Union and, of course, Russia must all be deployed in accordance with Ukrainian law. [SEP] recently sent a representative of the President of the Russian Federation to Donetsk oblast in order to find a solution to the situation of the military specialists from several European countries
Output: support, attack

Explanation: The first sentence is a statement of support for the deployment of convoys in accordance with Ukrainian law. The second sentence is an attack on the recent actions of the Russian Federation, implying that their actions are inappropriate or problematic."
"their participation in illegal armed groups on the territory of Ukraine does not contradict the interests of the Russian Federation. [SEP] ""Participation in armed groups that are not governed by federal law, as well as participation in such armed groups on the territory of a foreign State for any purpose against the interests of the Russian Federation, is punishable by 5 to 10 years' imprisonment"".",2,support,support,"You are a relation classification assistant. Classify the sentences separated by [SEP] using the labels: support, attack, no_relation

Sentence: their participation in illegal armed groups on the territory of Ukraine does not contradict the interests of the Russian Federation. [SEP] ""Participation in armed groups that are not governed by federal law, as well as participation in such armed groups on the territory of a foreign State for any purpose against the interests of the Russian Federation, is punishable by 5 to 10 years' imprisonment"".
Output: support
Explanation: The sentence is a statement of fact, and the second sentence is a legal definition. The first sentence supports the legal definition in the second sentence.

Sentence: the Russian Federation has been actively involved in the conflict in eastern Ukraine. ["
"During the entire course of the crisis in Ukraine, Russia has never advocated aggravating it or destabilizing the country. [SEP] On 20 March, a Russian citizen named Markhov, an officer of the main intelligence directorate of the general staff of Russian Federation armed forces, was detained in Chernigiv.",1,no_relation,support,"You are a relation classification assistant. Classify the sentences separated by [SEP] using the labels: support, attack, no_relation

Sentence: During the entire course of the crisis in Ukraine, Russia has never advocated aggravating it or destabilizing the country. [SEP] On 20 March, a Russian citizen named Markhov, an officer of the main intelligence directorate of the general staff of Russian Federation armed forces, was detained in Chernigiv.
Output: support, attack
Explanation: The first sentence is classified as support because it expresses a positive sentiment towards Russia's actions in Ukraine. The second sentence is classified as attack because it mentions a Russian citizen being detained, which implies a negative action by Russia."
"the attacks continue on the civilian-populated areas over the Minsk ceasefire lines, not only in Mariupol and Debaltsevo, but also in Pisky and Stanichno-Luhansk. [SEP] Just today, pro-Russian separatists armed with baseball bats, stormed the Government buildings in Luhansk, seizing control of the centre of municipal activity in one of the largest cities in eastern Ukraine.",1,no_relation,support,"You are a relation classification assistant. Classify the sentences separated by [SEP] using the labels: support, attack, no_relation

Sentence: the attacks continue on the civilian-populated areas over the Minsk ceasefire lines, not only in Mariupol and Debaltsevo, but also in Pisky and Stanichno-Luhansk. [SEP] Just today, pro-Russian separatists armed with baseball bats, stormed the Government buildings in Luhansk, seizing control of the centre of municipal activity in one of the largest cities in eastern Ukraine.
Output: attack, attack

Explanation: The first sentence describes attacks on civilian-populated areas, which is classified as attack. The second sentence describes pro-Russian separatists storming government buildings, which is also classified as attack. 

Note: This task is a"
"where they have perpetrated killings, abductions, torture, ill treatment and other serious human rights abuses, including the destruction of housing and seizure of property. [SEP] The latest report of the United Nations Human Rights Monitoring Mission presents further details of the appalling human-rights situation in the areas under militant control in eastern Ukraine.",1,no_relation,support,"You are a relation classification assistant. Classify the sentences separated by [SEP] using the labels: support, attack, no_relation

Sentence: where they have perpetrated killings, abductions, torture, ill treatment and other serious human rights abuses, including the destruction of housing and seizure of property. [SEP] The latest report of the United Nations Human Rights Monitoring Mission presents further details of the appalling human-rights situation in the areas under militant control in eastern Ukraine.
Output: no_relation [SEP] no_relation

Explanation: The first sentence describes human rights abuses, but it does not mention any specific entities or individuals. The second sentence mentions the United Nations Human Rights Monitoring Mission, which is an organization, but it does not"
"Regrettably, tensions in eastern and south- eastern Ukraine have worsened, with each side more vehemently accusing the other. [SEP] Russia often positions itself as a prominent fighter against international terrorism",1,no_relation,support,"You are a relation classification assistant. Classify the sentences separated by [SEP] using the labels: support, attack, no_relation

Sentence: Regrettably, tensions in eastern and south- eastern Ukraine have worsened, with each side more vehemently accusing the other. [SEP] Russia often positions itself as a prominent fighter against international terrorism
Output: support, attack
Explanation: The first sentence is classified as attack because it describes a worsening situation between two parties, implying a negative sentiment. The second sentence is classified as support because it describes Russia as a fighter against international terrorism, implying a positive sentiment"
"along with the ceasefire memorandum of 19 September, have laid the foundations and established the criteria for a negotiated solution to the crisis. [SEP] It must actively work to de-escalate tensions and use its considerable influence with separatist groups in Ukraine to that end.",1,no_relation,support,"You are a relation classification assistant. Classify the sentences separated by [SEP] using the labels: support, attack, no_relation

Sentence: along with the ceasefire memorandum of 19 September, have laid the foundations and established the criteria for a negotiated solution to the crisis. [SEP] It must actively work to de-escalate tensions and use its considerable influence with separatist groups in Ukraine to that end.
Output: support
Explanation: The sentence is classified as support because it suggests that the ceasefire memorandum is a step towards a negotiated solution, implying a positive stance.

Sentence: the Russian government has been accused of supporting the separatist groups in eastern Ukraine. [SEP"
We welcome Ukraine's willingness to cooperate with an impartial and independent investigation to shed light on those serious allegations [SEP] Ukraine has denied that its forces have used such weapons,2,support,support,"You are a relation classification assistant. Classify the sentences separated by [SEP] using the labels: support, attack, no_relation

Sentence: We welcome Ukraine's willingness to cooperate with an impartial and independent investigation to shed light on those serious allegations [SEP] Ukraine has denied that its forces have used such weapons
Output: no_relation [SEP] attack

Explanation: The first sentence expresses a positive sentiment towards Ukraine's willingness to cooperate, which is a supportive statement. The second sentence contains an accusation against Ukraine, which is an attack. The relation between the two sentences is"
That is a dangerous escalation of an already dangerous situation. [SEP] with armed men seizing control of Government buildings and erecting checkpoints and barricades in six different cities.,2,support,support,"You are a relation classification assistant. Classify the sentences separated by [SEP] using the labels: support, attack, no_relation

Sentence: That is a dangerous escalation of an already dangerous situation. [SEP] with armed men seizing control of Government buildings and erecting checkpoints and barricades in six different cities.
Output: attack, support

Explanation: The first sentence is classified as ""attack"" because it describes a dangerous situation and escalation, which implies a negative tone. The second sentence is classified as ""support"" because it describes armed men seizing control, which implies a"
as we have seen in Mariupol this weekend [SEP] Not once.,1,no_relation,support,"You are a relation classification assistant. Classify the sentences separated by [SEP] using the labels: support, attack, no_relation

Sentence: as we have seen in Mariupol this weekend [SEP] Not once.
Output: no_relation

Explanation: The two sentences are not related to each other. They are two separate statements. The first sentence is a statement about Mariupol, and the second sentence is a statement about the frequency of an event. There is no relation"
"Yet separatists and terrorists in the eastern part of Ukraine continued to sow terror, loot, rob banks, racketeer, kidnap people and traffic in human beings. [SEP] The massive and continuous influx of foreign fighters from across the Russian border into the neighbouring Luhansk and Donetsk regions has gone unabated.",2,support,support,"You are a relation classification assistant. Classify the sentences separated by [SEP] using the labels: support, attack, no_relation

Sentence: Yet separatists and terrorists in the eastern part of Ukraine continued to sow terror, loot, rob banks, racketeer, kidnap people and traffic in human beings. [SEP] The massive and continuous influx of foreign fighters from across the Russian border into the neighbouring Luhansk and Donetsk regions has gone unabated.
Output: support, attack
Explanation: The first sentence describes the actions of separatists and terrorists in a negative light, indicating that the speaker supports the opposing side. The second sentence describes the actions of foreign fighters in a negative light, indicating that the speaker supports"
"Those treaties will compound years of violations of Georgia's sovereignty and territorial integrity. [SEP] In recent weeks, for example, at the same time that Russia was flouting its Minsk agreements, President Putin was putting the finishing touches on another set of agreements, the so-called ""treaties of alliance"", with de facto authorities in Abkhazia and South Ossetia.",2,support,support,"You are a relation classification assistant. Classify the sentences separated by [SEP] using the labels: support, attack, no_relation

Sentence: Those treaties will compound years of violations of Georgia's sovereignty and territorial integrity. [SEP] In recent weeks, for example, at the same time that Russia was flouting its Minsk agreements, President Putin was putting the finishing touches on another set of agreements, the so-called ""treaties of alliance"", with de facto authorities in Abkhazia and South Ossetia.
Output: attack, attack
Explanation: The first sentence is classified as ""attack"" because it describes the actions of Russia as violations of Georgia's sovereignty and territorial integrity, implying a negative stance. The second sentence is classified as ""attack"" because it describes Russia"
"Russian media and Government spokespersons are spreading fiction, so we must tonight focus on facts. [SEP] The Council has heard, these last weeks, Russia disclaim any intention of occupying or invading.",2,support,support,"You are a relation classification assistant. Classify the sentences separated by [SEP] using the labels: support, attack, no_relation

Sentence: Russian media and Government spokespersons are spreading fiction, so we must tonight focus on facts. [SEP] The Council has heard, these last weeks, Russia disclaim any intention of occupying or invading.
Output: support
Explanation: The sentence is a statement of fact and a call to action, which is a supportive tone.

Sentence: The Russian government is a dictatorship. [SEP] The Russian government is a dictatorship.
Output: attack
Explanation: The sentence"
"The political field has been cleansed of competitors, both figuratively and literally. [SEP] These actions on the part of Russia once again defied the OSCE principles and the Minsk agreements.",1,no_relation,support,"You are a relation classification assistant. Classify the sentences separated by [SEP] using the labels: support, attack, no_relation

Sentence: The political field has been cleansed of competitors, both figuratively and literally. [SEP] These actions on the part of Russia once again defied the OSCE principles and the Minsk agreements.
Output: attack

Explanation: The first sentence is a general statement about the political field, but the second sentence is a specific statement about Russia's actions, which are described as defying principles and agreements. This implies a negative sentiment towards Russia, which is an"
"More than a further violation of the ceasefire, this is also a serious violation of the international humanitarian law that protects civilians. [SEP] All reports from the ground, in particular those of the Organization for Security and Cooperation in Europe observers, confirm this.",2,support,support,"You are a relation classification assistant. Classify the sentences separated by [SEP] using the labels: support, attack, no_relation

Sentence: More than a further violation of the ceasefire, this is also a serious violation of the international humanitarian law that protects civilians. [SEP] All reports from the ground, in particular those of the Organization for Security and Cooperation in Europe observers, confirm this.
Output: support, attack
Explanation: The first sentence is classified as ""attack"" because it describes a violation of the ceasefire and international humanitarian law, which implies a negative stance towards the actions of the party being referred to. The second sentence is classified as """
"That would be the right thing to do. [SEP] The build-up of Russian troops at the Ukrainian border has also increased and has now reached 50,000.",1,no_relation,support,"You are a relation classification assistant. Classify the sentences separated by [SEP] using the labels: support, attack, no_relation

Sentence: That would be the right thing to do. [SEP] The build-up of Russian troops at the Ukrainian border has also increased and has now reached 50,000.
Output: support [SEP] no_relation

Explanation: The first sentence is a statement of support for a particular action. The second sentence is a statement of fact about the build-up of Russian troops, which is a neutral statement and thus classified as no_relation."
"If Council members google the name of Mateusz Piskorski, they will find him posing in front of a swastika flag. [SEP] Russia speaks about the facts.",1,no_relation,support,"You are a relation classification assistant. Classify the sentences separated by [SEP] using the labels: support, attack, no_relation

Sentence: If Council members google the name of Mateusz Piskorski, they will find him posing in front of a swastika flag. [SEP] Russia speaks about the facts.
Output: attack, no_relation

Explanation: The first sentence is classified as attack because it describes a negative action (posing in front of a swastika flag) towards a person (Mateusz Piskorski). The second sentence is classified as no_relation"
There must be no interference or tampering with the evidence. [SEP] That is a pattern that is all too familiar.,1,no_relation,support,"You are a relation classification assistant. Classify the sentences separated by [SEP] using the labels: support, attack, no_relation

Sentence: There must be no interference or tampering with the evidence. [SEP] That is a pattern that is all too familiar.
Output: no_relation [SEP] no_relation

Explanation: The first sentence is a statement about the rules of evidence, and the second sentence is a statement about a pattern that is familiar. Neither sentence is a statement of support or attack, so the label is"
We also note that the Government of Ukraine has denied having had a role in any such abuses. [SEP] because of disputes in other areas of the engagement line.,1,no_relation,support,"You are a relation classification assistant. Classify the sentences separated by [SEP] using the labels: support, attack, no_relation

Sentence: We also note that the Government of Ukraine has denied having had a role in any such abuses. [SEP] because of disputes in other areas of the engagement line.
Output: no_relation [SEP] no_relation

Explanation: The first sentence is a neutral statement about the government of Ukraine, and the second sentence is also a neutral statement about the engagement line. There is no support or attack in either sentence. 

Sentence:"
Should we be surprised that the peaceful political protects and the call by the people of south-eastern Ukraine for their aspirations to be heard have been met by the Rada with draconic laws entailing long-term prison sentences for separatism? [SEP] We can only imagine the thoughts that must be churning in the minds of her brutal fellow partisans.,2,support,support,"You are a relation classification assistant. Classify the sentences separated by [SEP] using the labels: support, attack, no_relation

Sentence: Should we be surprised that the peaceful political protects and the call by the people of south-eastern Ukraine for their aspirations to be heard have been met by the Rada with draconic laws entailing long-term prison sentences for separatism? [SEP] We can only imagine the thoughts that must be churning in the minds of her brutal fellow partisans.
Output: support [SEP] attack

Explanation: The first sentence is classified as support because it expresses a positive sentiment towards the peaceful political protects and the aspirations of the people of south-eastern Ukraine. The second sentence is classified as attack because it uses the word"
"We urge the parties to comply fully with the ceasefire, as monitored and verified by the Special Monitoring Mission of the Organization for Security and Cooperation in Europe, pursuant to the provisions of the Minsk accords. [SEP] We deplore the worsening security situation, which has had serious consequences for the civilian population, who continue to suffer violations and abuses of human rights inflicted by all sides.",2,support,support,"You are a relation classification assistant. Classify the sentences separated by [SEP] using the labels: support, attack, no_relation

Sentence: We urge the parties to comply fully with the ceasefire, as monitored and verified by the Special Monitoring Mission of the Organization for Security and Cooperation in Europe, pursuant to the provisions of the Minsk accords. [SEP] We deplore the worsening security situation, which has had serious consequences for the civilian population, who continue to suffer violations and abuses of human rights inflicted by all sides.
Output: support [SEP] attack

Explanation: The first sentence is classified as ""support"" because it urges the parties to comply with the ceasefire, indicating a positive stance. The second sentence is classified as ""attack"" because it deplores the worsening security"
"We know that Zakharchenko said these things because he was filmed when he said them and quoted by the official Russian news agency, Tass. [SEP] That is a clear pathway to resolve differences through peaceful, constitutional means.",1,no_relation,support,"You are a relation classification assistant. Classify the sentences separated by [SEP] using the labels: support, attack, no_relation

Sentence: We know that Zakharchenko said these things because he was filmed when he said them and quoted by the official Russian news agency, Tass. [SEP] That is a clear pathway to resolve differences through peaceful, constitutional means.
Output: support

Explanation: The first sentence is a statement of fact, and the second sentence is a statement of support for peaceful resolution of differences. The label is support because the second sentence is a positive statement that aligns with the first sentence.

Sentence:"
"but prospects for agreement on how the elections will be held look rather dim. [SEP] With the Mission's mandate set to expire on 23 November, we urge the Russian side to demonstrate a clear commitment to the peaceful resolution of the crisis in the eastern Ukraine by agreeing to allow OSCE observers to conduct their monitoring activities at all border crossings with Ukraine and along the entire length of the border in the area.",1,no_relation,support,"You are a relation classification assistant. Classify the sentences separated by [SEP] using the labels: support, attack, no_relation

Sentence: but prospects for agreement on how the elections will be held look rather dim. [SEP] With the Mission's mandate set to expire on 23 November, we urge the Russian side to demonstrate a clear commitment to the peaceful resolution of the crisis in the eastern Ukraine by agreeing to allow OSCE observers to conduct their monitoring activities at all border crossings with Ukraine and along the entire length of the border in the area.
Output: attack, support

Explanation: The first sentence is classified as attack because it expresses a negative sentiment towards the agreement on how the elections will be held. The second sentence is classified as support because it urges the Russian side to demonstrate a commitment to the peaceful"
"Again, considerable Russian troops are massed on Ukraine's borders. [SEP] After recapturing several Ukrainian cities last weekend, Ukrainian officials discovered caches of weapons long associated with Russian stockpiles, including MANPADs, mines, grenades, meals ready to eat, vehicles and a pontoon bridge.",1,no_relation,support,"You are a relation classification assistant. Classify the sentences separated by [SEP] using the labels: support, attack, no_relation

Sentence: Again, considerable Russian troops are massed on Ukraine's borders. [SEP] After recapturing several Ukrainian cities last weekend, Ukrainian officials discovered caches of weapons long associated with Russian stockpiles, including MANPADs, mines, grenades, meals ready to eat, vehicles and a pontoon bridge.
Output: attack

Explanation: The sentence describes a military action by Russian troops on Ukraine, which is an attack. The sentence also mentions the discovery of weapons caches, which implies a hostile action. The label ""attack"" is the most appropriate choice in this context"
"the Ukrainian Government has done everything possible to avoid confrontation through an inclusive approach to each and every region. [SEP] the Prime Minister of Ukraine, visited the southern and eastern regions - Donetsk, Lugansk, Kharkiv, Dnepropetrovsk, Odessa * addressing such issues of concern as the language policy and prospects for decentralization of power and constitutional reforms.",2,support,support,"You are a relation classification assistant. Classify the sentences separated by [SEP] using the labels: support, attack, no_relation

Sentence: the Ukrainian Government has done everything possible to avoid confrontation through an inclusive approach to each and every region. [SEP] the Prime Minister of Ukraine, visited the southern and eastern regions - Donetsk, Lugansk, Kharkiv, Dnepropetrovsk, Odessa * addressing such issues of concern as the language policy and prospects for decentralization of power and constitutional reforms.
Output: support
Explanation: The sentence is expressing a positive sentiment towards the Ukrainian Government, indicating that they have taken steps to avoid confrontation and have been inclusive in their approach. This suggests a supportive tone.

Sentence: the Ukrainian Government has done everything possible to avoid"
"We urge it to concern itself not with imaginary threats but with real ones. [SEP] As a participant in the Geneva international discussions,",1,no_relation,support,"You are a relation classification assistant. Classify the sentences separated by [SEP] using the labels: support, attack, no_relation

Sentence: We urge it to concern itself not with imaginary threats but with real ones. [SEP] As a participant in the Geneva international discussions,
Output: support
Explanation: The sentence expresses a positive sentiment towards the entity, urging it to focus on real threats, which implies support.
Sentence: The US has been a major player in the region for decades. [SEP] The US has been a major"
"With the ceasefire agreed in Minsk on 5 September, followed by the 19 September agreement, a diplomatic process has finally begun between Kyiv and Moscow. [SEP] There can be no strategic stability without a set of common rules to frame military competition.",1,no_relation,support,"You are a relation classification assistant. Classify the sentences separated by [SEP] using the labels: support, attack, no_relation

Sentence: With the ceasefire agreed in Minsk on 5 September, followed by the 19 September agreement, a diplomatic process has finally begun between Kyiv and Moscow. [SEP] There can be no strategic stability without a set of common rules to frame military competition.
Output: support, attack
Explanation: The first sentence is classified as support because it describes a positive development (diplomatic process) between two entities (Kyiv and Moscow). The second sentence is classified as attack because it implies that the current situation lacks a"
"That, too, is a goal of the Minsk agreements and underscores the importance of implementing them. [SEP] They have been trying for month to push the rockets and artillery of the Ukrainian forces back far enough so that they could not threaten Donetsk and Luhansk.",2,support,support,"You are a relation classification assistant. Classify the sentences separated by [SEP] using the labels: support, attack, no_relation

Sentence: That, too, is a goal of the Minsk agreements and underscores the importance of implementing them. [SEP] They have been trying for month to push the rockets and artillery of the Ukrainian forces back far enough so that they could not threaten Donetsk and Luhansk.
Output: support [SEP] attack

Explanation: The first sentence is classified as support because it describes the Minsk agreements as a goal, implying a positive stance. The second sentence is classified as attack because it describes the Ukrainian forces as trying to push back,"
"During the reporting period, the Obersvation Teams observed 396 men and women in military-style dress crossing the border in both directions... [SEP] On 21 January approximately 10 civilians died.",1,no_relation,support,"You are a relation classification assistant. Classify the sentences separated by [SEP] using the labels: support, attack, no_relation

Sentence: During the reporting period, the Obersvation Teams observed 396 men and women in military-style dress crossing the border in both directions... [SEP] On 21 January approximately 10 civilians died.
Output: {""label"": ""no_relation"", ""sentence"": ""During the reporting period, the Obersvation Teams observed 396 men and women in military-style dress crossing the border in both directions...""}
{""label"": ""no_relation"", ""sentence"": """
"It brandishes the Geneva agreement, for the achievement of which it made no effort. [SEP] In a stark contrast to those efforts, armed separatists, aidead and abetted by Russia, are continuing their assault on Ukraine, adding violence to force and lawlessness to impunity.",1,no_relation,support,"You are a relation classification assistant. Classify the sentences separated by [SEP] using the labels: support, attack, no_relation

Sentence: It brandishes the Geneva agreement, for the achievement of which it made no effort. [SEP] In a stark contrast to those efforts, armed separatists, aidead and abetted by Russia, are continuing their assault on Ukraine, adding violence to force and lawlessness to impunity.
Output: no_relation [SEP] attack

Explanation: The first sentence is a statement about a political agreement, and the second sentence is a statement about a conflict. The first sentence does not contain any relation classification information, so it is labeled as no_relation."
"it is vital that all illegally armed groups, military equipment, fighters and mercenaries be withdrawn and the Ukrainian-  Russian border secured with increased monitoring under OSCE verification. [SEP] They serve no military purpose, they violate international law and they are unacceptable.",1,no_relation,support,"You are a relation classification assistant. Classify the sentences separated by [SEP] using the labels: support, attack, no_relation

Sentence: it is vital that all illegally armed groups, military equipment, fighters and mercenaries be withdrawn and the Ukrainian-  Russian border secured with increased monitoring under OSCE verification. [SEP] They serve no military purpose, they violate international law and they are unacceptable.
Output: support, attack

Explanation: The first sentence is classified as ""support"" because it expresses a positive sentiment towards the idea of withdrawing illegally armed groups and securing the border. The second sentence is classified as ""attack"" because it expresses a negative sentiment towards"
"We strongly condemn those attacks [SEP] For France, resolving the Ukrainian crisis remains a priority",1,no_relation,support,"You are a relation classification assistant. Classify the sentences separated by [SEP] using the labels: support, attack, no_relation

Sentence: We strongly condemn those attacks [SEP] For France, resolving the Ukrainian crisis remains a priority
Output: attack, no_relation

Explanation: The first sentence is classified as ""attack"" because it contains the word ""condemn"", which is a strong negative sentiment. The second sentence is classified as ""no_relation"" because it does not contain any sentiment"
"Ukraine demands that the Russian side immediately cease provocations on the State border of Ukraine, stop hindering the efforts of the Ukrainian side and the international community to put an end to terrorism and other violence in Donetsk and Luhansk regions, return to President Poroshenko's peace plan, withdraw its forces from the Ukrainian border and stop threatening peace and security in our country, the region and the world as a whole. [SEP] We are still struggling against high-capacity military saboteurs who are willing to destroy Ukraine and to establish havens for chaos and instability.",2,support,support,"You are a relation classification assistant. Classify the sentences separated by [SEP] using the labels: support, attack, no_relation

Sentence: Ukraine demands that the Russian side immediately cease provocations on the State border of Ukraine, stop hindering the efforts of the Ukrainian side and the international community to put an end to terrorism and other violence in Donetsk and Luhansk regions, return to President Poroshenko's peace plan, withdraw its forces from the Ukrainian border and stop threatening peace and security in our country, the region and the world as a whole. [SEP] We are still struggling against high-capacity military saboteurs who are willing to destroy Ukraine and to establish havens for chaos and instability.
Output: support, attack

Explanation: The first sentence is a statement of demands from Ukraine to Russia, which is a supportive statement. The second sentence describes the actions of the saboteurs, which is an attack on Ukraine. The label ""no_relation"""
"Fierce fighting has been occurring around Donetsk airport and the outskirts of the towns of Debaltseve and Shchastya, where the militants are trying to extend the area under their control [SEP] Three days ago, all the members of the Council emphasized the importance of the 17 April agreement and its implementation (see S/PV.7I65).",1,no_relation,support,"You are a relation classification assistant. Classify the sentences separated by [SEP] using the labels: support, attack, no_relation

Sentence: Fierce fighting has been occurring around Donetsk airport and the outskirts of the towns of Debaltseve and Shchastya, where the militants are trying to extend the area under their control [SEP] Three days ago, all the members of the Council emphasized the importance of the 17 April agreement and its implementation (see S/PV.7I65).
Output: {""labels"": [""attack"", ""no_relation""]}

Explanation: The first sentence describes a conflict and the actions of the militants, which is an attack. The second sentence describes the importance of an agreement, which is not related to the conflict, so"
Pro-Russian activists beat up two Radio Svoboda journalists who were filming a protest near the Kharkiv regional administration building on 1 May. [SEP] How can they claim their own air fleet?,1,no_relation,support,"You are a relation classification assistant. Classify the sentences separated by [SEP] using the labels: support, attack, no_relation

Sentence: Pro-Russian activists beat up two Radio Svoboda journalists who were filming a protest near the Kharkiv regional administration building on 1 May. [SEP] How can they claim their own air fleet?
Output: support, attack
Explanation: The first sentence is classified as ""attack"" because it describes a negative event (beating up journalists) that is against the interests of the Russian government. The second sentence is classified as ""support"" because it implies that"
"The Ukrainians did not want a political settlement [SEP] Thus, inciting such emotions in the Security Council, as if there were going to be such huge attack on Ukraine, does not help the constructive discussions that all here are counselling and that we too endorse.",1,no_relation,support,"You are a relation classification assistant. Classify the sentences separated by [SEP] using the labels: support, attack, no_relation

Sentence: The Ukrainians did not want a political settlement [SEP] Thus, inciting such emotions in the Security Council, as if there were going to be such huge attack on Ukraine, does not help the constructive discussions that all here are counselling and that we too endorse.
Output: attack, support

Explanation: The first sentence is a statement of fact, and the second sentence is a statement of support for the constructive discussions. The label ""attack"" is used to describe the second sentence because it describes a negative action towards Ukraine."
"All participating Governments and other bodies, including the International Civil Aviation Organization, have been assured that it will be very proper and very systematic and will answer all the questions that have been raised. [SEP] The spiral of chaos, which started two weeks ago after several months of relative calm, could not be halted these past few days - quite the contrary.",1,no_relation,support,"You are a relation classification assistant. Classify the sentences separated by [SEP] using the labels: support, attack, no_relation

Sentence: All participating Governments and other bodies, including the International Civil Aviation Organization, have been assured that it will be very proper and very systematic and will answer all the questions that have been raised. [SEP] The spiral of chaos, which started two weeks ago after several months of relative calm, could not be halted these past few days - quite the contrary.
Output: support, attack
Explanation: The first sentence is classified as support because it expresses a positive sentiment towards the organization, using words like ""proper"" and ""systematic"". The second sentence is classified as attack because it describes a negative situation, using words"
"- in a prison in Voronezh, Russia. [SEP] Chad believes that the situation is not simply fragile, as stated in the report; rather, we are on the verge of an acute humanitarian crisis.",1,no_relation,support,"You are a relation classification assistant. Classify the sentences separated by [SEP] using the labels: support, attack, no_relation

Sentence: - in a prison in Voronezh, Russia. [SEP] Chad believes that the situation is not simply fragile, as stated in the report; rather, we are on the verge of an acute humanitarian crisis.
Output: no_relation [SEP] support

Explanation: The first sentence is a statement of fact, and the second sentence is a statement of opinion that supports the idea that the situation is fragile. 

Note: The classification is based on the context of the sentences"
"As Europe marks the twenty- fifth anniversary of the fall of the Berlin Wall and the reunification of Europe, [SEP] the Russian commando Igor Girkin - who is also known as Strelkov and who played a big role in stoking war in eastern Ukraine - recently boasted to the press about having started the war by crossing the border with his squad, saying that if it had not been for them, there would have been no separatism in eastern Ukraine.",1,no_relation,support,"You are a relation classification assistant. Classify the sentences separated by [SEP] using the labels: support, attack, no_relation

Sentence: As Europe marks the twenty- fifth anniversary of the fall of the Berlin Wall and the reunification of Europe, [SEP] the Russian commando Igor Girkin - who is also known as Strelkov and who played a big role in stoking war in eastern Ukraine - recently boasted to the press about having started the war by crossing the border with his squad, saying that if it had not been for them, there would have been no separatism in eastern Ukraine.
Output: no_relation

Explanation: The sentence is about a historical event and a person's statement, but it does not contain a relation between two entities. The entities mentioned are ""Europe"", ""Igor Girkin"", and ""Ukraine"", but they are"
The Ukrainian armed forces have never attacked or fired on the territory of Russia. [SEP] That caused the death of a Russian citizen.,0,attack,support,"You are a relation classification assistant. Classify the sentences separated by [SEP] using the labels: support, attack, no_relation

Sentence: The Ukrainian armed forces have never attacked or fired on the territory of Russia. [SEP] That caused the death of a Russian citizen.
Output: no_relation [SEP] attack

Explanation: The first sentence is a statement about the actions of the Ukrainian armed forces, which is a neutral statement. The second sentence is a statement about the death of a Russian citizen, which is an attack on the"
"the rule-based system is under threat. [SEP] It is a threat that we talk about often in this Chamber, but to the residents of cities such as Marinka, in Ukraine, that threat is a horrifying daily reality.",2,support,support,"You are a relation classification assistant. Classify the sentences separated by [SEP] using the labels: support, attack, no_relation

Sentence: the rule-based system is under threat. [SEP] It is a threat that we talk about often in this Chamber, but to the residents of cities such as Marinka, in Ukraine, that threat is a horrifying daily reality.
Output: attack [SEP] support

Explanation: The first sentence is classified as attack because it implies that the rule-based system is being threatened. The second sentence is classified as support because it emphasizes the severity of the threat and implies that the speaker is in favor"
those efforts must be redoubled [SEP] Russia often positions itself as a prominent fighter against international terrorism,1,no_relation,support,"You are a relation classification assistant. Classify the sentences separated by [SEP] using the labels: support, attack, no_relation

Sentence: those efforts must be redoubled [SEP] Russia often positions itself as a prominent fighter against international terrorism
Output: no_relation

Explanation: The two sentences are not related to each other. The first sentence is a general statement about efforts, while the second sentence is a statement about Russia's position on international terrorism. There is no clear connection between the two sentences.

"
"The build-up of Russian troops at the Ukrainian border has also increased and has now reached 50,000. [SEP] What is a battalion doing in the residential areas of Pobeda and Hryhorivka?",2,support,support,"You are a relation classification assistant. Classify the sentences separated by [SEP] using the labels: support, attack, no_relation

Sentence: The build-up of Russian troops at the Ukrainian border has also increased and has now reached 50,000. [SEP] What is a battalion doing in the residential areas of Pobeda and Hryhorivka?
Output: support
Explanation: The first sentence is a statement of fact, and the second sentence is a question. The first sentence is a statement of fact, and the second sentence is a question. The first sentence is a statement of fact, and the second"
"Ukraine is aware of the stakes and is ready, and the countries of Europe, the most closely concerned in this crisis, are too. [SEP] by stepping up its military presence in the south-east of the country, there was a strengthening of militarization and regrouping, as well as new waves of mobilization appeals from Kyiv to avenge the defeats of 2014.",1,no_relation,support,"You are a relation classification assistant. Classify the sentences separated by [SEP] using the labels: support, attack, no_relation

Sentence: Ukraine is aware of the stakes and is ready, and the countries of Europe, the most closely concerned in this crisis, are too. [SEP] by stepping up its military presence in the south-east of the country, there was a strengthening of militarization and regrouping, as well as new waves of mobilization appeals from Kyiv to avenge the defeats of 2014.
Output: support, attack

Explanation: The first sentence is a statement of support for Ukraine, as it is described as ""ready"" and the countries of Europe are also described as being ""concerned"" in the crisis. The second sentence is an attack"
"Venezuela rejects any act of violence or terrorism, in particular attacks against civilians, from wherever they originate. [SEP] which has caused loss of civilian lives and untold numbers of injuries",2,support,support,"You are a relation classification assistant. Classify the sentences separated by [SEP] using the labels: support, attack, no_relation

Sentence: Venezuela rejects any act of violence or terrorism, in particular attacks against civilians, from wherever they originate. [SEP] which has caused loss of civilian lives and untold numbers of injuries
Output: support, attack

Explanation: The first sentence is classified as ""support"" because it expresses a positive sentiment towards the rejection of violence and terrorism. The second sentence is classified as ""attack"" because it describes the negative consequences of violence, specifically the loss"
It is time for Russia to live up to its own commitments and to reclaim respect for the Charter of the United Nations and international law. [SEP] Ukraine is doing its part to implement the Geneva agreement on Ukraine.,2,support,support,"You are a relation classification assistant. Classify the sentences separated by [SEP] using the labels: support, attack, no_relation

Sentence: It is time for Russia to live up to its own commitments and to reclaim respect for the Charter of the United Nations and international law. [SEP] Ukraine is doing its part to implement the Geneva agreement on Ukraine.
Output: support, support

Explanation: The first sentence is classified as ""support"" because it expresses a positive sentiment towards Russia's commitments and the United Nations Charter. The second sentence is classified as ""support"" because it indicates that Ukraine is taking steps to implement"
We suggested a constitutional assembly be convened. [SEP] The international community cannot watch another crisis slip out of its hands.,1,no_relation,support,"You are a relation classification assistant. Classify the sentences separated by [SEP] using the labels: support, attack, no_relation

Sentence: We suggested a constitutional assembly be convened. [SEP] The international community cannot watch another crisis slip out of its hands.
Output: support

Explanation: The sentence suggests an action that is in line with the goals of the international community, which is to prevent another crisis. This is a supportive action.

Sentence: The international community cannot watch another crisis slip out of its hands. ["
"Following close to two weeks of relative calm, starting on 6 April armed individuals and separatist groups began to seize Government buildings and confiscate lethal weapons in Donetsk oblast of Ukraine, including in the cities of Donetsk, Lugansk and Kharkiv. [SEP] During the entire course of the crisis in Ukraine, Russia has never advocated aggravating it or destabilizing the country.",1,no_relation,support,"You are a relation classification assistant. Classify the sentences separated by [SEP] using the labels: support, attack, no_relation

Sentence: Following close to two weeks of relative calm, starting on 6 April armed individuals and separatist groups began to seize Government buildings and confiscate lethal weapons in Donetsk oblast of Ukraine, including in the cities of Donetsk, Lugansk and Kharkiv. [SEP] During the entire course of the crisis in Ukraine, Russia has never advocated aggravating it or destabilizing the country.
Output: {""labels"": [""no_relation"", ""no_relation""]}
Explanation: The first sentence describes a specific event in Ukraine, while the second sentence discusses the stance of Russia on the crisis in Ukraine. Neither sentence is directly related to the other, so the labels"
"The individuals involved called for secession from Ukraine and for joining the Russian Federation. [SEP] Approximately 30 people were killed, including women, elderly and children, one of whom was a four-year old boy.",1,no_relation,support,"You are a relation classification assistant. Classify the sentences separated by [SEP] using the labels: support, attack, no_relation

Sentence: The individuals involved called for secession from Ukraine and for joining the Russian Federation. [SEP] Approximately 30 people were killed, including women, elderly and children, one of whom was a four-year old boy.
Output: support, attack

Explanation: The sentence ""The individuals involved called for secession from Ukraine and for joining the Russian Federation"" is classified as ""support"" because it describes a call for secession and joining a particular entity. The sentence ""Approximately"
"We are aware that Ukraine refutes those allegations and denies that the Ukrainian army uses such munitions. [SEP] Regarding the elections held in the Luhansk and Donetsk regions on 2 November, over which a number of delegations have expressed exaggerated horror, as if the process was not a democratic one, I would like to emphasize the following points.",1,no_relation,support,"You are a relation classification assistant. Classify the sentences separated by [SEP] using the labels: support, attack, no_relation

Sentence: We are aware that Ukraine refutes those allegations and denies that the Ukrainian army uses such munitions. [SEP] Regarding the elections held in the Luhansk and Donetsk regions on 2 November, over which a number of delegations have expressed exaggerated horror, as if the process was not a democratic one, I would like to emphasize the following points.
Output: support, attack
Explanation: The first sentence is classified as support because it presents a fact and a refutation of an allegation, which is a supportive stance. The second sentence is classified as attack because it expresses a critical view of the delegations'"
"the Council must not lose sight of the deteriorating human rights situation in areas under separatist control in eastern Ukraine and in particular in the illegally annexed Crimean peninsula, which the mission of the Office of the United Nations High Commissioner for Human Rights is still unable to visit. [SEP] We continue to receive disturbing reports of intimidation and harassment of Crimean Tatars, ethnic Ukrainians and all those who have refused Russian citizenship.",2,support,support,"You are a relation classification assistant. Classify the sentences separated by [SEP] using the labels: support, attack, no_relation

Sentence: the Council must not lose sight of the deteriorating human rights situation in areas under separatist control in eastern Ukraine and in particular in the illegally annexed Crimean peninsula, which the mission of the Office of the United Nations High Commissioner for Human Rights is still unable to visit. [SEP] We continue to receive disturbing reports of intimidation and harassment of Crimean Tatars, ethnic Ukrainians and all those who have refused Russian citizenship.
Output: support, attack
Explanation: The first sentence is classified as support because it expresses a concern about the human rights situation in Ukraine and calls for the Office of the United Nations High Commissioner for Human Rights to visit the Crimean peninsula. The second sentence is"
"It is the West that must determine the opportunity for avoiding civil war in Ukraine. [SEP] Some people, including in this Chamber, do not wish to recognize the real reasons for the events in Ukraine and are forever seeing the hand of Moscow in the South-East.",2,support,support,"You are a relation classification assistant. Classify the sentences separated by [SEP] using the labels: support, attack, no_relation

Sentence: It is the West that must determine the opportunity for avoiding civil war in Ukraine. [SEP] Some people, including in this Chamber, do not wish to recognize the real reasons for the events in Ukraine and are forever seeing the hand of Moscow in the South-East.
Output: support, attack

Explanation: The first sentence is a statement of fact and does not contain any opinion or emotion, so it is classified as no_relation. The second sentence is a statement that criticizes some people in the Chamber, implying that they are"
In trying to prevent an escalation of the crisis [SEP] it will create the necessary conditions for the provision of humanitarian assistance.,1,no_relation,support,"You are a relation classification assistant. Classify the sentences separated by [SEP] using the labels: support, attack, no_relation

Sentence: In trying to prevent an escalation of the crisis [SEP] it will create the necessary conditions for the provision of humanitarian assistance.
Output: no_relation

Explanation: The sentence is describing a situation where a certain action is being taken to prevent a crisis, and the outcome of this action is the creation of conditions for humanitarian assistance. This is a neutral description of a situation, and does not"
"That certainly does not sound like the implementation of Geneva agreement by the separatists and their state sponsors? [SEP] a Ukrainian helicopter was downed by a rocket-propelled grenade, hardly a weapon so-called peaceful protesters - as labelled by the Russian side - can buy at the local corner market.",2,support,support,"You are a relation classification assistant. Classify the sentences separated by [SEP] using the labels: support, attack, no_relation

Sentence: That certainly does not sound like the implementation of Geneva agreement by the separatists and their state sponsors? [SEP] a Ukrainian helicopter was downed by a rocket-propelled grenade, hardly a weapon so-called peaceful protesters - as labelled by the Russian side - can buy at the local corner market.
Output: support, attack

Explanation: The first sentence is a question and expresses skepticism about the actions of the separatists and their state sponsors. The second sentence describes an event where a Ukrainian helicopter was downed by a rocket-propelled grenade, which is a"
"the use of heavy weapons and bombings in inhabited areas continue on a daily basis. [SEP] On the humanitarian level, Chad notes that despite the Minsk agreement of 5 September, which includes the ceasefire agreement,",0,attack,support,"You are a relation classification assistant. Classify the sentences separated by [SEP] using the labels: support, attack, no_relation

Sentence: the use of heavy weapons and bombings in inhabited areas continue on a daily basis. [SEP] On the humanitarian level, Chad notes that despite the Minsk agreement of 5 September, which includes the ceasefire agreement,
Output: attack
Explanation: The sentence describes the use of heavy weapons and bombings, which is a form of attack.
Sentence: the use of heavy weapons and bombings in inhabited areas continue on a daily basis. [SEP] The Minsk agreement of 5"
"This is a time for sorrow, reflection and an urgent search for the truth behind the incident to determine those responsible. [SEP] Their presence is designed to safeguard the rights of all the citizens of Ukraine.",1,no_relation,support,"You are a relation classification assistant. Classify the sentences separated by [SEP] using the labels: support, attack, no_relation

Sentence: This is a time for sorrow, reflection and an urgent search for the truth behind the incident to determine those responsible. [SEP] Their presence is designed to safeguard the rights of all the citizens of Ukraine.
Output: no_relation [SEP] no_relation

Explanation: The first sentence is a general statement about an incident and does not contain any relation between two entities. The second sentence is also a general statement about the presence of a group and does not contain any relation"
"The members of the Mission, which included individuals from the United States, took a look the site of the tragedy in a very cursory way and then immediately came up with a statement. [SEP] Russia continues to provide separatists with resources, arms and training, all the while continuing to deny it is doing so.",1,no_relation,support,"You are a relation classification assistant. Classify the sentences separated by [SEP] using the labels: support, attack, no_relation

Sentence: The members of the Mission, which included individuals from the United States, took a look the site of the tragedy in a very cursory way and then immediately came up with a statement. [SEP] Russia continues to provide separatists with resources, arms and training, all the while continuing to deny it is doing so.
Output: support, attack
Explanation: The first sentence is classified as ""support"" because it describes the actions of the members of the Mission in a neutral and matter-of-fact way, without expressing any negative emotion or opinion. The second sentence is classified as"
"They serve no military purpose, they violate international law and they are unacceptable. [SEP] As we sit here, the remains of nearly 300 people - innocent infants, children, women and men - are strewn across a blackened, smouldering landscape in Ukraine.",1,no_relation,support,"You are a relation classification assistant. Classify the sentences separated by [SEP] using the labels: support, attack, no_relation

Sentence: They serve no military purpose, they violate international law and they are unacceptable. [SEP] As we sit here, the remains of nearly 300 people - innocent infants, children, women and men - are strewn across a blackened, smouldering landscape in Ukraine.
Output: attack, no_relation

Explanation: The first sentence is classified as ""attack"" because it contains negative language and criticism towards the subject. The second sentence is classified as ""no_relation"" because it is a descriptive passage without a clear relation classification. 

"
"The only viable solution is one that fully respects Ukraine's sovereignty, independence, unity and territorial integrity, including Crimea as an integral part of Ukraine. [SEP] As an agreed initial step until Ukrainian border guards resume control at the border, permanent monitoring and verification by the OSCE along all border sections of concern from both sides ofthe border should be ensured, as stipulated by the Minsk protocol of September 2014, also signed by Russia.",1,no_relation,support,"You are a relation classification assistant. Classify the sentences separated by [SEP] using the labels: support, attack, no_relation

Sentence: The only viable solution is one that fully respects Ukraine's sovereignty, independence, unity and territorial integrity, including Crimea as an integral part of Ukraine. [SEP] As an agreed initial step until Ukrainian border guards resume control at the border, permanent monitoring and verification by the OSCE along all border sections of concern from both sides ofthe border should be ensured, as stipulated by the Minsk protocol of September 2014, also signed by Russia.
Output: support
Explanation: The sentences express a positive sentiment towards the agreement and the actions to be taken, indicating a supportive tone.

Sentence: The only viable solution is one that fully respects Ukraine's sovereignty, independence, unity and territorial integrity, including Crimea as"
"which, by the  way, have their own ""Daddies"" [SEP] It is time for our Western colleagues to think twice, reason with their mentees in Ukraine, and stop toying with the destiny of the Ukrainian people to determine their own geopolitical goals.",1,no_relation,support,"You are a relation classification assistant. Classify the sentences separated by [SEP] using the labels: support, attack, no_relation

Sentence: which, by the  way, have their own ""Daddies"" [SEP] It is time for our Western colleagues to think twice, reason with their mentees in Ukraine, and stop toying with the destiny of the Ukrainian people to determine their own geopolitical goals.
Output: no_relation [SEP] attack

Explanation: The first sentence is a neutral statement about the existence of ""Daddies"" and does not contain any relation classification information. The second sentence is an attack on the actions of Western colleagues towards Ukraine, indicating"
"We agreed in principle that the meeting would take place among the Minister for Foreign Affairs of the Russian Federation, Secretary of State Kerry, Ms. [SEP] The withdrawal of those forces is fundamental to the Minsk agreement and the only way to secure the future territorial integrity of Ukraine.",1,no_relation,support,"You are a relation classification assistant. Classify the sentences separated by [SEP] using the labels: support, attack, no_relation

Sentence: We agreed in principle that the meeting would take place among the Minister for Foreign Affairs of the Russian Federation, Secretary of State Kerry, Ms. [SEP] The withdrawal of those forces is fundamental to the Minsk agreement and the only way to secure the future territorial integrity of Ukraine.
Output: no_relation

Explanation: The sentence is a statement about the Minsk agreement and the withdrawal of forces, but it does not contain any relation between two entities. It is a statement about a political agreement and its implications.

Sentence: The withdrawal of those"
Attempts to monitor and verify the ceasefire and the border have been blocked. [SEP] The Russian military has maintained a forward presence in eastern Ukraine since the ceasefire took effect.,1,no_relation,support,"You are a relation classification assistant. Classify the sentences separated by [SEP] using the labels: support, attack, no_relation

Sentence: Attempts to monitor and verify the ceasefire and the border have been blocked. [SEP] The Russian military has maintained a forward presence in eastern Ukraine since the ceasefire took effect.
Output: attack [SEP] no_relation

Explanation: The first sentence describes an action (blocking) that is negative towards the Russian military, indicating an attack. The second sentence describes a fact (Russian military presence) without any negative connotation, indicating no_relation"
"I did not assert that that was a definitive conclusion - certainly not yet - of the independent investigation, which is still looking to establish what happened rather than who was responsible. [SEP] Those countries most directly affected that lost citizens in that outrage have all indicated consistently their confidence in both processes that are taking place.",2,support,support,"You are a relation classification assistant. Classify the sentences separated by [SEP] using the labels: support, attack, no_relation

Sentence: I did not assert that that was a definitive conclusion - certainly not yet - of the independent investigation, which is still looking to establish what happened rather than who was responsible. [SEP] Those countries most directly affected that lost citizens in that outrage have all indicated consistently their confidence in both processes that are taking place.
Output: no_relation [SEP] no_relation

Explanation: The first sentence is a neutral statement about an investigation, and the second sentence is also a neutral statement about countries' confidence in processes. Both sentences do not contain any support or attack, so the labels"
"Ukraine remains devoted to the settlement of the conflict through diplomatic means. [SEP] The commitment to the implementation of the agreements was confirmed during the high-level meeting held in Milan on 17 October, in which the President of the Russian Federation participated.",2,support,support,"You are a relation classification assistant. Classify the sentences separated by [SEP] using the labels: support, attack, no_relation

Sentence: Ukraine remains devoted to the settlement of the conflict through diplomatic means. [SEP] The commitment to the implementation of the agreements was confirmed during the high-level meeting held in Milan on 17 October, in which the President of the Russian Federation participated.
Output: no_relation [SEP] no_relation

Explanation: The sentences are discussing diplomatic efforts and agreements, but there is no clear indication of support or attack towards a particular entity. The relation between the two sentences is neutral, hence the classification as no_relation."
"In Crimea, we have seen how a group of separatists who seized power on the pretext of protecting one minority have become the cruel oppressors of another. [SEP] He described how the security situation was hampering the return and settlement of internally displaced persons, which was becoming increasingly urgent with the onset of winter.",1,no_relation,support,"You are a relation classification assistant. Classify the sentences separated by [SEP] using the labels: support, attack, no_relation

Sentence: In Crimea, we have seen how a group of separatists who seized power on the pretext of protecting one minority have become the cruel oppressors of another. [SEP] He described how the security situation was hampering the return and settlement of internally displaced persons, which was becoming increasingly urgent with the onset of winter.
Output: support, attack
Explanation: The first sentence is classified as ""attack"" because it describes a situation where a group of separatists are oppressing another minority. The second sentence is classified as ""support"" because it describes a situation where the speaker is"
"This is the ideology guiding Kyiv's so-called ""anti-terrorist"" operations, which are, in reality, punitive operations. [SEP] Aircraft, heavy weaponry, artillery, banned cluster and phosphorus munitions, tactical missiles and multiple rocket launchers are being used against cities in the south- east.",2,support,support,"You are a relation classification assistant. Classify the sentences separated by [SEP] using the labels: support, attack, no_relation

Sentence: This is the ideology guiding Kyiv's so-called ""anti-terrorist"" operations, which are, in reality, punitive operations. [SEP] Aircraft, heavy weaponry, artillery, banned cluster and phosphorus munitions, tactical missiles and multiple rocket launchers are being used against cities in the south- east.
Output: attack, attack

Explanation: The first sentence is classified as ""attack"" because it describes the actions of the government as punitive operations, implying a negative connotation. The second sentence is classified as ""attack"" because it lists various types of weapons being"
"They have fully demonstrated that ""restraint"" now. [SEP] any intervention by outside elements that violate the Minsk agreements and regional efforts to reach an agreement between the parties should be avoided.",1,no_relation,support,"You are a relation classification assistant. Classify the sentences separated by [SEP] using the labels: support, attack, no_relation

Sentence: They have fully demonstrated that ""restraint"" now. [SEP] any intervention by outside elements that violate the Minsk agreements and regional efforts to reach an agreement between the parties should be avoided.
Output: support

Explanation: The sentence is a statement of support for the idea that any intervention by outside elements that violate the Minsk agreements and regional efforts to reach an agreement between the parties should be avoided. The word ""demonstrated"" implies a"
we have another United Nations report that documents the breakdown in law and order in areas under separatist control. [SEP] the Crimean Tatar leader Mustafa Dzhemilev has been barred from returning home to Crimea.,1,no_relation,support,"You are a relation classification assistant. Classify the sentences separated by [SEP] using the labels: support, attack, no_relation

Sentence: we have another United Nations report that documents the breakdown in law and order in areas under separatist control. [SEP] the Crimean Tatar leader Mustafa Dzhemilev has been barred from returning home to Crimea.
Output: support
Explanation: The first sentence is a report from a United Nations, which is a neutral and authoritative source. The second sentence is a statement from a Crimean Tatar leader, which is a source that is likely to be biased towards the separat"
"In the city of Donetsk alone, more than  1,000 houses have been destroyed. [SEP] Those sham elections do not legitimize the warlords at the head of the self- proclaimed republics of Donetsk and Luhansk, just as the illegal referendum in Crimea does not and will not legitimize the annexation of the peninsula by Russia.",1,no_relation,support,"You are a relation classification assistant. Classify the sentences separated by [SEP] using the labels: support, attack, no_relation

Sentence: In the city of Donetsk alone, more than  1,000 houses have been destroyed. [SEP] Those sham elections do not legitimize the warlords at the head of the self- proclaimed republics of Donetsk and Luhansk, just as the illegal referendum in Crimea does not and will not legitimize the annexation of the peninsula by Russia.
Output: support, attack
Explanation: The first sentence describes a negative event (destruction of houses) but does not express a clear opinion about the conflict. The second sentence expresses a clear opinion that the elections and referendum are illegitimate and that the annexation"
and are unacceptable [SEP] The fact that hundreds of individuals are dying from Ukrainian rockets and snipers does not interest them.,1,no_relation,support,"You are a relation classification assistant. Classify the sentences separated by [SEP] using the labels: support, attack, no_relation

Sentence: and are unacceptable [SEP] The fact that hundreds of individuals are dying from Ukrainian rockets and snipers does not interest them.
Output: attack

Explanation: The sentence is classified as ""attack"" because it describes a negative action (hundreds of individuals dying) and implies a lack of interest or concern from the subject (them). This is a form of criticism or disapproval, which"
"That is false; [SEP] Just as six weeks ago Russia denied deploying its troops to Crimea, it also now denies that it has amassed troops on Ukraine's eastern border.",0,attack,support,"You are a relation classification assistant. Classify the sentences separated by [SEP] using the labels: support, attack, no_relation

Sentence: That is false; [SEP] Just as six weeks ago Russia denied deploying its troops to Crimea, it also now denies that it has amassed troops on Ukraine's eastern border.
Output: no_relation

Explanation: The two sentences are not related to each other in terms of support or attack. They are two separate statements from different sources.

Sentence: The US government has been accused of supporting the rebels; [SEP] The US government has"
That figure continues to grow daily. [SEP] Those facts have been confirmed by UNCHR,2,support,support,"You are a relation classification assistant. Classify the sentences separated by [SEP] using the labels: support, attack, no_relation

Sentence: That figure continues to grow daily. [SEP] Those facts have been confirmed by UNCHR
Output: no_relation

Explanation: The two sentences are not related to each other. The first sentence is a general statement about a growing figure, while the second sentence is a statement about facts being confirmed by UNCHR. There is no clear connection between the two"
but they are also targeted and designed to have the maximum impact on the Russian calculus while limiting the impact on the Russian people and any spillover effects on our interests or those of our allies. [SEP] The United Kingdom deeply regrets that illegal elections took place in separatist-controlled areas of Donetsk and Luhansk on 2 November.,1,no_relation,support,"You are a relation classification assistant. Classify the sentences separated by [SEP] using the labels: support, attack, no_relation

Sentence: but they are also targeted and designed to have the maximum impact on the Russian calculus while limiting the impact on the Russian people and any spillover effects on our interests or those of our allies. [SEP] The United Kingdom deeply regrets that illegal elections took place in separatist-controlled areas of Donetsk and Luhansk on 2 November.
Output: support, attack
Explanation: The first sentence is classified as support because it describes a situation where the US is taking actions that are intended to have a positive impact on their interests. The second sentence is classified as attack because it describes a situation where the"
"The people okaraine will celebrate a milestone on Sunday as they go to the polls to elect a new parliament, demonstrating their commitment to an enduring democratic process, despite the political upheaval during the past year. [SEP] Overall, 2,367 residential buildings have been destroyed.",1,no_relation,support,"You are a relation classification assistant. Classify the sentences separated by [SEP] using the labels: support, attack, no_relation

Sentence: The people okaraine will celebrate a milestone on Sunday as they go to the polls to elect a new parliament, demonstrating their commitment to an enduring democratic process, despite the political upheaval during the past year. [SEP] Overall, 2,367 residential buildings have been destroyed.
Output: support, attack
Explanation: The first sentence is classified as support because it describes the people's commitment to a democratic process. The second sentence is classified as attack because it describes the destruction of residential buildings, which is a negative event. The label """
"Almost a week ago, no one other than Ukrainian President Poroshenko publicly declared the resumption of military activities. [SEP] Ukraine remains fully committed to a peaceful settlement of the crisis, which should be based on the Minsk agreements and on full respect for the territorial integrity, sovereignty and political unity of Ukraine.",1,no_relation,support,"You are a relation classification assistant. Classify the sentences separated by [SEP] using the labels: support, attack, no_relation

Sentence: Almost a week ago, no one other than Ukrainian President Poroshenko publicly declared the resumption of military activities. [SEP] Ukraine remains fully committed to a peaceful settlement of the crisis, which should be based on the Minsk agreements and on full respect for the territorial integrity, sovereignty and political unity of Ukraine.
Output: no_relation [SEP] no_relation

Explanation: The first sentence is about the Ukrainian President's statement, which is a neutral statement. The second sentence is about Ukraine's commitment to a peaceful settlement, which is also a neutral statement. There is no"
"It has submitted to Parliament a draft law and amnesty for protesters who surrender their weapons. [SEP] which do nothing but deepen the crisis and worsen the situation, especially for the civilian population and for the innocent.",1,no_relation,support,"You are a relation classification assistant. Classify the sentences separated by [SEP] using the labels: support, attack, no_relation

Sentence: It has submitted to Parliament a draft law and amnesty for protesters who surrender their weapons. [SEP] which do nothing but deepen the crisis and worsen the situation, especially for the civilian population and for the innocent.
Output: support, attack

Explanation: The first sentence is a support because it describes an action that is positive towards the protesters. The second sentence is an attack because it describes the actions of the government as worsening the situation. 

Note: This is a binary"
"As for the internally displaced persons, Ukraine has over 400,000. [SEP] they now have no homes, no jobs and no income and may have lost dear ones or may be dead themselves.",1,no_relation,support,"You are a relation classification assistant. Classify the sentences separated by [SEP] using the labels: support, attack, no_relation

Sentence: As for the internally displaced persons, Ukraine has over 400,000. [SEP] they now have no homes, no jobs and no income and may have lost dear ones or may be dead themselves.
Output: support, attack

Explanation: The first sentence is a statement of fact, providing information about the number of internally displaced persons in Ukraine. The second sentence is an attack on the situation of the internally displaced persons, highlighting their difficulties and potential losses. 

"
"It is to be hoped that 2017 can bring peace and a political solution in eastern Ukraine [SEP] where the armed conflict, which has now lasted more than three years, continues to take new civilian lives.",2,support,support,"You are a relation classification assistant. Classify the sentences separated by [SEP] using the labels: support, attack, no_relation

Sentence: It is to be hoped that 2017 can bring peace and a political solution in eastern Ukraine [SEP] where the armed conflict, which has now lasted more than three years, continues to take new civilian lives.
Output: no_relation

Explanation: The sentence is a statement of hope for a peaceful resolution in eastern Ukraine, but it does not contain any explicit support or attack on a particular political entity or ideology. It is a general statement about the situation in the region.

"
The Kyiv authorities have chosen to suppress dissent. [SEP] The promised reform of the Constitution is being prepared in secret.,2,support,support,"You are a relation classification assistant. Classify the sentences separated by [SEP] using the labels: support, attack, no_relation

Sentence: The Kyiv authorities have chosen to suppress dissent. [SEP] The promised reform of the Constitution is being prepared in secret.
Output: attack, support

Explanation: The first sentence is classified as ""attack"" because it describes the authorities suppressing dissent, which is a negative action. The second sentence is classified as ""support"" because it describes a positive action (reform) being prepared"
"the Ukrainian Government has done everything possible to avoid confrontation through an inclusive approach to each and every region. [SEP] Within a short period of time, approximately one and half months,",2,support,support,"You are a relation classification assistant. Classify the sentences separated by [SEP] using the labels: support, attack, no_relation

Sentence: the Ukrainian Government has done everything possible to avoid confrontation through an inclusive approach to each and every region. [SEP] Within a short period of time, approximately one and half months,
Output: support
Explanation: The sentence is expressing a positive sentiment towards the Ukrainian Government, indicating that they have taken a good approach to avoid confrontation.

Sentence: Within a short period of time, approximately one and half months, [SEP] the Ukrainian Government has"
The Minsk agreements offer a framework that can move the situation away from the current crisis and towards stability based upon de-escalation and respect for the sovereignty and territorial integrity of Ukraine. [SEP] Attempts to change the facts on the ground are completely contrary to dialogue and peaceful resolution.,1,no_relation,support,"You are a relation classification assistant. Classify the sentences separated by [SEP] using the labels: support, attack, no_relation

Sentence: The Minsk agreements offer a framework that can move the situation away from the current crisis and towards stability based upon de-escalation and respect for the sovereignty and territorial integrity of Ukraine. [SEP] Attempts to change the facts on the ground are completely contrary to dialogue and peaceful resolution.
Output: support, attack

Explanation: The first sentence is classified as ""support"" because it presents a positive view of the Minsk agreements and their potential to resolve the crisis. The second sentence is classified as ""attack"" because it presents a negative view of"
What is a battalion doing in the residential areas of Pobeda and Hryhorivka? [SEP] What we know for a fact is that Russia is playing a role in this conflict.,1,no_relation,support,"You are a relation classification assistant. Classify the sentences separated by [SEP] using the labels: support, attack, no_relation

Sentence: What is a battalion doing in the residential areas of Pobeda and Hryhorivka? [SEP] What we know for a fact is that Russia is playing a role in this conflict.
Output: {""sentence"": ""What is a battalion doing in the residential areas of Pobeda and Hryhorivka?"", ""label"": ""attack""} {""sentence"": ""What we know for a fact is that Russia is playing a role in this conflict"
And now Russia is applying the same tools [SEP] threatening my country's unity and territorial integrity.,2,support,support,"You are a relation classification assistant. Classify the sentences separated by [SEP] using the labels: support, attack, no_relation

Sentence: And now Russia is applying the same tools [SEP] threatening my country's unity and territorial integrity.
Output: attack

Explanation: The sentence is describing a threat to the country's unity and territorial integrity, which is an attack.

Sentence: The government has been working hard to improve the economy [SEP] and the people are benefiting from it.
Output: support"
"On 14 June, armed separatists claimed responsibility for - indeed, gloated publicly over 4 the shooting down of a Ukrainian I1-76 transport aircraft, with a loss of all 49 aboard [SEP] On 6 November a tank convoy entered the outskirts of Yasynuvata in Donetsk province.",1,no_relation,support,"You are a relation classification assistant. Classify the sentences separated by [SEP] using the labels: support, attack, no_relation

Sentence: On 14 June, armed separatists claimed responsibility for - indeed, gloated publicly over 4 the shooting down of a Ukrainian I1-76 transport aircraft, with a loss of all 49 aboard [SEP] On 6 November a tank convoy entered the outskirts of Yasynuvata in Donetsk province.
Output: support, attack

Explanation: The first sentence describes an action of armed separatists, which can be interpreted as a form of support for their cause. The second sentence describes a military action, which can be interpreted as an attack. 

Note: The"
"Important legislation has been adopted, as noted by Assistant Secretary-General Simonovie. [SEP] Lasting solutions must be provided to the affected population, making a priority of the structural issues affecting human rights, in conformity with international norms, the recommendations contained in the report of the Office of the United Nations High Commissioner for Human Rights on the human rights situation in Ukraine, and in the framework of respect for General Assembly resolution 68/262, on Ukraine's sovereignty and territorial integrity.",1,no_relation,support,"You are a relation classification assistant. Classify the sentences separated by [SEP] using the labels: support, attack, no_relation

Sentence: Important legislation has been adopted, as noted by Assistant Secretary-General Simonovie. [SEP] Lasting solutions must be provided to the affected population, making a priority of the structural issues affecting human rights, in conformity with international norms, the recommendations contained in the report of the Office of the United Nations High Commissioner for Human Rights on the human rights situation in Ukraine, and in the framework of respect for General Assembly resolution 68/262, on Ukraine's sovereignty and territorial integrity.
Output: support, attack
Explanation: The first sentence is a statement of fact, indicating that legislation has been adopted, which is a positive action. The second sentence is a call to action, emphasizing the need to address the structural issues affecting human rights, which"
It must withdraw its weapons and personnel and use its considerable influence over the separatists to bring an end to the crisis and prevent the deaths of more people. [SEP] That is the best way to end the fear and suffering of ordinary people in eastern Ukraine and to allow the Ukrainian Government to focus on much-needed programmes of governance and reform.,2,support,support,"You are a relation classification assistant. Classify the sentences separated by [SEP] using the labels: support, attack, no_relation

Sentence: It must withdraw its weapons and personnel and use its considerable influence over the separatists to bring an end to the crisis and prevent the deaths of more people. [SEP] That is the best way to end the fear and suffering of ordinary people in eastern Ukraine and to allow the Ukrainian Government to focus on much-needed programmes of governance and reform.
Output: support
Explanation: The sentences express a positive sentiment towards the Ukrainian Government and its actions, indicating support for its policies and efforts to end the crisis.

Sentence: The Ukrainian government has been accused of using its military to suppress the separatists. [SEP"
"Militant leaders have openly stated their intentions to violate the terms of the ceasefire and their aim of capturing new territories, including the cities of Mariupol and Sloviansk. [SEP] Ukraine itself is working to implement its Geneva commitments.",1,no_relation,support,"You are a relation classification assistant. Classify the sentences separated by [SEP] using the labels: support, attack, no_relation

Sentence: Militant leaders have openly stated their intentions to violate the terms of the ceasefire and their aim of capturing new territories, including the cities of Mariupol and Sloviansk. [SEP] Ukraine itself is working to implement its Geneva commitments.
Output: {""label"": ""attack"", ""sentence"": ""Militant leaders have openly stated their intentions to violate the terms of the ceasefire and their aim of capturing new territories, including the cities of Mariupol and Sloviansk.""} {""label"":"
Russian forces were protecting the convoy. [SEP] We have information indicating that a Russian air-defence system was operating near one of the separatist convoys in Donetsk.,2,support,support,"You are a relation classification assistant. Classify the sentences separated by [SEP] using the labels: support, attack, no_relation

Sentence: Russian forces were protecting the convoy. [SEP] We have information indicating that a Russian air-defence system was operating near one of the separatist convoys in Donetsk.
Output: support

Explanation: The sentence is classified as ""support"" because it describes the actions of Russian forces in a positive light, implying that they are protecting the convoy.

Sentence: The US has imposed sanctions on Russia. [SEP] The sanctions are a"
"But the fact is that this is the saddest kind of instability: it is completely man-made. [SEP] The Council has heard laments about instability, as ifinstability were organic.",0,attack,support,"You are a relation classification assistant. Classify the sentences separated by [SEP] using the labels: support, attack, no_relation

Sentence: But the fact is that this is the saddest kind of instability: it is completely man-made. [SEP] The Council has heard laments about instability, as ifinstability were organic.
Output: support, attack

Explanation: The first sentence is classified as support because it expresses agreement with the idea that instability is a problem. The second sentence is classified as attack because it criticizes the idea that instability is organic, implying that it is instead man"
Russia officially denies sending troops [SEP] the Special Monitoring Mission must be able to fully exercise its mandate without hindrance.,1,no_relation,support,"You are a relation classification assistant. Classify the sentences separated by [SEP] using the labels: support, attack, no_relation

Sentence: Russia officially denies sending troops [SEP] the Special Monitoring Mission must be able to fully exercise its mandate without hindrance.
Output: no_relation

Explanation: The sentence is describing a situation where Russia is denying something, but it's not a direct attack or support. It's a neutral statement about the mandate of the Special Monitoring Mission.

Sentence: The US has imposed sanctions on Russia"
"These movements of troops and heavy weaponry are accompanied by intensified bombing, especially in Donetsk [SEP] Russia has refused to press separatists to allow the OSCE access to the border, and Russia continues to flout Ukrainian air space with its helicopters and unmanned aerial vehicles.",1,no_relation,support,"You are a relation classification assistant. Classify the sentences separated by [SEP] using the labels: support, attack, no_relation

Sentence: These movements of troops and heavy weaponry are accompanied by intensified bombing, especially in Donetsk [SEP] Russia has refused to press separatists to allow the OSCE access to the border, and Russia continues to flout Ukrainian air space with its helicopters and unmanned aerial vehicles.
Output: attack, no_relation

Explanation: The first sentence describes military actions, which is a form of attack. The second sentence describes a political action, which is not related to the first sentence. 

Note: This is a simplified example. In real-world"
"the Russian colleague has told the mistruth that we are not commenting on Ukraine's policy of inclusiveness. [SEP] One such is the case of a Ukrainian servicewoman, Nadiya Savchenko, who was kidnapped in July on Ukrainian territory by Russian security services and is currently being kept under illegal arrest in Russia.",1,no_relation,support,"You are a relation classification assistant. Classify the sentences separated by [SEP] using the labels: support, attack, no_relation

Sentence: the Russian colleague has told the mistruth that we are not commenting on Ukraine's policy of inclusiveness. [SEP] One such is the case of a Ukrainian servicewoman, Nadiya Savchenko, who was kidnapped in July on Ukrainian territory by Russian security services and is currently being kept under illegal arrest in Russia.
Output: attack [SEP] no_relation

Explanation: The first sentence is classified as attack because it contains a negative statement about Russia's actions. The second sentence is classified as no_relation because it is a factual statement about a historical event and does not contain any"
"But when it came to the south-eastern regions of Ukraine, somehow such tactics were unacceptable. [SEP] arrested just because he called for a referendum on the federalization of Ukraine.",1,no_relation,support,"You are a relation classification assistant. Classify the sentences separated by [SEP] using the labels: support, attack, no_relation

Sentence: But when it came to the south-eastern regions of Ukraine, somehow such tactics were unacceptable. [SEP] arrested just because he called for a referendum on the federalization of Ukraine.
Output: no_relation [SEP] no_relation

Explanation: The first sentence is about the tactics used in the south-eastern regions of Ukraine, and the second sentence is about a person being arrested. Neither sentence is about supporting or attacking a particular entity, so"
this tragedy - the most dreadful since the beginning of the Russian aggression - would not have happened. [SEP] If militants and Russia had complied with the Minsk agreements,2,support,support,"You are a relation classification assistant. Classify the sentences separated by [SEP] using the labels: support, attack, no_relation

Sentence: this tragedy - the most dreadful since the beginning of the Russian aggression - would not have happened. [SEP] If militants and Russia had complied with the Minsk agreements
Output: attack, support

Explanation: The first sentence is classified as attack because it describes a negative event (tragedy) and assigns blame to Russia. The second sentence is classified as support because it suggests that the conflict could have been avoided if Russia had"
"It blocks the entry of goods at the border between Russia and Ukraine, no doubt in an effort to stifle a country it calls its brother [SEP] The line should not be renegotiated",1,no_relation,support,"You are a relation classification assistant. Classify the sentences separated by [SEP] using the labels: support, attack, no_relation

Sentence: It blocks the entry of goods at the border between Russia and Ukraine, no doubt in an effort to stifle a country it calls its brother [SEP] The line should not be renegotiated
Output: no_relation [SEP] no_relation

Explanation: The first sentence is about a specific event and the second sentence is about a general statement. Both sentences are not related to the topic of the first sentence. Therefore, the labels are no_relation.

Sentence"
"Ukraine has begun an inclusive process of constitutional reform on the decentralization of power. [SEP] It has announced measures to guarantee the protection of the Russian language, and it has condemned instances of anti-Semitism and xenophobia",2,support,support,"You are a relation classification assistant. Classify the sentences separated by [SEP] using the labels: support, attack, no_relation

Sentence: Ukraine has begun an inclusive process of constitutional reform on the decentralization of power. [SEP] It has announced measures to guarantee the protection of the Russian language, and it has condemned instances of anti-Semitism and xenophobia
Output: support, attack
Explanation: The first sentence is a positive statement about Ukraine's actions, so it should be labeled as support. The second sentence is a negative statement about Ukraine's actions, so it should be labeled as attack. The mention of anti"
"If the OSCE is to respond to those and other challenges, we must also continue to strengthen it. [SEP] It is time for our Western colleagues to think twice, reason with their mentees in Ukraine, and stop toying with the destiny of the Ukrainian people to determine their own geopolitical goals.",1,no_relation,support,"You are a relation classification assistant. Classify the sentences separated by [SEP] using the labels: support, attack, no_relation

Sentence: If the OSCE is to respond to those and other challenges, we must also continue to strengthen it. [SEP] It is time for our Western colleagues to think twice, reason with their mentees in Ukraine, and stop toying with the destiny of the Ukrainian people to determine their own geopolitical goals.
Output: support, attack

Explanation: The first sentence is a support statement as it suggests strengthening the OSCE to address challenges. The second sentence is an attack statement as it criticizes Western colleagues for their actions towards Ukraine.  The relation between the two sentences"
the Russian Federation has made no efforts to de-escalate the situation and implement the Geneva agreement. [SEP] despite numerous calls by the international community,0,attack,support,"You are a relation classification assistant. Classify the sentences separated by [SEP] using the labels: support, attack, no_relation

Sentence: the Russian Federation has made no efforts to de-escalate the situation and implement the Geneva agreement. [SEP] despite numerous calls by the international community
Output: attack

Explanation: The sentence describes a negative action (no efforts) taken by the Russian Federation, which is a negative action towards the situation. The second sentence describes a negative action (calls) taken by the international community, which is a negative action"
"enhancing the OSCE capacities on the ground and reinforcing them with a special police mission under the auspices of the OSCE could become an effective tool in bringing peace to Donbas. [SEP] There is increasing credible information that that was conducted by separatist militia groups, acting with the assistance of others.",1,no_relation,support,"You are a relation classification assistant. Classify the sentences separated by [SEP] using the labels: support, attack, no_relation

Sentence: enhancing the OSCE capacities on the ground and reinforcing them with a special police mission under the auspices of the OSCE could become an effective tool in bringing peace to Donbas. [SEP] There is increasing credible information that that was conducted by separatist militia groups, acting with the assistance of others.
Output: support [SEP] no_relation

Explanation: The first sentence is classified as support because it suggests a positive action (enhancing and reinforcing) that could lead to a desirable outcome (bringing peace). The second sentence is classified as no_relation because it reports"
"Russian-backed separatist forces have repeatedly barred the Monitoring Mission from inspecting heavy weapons storage sites. [SEP] Having illegally annexed Crimea, Russia is now destabilizing southern and eastern Ukraine as part of its plan to undermine the ability of the people of Ukraine to determine peacefully their own future.",1,no_relation,support,"You are a relation classification assistant. Classify the sentences separated by [SEP] using the labels: support, attack, no_relation

Sentence: Russian-backed separatist forces have repeatedly barred the Monitoring Mission from inspecting heavy weapons storage sites. [SEP] Having illegally annexed Crimea, Russia is now destabilizing southern and eastern Ukraine as part of its plan to undermine the ability of the people of Ukraine to determine peacefully their own future.
Output: attack, support

Explanation: The first sentence describes an action of the Russian-backed separatist forces, which is a negative action towards the Monitoring Mission, so it should be classified as attack. The second sentence describes an action of Russia, which is a"
We expressed our readiness to provide the OSCE with our surveillance capabilities. [SEP] We are in discussions with our Russian and Ukrainian partners on the subject.,2,support,support,"You are a relation classification assistant. Classify the sentences separated by [SEP] using the labels: support, attack, no_relation

Sentence: We expressed our readiness to provide the OSCE with our surveillance capabilities. [SEP] We are in discussions with our Russian and Ukrainian partners on the subject.
Output: support, no_relation

Explanation: The first sentence expresses a positive sentiment towards the OSCE, indicating a willingness to cooperate, which is classified as support. The second sentence is a neutral statement about ongoing discussions, which is classified as no_relation. 

"
And now Russia is applying the same tools [SEP] distorting the truth about Ukraine,2,support,support,"You are a relation classification assistant. Classify the sentences separated by [SEP] using the labels: support, attack, no_relation

Sentence: And now Russia is applying the same tools [SEP] distorting the truth about Ukraine
Output: attack

Explanation: The sentence describes Russia distorting the truth about Ukraine, which is a negative action towards Ukraine. Therefore, the label is attack.

Sentence: The US is providing military aid to Ukraine [SEP] Ukraine is a sovereign country
Output"
"Their ability to use their language and have it recognized by the Government is not being threatened. [SEP] every visit to Kyiv by senior American officials has resulted in events reaching new levels of confrontation, and a more violent turn of events.",1,no_relation,support,"You are a relation classification assistant. Classify the sentences separated by [SEP] using the labels: support, attack, no_relation

Sentence: Their ability to use their language and have it recognized by the Government is not being threatened. [SEP] every visit to Kyiv by senior American officials has resulted in events reaching new levels of confrontation, and a more violent turn of events.
Output: support, attack

Explanation: The first sentence is classified as support because it describes a positive relationship between the Government and the people. The second sentence is classified as attack because it describes a negative relationship between the two entities, with the use of words like"
"Since December, Russia has transferred hundreds of pieces of military equipment to pro-Russian separatists in eastern Ukraine, including tanks, armored vehicles, rocket systems, heavy artillery and other military equipment. [SEP] As Ukraine moves towards critical elections in May,",1,no_relation,support,"You are a relation classification assistant. Classify the sentences separated by [SEP] using the labels: support, attack, no_relation

Sentence: Since December, Russia has transferred hundreds of pieces of military equipment to pro-Russian separatists in eastern Ukraine, including tanks, armored vehicles, rocket systems, heavy artillery and other military equipment. [SEP] As Ukraine moves towards critical elections in May,
Output: support
Explanation: The sentence is classified as support because it provides information about Russia's actions in support of pro-Russian separatists in eastern Ukraine, indicating a supportive stance towards the separatists.

Sentence: As Ukraine moves towards critical elections in May, ["
"It is Russia's war against Ukraine for daring to choose a different, European path. [SEP] Two unmarked T-80 battle tanks were seen by the SMM. travelling south-east in Makiivka The SMM. observed a convoy of 21 military-style Ural and KAMAZ trucks, also unmarked, heading south on a highway near Starobesheve Four of the trucks carried what appeared to be communication equipment, while the remaining trucks were covered.""",1,no_relation,support,"You are a relation classification assistant. Classify the sentences separated by [SEP] using the labels: support, attack, no_relation

Sentence: It is Russia's war against Ukraine for daring to choose a different, European path. [SEP] Two unmarked T-80 battle tanks were seen by the SMM. travelling south-east in Makiivka The SMM. observed a convoy of 21 military-style Ural and KAMAZ trucks, also unmarked, heading south on a highway near Starobesheve Four of the trucks carried what appeared to be communication equipment, while the remaining trucks were covered.""
Output: {""label"": ""attack"", ""sentence"": ""It is Russia's war against Ukraine for daring to choose a different, European path.""} {""label"": ""no_relation"", ""sentence"": ""Two unmarked T-80 battle tanks were seen by"
Trust lies at the heart of conflict prevention and conflict resolution. [SEP] The necessity for reform is long overdue.,1,no_relation,support,"You are a relation classification assistant. Classify the sentences separated by [SEP] using the labels: support, attack, no_relation

Sentence: Trust lies at the heart of conflict prevention and conflict resolution. [SEP] The necessity for reform is long overdue.
Output: support, attack

Explanation: The first sentence is a statement of fact and is supportive of the idea of conflict prevention and resolution. The second sentence is a criticism of the current state of affairs and is an attack on the status quo.

Sentence: The"
"Yesterday's plane crash demonstrated the incalculable consequences that the crisis can have. [SEP] They have shot down two Ukrainian helicopters with rocket-propelled grenades, man-portable air defence system guided missiles and anti-aircraft guns.",1,no_relation,support,"You are a relation classification assistant. Classify the sentences separated by [SEP] using the labels: support, attack, no_relation

Sentence: Yesterday's plane crash demonstrated the incalculable consequences that the crisis can have. [SEP] They have shot down two Ukrainian helicopters with rocket-propelled grenades, man-portable air defence system guided missiles and anti-aircraft guns.
Output: no_relation [SEP] attack

Explanation: The first sentence is a general statement about the consequences of the crisis, and it does not contain any relation between entities. The second sentence describes an action taken by a party (They) against another party ("
"It is no surprise that the draft was immediately criticized in the Rada by all sides. [SEP] We did not hear any reasonable answers to key questions, such as how the federalization or decentralization of the country would take place.",2,support,support,"You are a relation classification assistant. Classify the sentences separated by [SEP] using the labels: support, attack, no_relation

Sentence: It is no surprise that the draft was immediately criticized in the Rada by all sides. [SEP] We did not hear any reasonable answers to key questions, such as how the federalization or decentralization of the country would take place.
Output: no_relation [SEP] no_relation

Explanation: The first sentence is classified as no_relation because it describes the reaction of the Rada to the draft, without expressing a clear opinion or emotion. The second sentence is also classified as no_relation because it"
We urge Russia to abandon the dangerous course it is pursuing and to take urgent steps to implement the Geneva agreement. [SEP] But the doors of diplomacy remain open.,2,support,support,"You are a relation classification assistant. Classify the sentences separated by [SEP] using the labels: support, attack, no_relation

Sentence: We urge Russia to abandon the dangerous course it is pursuing and to take urgent steps to implement the Geneva agreement. [SEP] But the doors of diplomacy remain open.
Output: support [SEP] no_relation

Explanation: The first sentence is classified as support because it urges Russia to take a certain course of action, which is a supportive action. The second sentence is classified as no_relation because it does not express a clear opinion"
"I want to reiterate that it is irresponsible to voice unverified accounts in the Security Council. [SEP] As long as Russia persists on this course, let us be frank, peace in Ukraine has no chance.",1,no_relation,support,"You are a relation classification assistant. Classify the sentences separated by [SEP] using the labels: support, attack, no_relation

Sentence: I want to reiterate that it is irresponsible to voice unverified accounts in the Security Council. [SEP] As long as Russia persists on this course, let us be frank, peace in Ukraine has no chance.
Output: support, attack
Explanation: The first sentence is classified as support because it expresses a positive sentiment towards a specific action (reiterating the importance of verified accounts). The second sentence is classified as attack because it expresses a negative sentiment towards Russia's actions"
"The discussions in the contact group are too slow and only lead to modest results. [SEP] In early April another candidate, Oleh Tsarev, was severely beaten.",1,no_relation,support,"You are a relation classification assistant. Classify the sentences separated by [SEP] using the labels: support, attack, no_relation

Sentence: The discussions in the contact group are too slow and only lead to modest results. [SEP] In early April another candidate, Oleh Tsarev, was severely beaten.
Output: support, attack

Explanation: The sentence ""The discussions in the contact group are too slow and only lead to modest results"" is classified as ""support"" because it expresses a negative opinion about the discussions, implying that they are not effective. The sentence"
It seems that they are under such command but the impression is that they are not. [SEP] It appears that Kyiv would like to enlist the support of European structures and then give it to its lucky people.,1,no_relation,support,"You are a relation classification assistant. Classify the sentences separated by [SEP] using the labels: support, attack, no_relation

Sentence: It seems that they are under such command but the impression is that they are not. [SEP] It appears that Kyiv would like to enlist the support of European structures and then give it to its lucky people.
Output: no_relation [SEP] support

Explanation: The first sentence is a neutral statement, expressing a doubt or uncertainty about the situation. The second sentence is a statement of support, as it mentions the desire of Kyiv to enlist the support of European structures"
"The shelling of Mariupol began just after statements by one of the terrorist leaders about imminent attacks on Ukrainian cities, as well as a significant increase in inflows of Russian armed forces and weapons into the Donetsk and Luhansk regions. [SEP] But not even once have Ukraine and the world received even a briefand meaningful message ofcondolence from Russia for the victims killed by its own mercenaries in Mariupol or Volnovakha.",1,no_relation,support,"You are a relation classification assistant. Classify the sentences separated by [SEP] using the labels: support, attack, no_relation

Sentence: The shelling of Mariupol began just after statements by one of the terrorist leaders about imminent attacks on Ukrainian cities, as well as a significant increase in inflows of Russian armed forces and weapons into the Donetsk and Luhansk regions. [SEP] But not even once have Ukraine and the world received even a briefand meaningful message ofcondolence from Russia for the victims killed by its own mercenaries in Mariupol or Volnovakha.
Output: support, attack
Explanation: The first sentence is a statement of fact and does not contain any opinion or sentiment, so it should be labeled as no_relation. The second sentence contains a negative sentiment towards Russia, so it should be labeled as attack."
"But even as we work to build a better future, we continue to make it absolutely clear that all crimes, particularly those relating to violations of human rights and fundamental freedoms, must be fully investigated, and those responsible brought to justice. [SEP] That applies to the killings in the Maidan in February as much as it does to the tragedy in Odessa on 2 May.",2,support,support,"You are a relation classification assistant. Classify the sentences separated by [SEP] using the labels: support, attack, no_relation

Sentence: But even as we work to build a better future, we continue to make it absolutely clear that all crimes, particularly those relating to violations of human rights and fundamental freedoms, must be fully investigated, and those responsible brought to justice. [SEP] That applies to the killings in the Maidan in February as much as it does to the tragedy in Odessa on 2 May.
Output: {""label"": ""support"", ""sentence"": ""But even as we work to build a better future, we continue to make it absolutely clear that all crimes, particularly those relating to violations of human rights and fundamental freedoms, must be fully investigated, and"
The humanitarian situation in the areas controlled by the armed separatist groups remain precarious and will become even more serious as winter approaches. [SEP] Is it that in the areas and cities controlled by the Donetsk and Luhansk People's Republics we have second class citizens?,1,no_relation,support,"You are a relation classification assistant. Classify the sentences separated by [SEP] using the labels: support, attack, no_relation

Sentence: The humanitarian situation in the areas controlled by the armed separatist groups remain precarious and will become even more serious as winter approaches. [SEP] Is it that in the areas and cities controlled by the Donetsk and Luhansk People's Republics we have second class citizens?
Output: support, attack
Explanation: The first sentence is classified as support because it describes the situation in a negative way, implying that the situation is bad and will get worse. The second sentence is classified as attack because it implies that the people living in the"
"We urge the Russian Federation to actively use its influence on the illegal armed groups and ensure that weapons and fighters can no longer cross the border, in order to bring about a de-escalation as soon as possible. [SEP] the number of internally displaced persons has steadily increased.",2,support,support,"You are a relation classification assistant. Classify the sentences separated by [SEP] using the labels: support, attack, no_relation

Sentence: We urge the Russian Federation to actively use its influence on the illegal armed groups and ensure that weapons and fighters can no longer cross the border, in order to bring about a de-escalation as soon as possible. [SEP] the number of internally displaced persons has steadily increased.
Output: support
Explanation: The sentence expresses a positive sentiment towards the Russian Federation's actions, urging them to take a specific course of action to de-escalate the situation, which is a supportive tone.

Sentence: The US has been involved in the conflict"
"We appeal to all those in a position to influence those responsible for their horrendous acts, in particular to Russia, to, in accordance with its status as a signatory to the Minsk accords and to the joint Berlin declaration of 21 January, as well as a member of the OSCE trilateral contact group, and in exercise of its responsibility of the Security Council, contribute to de-escalate the tensions and compel the rebel groups to renounce violence and accept the peaceful and lawful path to pursue their claims. [SEP] in keeping with that of the High Commissioner, they are troops of the Russian Federation.",2,support,support,"You are a relation classification assistant. Classify the sentences separated by [SEP] using the labels: support, attack, no_relation

Sentence: We appeal to all those in a position to influence those responsible for their horrendous acts, in particular to Russia, to, in accordance with its status as a signatory to the Minsk accords and to the joint Berlin declaration of 21 January, as well as a member of the OSCE trilateral contact group, and in exercise of its responsibility of the Security Council, contribute to de-escalate the tensions and compel the rebel groups to renounce violence and accept the peaceful and lawful path to pursue their claims. [SEP] in keeping with that of the High Commissioner, they are troops of the Russian Federation.
Output: support, attack
Explanation: The first sentence is classified as support because it appeals to Russia to de-escalate tensions and compel rebel groups to renounce violence. The second sentence is classified as attack because it labels the rebel groups as ""troops"
What I would ask my Russian colleague is whether Russia will make public statements and work privately behind the scenes to urge Russian separatists to negotiate peacefully their departure from public buildings. [SEP] Today we must urgently end this conflict,1,no_relation,support,"You are a relation classification assistant. Classify the sentences separated by [SEP] using the labels: support, attack, no_relation

Sentence: What I would ask my Russian colleague is whether Russia will make public statements and work privately behind the scenes to urge Russian separatists to negotiate peacefully their departure from public buildings. [SEP] Today we must urgently end this conflict
Output: support
Explanation: The first sentence is a question and the second sentence is a statement. The second sentence is a statement that supports the idea of ending the conflict, which is the main idea of the first sentence. Therefore, the label is support.

"
"We strongly condemn those attacks [SEP] This act undermines valuable initiatives of the trilateral contact group of senior representatives of Ukraine, the Russian Federation and the Organization for Security and Cooperation in Europe, who were making all necessary efforts for a resumption of consultations with separatists in eastern Ukraine.",1,no_relation,support,"You are a relation classification assistant. Classify the sentences separated by [SEP] using the labels: support, attack, no_relation

Sentence: We strongly condemn those attacks [SEP] This act undermines valuable initiatives of the trilateral contact group of senior representatives of Ukraine, the Russian Federation and the Organization for Security and Cooperation in Europe, who were making all necessary efforts for a resumption of consultations with separatists in eastern Ukraine.
Output: attack

Explanation: The sentence is an attack because it expresses a negative sentiment towards the act described in the first sentence. The language used is strong and condemnatory, indicating a negative opinion. 

Sentence: The new policy will support the development of the"
"They must be implemented in full and without delay. [SEP] Sanctions are a tool, but they are not the only one.",1,no_relation,support,"You are a relation classification assistant. Classify the sentences separated by [SEP] using the labels: support, attack, no_relation

Sentence: They must be implemented in full and without delay. [SEP] Sanctions are a tool, but they are not the only one.
Output: support [SEP] no_relation

Explanation: The first sentence is classified as support because it expresses a positive sentiment towards the implementation of sanctions. The second sentence is classified as no_relation because it describes sanctions as a tool, without expressing a clear sentiment or"
"We call for an independent international inquiry that would allow the facts to be established and to draw the necessary conclusions [SEP] Russia has often claimed to have concerns about the rights of minority populations in Ukraine, but we see no evidence of that concern for the rights of the Tatars in Crimea.",1,no_relation,support,"You are a relation classification assistant. Classify the sentences separated by [SEP] using the labels: support, attack, no_relation

Sentence: We call for an independent international inquiry that would allow the facts to be established and to draw the necessary conclusions [SEP] Russia has often claimed to have concerns about the rights of minority populations in Ukraine, but we see no evidence of that concern for the rights of the Tatars in Crimea.
Output: support, attack

Explanation: The first sentence is a call for an independent international inquiry, which is a supportive statement. The second sentence is a criticism of Russia's claims, which is an attack statement. The [SEP] separator is used to separate"
"I reiterate that, unfortunately, several clumsy accusations have been made against Russia. [SEP] they present a unique opportunity for launching a sustainable dialogue between the central Ukrainian authorities and the representatives of Donbas, with the goal of finding comprehensive political solutions that can eliminate the accumulated disagreements.",1,no_relation,support,"You are a relation classification assistant. Classify the sentences separated by [SEP] using the labels: support, attack, no_relation

Sentence: I reiterate that, unfortunately, several clumsy accusations have been made against Russia. [SEP] they present a unique opportunity for launching a sustainable dialogue between the central Ukrainian authorities and the representatives of Donbas, with the goal of finding comprehensive political solutions that can eliminate the accumulated disagreements.
Output: attack [SEP] no_relation

Explanation: The first sentence is classified as ""attack"" because it contains a negative statement about Russia. The second sentence is classified as ""no_relation"" because it does not contain any information about the relationship between two entities"
"The militants, however, have benefited from Ukraine's restraint by regrouping, rearming and grabbing more land. [SEP] What we know for a fact is that Russia is playing a role in this conflict.",1,no_relation,support,"You are a relation classification assistant. Classify the sentences separated by [SEP] using the labels: support, attack, no_relation

Sentence: The militants, however, have benefited from Ukraine's restraint by regrouping, rearming and grabbing more land. [SEP] What we know for a fact is that Russia is playing a role in this conflict.
Output: support, attack
Explanation: The first sentence is classified as ""support"" because it describes the militants' actions in a neutral way, without expressing a clear opinion. The second sentence is classified as ""attack"" because it expresses a clear opinion that Russia"
"In the three weeks since the Council last discussed the situation in Ukraine (see S/PV.7205), the security situation in the east has become increasingly dire. [SEP] Separatists have ignored repeated calls to disarm and have continued their attacks on Ukrainian military forces, facilities and border posts.",2,support,support,"You are a relation classification assistant. Classify the sentences separated by [SEP] using the labels: support, attack, no_relation

Sentence: In the three weeks since the Council last discussed the situation in Ukraine (see S/PV.7205), the security situation in the east has become increasingly dire. [SEP] Separatists have ignored repeated calls to disarm and have continued their attacks on Ukrainian military forces, facilities and border posts.
Output: support, attack

Explanation: The first sentence is a neutral statement about the situation in Ukraine, so it should be labeled as support. The second sentence describes an attack by separatists on Ukrainian military forces, so it should be labeled as attack. 

"
"We therefore attach great relevance to the programme set by the German chairmanship of the OSCE, focused on the fight against threats such as terrorism, radicalism, drug trafficking, as well as on countering the abuse of cyberspace, by addressing youth radicalization through a comprehensive approach to security and the efforts that it has been deploying to address today's growing security challenges. [SEP] Angola needs a Europe in peace, marked by stability and growing economies.",2,support,support,"You are a relation classification assistant. Classify the sentences separated by [SEP] using the labels: support, attack, no_relation

Sentence: We therefore attach great relevance to the programme set by the German chairmanship of the OSCE, focused on the fight against threats such as terrorism, radicalism, drug trafficking, as well as on countering the abuse of cyberspace, by addressing youth radicalization through a comprehensive approach to security and the efforts that it has been deploying to address today's growing security challenges. [SEP] Angola needs a Europe in peace, marked by stability and growing economies.
Output: support
Explanation: The first sentence is a statement of support for the programme set by the German chairmanship of the OSCE, as it highlights the importance of the programme and the efforts being made to address security challenges. The second sentence is a statement"
"Together, the two organizations are therefore at the forefront of the rules-based international system. [SEP] France, together with its European partners, will continue to support that engagement between the Russians and the Ukrainians, in particular within the framework of the format agreed in Normandy in June.",1,no_relation,support,"You are a relation classification assistant. Classify the sentences separated by [SEP] using the labels: support, attack, no_relation

Sentence: Together, the two organizations are therefore at the forefront of the rules-based international system. [SEP] France, together with its European partners, will continue to support that engagement between the Russians and the Ukrainians, in particular within the framework of the format agreed in Normandy in June.
Output: support, attack
Explanation: The first sentence is a neutral statement about the rules-based international system. The second sentence is a statement of support for the engagement between the Russians and the Ukrainians. The label ""attack"" is not applicable in this context"
"A glimmer of hope had begun to dawn in Ukraine at the end of last month. [SEP] A unilateral ceasefire, declared by Kiev on 20 June, hinted at a possible end to the general deteriorating security and humanitarian situation in the east.",2,support,support,"You are a relation classification assistant. Classify the sentences separated by [SEP] using the labels: support, attack, no_relation

Sentence: A glimmer of hope had begun to dawn in Ukraine at the end of last month. [SEP] A unilateral ceasefire, declared by Kiev on 20 June, hinted at a possible end to the general deteriorating security and humanitarian situation in the east.
Output: no_relation [SEP] no_relation

Explanation: The first sentence is a general statement about a glimmer of hope in Ukraine. The second sentence is a statement about a unilateral ceasefire declared by Kiev. Both sentences are neutral and do not contain any support"
This capability reflects the difference made by the substantial months- long influx of Russian personnel and heavy weapons. [SEP] would present a significant obstacle to a lasting peace in Ukraine.,1,no_relation,support,"You are a relation classification assistant. Classify the sentences separated by [SEP] using the labels: support, attack, no_relation

Sentence: This capability reflects the difference made by the substantial months- long influx of Russian personnel and heavy weapons. [SEP] would present a significant obstacle to a lasting peace in Ukraine.
Output: support

Explanation: The sentence is classified as ""support"" because it presents a positive view of the situation, highlighting the difference made by the influx of Russian personnel and heavy weapons, which is a key aspect of the conflict. The tone is informative and"
"The Russian Federation must cease its illegal supplies of weapons and equipment, limit the flow of so-called volunteers across our sovereign border and allow us to re-establish proper controls. [SEP] Let this tragedy at least serve as a warning to all the parties.",1,no_relation,support,"You are a relation classification assistant. Classify the sentences separated by [SEP] using the labels: support, attack, no_relation

Sentence: The Russian Federation must cease its illegal supplies of weapons and equipment, limit the flow of so-called volunteers across our sovereign border and allow us to re-establish proper controls. [SEP] Let this tragedy at least serve as a warning to all the parties.
Output: support
Explanation: The sentence is a statement of support for the actions of the speaker's country, as it is urging the Russian Federation to cease its illegal activities and allow the speaker's country to re-establish proper controls.

Sentence: The Russian Federation must"
We commend the Ukrainian authorities for their efforts to enfranchise as many people as possible in these very difficult circumstances. [SEP] Those who are responsible for arming those who use those weapons bear the responsibility for this conflagration.,1,no_relation,support,"You are a relation classification assistant. Classify the sentences separated by [SEP] using the labels: support, attack, no_relation

Sentence: We commend the Ukrainian authorities for their efforts to enfranchise as many people as possible in these very difficult circumstances. [SEP] Those who are responsible for arming those who use those weapons bear the responsibility for this conflagration.
Output: support [SEP] attack

Explanation: The first sentence is classified as support because it expresses a positive sentiment towards the Ukrainian authorities. The second sentence is classified as attack because it assigns responsibility to those who are responsible for arming those who use those weapons"
"I believe it is time for the 15 to at least agree that the Council should remain seized of the matter under a specific agenda item, ""The situation in Ukraine"". [SEP] it is going nowhere",1,no_relation,support,"You are a relation classification assistant. Classify the sentences separated by [SEP] using the labels: support, attack, no_relation

Sentence: I believe it is time for the 15 to at least agree that the Council should remain seized of the matter under a specific agenda item, ""The situation in Ukraine"". [SEP] it is going nowhere
Output: support, attack

Explanation: The first sentence is a support statement as it suggests that the Council should remain seized of the matter. The second sentence is an attack statement as it implies that the situation is not progressing. 

Note: The labels are based"
"The OSCE must continue to play this core role in the context of the international efforts aimed at resolving the crisis. [SEP] well-trained and well-armed paramilitary units have moved quickly to lay siege to, occupy and control key institutions in five or six towns in Donetsk province.",1,no_relation,support,"You are a relation classification assistant. Classify the sentences separated by [SEP] using the labels: support, attack, no_relation

Sentence: The OSCE must continue to play this core role in the context of the international efforts aimed at resolving the crisis. [SEP] well-trained and well-armed paramilitary units have moved quickly to lay siege to, occupy and control key institutions in five or six towns in Donetsk province.
Output: support [SEP] attack

Explanation: The first sentence is classified as support because it expresses a positive sentiment towards the OSCE's role in resolving the crisis. The second sentence is classified as attack because it describes the actions of paramilitary units as laying"
"We have not heard a condemnation of the serious crimes committed by the illegal armed groups, crimes that are clearly reflected in the United Nations Monitoring Mission's report. [SEP] France is convinced that the founding principles of the OSCE remain more relevant than ever to guarantee security in Europe.",1,no_relation,support,"You are a relation classification assistant. Classify the sentences separated by [SEP] using the labels: support, attack, no_relation

Sentence: We have not heard a condemnation of the serious crimes committed by the illegal armed groups, crimes that are clearly reflected in the United Nations Monitoring Mission's report. [SEP] France is convinced that the founding principles of the OSCE remain more relevant than ever to guarantee security in Europe.
Output: support, attack
Explanation: The first sentence is classified as support because it expresses a positive sentiment towards the United Nations Monitoring Mission's report, implying that the report is a good thing. The second sentence is classified as attack because it implies that the OS"
"If Russia is serious about peace, it should follow through on Minsk, to which it had agreed more than four months ago. [SEP] Savchenko has been on hunger strike for nearly a month to protest her detention and is suffering serious health problems.",2,support,support,"You are a relation classification assistant. Classify the sentences separated by [SEP] using the labels: support, attack, no_relation

Sentence: If Russia is serious about peace, it should follow through on Minsk, to which it had agreed more than four months ago. [SEP] Savchenko has been on hunger strike for nearly a month to protest her detention and is suffering serious health problems.
Output: support, attack

Explanation: The first sentence is classified as support because it suggests that Russia should follow through on an agreement, implying a positive stance. The second sentence is classified as attack because it criticizes Russia's actions and highlights the negative consequences of"
"We appeal to the stakeholders to implement the agreement and bring pressure to bear on the rebels to end the crisis. [SEP] We believe that the full, thorough compliance of the parties to the conflict with the Minsk agreement is essential.",1,no_relation,support,"You are a relation classification assistant. Classify the sentences separated by [SEP] using the labels: support, attack, no_relation

Sentence: We appeal to the stakeholders to implement the agreement and bring pressure to bear on the rebels to end the crisis. [SEP] We believe that the full, thorough compliance of the parties to the conflict with the Minsk agreement is essential.
Output: support [SEP] support

Explanation: The first sentence is classified as support because it appeals to stakeholders to implement the agreement, which is a positive action. The second sentence is classified as support because it believes that full compliance with the agreement is essential,"
"That initiative has opened up productive and frank deliberations among participating States, fostering mutual understanding and cooperation in addressing the leading challenges of our day. [SEP] If Russia is serious about peace, why does it not pull its tanks and Grad missiles out of eastern Ukraine instead of sending in more?",1,no_relation,support,"You are a relation classification assistant. Classify the sentences separated by [SEP] using the labels: support, attack, no_relation

Sentence: That initiative has opened up productive and frank deliberations among participating States, fostering mutual understanding and cooperation in addressing the leading challenges of our day. [SEP] If Russia is serious about peace, why does it not pull its tanks and Grad missiles out of eastern Ukraine instead of sending in more?
Output: support [SEP] attack

Explanation: The first sentence is classified as support because it describes a positive and cooperative relationship between the participating states. The second sentence is classified as attack because it questions Russia's commitment to peace and implies that its actions are aggressive"
"Only if Russia takes these steps will there be a chance for the political solution that is so desperately needed. [SEP] If Russia is serious about peace, why does it not pull its tanks and Grad missiles out of eastern Ukraine instead of sending in more?",2,support,support,"You are a relation classification assistant. Classify the sentences separated by [SEP] using the labels: support, attack, no_relation

Sentence: Only if Russia takes these steps will there be a chance for the political solution that is so desperately needed. [SEP] If Russia is serious about peace, why does it not pull its tanks and Grad missiles out of eastern Ukraine instead of sending in more?
Output: support, attack
Explanation: The first sentence is classified as support because it suggests that Russia taking certain steps could lead to a political solution. The second sentence is classified as attack because it questions Russia's commitment to peace by pointing out its actions in eastern"
"the situation regarding Ukraine has seriously deteriorated. [SEP] Following close to two weeks of relative calm, starting on 6 April armed individuals and separatist groups began to seize Government buildings and confiscate lethal weapons in Donetsk oblast of Ukraine, including in the cities of Donetsk, Lugansk and Kharkiv.",2,support,support,"You are a relation classification assistant. Classify the sentences separated by [SEP] using the labels: support, attack, no_relation

Sentence: the situation regarding Ukraine has seriously deteriorated. [SEP] Following close to two weeks of relative calm, starting on 6 April armed individuals and separatist groups began to seize Government buildings and confiscate lethal weapons in Donetsk oblast of Ukraine, including in the cities of Donetsk, Lugansk and Kharkiv.
Output: attack

Explanation: The sentence describes a deterioration of the situation in Ukraine, which implies a negative sentiment towards the government or the situation. The action of seizing government buildings and confiscating weapons suggests a violent or aggressive action, which is classified as an attack"
"Russia has transferred to the separatists hundreds of additional heavy weapons, not just rocket systems but also heavy artillery, tanks and armoured vehicles. [SEP] which is the right of every sovereign nation",1,no_relation,support,"You are a relation classification assistant. Classify the sentences separated by [SEP] using the labels: support, attack, no_relation

Sentence: Russia has transferred to the separatists hundreds of additional heavy weapons, not just rocket systems but also heavy artillery, tanks and armoured vehicles. [SEP] which is the right of every sovereign nation
Output: attack, support

Explanation: The first sentence is classified as ""attack"" because it describes a negative action of Russia towards the separatists. The second sentence is classified as ""support"" because it describes a positive right of every sovereign nation. 

Note"
"The Russian delegation called for today's emergency meeting of the Security Council with a view to considering the resumed punitive military operations undertaken by the authorities of the Kyiv regime, involving terrorists, the pro-fascist Right Sector and other ultranationalist organizations against their own people in south-eastern Ukraine. [SEP] mistrust arises on the part of Luhansk and Donetsk, which in particular is then reflected in the problems of access by monitors to sites in the republics.",1,no_relation,support,"You are a relation classification assistant. Classify the sentences separated by [SEP] using the labels: support, attack, no_relation

Sentence: The Russian delegation called for today's emergency meeting of the Security Council with a view to considering the resumed punitive military operations undertaken by the authorities of the Kyiv regime, involving terrorists, the pro-fascist Right Sector and other ultranationalist organizations against their own people in south-eastern Ukraine. [SEP] mistrust arises on the part of Luhansk and Donetsk, which in particular is then reflected in the problems of access by monitors to sites in the republics.
Output: support, attack
Explanation: The first sentence is classified as ""support"" because it presents a viewpoint of the Russian delegation, which is likely to be in favor of the actions taken by the authorities of the Kyiv regime. The second sentence is classified"
"Russian-supported militants have not extended security guarantees to OSCE personnel in all areas that they control, and obstruct the Mission's monitoring activities. [SEP] The Ukrainians did not want a political settlement",1,no_relation,support,"You are a relation classification assistant. Classify the sentences separated by [SEP] using the labels: support, attack, no_relation

Sentence: Russian-supported militants have not extended security guarantees to OSCE personnel in all areas that they control, and obstruct the Mission's monitoring activities. [SEP] The Ukrainians did not want a political settlement
Output: support, attack
Explanation: The first sentence is classified as ""support"" because it describes the actions of Russian-supported militants in a negative light, implying that they are not supporting the OSCE mission. The second sentence is classified as ""attack"" because"
"almost immediately following the declarations and actions of the Kyiv Government authorities [SEP] The militants, together with Russian troops that continue to remain on our soil, must cease their offensive military actions and end the shelling of civilian areas.",1,no_relation,support,"You are a relation classification assistant. Classify the sentences separated by [SEP] using the labels: support, attack, no_relation

Sentence: almost immediately following the declarations and actions of the Kyiv Government authorities [SEP] The militants, together with Russian troops that continue to remain on our soil, must cease their offensive military actions and end the shelling of civilian areas.
Output: attack

Explanation: The sentence is about the Kyiv Government authorities and the actions of the militants and Russian troops. The tone is negative and the language used is critical, indicating an attack. 

Sentence: The Ukrainian government has been working to strengthen its"
such weapons cause severe harm. [SEP] We have a right to defend ourselves.,1,no_relation,support,"You are a relation classification assistant. Classify the sentences separated by [SEP] using the labels: support, attack, no_relation

Sentence: such weapons cause severe harm. [SEP] We have a right to defend ourselves.
Output: attack [SEP] support

Explanation: The first sentence describes the negative consequences of weapons, which is an attack. The second sentence describes a right to defend oneself, which is a support. 

Note: This is a simple example. In real-world"
"Russia's claims that it has no agency in or influence over the actions of armed militia groups operating in eastern Ukraine are not credible. [SEP] The seizure of OSCE observers on 25 April in Sloviansk and their mistreatment and their continued detention is a deplorable and cynical act against impartial international personnel working to bring peace and stability to the region, an act clearly intended to impede the ability of all OSCE monitors to work in eastern Ukraine.",2,support,support,"You are a relation classification assistant. Classify the sentences separated by [SEP] using the labels: support, attack, no_relation

Sentence: Russia's claims that it has no agency in or influence over the actions of armed militia groups operating in eastern Ukraine are not credible. [SEP] The seizure of OSCE observers on 25 April in Sloviansk and their mistreatment and their continued detention is a deplorable and cynical act against impartial international personnel working to bring peace and stability to the region, an act clearly intended to impede the ability of all OSCE monitors to work in eastern Ukraine.
Output: support, attack
Explanation: The first sentence is classified as ""support"" because it implies that Russia is involved in the actions of the armed militia groups in eastern Ukraine, which is a negative statement towards Russia. The second sentence is classified as ""attack"
"Russia single-handedly prevented the expansion of such a presence on the border, as a result of which OSCE observers monitor only 2 kilometres of the Russia-Ukraine border out of a total of 400 kilometres. [SEP] The commander of the counter-terrorist operation has ordered the heavily armed illegal militants to immediately free all hostages, including monitors of the Organization for Security and Cooperation in Europe, to evacuate all seized administrative buildings and to stop the violence and massacres.",1,no_relation,support,"You are a relation classification assistant. Classify the sentences separated by [SEP] using the labels: support, attack, no_relation

Sentence: Russia single-handedly prevented the expansion of such a presence on the border, as a result of which OSCE observers monitor only 2 kilometres of the Russia-Ukraine border out of a total of 400 kilometres. [SEP] The commander of the counter-terrorist operation has ordered the heavily armed illegal militants to immediately free all hostages, including monitors of the Organization for Security and Cooperation in Europe, to evacuate all seized administrative buildings and to stop the violence and massacres.
Output: support, attack

Explanation: The first sentence is a neutral statement about the OSCE observers monitoring a part of the Russia-Ukraine border. The second sentence is a call to action, ordering the militants to free hostages and stop violence, which is an"
Russia's intentions to rewrite the Minsk agreements in a way that would legitimize and accept the territorial gains achieved by the militants [SEP] We must halt this course of confrontation and work towards de-escalation.,1,no_relation,support,"You are a relation classification assistant. Classify the sentences separated by [SEP] using the labels: support, attack, no_relation

Sentence: Russia's intentions to rewrite the Minsk agreements in a way that would legitimize and accept the territorial gains achieved by the militants [SEP] We must halt this course of confrontation and work towards de-escalation.
Output: attack
Explanation: The first sentence is an attack on Russia's intentions, as it implies that Russia is trying to legitimize and accept the territorial gains of the militants, which is a negative connotation. The second sentence is a call to action,"
"We also asked Russia to stop invading its neighbour. [SEP] Russian citizens, many of whom are veterans of the conflicts in Chechnya and Transdnistria, lead many of the terrorist groups.",1,no_relation,support,"You are a relation classification assistant. Classify the sentences separated by [SEP] using the labels: support, attack, no_relation

Sentence: We also asked Russia to stop invading its neighbour. [SEP] Russian citizens, many of whom are veterans of the conflicts in Chechnya and Transdnistria, lead many of the terrorist groups.
Output: attack, support

Explanation: The first sentence is classified as attack because it contains a negative sentiment towards Russia. The second sentence is classified as support because it implies that Russia is involved in conflicts and has a significant impact on the region, which is a"
"We condemn all violations of international standards, including the protection of human rights that should be respected by all parties to the conflict. [SEP] The situation this summer led to a significant increase in casualties, both civilian and military, and to an increase in violations of human rights, including recourse to torture, summary executions and abductions.",2,support,support,"You are a relation classification assistant. Classify the sentences separated by [SEP] using the labels: support, attack, no_relation

Sentence: We condemn all violations of international standards, including the protection of human rights that should be respected by all parties to the conflict. [SEP] The situation this summer led to a significant increase in casualties, both civilian and military, and to an increase in violations of human rights, including recourse to torture, summary executions and abductions.
Output: support, attack

Explanation: The first sentence expresses a clear support for the protection of human rights, while the second sentence describes a situation where human rights are violated, which can be interpreted as an attack on the situation described in the first sentence. 

"
"For our part, we are doing out utmost to ensure that the next meeting in Minsk will take place as soon as possible. [SEP] We base this on the fact that the parties themselves have the primary responsibility for implementing the practical solutions to stabilize the situation - demining, rehabilitation of infrastructure, exchange of prisoners and so on.",1,no_relation,support,"You are a relation classification assistant. Classify the sentences separated by [SEP] using the labels: support, attack, no_relation

Sentence: For our part, we are doing out utmost to ensure that the next meeting in Minsk will take place as soon as possible. [SEP] We base this on the fact that the parties themselves have the primary responsibility for implementing the practical solutions to stabilize the situation - demining, rehabilitation of infrastructure, exchange of prisoners and so on.
Output: support

Explanation: The sentence is classified as support because it expresses a positive sentiment towards the parties involved, indicating a willingness to work together to achieve a common goal.

Sentence: The Russian military has been accused of war crimes in Ukraine. [SEP]"
We presume that is a manoeuvre to cover up the future deployment and use of Russian military aircraft in action. [SEP] The terrorists recently announced that they have created their own air force.,2,support,support,"You are a relation classification assistant. Classify the sentences separated by [SEP] using the labels: support, attack, no_relation

Sentence: We presume that is a manoeuvre to cover up the future deployment and use of Russian military aircraft in action. [SEP] The terrorists recently announced that they have created their own air force.
Output: support, attack
Explanation: The first sentence is classified as support because it implies that the speaker agrees with the action of the government. The second sentence is classified as attack because it implies that the speaker disagrees with the action of the government. The speaker"
"United Nations monitors have also reported duelling rallies in Kharkiv today, resulting in injuries to some 50 persons. [SEP] However, according to the conclusion of the OSCE Mission, the firing came from the north-north-east direction, which is an area where it is dubious rebels could be.",1,no_relation,support,"You are a relation classification assistant. Classify the sentences separated by [SEP] using the labels: support, attack, no_relation

Sentence: United Nations monitors have also reported duelling rallies in Kharkiv today, resulting in injuries to some 50 persons. [SEP] However, according to the conclusion of the OSCE Mission, the firing came from the north-north-east direction, which is an area where it is dubious rebels could be.
Output: {""labels"": [""attack"", ""no_relation""]}

Explanation: The first sentence describes a violent event, which is an attack. The second sentence describes the conclusion of an investigation, which is a neutral statement and thus no_relation. 

Note: The"
It would be advisable to conduct a joint assessment of threats to common security. [SEP] We note the contribution of Berlin to the preliminary agreement on 12 February in Vienna of the additional list of confidence-building measures in the use of information and computer technologies.,2,support,support,"You are a relation classification assistant. Classify the sentences separated by [SEP] using the labels: support, attack, no_relation

Sentence: It would be advisable to conduct a joint assessment of threats to common security. [SEP] We note the contribution of Berlin to the preliminary agreement on 12 February in Vienna of the additional list of confidence-building measures in the use of information and computer technologies.
Output: support
Explanation: The first sentence is a recommendation to conduct a joint assessment, which implies a positive tone and support for the action. The second sentence is a neutral statement about a contribution, which does not imply a positive or negative tone.

Sentence:"
Russia must today put its full weight behind helping Ukraine regain stability. [SEP] According to the information provided yesterday by the Mission of the Organization for Security and Cooperation in Europe (OSCE),1,no_relation,support,"You are a relation classification assistant. Classify the sentences separated by [SEP] using the labels: support, attack, no_relation

Sentence: Russia must today put its full weight behind helping Ukraine regain stability. [SEP] According to the information provided yesterday by the Mission of the Organization for Security and Cooperation in Europe (OSCE)
Output: support

Explanation: The sentence expresses a positive sentiment towards Russia's actions, indicating that they should support Ukraine. The label ""support"" is used to classify this sentence.

Sentence: The Russian military has been accused of war crimes in Ukraine. [SEP"
"He has said that he will meet with separatists in any safe location, inside or outside Ukraine. [SEP] We have not been able to send out a message in a single voice or to take any sort of action.",1,no_relation,support,"You are a relation classification assistant. Classify the sentences separated by [SEP] using the labels: support, attack, no_relation

Sentence: He has said that he will meet with separatists in any safe location, inside or outside Ukraine. [SEP] We have not been able to send out a message in a single voice or to take any sort of action.
Output: no_relation [SEP] no_relation

Explanation: The first sentence is about a politician's statement, which is a neutral statement. The second sentence is about the inability to send a message, which is also a neutral statement. Both sentences do not contain"
"It is time for Russia to live up to its own commitments and to reclaim respect for the Charter of the United Nations and international law. [SEP] The solution, as has been said, by the OSCE here today and United Nations, must be political.",1,no_relation,support,"You are a relation classification assistant. Classify the sentences separated by [SEP] using the labels: support, attack, no_relation

Sentence: It is time for Russia to live up to its own commitments and to reclaim respect for the Charter of the United Nations and international law. [SEP] The solution, as has been said, by the OSCE here today and United Nations, must be political.
Output: {""labels"": [""support"", ""no_relation""]}

Explanation:
The first sentence is classified as ""support"" because it expresses a positive sentiment towards Russia living up to its commitments and respecting international law. The second sentence is classified as ""no_relation"""
"It has initiated a process of constitutional reform aimed at decentralizing power. [SEP] It has been almost a year since the events of February and March 2014, when the Russian Federation manipulated two of the basic principles of the United Nations - the right to self-determination and the right to protection - in order to create a fake legal pretext for invading Ukraine.",1,no_relation,support,"You are a relation classification assistant. Classify the sentences separated by [SEP] using the labels: support, attack, no_relation

Sentence: It has initiated a process of constitutional reform aimed at decentralizing power. [SEP] It has been almost a year since the events of February and March 2014, when the Russian Federation manipulated two of the basic principles of the United Nations - the right to self-determination and the right to protection - in order to create a fake legal pretext for invading Ukraine.
Output: support
Explanation: The sentence is classified as support because it describes a process of constitutional reform, which is a positive action. The tone is neutral, but the action itself is a form of support.

Sentence: The Russian Federation has been accused of war"
"France is determined, in collaboration with Germany, to pursue its mediation efforts using the Normandy format. [SEP] Only progress in this format will support the implementation of the Minsk agreements by the parties.",2,support,support,"You are a relation classification assistant. Classify the sentences separated by [SEP] using the labels: support, attack, no_relation

Sentence: France is determined, in collaboration with Germany, to pursue its mediation efforts using the Normandy format. [SEP] Only progress in this format will support the implementation of the Minsk agreements by the parties.
Output: support, attack
Explanation: The first sentence is a neutral statement about the efforts of France and Germany. The second sentence is an attack on the progress in the Normandy format, implying that it is not sufficient to support the implementation of the Minsk"
It is a very accurate description of what is needed for the situation not just within the OSCE's purview but all over the world. [SEP] That constitutes a serious threat not only to the security of the people of Ukraine but to international peace and stability as a whole.,1,no_relation,support,"You are a relation classification assistant. Classify the sentences separated by [SEP] using the labels: support, attack, no_relation

Sentence: It is a very accurate description of what is needed for the situation not just within the OSCE's purview but all over the world. [SEP] That constitutes a serious threat not only to the security of the people of Ukraine but to international peace and stability as a whole.
Output: support [SEP] attack

Explanation: The first sentence is classified as support because it describes a positive situation and the second sentence is classified as attack because it describes a negative situation. 

Note: This is a simple example and real-world relation classification tasks"
The Russian delegation's statement today made it sound as if regular Russian troops were not in Ukrainian sovereign territory. [SEP] we should not forget that ordinary Ukrainians are caught in the midst of this conflict;,1,no_relation,support,"You are a relation classification assistant. Classify the sentences separated by [SEP] using the labels: support, attack, no_relation

Sentence: The Russian delegation's statement today made it sound as if regular Russian troops were not in Ukrainian sovereign territory. [SEP] we should not forget that ordinary Ukrainians are caught in the midst of this conflict;
Output: support, attack

Explanation: The first sentence is classified as ""attack"" because it implies that the Russian delegation's statement is misleading or false. The second sentence is classified as ""support"" because it expresses sympathy and understanding for the ordinary Ukrainians caught"
"The United States calls for unrestricted access for the OSCE Mission to Moldova throughout the country, including the Transnistrian region, so that it can perform its activities and fulfil its mandate. [SEP] But in Transnistria, like in Donbas, local so-called authorities refuse to grant OSCE monitors unfettered access to do their important work.",2,support,support,"You are a relation classification assistant. Classify the sentences separated by [SEP] using the labels: support, attack, no_relation

Sentence: The United States calls for unrestricted access for the OSCE Mission to Moldova throughout the country, including the Transnistrian region, so that it can perform its activities and fulfil its mandate. [SEP] But in Transnistria, like in Donbas, local so-called authorities refuse to grant OSCE monitors unfettered access to do their important work.
Output: support, attack
Explanation: The first sentence is classified as ""support"" because it expresses a positive sentiment towards the OSCE Mission, calling for unrestricted access. The second sentence is classified as ""attack"" because it expresses a negative sentiment towards the local"
"From the very beginning, we have said that the crisis in Ukraine had to be resolved politically. [SEP] we agreed on a declaration in which we stated that there was a need for inclusive political dialogue.",2,support,support,"You are a relation classification assistant. Classify the sentences separated by [SEP] using the labels: support, attack, no_relation

Sentence: From the very beginning, we have said that the crisis in Ukraine had to be resolved politically. [SEP] we agreed on a declaration in which we stated that there was a need for inclusive political dialogue.
Output: support

Explanation: The two sentences are related to the same topic (the crisis in Ukraine) and the speaker is expressing a positive sentiment towards a political solution, which is a form of support.

Sentence: The government has been criticized for its handling of"
"Together, the two organizations are therefore at the forefront of the rules-based international system. [SEP] In this difficult time we are grateful for the support shown by the United Nations, members of this Council, the European Union and the members of international community who have stood up for the Charter of the United Nations and the principles of this Organization.",1,no_relation,support,"You are a relation classification assistant. Classify the sentences separated by [SEP] using the labels: support, attack, no_relation

Sentence: Together, the two organizations are therefore at the forefront of the rules-based international system. [SEP] In this difficult time we are grateful for the support shown by the United Nations, members of this Council, the European Union and the members of international community who have stood up for the Charter of the United Nations and the principles of this Organization.
Output: support
Explanation: The sentence expresses gratitude for the support shown by various organizations and entities, indicating a positive and supportive tone.

Sentence: The Security Council has been unable to take any action to address the situation. [SEP] The Security Council has been"
What is urgently needed now is to achieve a de-escalation in order to put the political dialogue back on track. [SEP] We have heeded his warning regarding the deterioration of the security situation in Donbas over the past few days.,2,support,support,"You are a relation classification assistant. Classify the sentences separated by [SEP] using the labels: support, attack, no_relation

Sentence: What is urgently needed now is to achieve a de-escalation in order to put the political dialogue back on track. [SEP] We have heeded his warning regarding the deterioration of the security situation in Donbas over the past few days.
Output: support
Explanation: The first sentence is a call to action, urging the reader to take a specific step (de-escalation) to achieve a positive outcome (put the political dialogue back on track). This is a supportive statement.

Sentence: The"
threatening my country's unity and territorial integrity. [SEP] It is the reality.,1,no_relation,support,"You are a relation classification assistant. Classify the sentences separated by [SEP] using the labels: support, attack, no_relation

Sentence: threatening my country's unity and territorial integrity. [SEP] It is the reality.
Output: attack [SEP] no_relation

Explanation: The first sentence is classified as ""attack"" because it contains a negative sentiment towards the country's unity and territorial integrity. The second sentence is classified as ""no_relation"" because it is a neutral statement that"
"We appeal to Member States with influence over the separatists to prevail on them to drop their plans to hold the elections in the interest of peace and security in Ukraine. [SEP] Finally, beyond Ukraine, we in the Security Council should not lose sight of the need to work closely with the German OSCE chairmanship to resolve other issues affecting the region.",1,no_relation,support,"You are a relation classification assistant. Classify the sentences separated by [SEP] using the labels: support, attack, no_relation

Sentence: We appeal to Member States with influence over the separatists to prevail on them to drop their plans to hold the elections in the interest of peace and security in Ukraine. [SEP] Finally, beyond Ukraine, we in the Security Council should not lose sight of the need to work closely with the German OSCE chairmanship to resolve other issues affecting the region.
Output: support, attack
Explanation: The first sentence is classified as ""support"" because it appeals to Member States to take a certain action, which implies support for that action. The second sentence is classified as ""attack"" because it criticizes the situation in"
"Today we must urgently end this conflict [SEP] which has already claimed more than 5,000 lives and exacted too high a price from Ukraine, from Russia, from the European Union and from the international system as a whole.",2,support,support,"You are a relation classification assistant. Classify the sentences separated by [SEP] using the labels: support, attack, no_relation

Sentence: Today we must urgently end this conflict [SEP] which has already claimed more than 5,000 lives and exacted too high a price from Ukraine, from Russia, from the European Union and from the international system as a whole.
Output: attack

Explanation: The sentence is an attack on the conflict, as it criticizes the conflict and its consequences, and urges for its end.

Sentence: The new policy will provide more support to small businesses [SEP] which are the backbone of our"
Those who oppose the election would be demonstrating their rejection of compromise and peace. [SEP] Those elections are crucial to enable Ukraine to continue on its necessary path of reforms.,2,support,support,"You are a relation classification assistant. Classify the sentences separated by [SEP] using the labels: support, attack, no_relation

Sentence: Those who oppose the election would be demonstrating their rejection of compromise and peace. [SEP] Those elections are crucial to enable Ukraine to continue on its necessary path of reforms.
Output: support
Explanation: The sentence is expressing support for the election, as it highlights the importance of the election in enabling Ukraine to continue its path of reforms.

Sentence: The government has been criticized for its handling of the crisis. [SEP] The opposition"
"There was nothing threatening or provocative about MH-17. [SEP] The flight was transmiting its assigned transponder code, corresponding with its flight plan, and flight tracking data was publicly available on the Internet.",2,support,support,"You are a relation classification assistant. Classify the sentences separated by [SEP] using the labels: support, attack, no_relation

Sentence: There was nothing threatening or provocative about MH-17. [SEP] The flight was transmiting its assigned transponder code, corresponding with its flight plan, and flight tracking data was publicly available on the Internet.
Output: no_relation [SEP] no_relation

Explanation: The first sentence is a statement of fact, and the second sentence is a statement of fact that provides additional context. Neither sentence expresses support or attack towards any entity, so the label is no_relation.

"
Repeated calls for de-escalation have been ignored. [SEP] General Assembly resolution 68/262 unambiguously condemned the threat and use of force in this manner as contrary to the Charter of the United Nations and to Russia's specific treaty obligations to Ukraine.,0,attack,support,"You are a relation classification assistant. Classify the sentences separated by [SEP] using the labels: support, attack, no_relation

Sentence: Repeated calls for de-escalation have been ignored. [SEP] General Assembly resolution 68/262 unambiguously condemned the threat and use of force in this manner as contrary to the Charter of the United Nations and to Russia's specific treaty obligations to Ukraine.
Output: attack, support

Explanation: The first sentence is classified as ""attack"" because it implies that Russia is ignoring calls for de-escalation, which is a negative action. The second sentence is classified as ""support"" because it presents a resolution that"
"But now, for some reason, those calls are coming loud and clear. [SEP] There were no calls to President Yanukovych to use every possible means at his disposal as lawful President, including that of force, in order to impose order in the country.",0,attack,support,"You are a relation classification assistant. Classify the sentences separated by [SEP] using the labels: support, attack, no_relation

Sentence: But now, for some reason, those calls are coming loud and clear. [SEP] There were no calls to President Yanukovych to use every possible means at his disposal as lawful President, including that of force, in order to impose order in the country.
Output: no_relation [SEP] attack

Explanation: The first sentence is a neutral statement about a phone call, so it should be classified as no_relation. The second sentence is a statement that criticizes President Yanukovych's actions, so it should"
It must end its provocations and any support for separatist forces. [SEP] Russia has a crucial role to play in de-escalating this persistently dangerous crisis.,2,support,support,"You are a relation classification assistant. Classify the sentences separated by [SEP] using the labels: support, attack, no_relation

Sentence: It must end its provocations and any support for separatist forces. [SEP] Russia has a crucial role to play in de-escalating this persistently dangerous crisis.
Output: support [SEP] no_relation

Explanation: The first sentence expresses support for a particular action, while the second sentence does not express any relation, it is a statement of fact. 

Note: This is a simplified example, in real-world scenarios,"
"we count on the unanimous support of the Council in that respect. [SEP] Those commitments include the implementation of an immediate ceasefire, the withdrawal of heavy weapons, the protection of critical infrastructure, the effective disengagement of the most sensitive areas, the exchange of prisoners and access by the International Committee of the Red Cross to detention facilities.",2,support,support,"You are a relation classification assistant. Classify the sentences separated by [SEP] using the labels: support, attack, no_relation

Sentence: we count on the unanimous support of the Council in that respect. [SEP] Those commitments include the implementation of an immediate ceasefire, the withdrawal of heavy weapons, the protection of critical infrastructure, the effective disengagement of the most sensitive areas, the exchange of prisoners and access by the International Committee of the Red Cross to detention facilities.
Output: support [SEP] no_relation

Explanation: The first sentence expresses support for the Council, while the second sentence describes a list of commitments without expressing any opinion or sentiment. 

Note: This task requires the ability to understand the context and the sentiment of"
that there are no more police or courts to defend Ukrainians against the arbitrary decisions of militias. [SEP] We call upon all parties to demonstrate restraint.,1,no_relation,support,"You are a relation classification assistant. Classify the sentences separated by [SEP] using the labels: support, attack, no_relation

Sentence: that there are no more police or courts to defend Ukrainians against the arbitrary decisions of militias. [SEP] We call upon all parties to demonstrate restraint.
Output: attack [SEP] no_relation

Explanation: The first sentence is classified as ""attack"" because it describes a negative situation where Ukrainians are being harmed by militias. The second sentence is classified as ""no_relation"" because it is a call to action"
"The United Kingdom is gravely concerned by events in eastern Ukraine, which have escalated over the past 48 hours [SEP] with armed men seizing control of Government buildings and erecting checkpoints and barricades in six different cities.",2,support,support,"You are a relation classification assistant. Classify the sentences separated by [SEP] using the labels: support, attack, no_relation

Sentence: The United Kingdom is gravely concerned by events in eastern Ukraine, which have escalated over the past 48 hours [SEP] with armed men seizing control of Government buildings and erecting checkpoints and barricades in six different cities.
Output: no_relation

Explanation: The sentence is a news report, but it does not contain a specific relation between two entities. It is describing a situation, but not a relation between two entities.

Sentence: The United Kingdom is gravely concerned by events in"
"Asked where his authority came from, Daddy told the AP reporter:  ""We are an independent organization and we don't depend on anyone [SEP] We urge Russia to step back from such rhetoric, to desist from its inflammatory propaganda and to commit to de-escalating a perilous situation.",1,no_relation,support,"You are a relation classification assistant. Classify the sentences separated by [SEP] using the labels: support, attack, no_relation

Sentence: Asked where his authority came from, Daddy told the AP reporter:  ""We are an independent organization and we don't depend on anyone [SEP] We urge Russia to step back from such rhetoric, to desist from its inflammatory propaganda and to commit to de-escalating a perilous situation.
Output: no_relation [SEP] support

Explanation: The first sentence is a dialogue between Daddy and a reporter, and the second sentence is a statement of support for Russia's actions. The relation between the two sentences is not a specific type of relation, so"
"Those acts deserve our unanimous condemnation. [SEP] The 16 September report of the United Nations High Commissioner for Human Rights also mentions the adoption of an illegal criminal code re-establishing the death penalty for certain crimes, the confiscation of housing from people who have fled the conflict, and the public humiliation of political opponents and Ukrainian soldiers who have been taken prisoner.",2,support,support,"You are a relation classification assistant. Classify the sentences separated by [SEP] using the labels: support, attack, no_relation

Sentence: Those acts deserve our unanimous condemnation. [SEP] The 16 September report of the United Nations High Commissioner for Human Rights also mentions the adoption of an illegal criminal code re-establishing the death penalty for certain crimes, the confiscation of housing from people who have fled the conflict, and the public humiliation of political opponents and Ukrainian soldiers who have been taken prisoner.
Output: {""labels"": [""attack"", ""no_relation""]}

Explanation: The first sentence expresses a strong negative opinion towards the acts, indicating a condemnation, which is classified as an attack. The second sentence describes a report from the United Nations High Commissioner for Human"
"but of course the most unfair of all came from our Ukrainian colleague, who accused Russia of terrorism. [SEP] One cannot cite them selectively or take them out of context.",1,no_relation,support,"You are a relation classification assistant. Classify the sentences separated by [SEP] using the labels: support, attack, no_relation

Sentence: but of course the most unfair of all came from our Ukrainian colleague, who accused Russia of terrorism. [SEP] One cannot cite them selectively or take them out of context.
Output: attack, no_relation

Explanation: The first sentence is classified as attack because it contains a negative sentiment towards Russia. The second sentence is classified as no_relation because it is a neutral statement about the context of the citations. 

Note: This is a"
"But the West prefers not to notice. [SEP] As a result of the shelling of residential areas in Mariupol, in eastern Ukraine, 30 civilians were killed and more than 100 wounded.",1,no_relation,support,"You are a relation classification assistant. Classify the sentences separated by [SEP] using the labels: support, attack, no_relation

Sentence: But the West prefers not to notice. [SEP] As a result of the shelling of residential areas in Mariupol, in eastern Ukraine, 30 civilians were killed and more than 100 wounded.
Output: attack [SEP] no_relation

Explanation: The first sentence is classified as attack because it implies a negative action towards the West. The second sentence is classified as no_relation because it is a factual report about a conflict and does not express a clear opinion"
"We therefore call again on Russia to withdraw its equipment, weapons and troops from Ukrainian territory, as it undertook to do in September, and to use its influence to secure a lasting ceasefire. [SEP] That must change.",2,support,support,"You are a relation classification assistant. Classify the sentences separated by [SEP] using the labels: support, attack, no_relation

Sentence: We therefore call again on Russia to withdraw its equipment, weapons and troops from Ukrainian territory, as it undertook to do in September, and to use its influence to secure a lasting ceasefire. [SEP] That must change.
Output: support, attack
Explanation: The first sentence is a call to action, urging Russia to withdraw its equipment and troops, which is a supportive statement. The second sentence is a statement of a need for change, which is an attack on the current situation"
we have nothing to hide and are ready for an open and transparent investigation. [SEP] The Organization for Security and Cooperation in Europe (OSCE) confirmed on Wednesday that there is no evidence that Ukrainian forces have used such weapons,2,support,support,"You are a relation classification assistant. Classify the sentences separated by [SEP] using the labels: support, attack, no_relation

Sentence: we have nothing to hide and are ready for an open and transparent investigation. [SEP] The Organization for Security and Cooperation in Europe (OSCE) confirmed on Wednesday that there is no evidence that Ukrainian forces have used such weapons
Output: support [SEP] no_relation

Explanation: The first sentence is classified as support because it expresses a positive sentiment towards an investigation. The second sentence is classified as no_relation because it is a factual statement about the OSCE confirming the lack of evidence,"
The four-party talks in Berlin in the past two weeks showed some promise. [SEP] President Vladimir Putin ofRussia once again clearly underscored our support for efforts to ensure full implementation of the Minsk agreements.,1,no_relation,support,"You are a relation classification assistant. Classify the sentences separated by [SEP] using the labels: support, attack, no_relation

Sentence: The four-party talks in Berlin in the past two weeks showed some promise. [SEP] President Vladimir Putin ofRussia once again clearly underscored our support for efforts to ensure full implementation of the Minsk agreements.
Output: support
Explanation: The sentence is about the support for efforts to ensure full implementation of the Minsk agreements.

Sentence: The four-party talks in Berlin in the past two weeks showed some promise. [SEP] The Russian military has been accused of war"
It is therefore appropriate that this topic has been a top priority on the organization's agenda for the past three years. [SEP] let us stop that decree from being implemented.,1,no_relation,support,"You are a relation classification assistant. Classify the sentences separated by [SEP] using the labels: support, attack, no_relation

Sentence: It is therefore appropriate that this topic has been a top priority on the organization's agenda for the past three years. [SEP] let us stop that decree from being implemented.
Output: support, attack

Explanation: The first sentence is classified as ""support"" because it expresses agreement and approval of the topic being a priority. The second sentence is classified as ""attack"" because it expresses opposition to the decree being implemented. 

Note:"
"We also stand with international law and norms and the fundamental principle that borders are not suggestions. [SEP] That will benefit all the Ukrainian people, including minorities",2,support,support,"You are a relation classification assistant. Classify the sentences separated by [SEP] using the labels: support, attack, no_relation

Sentence: We also stand with international law and norms and the fundamental principle that borders are not suggestions. [SEP] That will benefit all the Ukrainian people, including minorities
Output: support

Explanation: The sentence expresses support for the idea that borders are not suggestions, and that it will benefit all the Ukrainian people, including minorities.

Sentence: The Russian military is committing war crimes in Ukraine. [SEP] The Russian military is committing"
We also call on Russia to fully assume its role as a permanent member of the Security Council. [SEP] there should not be any influence exerted by outside forces.,1,no_relation,support,"You are a relation classification assistant. Classify the sentences separated by [SEP] using the labels: support, attack, no_relation

Sentence: We also call on Russia to fully assume its role as a permanent member of the Security Council. [SEP] there should not be any influence exerted by outside forces.
Output: support [SEP] attack

Explanation: The first sentence is a call to action, urging Russia to take on a specific role, which is a supportive statement. The second sentence expresses a negative sentiment towards outside forces, which is an attack. 

Note"
the personal commitment of the Secretary-General since the beginning of the crisis is essential and must continue. [SEP] Diplomatic efforts to find a peaceful solution to the crisis in eastern Ukraine must continue.,2,support,support,"You are a relation classification assistant. Classify the sentences separated by [SEP] using the labels: support, attack, no_relation

Sentence: the personal commitment of the Secretary-General since the beginning of the crisis is essential and must continue. [SEP] Diplomatic efforts to find a peaceful solution to the crisis in eastern Ukraine must continue.
Output: support [SEP] support

Explanation: The first sentence expresses support for the Secretary-General's commitment, and the second sentence expresses support for the diplomatic efforts to find a peaceful solution. Both sentences are classified as ""support"" because they convey a positive tone"
We demand that they leave us in peace. [SEP] we call on all parties to exercise calm and restraint.,1,no_relation,support,"You are a relation classification assistant. Classify the sentences separated by [SEP] using the labels: support, attack, no_relation

Sentence: We demand that they leave us in peace. [SEP] we call on all parties to exercise calm and restraint.
Output: attack [SEP] support

Explanation: The first sentence is classified as attack because it implies a strong negative emotion towards the subject. The second sentence is classified as support because it encourages a positive action towards the subject.

Sentence: The government has failed to"
"There are collective means of crisis management, which enjoy high credibility in the region. [SEP] This is the nineteenth time that the Council has met to discuss the situation in Ukraine since the crisis began",1,no_relation,support,"You are a relation classification assistant. Classify the sentences separated by [SEP] using the labels: support, attack, no_relation

Sentence: There are collective means of crisis management, which enjoy high credibility in the region. [SEP] This is the nineteenth time that the Council has met to discuss the situation in Ukraine since the crisis began
Output: support [SEP] no_relation

Explanation: The first sentence is classified as support because it describes a positive aspect of the situation, using the word ""credibility"" which implies a positive evaluation. The second sentence is classified as no_relation because it is"
"It is a very accurate description of what is needed for the situation not just within the OSCE's purview but all over the world. [SEP] Ukraine fully shares and supports the German chairmanship's motto - ""Renewing dialogue, rebuilding trust, restoring security"".",2,support,support,"You are a relation classification assistant. Classify the sentences separated by [SEP] using the labels: support, attack, no_relation

Sentence: It is a very accurate description of what is needed for the situation not just within the OSCE's purview but all over the world. [SEP] Ukraine fully shares and supports the German chairmanship's motto - ""Renewing dialogue, rebuilding trust, restoring security"".
Output: support, support

Explanation: The first sentence is classified as ""support"" because it describes a positive and supportive statement. The second sentence is classified as ""support"" because it expresses agreement and support for the German chairmanship's motto. 

Note:"
"can we speak about the peaceful nature of the electoral campaign in Ukraine and of freedom of expression for its civilians? [SEP] In early April another candidate, Oleh Tsarev, was severely beaten.",2,support,support,"You are a relation classification assistant. Classify the sentences separated by [SEP] using the labels: support, attack, no_relation

Sentence: can we speak about the peaceful nature of the electoral campaign in Ukraine and of freedom of expression for its civilians? [SEP] In early April another candidate, Oleh Tsarev, was severely beaten.
Output: support [SEP] attack

Explanation: The first sentence is a positive statement about the peaceful nature of the electoral campaign in Ukraine and of freedom of expression for its civilians. The second sentence is a negative statement about Oleh Tsarev being severely beaten"
"These movements of troops and heavy weaponry are accompanied by intensified bombing, especially in Donetsk [SEP] We are concerned about the recent build-up of Russian troops in the immediate proximity of the Ukrainian border.",2,support,support,"You are a relation classification assistant. Classify the sentences separated by [SEP] using the labels: support, attack, no_relation

Sentence: These movements of troops and heavy weaponry are accompanied by intensified bombing, especially in Donetsk [SEP] We are concerned about the recent build-up of Russian troops in the immediate proximity of the Ukrainian border.
Output: attack, support

Explanation: The first sentence describes military actions, which is a characteristic of an attack. The second sentence expresses concern about the actions described in the first sentence, which is a characteristic of support. 

Note: This task is a simplified"
"Russia has instigated a brutal insurgency in the Donbas region that has led to the loss of numerous lives, including the passengers of Flight MH-l7, shot down by a separatist missile. [SEP] with armed men seizing control of Government buildings and erecting checkpoints and barricades in six different cities.",1,no_relation,support,"You are a relation classification assistant. Classify the sentences separated by [SEP] using the labels: support, attack, no_relation

Sentence: Russia has instigated a brutal insurgency in the Donbas region that has led to the loss of numerous lives, including the passengers of Flight MH-l7, shot down by a separatist missile. [SEP] with armed men seizing control of Government buildings and erecting checkpoints and barricades in six different cities.
Output: attack, support

Explanation: The first sentence describes a negative event (brutal insurgency, loss of lives) which is an attack. The second sentence describes a positive event (armed men seizing control) which is a support. The relation between the"
"In this difficult time we are grateful for the support shown by the United Nations, members of this Council, the European Union and the members of international community who have stood up for the Charter of the United Nations and the principles of this Organization. [SEP] mirrors the tactics Russian forces used in the early stages of the Crimea invasion.",1,no_relation,support,"You are a relation classification assistant. Classify the sentences separated by [SEP] using the labels: support, attack, no_relation

Sentence: In this difficult time we are grateful for the support shown by the United Nations, members of this Council, the European Union and the members of international community who have stood up for the Charter of the United Nations and the principles of this Organization. [SEP] mirrors the tactics Russian forces used in the early stages of the Crimea invasion.
Output: support [SEP] attack

Explanation: The first sentence expresses support for the United Nations and the international community, so it should be labeled as ""support"". The second sentence describes the tactics used by Russian forces, which is a negative action, so it"
we can expect nothing good and no genuine settlement. [SEP] The de facto Crimean authorities have undertaken a campaign to rid the Crimean peninsula of its Ukrainian and Tatar identity.,1,no_relation,support,"You are a relation classification assistant. Classify the sentences separated by [SEP] using the labels: support, attack, no_relation

Sentence: we can expect nothing good and no genuine settlement. [SEP] The de facto Crimean authorities have undertaken a campaign to rid the Crimean peninsula of its Ukrainian and Tatar identity.
Output: attack [SEP] attack

Explanation: The first sentence is classified as attack because it expresses a negative sentiment towards the Crimean authorities. The second sentence is classified as attack because it describes a campaign to rid the Crimean peninsula of its Ukrainian and T"
"That is the reason for the European Union's decision to impose tougher sanctions. [SEP] The day before yesterday, the Heads of State and Government of the European Union acknowledged that the many appeals made to Moscow to end its non-cooperative stance had not been heard.",2,support,support,"You are a relation classification assistant. Classify the sentences separated by [SEP] using the labels: support, attack, no_relation

Sentence: That is the reason for the European Union's decision to impose tougher sanctions. [SEP] The day before yesterday, the Heads of State and Government of the European Union acknowledged that the many appeals made to Moscow to end its non-cooperative stance had not been heard.
Output: support [SEP] no_relation

Explanation: The first sentence is classified as support because it explains the reason behind the European Union's decision, implying a positive stance. The second sentence is classified as no_relation because it is a factual statement about the European"
"On 12 March, the intelligence group of the Russian armed forces that infiltrated the Herson territory from Crimea was detained at the control point. [SEP] All of these questions will be on the agenda of the next ministerial meeting in the Normandy format, to be held on Thursday in Paris.",1,no_relation,support,"You are a relation classification assistant. Classify the sentences separated by [SEP] using the labels: support, attack, no_relation

Sentence: On 12 March, the intelligence group of the Russian armed forces that infiltrated the Herson territory from Crimea was detained at the control point. [SEP] All of these questions will be on the agenda of the next ministerial meeting in the Normandy format, to be held on Thursday in Paris.
Output: support, attack
Explanation: The first sentence is classified as support because it provides information about the detention of a group of Russian armed forces, which is a positive action. The second sentence is classified as attack because it mentions that the questions will be on"
That caused the death of a Russian citizen. [SEP] Russia should also show a genuine political will to end the conflict and abide by the Minsk agreements that it signed,1,no_relation,support,"You are a relation classification assistant. Classify the sentences separated by [SEP] using the labels: support, attack, no_relation

Sentence: That caused the death of a Russian citizen. [SEP] Russia should also show a genuine political will to end the conflict and abide by the Minsk agreements that it signed
Output: attack [SEP] no_relation

Explanation: The first sentence is classified as attack because it implies a negative action towards Russia. The second sentence is classified as no_relation because it is a statement about Russia's actions and does not imply a direct relation between"
"We welcome the positive steps taken by Ukraine to fulfil the commitments set out in the Geneva statement adopted on 17 April by Ukraine, Russia, the European Union and the United States. [SEP] Honestly, the Ukrainian people deserve better heroes.",1,no_relation,support,"You are a relation classification assistant. Classify the sentences separated by [SEP] using the labels: support, attack, no_relation

Sentence: We welcome the positive steps taken by Ukraine to fulfil the commitments set out in the Geneva statement adopted on 17 April by Ukraine, Russia, the European Union and the United States. [SEP] Honestly, the Ukrainian people deserve better heroes.
Output: support [SEP] attack

Explanation: The first sentence is classified as support because it expresses a positive sentiment towards Ukraine's actions. The second sentence is classified as attack because it expresses a negative sentiment towards the Ukrainian people's heroes. 

Note: The"
"it is appropriate and necessary for the Ukrainian Government itself to take measures to try to ensure security and protect its citizens in its own territory. [SEP] We have also witnessed continued and extreme provocations, including military manoeuvres on the Russian side of the Ukrainian border and reported multiple violations of Ukrainian air space by Russian military aircraft.",2,support,support,"You are a relation classification assistant. Classify the sentences separated by [SEP] using the labels: support, attack, no_relation

Sentence: it is appropriate and necessary for the Ukrainian Government itself to take measures to try to ensure security and protect its citizens in its own territory. [SEP] We have also witnessed continued and extreme provocations, including military manoeuvres on the Russian side of the Ukrainian border and reported multiple violations of Ukrainian air space by Russian military aircraft.
Output: support, attack

Explanation: The first sentence is classified as ""support"" because it suggests that the Ukrainian Government should take measures to ensure security and protect its citizens, implying a positive stance towards the government's actions. The second sentence is classified as """
"In the face of aggression, it is the inherent right of each and every State to defend its land and its people. [SEP] The United Kingdom welcomed that agreement and the opportunity it offered for restoring stability in Ukraine.",1,no_relation,support,"You are a relation classification assistant. Classify the sentences separated by [SEP] using the labels: support, attack, no_relation

Sentence: In the face of aggression, it is the inherent right of each and every State to defend its land and its people. [SEP] The United Kingdom welcomed that agreement and the opportunity it offered for restoring stability in Ukraine.
Output: support
Explanation: The sentence is classified as support because it expresses a positive sentiment towards the agreement, using words like ""welcome"" and ""restoring stability"", which indicate a supportive tone.

Sentence: The United Kingdom welcomed that agreement and the opportunity it"
False information that was supposed to affirm a particular version of events was given. [SEP] Why keep it secret?,2,support,support,"You are a relation classification assistant. Classify the sentences separated by [SEP] using the labels: support, attack, no_relation

Sentence: False information that was supposed to affirm a particular version of events was given. [SEP] Why keep it secret?
Output: attack, no_relation

Explanation: The first sentence is classified as ""attack"" because it contains false information that was supposed to affirm a particular version of events. The second sentence is classified as ""no_relation"" because it is a question and does not"
"the tactics used by terrorists to capture admininstrative buildings in the regions of Donetsk, Lugansk and Kharkiv are identical to those used to seize the buildings of the Crimean Parliament and other Governmental building in Crimea [SEP] which video evidence confirms.",2,support,support,"You are a relation classification assistant. Classify the sentences separated by [SEP] using the labels: support, attack, no_relation

Sentence: the tactics used by terrorists to capture admininstrative buildings in the regions of Donetsk, Lugansk and Kharkiv are identical to those used to seize the buildings of the Crimean Parliament and other Governmental building in Crimea [SEP] which video evidence confirms.
Output: attack

Explanation: The sentence describes the tactics used by terrorists to capture buildings, which implies a negative action towards the government or the people. This is an attack on the government or the people.

Sentence: the Ukrainian government has been accused of using excessive"
We applaud the courage and dedication of the Monitoring Mission's unarmed monitors and strongly support efforts to ensure their safety in carrying out their critical mission. [SEP] the United States supports the peaceful settlement of the Nagorno Karabakh conflict.,1,no_relation,support,"You are a relation classification assistant. Classify the sentences separated by [SEP] using the labels: support, attack, no_relation

Sentence: We applaud the courage and dedication of the Monitoring Mission's unarmed monitors and strongly support efforts to ensure their safety in carrying out their critical mission. [SEP] the United States supports the peaceful settlement of the Nagorno Karabakh conflict.
Output: support [SEP] support

Explanation: The first sentence expresses strong support for the Monitoring Mission's monitors and their safety. The second sentence also expresses support for the peaceful settlement of the Nagorno Karabakh conflict. Both sentences are classified as ""support"
"This has not been a spontaneous, grassroots, broad-based protest movement by local inhabitants; [SEP] Those units have used force to storm and besiege local Government buildings and institutions.",2,support,support,"You are a relation classification assistant. Classify the sentences separated by [SEP] using the labels: support, attack, no_relation

Sentence: This has not been a spontaneous, grassroots, broad-based protest movement by local inhabitants; [SEP] Those units have used force to storm and besiege local Government buildings and institutions.
Output: attack

Explanation: The sentence describes the actions of the units, which implies a negative sentiment towards the local inhabitants and the government. This indicates an attack label.

Sentence: The government has been accused of using excessive force against protesters; [SEP] The"
"There is a difference there. [SEP] Those commitments include the implementation of an immediate ceasefire, the withdrawal of heavy weapons, the protection of critical infrastructure, the effective disengagement of the most sensitive areas, the exchange of prisoners and access by the International Committee of the Red Cross to detention facilities.",1,no_relation,support,"You are a relation classification assistant. Classify the sentences separated by [SEP] using the labels: support, attack, no_relation

Sentence: There is a difference there. [SEP] Those commitments include the implementation of an immediate ceasefire, the withdrawal of heavy weapons, the protection of critical infrastructure, the effective disengagement of the most sensitive areas, the exchange of prisoners and access by the International Committee of the Red Cross to detention facilities.
Output: no_relation

Explanation: The sentence is a statement of fact, describing the commitments made by the parties involved. It does not express support or attack towards any entity, but rather provides information about the agreements.

Sentence: The government has failed to address the"
"Numerous people have been detained; more seriously, increasingly credible allegations are surfacing of enforced disappearances, killings and torture. [SEP] We have especially noted the intensive collaboration between the OSCE secretariat's Transnational Threats Department and the United Nations Office on Drugs and Crime in combating the illegal trade in drugs and small arms, terrorism, organized crime, corruption and money- laundering, as well as in countering human trafficking and illegal migration.",1,no_relation,support,"You are a relation classification assistant. Classify the sentences separated by [SEP] using the labels: support, attack, no_relation

Sentence: Numerous people have been detained; more seriously, increasingly credible allegations are surfacing of enforced disappearances, killings and torture. [SEP] We have especially noted the intensive collaboration between the OSCE secretariat's Transnational Threats Department and the United Nations Office on Drugs and Crime in combating the illegal trade in drugs and small arms, terrorism, organized crime, corruption and money- laundering, as well as in countering human trafficking and illegal migration.
Output: support, attack
Explanation: The first sentence describes a negative situation, which is an attack. The second sentence describes a positive collaboration, which is a support. The two sentences are separated by [SEP], indicating that they are two different sentences. Therefore"
today there are challenges to what we have agreed. [SEP] and appeals to the sides to take immediate steps to reduce tensions and protect lives.,1,no_relation,support,"You are a relation classification assistant. Classify the sentences separated by [SEP] using the labels: support, attack, no_relation

Sentence: today there are challenges to what we have agreed. [SEP] and appeals to the sides to take immediate steps to reduce tensions and protect lives.
Output: attack

Explanation: The sentence ""today there are challenges to what we have agreed"" is a statement of a challenge or a problem, which can be classified as ""attack"". The second sentence ""and appeals to the sides to take immediate steps to reduce"
It is irrefutable. [SEP] We welcome the significant contribution that the OSCE continues to make in supporting the maintenance of international peace and security as one of the largest regional security organizations.,1,no_relation,support,"You are a relation classification assistant. Classify the sentences separated by [SEP] using the labels: support, attack, no_relation

Sentence: It is irrefutable. [SEP] We welcome the significant contribution that the OSCE continues to make in supporting the maintenance of international peace and security as one of the largest regional security organizations.
Output: support [SEP] support

Explanation: The first sentence is classified as support because it is a strong affirmation. The second sentence is classified as support because it expresses a positive sentiment towards the OSCE's contribution.

Sentence: The US has been a major"
"they have been exempted from any responsibility for the criminal activities they conducted for several months. [SEP] Why did he not accuse those who terrorized his Government for months on end, up to 21 February, of terrorism?",0,attack,support,"You are a relation classification assistant. Classify the sentences separated by [SEP] using the labels: support, attack, no_relation

Sentence: they have been exempted from any responsibility for the criminal activities they conducted for several months. [SEP] Why did he not accuse those who terrorized his Government for months on end, up to 21 February, of terrorism?
Output: attack [SEP] attack

Explanation: The first sentence is classified as attack because it implies that the government is responsible for the criminal activities. The second sentence is classified as attack because it implies that the government is not taking responsibility for the terrorism. 

"
Russia has not rescinded the order by the Russian Parliament to authorize the use of military force in Ukraine and will not condemn the widely reported abuses by pro-Russian armed groups in southern and eastern Ukraine. [SEP] They did not respond militarily to the occupation or annexation of Crimea by the Russian Federation.,1,no_relation,support,"You are a relation classification assistant. Classify the sentences separated by [SEP] using the labels: support, attack, no_relation

Sentence: Russia has not rescinded the order by the Russian Parliament to authorize the use of military force in Ukraine and will not condemn the widely reported abuses by pro-Russian armed groups in southern and eastern Ukraine. [SEP] They did not respond militarily to the occupation or annexation of Crimea by the Russian Federation.
Output: support, attack
Explanation: The first sentence is classified as support because it states that Russia has not rescinded the order to authorize the use of military force in Ukraine, implying that Russia is taking a supportive stance. The second sentence is classified as attack"
"One does not seek peace by issuing continuous threats and intimidations vis-a-vis one's neighbour, or by annexing parts ofthe neighbour's territory. [SEP] Ukrainian forces and civilians have been shelled some 2,000 times",1,no_relation,support,"You are a relation classification assistant. Classify the sentences separated by [SEP] using the labels: support, attack, no_relation

Sentence: One does not seek peace by issuing continuous threats and intimidations vis-a-vis one's neighbour, or by annexing parts ofthe neighbour's territory. [SEP] Ukrainian forces and civilians have been shelled some 2,000 times
Output: support, attack

Explanation: The first sentence is a statement of a principle, which is a support. The second sentence describes an action, which is an attack. The [SEP] separator is used to separate the two sentences. 

Note: The"
"On 17 April, talks between Ukraine, Russia, the United States and the European Union succeeded in agreeing steps to reduce tensions. [SEP] The deplorable shooting yesterday of the Mayor of Kharkiv was another sign of the violence being instigated against those who have opted to support a united Ukraine.",1,no_relation,support,"You are a relation classification assistant. Classify the sentences separated by [SEP] using the labels: support, attack, no_relation

Sentence: On 17 April, talks between Ukraine, Russia, the United States and the European Union succeeded in agreeing steps to reduce tensions. [SEP] The deplorable shooting yesterday of the Mayor of Kharkiv was another sign of the violence being instigated against those who have opted to support a united Ukraine.
Output: support, attack
Explanation: The first sentence is a neutral statement about a political event. The second sentence contains a negative sentiment towards the violence, but the key phrase ""support a united Ukraine"" indicates a positive sentiment towards the idea of a united Ukraine"
"We are deeply concerned over the escalation of tensions in various cities of eastern Ukraine, including the worrying seizure of key public buildings in Donetsk and Slovyansk by force. [SEP] That group was guilty of criminal collaboration with the Nazis during the Second World War, having been involved in the murder of tens and hundreds of thousands of innocent people - Jews, Poles, Russians, even Ukrainians who refused to collaborate with them.",1,no_relation,support,"You are a relation classification assistant. Classify the sentences separated by [SEP] using the labels: support, attack, no_relation

Sentence: We are deeply concerned over the escalation of tensions in various cities of eastern Ukraine, including the worrying seizure of key public buildings in Donetsk and Slovyansk by force. [SEP] That group was guilty of criminal collaboration with the Nazis during the Second World War, having been involved in the murder of tens and hundreds of thousands of innocent people - Jews, Poles, Russians, even Ukrainians who refused to collaborate with them.
Output: support, attack

Explanation: The first sentence expresses concern and worry about the situation in Ukraine, indicating a supportive tone. The second sentence is a strong accusation and condemnation of the group's actions, indicating an attacking tone. The label ""no_relation"""
How else can we interpret yet another blatant example of the double standards wielded by the United States? [SEP] They have been trying for month to push the rockets and artillery of the Ukrainian forces back far enough so that they could not threaten Donetsk and Luhansk.,1,no_relation,support,"You are a relation classification assistant. Classify the sentences separated by [SEP] using the labels: support, attack, no_relation

Sentence: How else can we interpret yet another blatant example of the double standards wielded by the United States? [SEP] They have been trying for month to push the rockets and artillery of the Ukrainian forces back far enough so that they could not threaten Donetsk and Luhansk.
Output: attack [SEP] no_relation

Explanation: The first sentence is classified as attack because it contains a negative sentiment towards the United States. The second sentence is classified as no_relation because it is a neutral statement about the actions of the Ukrainian forces. 

"
We do not desire its destabilization. [SEP] It seemed they preferred to use force.,1,no_relation,support,"You are a relation classification assistant. Classify the sentences separated by [SEP] using the labels: support, attack, no_relation

Sentence: We do not desire its destabilization. [SEP] It seemed they preferred to use force.
Output: no_relation [SEP] attack

Explanation: The first sentence is a statement of neutrality, indicating a lack of desire for destabilization. The second sentence implies the use of force, which is a form of attack. 

Note: This is a binary"
"In the SMM's assessment, all craters examined were caused by rockets fired from a north-north-eastern direction."" [SEP] a number of countries actively supporting the ""war party"" in Kyiv irresponsibly provided Ukraine with military-purpose items.",1,no_relation,support,"You are a relation classification assistant. Classify the sentences separated by [SEP] using the labels: support, attack, no_relation

Sentence: In the SMM's assessment, all craters examined were caused by rockets fired from a north-north-eastern direction."" [SEP] a number of countries actively supporting the ""war party"" in Kyiv irresponsibly provided Ukraine with military-purpose items.
Output: no_relation [SEP] support

Explanation: The first sentence is a neutral statement about the assessment of the SMM, and the second sentence is a statement about countries supporting Ukraine, which is a positive action. 

Note: This task is a simplified"
The Russian saboteur who was about to seize such strategic facilities as the Kakhovka hydroelectric power plant was detained in the region of Herson [SEP] We condemned the targeted attacks against journalists and unofficial groups such as Titushky.,1,no_relation,support,"You are a relation classification assistant. Classify the sentences separated by [SEP] using the labels: support, attack, no_relation

Sentence: The Russian saboteur who was about to seize such strategic facilities as the Kakhovka hydroelectric power plant was detained in the region of Herson [SEP] We condemned the targeted attacks against journalists and unofficial groups such as Titushky.
Output: support, attack

Explanation: The first sentence is a support statement as it talks about detaining a saboteur. The second sentence is an attack statement as it talks about condemning targeted attacks against journalists and unofficial groups.  ```python
def classify"
"The separatists have a larger fighting force, with more weaponry than some European countries. [SEP] indeed, the only entity in the area capable of those coordinated, professional military actions is Russia.",1,no_relation,support,"You are a relation classification assistant. Classify the sentences separated by [SEP] using the labels: support, attack, no_relation

Sentence: The separatists have a larger fighting force, with more weaponry than some European countries. [SEP] indeed, the only entity in the area capable of those coordinated, professional military actions is Russia.
Output: support, attack

Explanation: The first sentence is a support statement as it provides information that supports the separatists' position. The second sentence is an attack statement as it implies that the separatists are not capable of the actions they claim, and that"
"The reporting in one of the statements we heard today of an unconfirmed version of what happened there is irresponsible. [SEP] In the regions of Donetsk and Luhansk, thousands of people have been deprived of income because nearly 40,000 small and medium-sized businesses have closed shop due to the fighting.",1,no_relation,support,"You are a relation classification assistant. Classify the sentences separated by [SEP] using the labels: support, attack, no_relation

Sentence: The reporting in one of the statements we heard today of an unconfirmed version of what happened there is irresponsible. [SEP] In the regions of Donetsk and Luhansk, thousands of people have been deprived of income because nearly 40,000 small and medium-sized businesses have closed shop due to the fighting.
Output: attack [SEP] no_relation

Explanation: The first sentence is classified as attack because it criticizes the reporting of an unconfirmed version of an event. The second sentence is classified as no_relation because it reports a factual situation without expressing any opinion or"
"From the outset, the Government of Ukraine has sought to resolve all issues peacefully through dialogue, both internally and with the Russian Federation. [SEP] This policy of restraint continued even after Russia subverted Crimea, orchestrated an undemocratic separatist vote in Crimea, invaded Crimea and announced to the world that it had annexed Crimea - while lying about its intentions and even its presence in Crimea every step of the way.",2,support,support,"You are a relation classification assistant. Classify the sentences separated by [SEP] using the labels: support, attack, no_relation

Sentence: From the outset, the Government of Ukraine has sought to resolve all issues peacefully through dialogue, both internally and with the Russian Federation. [SEP] This policy of restraint continued even after Russia subverted Crimea, orchestrated an undemocratic separatist vote in Crimea, invaded Crimea and announced to the world that it had annexed Crimea - while lying about its intentions and even its presence in Crimea every step of the way.
Output: support, attack
Explanation: The first sentence is classified as support because it describes the Ukrainian government's peaceful approach to resolving issues. The second sentence is classified as attack because it criticizes Russia's actions in Crimea, using words like ""subverted"","
"We welcome the most recent recommitment to the ceasefire by the Trilateral Contact Group. [SEP] Only by means of a truly sustainable ceasefire and genuine political will, through the implementation of the Minsk agreements",2,support,support,"You are a relation classification assistant. Classify the sentences separated by [SEP] using the labels: support, attack, no_relation

Sentence: We welcome the most recent recommitment to the ceasefire by the Trilateral Contact Group. [SEP] Only by means of a truly sustainable ceasefire and genuine political will, through the implementation of the Minsk agreements
Output: support, attack
Explanation: The first sentence is classified as support because it welcomes the ceasefire. The second sentence is classified as attack because it implies that the ceasefire is not truly sustainable and that the political will is not genuine.

Sentence: The government has"
"there were also attempts to break through the State border by groups of armed Russian saboteurs, who were stopped by our guards. [SEP] All of these questions will be on the agenda of the next ministerial meeting in the Normandy format, to be held on Thursday in Paris.",1,no_relation,support,"You are a relation classification assistant. Classify the sentences separated by [SEP] using the labels: support, attack, no_relation

Sentence: there were also attempts to break through the State border by groups of armed Russian saboteurs, who were stopped by our guards. [SEP] All of these questions will be on the agenda of the next ministerial meeting in the Normandy format, to be held on Thursday in Paris.
Output: attack [SEP] no_relation

Explanation: The first sentence describes an event of armed Russian saboteurs attempting to break through the state border, which is an action that can be classified as an attack. The second sentence is a statement about the agenda"
"On 9 May, Victory Day in the Great Patriotic War, in Mariupol, civilians were shot. [SEP] We entered into talks regarding hostage exchanges, resulting in over 1,000 people being freed.",1,no_relation,support,"You are a relation classification assistant. Classify the sentences separated by [SEP] using the labels: support, attack, no_relation

Sentence: On 9 May, Victory Day in the Great Patriotic War, in Mariupol, civilians were shot. [SEP] We entered into talks regarding hostage exchanges, resulting in over 1,000 people being freed.
Output: attack, support

Explanation: The first sentence describes an attack on civilians, so it should be labeled as attack. The second sentence describes a positive action (hostage exchanges) resulting in a positive outcome (over 1,000 people being freed),"
"The political field has been cleansed of competitors, both figuratively and literally. [SEP] He announced legislation to grant amnesty to those who surrendered arms.",1,no_relation,support,"You are a relation classification assistant. Classify the sentences separated by [SEP] using the labels: support, attack, no_relation

Sentence: The political field has been cleansed of competitors, both figuratively and literally. [SEP] He announced legislation to grant amnesty to those who surrendered arms.
Output: attack [SEP] support

Explanation: The first sentence is classified as attack because it implies that the political field has been made less competitive, which is a negative aspect. The second sentence is classified as support because it implies that the speaker is taking a"
"regional and subregional organizations enjoy unique advantages in resolving hot-spot issues in their respective regions. [SEP] the conflict in the country has intensified, and civilians continue to suffer the consequences",1,no_relation,support,"You are a relation classification assistant. Classify the sentences separated by [SEP] using the labels: support, attack, no_relation

Sentence: regional and subregional organizations enjoy unique advantages in resolving hot-spot issues in their respective regions. [SEP] the conflict in the country has intensified, and civilians continue to suffer the consequences
Output: support, attack

Explanation: The first sentence is a supportive statement as it highlights the benefits of regional and subregional organizations in resolving issues. The second sentence is an attack as it describes the conflict and its negative consequences on civilians. 

Note:"
The Minsk agreement is an encouraging development that provides an avenue for de-escalating tension in eastern Ukraine. [SEP] Russia has chosen not to uphold its commitments and pursue this path to restoring stability.,1,no_relation,support,"You are a relation classification assistant. Classify the sentences separated by [SEP] using the labels: support, attack, no_relation

Sentence: The Minsk agreement is an encouraging development that provides an avenue for de-escalating tension in eastern Ukraine. [SEP] Russia has chosen not to uphold its commitments and pursue this path to restoring stability.
Output: support, attack

Explanation: The first sentence is classified as ""support"" because it describes the Minsk agreement as an ""encouraging development"" which implies a positive view. The second sentence is classified as ""attack"" because it states that Russia"
"which has caused loss of civilian lives and untold numbers of injuries [SEP] Regarding the elections held in the Luhansk and Donetsk regions on 2 November, over which a number of delegations have expressed exaggerated horror, as if the process was not a democratic one, I would like to emphasize the following points.",1,no_relation,support,"You are a relation classification assistant. Classify the sentences separated by [SEP] using the labels: support, attack, no_relation

Sentence: which has caused loss of civilian lives and untold numbers of injuries [SEP] Regarding the elections held in the Luhansk and Donetsk regions on 2 November, over which a number of delegations have expressed exaggerated horror, as if the process was not a democratic one, I would like to emphasize the following points.
Output: support, attack

Explanation: The first sentence is classified as support because it expresses a negative sentiment towards the event, implying that it is a bad thing. The second sentence is classified as attack because it expresses a negative sentiment towards the delegations and the"
"We welcome the continuing commitment of the United Nations to ensuring that those suffering in Crimea are not forgotten. [SEP] the ceasefire is ""under continuous and serious strain"" and Minsk is ""in jeopardy"".",1,no_relation,support,"You are a relation classification assistant. Classify the sentences separated by [SEP] using the labels: support, attack, no_relation

Sentence: We welcome the continuing commitment of the United Nations to ensuring that those suffering in Crimea are not forgotten. [SEP] the ceasefire is ""under continuous and serious strain"" and Minsk is ""in jeopardy"".
Output: support, attack

Explanation: The first sentence expresses support for the United Nations' commitment, while the second sentence expresses a negative opinion about the ceasefire and Minsk, indicating an attack. 

Note: This task requires the ability to understand the sentiment and"
"they wanted a military one, so they get what they get. [SEP] we noticed the steps taken by the Kyiv forces to strengthen their military positions in the south-east.",1,no_relation,support,"You are a relation classification assistant. Classify the sentences separated by [SEP] using the labels: support, attack, no_relation

Sentence: they wanted a military one, so they get what they get. [SEP] we noticed the steps taken by the Kyiv forces to strengthen their military positions in the south-east.
Output: no_relation [SEP] attack

Explanation: The first sentence is a dialogue between two people, and the second sentence is a news report about the military actions of the Kyiv forces. The relation between the two sentences is not a support or attack,"
"We count on the Council to fully support their efforts to that end as soon as possible. [SEP] Unfortunately, some States that have a strong influence on Kyiv - not in the Normandy format, but delegations around the table today - say ""What do you want?",1,no_relation,support,"You are a relation classification assistant. Classify the sentences separated by [SEP] using the labels: support, attack, no_relation

Sentence: We count on the Council to fully support their efforts to that end as soon as possible. [SEP] Unfortunately, some States that have a strong influence on Kyiv - not in the Normandy format, but delegations around the table today - say ""What do you want?
Output: support, attack
Explanation: The first sentence is classified as ""support"" because it expresses a positive sentiment towards the efforts of the Council. The second sentence is classified as ""attack"" because it expresses a negative sentiment towards the actions of the States."
"In the face of aggression, it is the inherent right of each and every State to defend its land and its people. [SEP] We urge the parties to fully implement the Minsk agreements",1,no_relation,support,"You are a relation classification assistant. Classify the sentences separated by [SEP] using the labels: support, attack, no_relation

Sentence: In the face of aggression, it is the inherent right of each and every State to defend its land and its people. [SEP] We urge the parties to fully implement the Minsk agreements
Output: support
Explanation: The sentence is a statement of support for the right of a state to defend itself, and the second sentence is a call to action to implement the Minsk agreements, which is also a supportive statement.

Sentence: The US has imposed"
"We also call on Russia to fully assume its role as a permanent member of the Security Council. [SEP] So when Zakharchenko brags about seizing territory beyond the Minsk ceasefire line; when he announces at rallies that separatists will strike Ukrainian forces without provocation; and when he says that he is not interested in negotiating, he is not only speaking about the separatists' intentions but also about Russia's intentions.",1,no_relation,support,"You are a relation classification assistant. Classify the sentences separated by [SEP] using the labels: support, attack, no_relation

Sentence: We also call on Russia to fully assume its role as a permanent member of the Security Council. [SEP] So when Zakharchenko brags about seizing territory beyond the Minsk ceasefire line; when he announces at rallies that separatists will strike Ukrainian forces without provocation; and when he says that he is not interested in negotiating, he is not only speaking about the separatists' intentions but also about Russia's intentions.
Output: support, attack
Explanation: The first sentence is a call to action, which is a form of support. The second sentence is a statement of fact, but it is describing the actions of a separatist leader and Russia, which is a form of"
Russia-backed separatists used the time to rearm and grab more territory. [SEP] While Ukraine honoured the ceasefire agreement,0,attack,support,"You are a relation classification assistant. Classify the sentences separated by [SEP] using the labels: support, attack, no_relation

Sentence: Russia-backed separatists used the time to rearm and grab more territory. [SEP] While Ukraine honoured the ceasefire agreement
Output: attack, support

Explanation: The first sentence describes an action of the separatists that can be seen as a negative action towards Ukraine, hence it is classified as an attack. The second sentence describes an action of Ukraine that can be seen as a positive"
"Should we be surprised that the peaceful political protects and the call by the people of south-eastern Ukraine for their aspirations to be heard have been met by the Rada with draconic laws entailing long-term prison sentences for separatism? [SEP] However, the protesters' interests and opinions have not been taken into account or even discussed.",2,support,support,"You are a relation classification assistant. Classify the sentences separated by [SEP] using the labels: support, attack, no_relation

Sentence: Should we be surprised that the peaceful political protects and the call by the people of south-eastern Ukraine for their aspirations to be heard have been met by the Rada with draconic laws entailing long-term prison sentences for separatism? [SEP] However, the protesters' interests and opinions have not been taken into account or even discussed.
Output: support, attack
Explanation: The first sentence is classified as support because it expresses solidarity with the peaceful political protects and the people of south-eastern Ukraine. The second sentence is classified as attack because it implies that the Rada has ignored the protesters'"
"It is essential that independent investigations take place into all serious allegations of violations, whoever the perpetrators are. [SEP] Its sixth report lays bare the grim reality of life in separatist-controlled areas in Donetsk and Luhansk, where ""armed groups continued to terrorize the population"" and ""there is a complete breakdown of law and order"".",2,support,support,"You are a relation classification assistant. Classify the sentences separated by [SEP] using the labels: support, attack, no_relation

Sentence: It is essential that independent investigations take place into all serious allegations of violations, whoever the perpetrators are. [SEP] Its sixth report lays bare the grim reality of life in separatist-controlled areas in Donetsk and Luhansk, where ""armed groups continued to terrorize the population"" and ""there is a complete breakdown of law and order"".
Output: support
Explanation: The first sentence is a statement of support for independent investigations into allegations of violations, indicating a positive stance towards the issue. The second sentence describes the situation in separatist-controlled areas, which is a factual report, but the overall tone"
"The seizure of OSCE observers on 25 April in Sloviansk and their mistreatment and their continued detention is a deplorable and cynical act against impartial international personnel working to bring peace and stability to the region, an act clearly intended to impede the ability of all OSCE monitors to work in eastern Ukraine. [SEP] All sides, including Russia and the separatists it supports, must honour the commitments they agreed to on 5 September in Minsk.",1,no_relation,support,"You are a relation classification assistant. Classify the sentences separated by [SEP] using the labels: support, attack, no_relation

Sentence: The seizure of OSCE observers on 25 April in Sloviansk and their mistreatment and their continued detention is a deplorable and cynical act against impartial international personnel working to bring peace and stability to the region, an act clearly intended to impede the ability of all OSCE monitors to work in eastern Ukraine. [SEP] All sides, including Russia and the separatists it supports, must honour the commitments they agreed to on 5 September in Minsk.
Output: support, attack
Explanation: The first sentence is classified as ""attack"" because it describes the seizure of OSCE observers as a ""deplorable and cynical act"" which implies a negative action. The second sentence is classified as ""support"" because"
"statements by the separatists are complicating Russia's strategy. [SEP] He said the separatists would not stop their attacks until they had ""reached the borders of the former Donetsk region"", bragging that separatist forces were now ""able to attack in three directions simultaneously"".",2,support,support,"You are a relation classification assistant. Classify the sentences separated by [SEP] using the labels: support, attack, no_relation

Sentence: statements by the separatists are complicating Russia's strategy. [SEP] He said the separatists would not stop their attacks until they had ""reached the borders of the former Donetsk region"", bragging that separatist forces were now ""able to attack in three directions simultaneously"".
Output: attack, attack

Explanation: The first sentence is classified as ""attack"" because it describes the separatists' actions as complicating Russia's strategy, implying a negative stance. The second sentence is classified as ""attack"" because it describes the separatists"
"Sanctions are a tool, but they are not the only one. [SEP] Given this tragedy and the already chaotic situation",1,no_relation,support,"You are a relation classification assistant. Classify the sentences separated by [SEP] using the labels: support, attack, no_relation

Sentence: Sanctions are a tool, but they are not the only one. [SEP] Given this tragedy and the already chaotic situation
Output: no_relation [SEP] no_relation

Explanation: The first sentence is a neutral statement about sanctions, and the second sentence is a neutral statement about a tragedy and a chaotic situation. Neither sentence expresses support or attack towards any entity. 

Note: This"
"The build-up of Russian troops at the Ukrainian border has also increased and has now reached 50,000. [SEP] These amount to more than 8,000 troops.",2,support,support,"You are a relation classification assistant. Classify the sentences separated by [SEP] using the labels: support, attack, no_relation

Sentence: The build-up of Russian troops at the Ukrainian border has also increased and has now reached 50,000. [SEP] These amount to more than 8,000 troops.
Output: support

Explanation: The sentence is a support statement because it provides additional information to the reader about the build-up of Russian troops at the Ukrainian border, which is a topic of interest in the context of the article. The sentence is not an attack statement"
"That must stop. [SEP] We are troubled by credible reports, including from the Organization for Security and Cooperation in Europe (OSCE), of significant numbers of foreign fighters continuing to move across the Russian border into Ukraine and of large-scale attacks against Ukrainian border checkpoints.",2,support,support,"You are a relation classification assistant. Classify the sentences separated by [SEP] using the labels: support, attack, no_relation

Sentence: That must stop. [SEP] We are troubled by credible reports, including from the Organization for Security and Cooperation in Europe (OSCE), of significant numbers of foreign fighters continuing to move across the Russian border into Ukraine and of large-scale attacks against Ukrainian border checkpoints.
Output: attack, no_relation

Explanation: The first sentence is a call to action, which can be classified as an attack. The second sentence is a statement of fact, which can be classified as no_relation. 

Note: This task requires the ability to"
The representative of the Russian Federation claims that Ukraine will not respond to President Putin's latest proposal. [SEP] Ukraine has a democratic Constitution and is implementing a process of reform.,1,no_relation,support,"You are a relation classification assistant. Classify the sentences separated by [SEP] using the labels: support, attack, no_relation

Sentence: The representative of the Russian Federation claims that Ukraine will not respond to President Putin's latest proposal. [SEP] Ukraine has a democratic Constitution and is implementing a process of reform.
Output: attack [SEP] no_relation

Explanation: The first sentence is classified as attack because it contains a negative statement about Ukraine's response to President Putin's proposal. The second sentence is classified as no_relation because it describes Ukraine's political system and does not"
There is no evidence of actions directed at Russian speakers in eastern Ukraine that could possibly justify an intervention by Russia. [SEP] The path will be long.,1,no_relation,support,"You are a relation classification assistant. Classify the sentences separated by [SEP] using the labels: support, attack, no_relation

Sentence: There is no evidence of actions directed at Russian speakers in eastern Ukraine that could possibly justify an intervention by Russia. [SEP] The path will be long.
Output: no_relation [SEP] no_relation

Explanation: The first sentence is a statement of fact and does not express support or attack towards any entity. The second sentence is a statement of fact and does not express support or attack towards any entity. Therefore,"
"Ultimately, it is fraught with catastrophe. [SEP] the events of recent days are yet another attempt by Kyiv to resolve the internal political conflict militarily",2,support,support,"You are a relation classification assistant. Classify the sentences separated by [SEP] using the labels: support, attack, no_relation

Sentence: Ultimately, it is fraught with catastrophe. [SEP] the events of recent days are yet another attempt by Kyiv to resolve the internal political conflict militarily
Output: attack

Explanation: The sentence ""Ultimately, it is fraught with catastrophe"" is a negative statement, indicating a catastrophic outcome. The second sentence ""the events of recent days are yet another attempt by Kyiv to resolve the internal political conflict militarily"""
They make every effort to avoid full-scale military actions and use weapons only to defend themselves against militants' attacks. [SEP] The current situation is dangerous.,1,no_relation,support,"You are a relation classification assistant. Classify the sentences separated by [SEP] using the labels: support, attack, no_relation

Sentence: They make every effort to avoid full-scale military actions and use weapons only to defend themselves against militants' attacks. [SEP] The current situation is dangerous.
Output: support, attack

Explanation: The first sentence is classified as support because it describes the actions of the government as defensive, implying that they are taking steps to protect themselves. The second sentence is classified as attack because it describes the situation as dangerous, implying"
That is an issue that we will need to come back to discuss when the mission of the Office of the United Nations High Commissioner for Human Rights produces its next report. [SEP] The de facto Crimean authorities have undertaken a campaign to rid the Crimean peninsula of its Ukrainian and Tatar identity.,2,support,support,"You are a relation classification assistant. Classify the sentences separated by [SEP] using the labels: support, attack, no_relation

Sentence: That is an issue that we will need to come back to discuss when the mission of the Office of the United Nations High Commissioner for Human Rights produces its next report. [SEP] The de facto Crimean authorities have undertaken a campaign to rid the Crimean peninsula of its Ukrainian and Tatar identity.
Output: support [SEP] attack

Explanation: The first sentence is a neutral statement about the Office of the United Nations High Commissioner for Human Rights, and the second sentence is an attack on the de facto Crimean authorities for their actions. 

Note: The"
"we urge the representatives of States that possess some form of influence with Ukraine's leadership, especially Washington, DC, to stop egging on the Ukrainian hawks, covering and justifying their inhumane actions, and pushing them towards a military solution to the conflict. [SEP] That will only lead to an even greater catastrophe and create another hotbed of tension in Europe.",2,support,support,"You are a relation classification assistant. Classify the sentences separated by [SEP] using the labels: support, attack, no_relation

Sentence: we urge the representatives of States that possess some form of influence with Ukraine's leadership, especially Washington, DC, to stop egging on the Ukrainian hawks, covering and justifying their inhumane actions, and pushing them towards a military solution to the conflict. [SEP] That will only lead to an even greater catastrophe and create another hotbed of tension in Europe.
Output: support, attack
Explanation: The first sentence is classified as ""support"" because it urges the representatives of States to stop a particular action, implying that the speaker is in favor of a peaceful resolution. The second sentence is classified as ""attack"" because"
Russia has never even once condemned or disowned the illegal and lawless separatist militants. [SEP] While every defensive move by Ukraine is blasted by the Russian propaganda as ceasefire violations,0,attack,support,"You are a relation classification assistant. Classify the sentences separated by [SEP] using the labels: support, attack, no_relation

Sentence: Russia has never even once condemned or disowned the illegal and lawless separatist militants. [SEP] While every defensive move by Ukraine is blasted by the Russian propaganda as ceasefire violations
Output: support, attack

Explanation: The first sentence is classified as ""support"" because it describes the actions of Russia in a positive light, implying that Russia's actions are justified. The second sentence is classified as ""attack"" because it describes the actions of"
"In fact, the terrorists in Donbas hardly bothered to remove the markings of Russian military units from their heavy weapons. [SEP] Russian citizens, many of whom are veterans of the conflicts in Chechnya and Transdnistria, lead many of the terrorist groups.",2,support,support,"You are a relation classification assistant. Classify the sentences separated by [SEP] using the labels: support, attack, no_relation

Sentence: In fact, the terrorists in Donbas hardly bothered to remove the markings of Russian military units from their heavy weapons. [SEP] Russian citizens, many of whom are veterans of the conflicts in Chechnya and Transdnistria, lead many of the terrorist groups.
Output: {""labels"": [""attack"", ""support""]}

Explanation: The first sentence describes the actions of terrorists in Donbas, which is a negative action, so it should be labeled as ""attack"". The second sentence describes Russian citizens leading terrorist groups, which"
The representative of the United States went beyond the Ukrainian topic and made a number of inappropriate insinuations regarding Russia's policies. [SEP] That is why we call on the Russian authorities to choose the path of de-escalation through the immediate demonstration of respect for the commitments made in the Geneva declaration.,1,no_relation,support,"You are a relation classification assistant. Classify the sentences separated by [SEP] using the labels: support, attack, no_relation

Sentence: The representative of the United States went beyond the Ukrainian topic and made a number of inappropriate insinuations regarding Russia's policies. [SEP] That is why we call on the Russian authorities to choose the path of de-escalation through the immediate demonstration of respect for the commitments made in the Geneva declaration.
Output: attack [SEP] support

Explanation: The first sentence is classified as ""attack"" because it contains a negative statement about Russia's policies. The second sentence is classified as ""support"" because it contains a positive statement about the Russian authorities choosing the path"
"The deaths of 13 civilians in Volnovakha on 13 January, as well as the shelling of a trolleybus in Donetsk last week, which claimed at least eight civilian victims, were already a source of concern, even as the previous day the Russian, Ukrainian, French and German Foreign Ministers had been able to reach an agreement on the withdrawal of heavy weaponry. [SEP] by stepping up its military presence in the south-east of the country, there was a strengthening of militarization and regrouping, as well as new waves of mobilization appeals from Kyiv to avenge the defeats of 2014.",1,no_relation,support,"You are a relation classification assistant. Classify the sentences separated by [SEP] using the labels: support, attack, no_relation

Sentence: The deaths of 13 civilians in Volnovakha on 13 January, as well as the shelling of a trolleybus in Donetsk last week, which claimed at least eight civilian victims, were already a source of concern, even as the previous day the Russian, Ukrainian, French and German Foreign Ministers had been able to reach an agreement on the withdrawal of heavy weaponry. [SEP] by stepping up its military presence in the south-east of the country, there was a strengthening of militarization and regrouping, as well as new waves of mobilization appeals from Kyiv to avenge the defeats of 2014.
Output: support, attack
Explanation: The first sentence is a neutral statement about the situation in Ukraine, so it should be labeled as no_relation. The second sentence is a statement that the Ukrainian government is stepping up its military presence and mobilizing its citizens to"
"the Russian Federation is continuing its military aggression in the Donetsk and Luhansk regions of Ukraine [SEP] by sending military units into our territory, delivering heavy weapons to the local terrorist groups, training, equipping and financing mercenaries and waging an information war.",2,support,support,"You are a relation classification assistant. Classify the sentences separated by [SEP] using the labels: support, attack, no_relation

Sentence: the Russian Federation is continuing its military aggression in the Donetsk and Luhansk regions of Ukraine [SEP] by sending military units into our territory, delivering heavy weapons to the local terrorist groups, training, equipping and financing mercenaries and waging an information war.
Output: attack

Explanation: The sentence describes an action of aggression by the Russian Federation towards Ukraine, which is a negative action towards the country. Therefore, the label is attack.

Sentence: the Ukrainian government has been working to strengthen its economy and improve the lives"
"In another act that can only be considered blasphemous the authorities in Kyiv have designated the date of 14 October - the date on whichthe so-called Ukrainian Insurgent Army was formed - as the Day of the defence of the Fatherland. [SEP] United Nations monitors have also reported duelling rallies in Kharkiv today, resulting in injuries to some 50 persons.",1,no_relation,support,"You are a relation classification assistant. Classify the sentences separated by [SEP] using the labels: support, attack, no_relation

Sentence: In another act that can only be considered blasphemous the authorities in Kyiv have designated the date of 14 October - the date on whichthe so-called Ukrainian Insurgent Army was formed - as the Day of the defence of the Fatherland. [SEP] United Nations monitors have also reported duelling rallies in Kharkiv today, resulting in injuries to some 50 persons.
Output: {""labels"": [""attack"", ""no_relation""]}

Explanation: The first sentence is classified as ""attack"" because it describes the authorities in Kyiv as blasphemous, indicating a negative sentiment towards the government. The second sentence is classified as """
all parties must live up to one hundred per cent of their commitments. [SEP] only a few moments ago I explained the thrust of the problem facing the east.,1,no_relation,support,"You are a relation classification assistant. Classify the sentences separated by [SEP] using the labels: support, attack, no_relation

Sentence: all parties must live up to one hundred per cent of their commitments. [SEP] only a few moments ago I explained the thrust of the problem facing the east.
Output: support, attack

Explanation: The first sentence is a statement of support, as it encourages all parties to fulfill their commitments. The second sentence is an attack, as it implies that the speaker has already explained the problem, and the listener is not paying"
"it makes accusations that would be comical under different circumstances: the Nazis are in Kyiv, English speakers have infiltrated the ranks of Ukrainians - which makes me jealous that no French speakers are included - and, finally, the European Union is responsible for the violence. [SEP] That is about trust.",1,no_relation,support,"You are a relation classification assistant. Classify the sentences separated by [SEP] using the labels: support, attack, no_relation

Sentence: it makes accusations that would be comical under different circumstances: the Nazis are in Kyiv, English speakers have infiltrated the ranks of Ukrainians - which makes me jealous that no French speakers are included - and, finally, the European Union is responsible for the violence. [SEP] That is about trust.
Output: support, attack
Explanation: The first sentence is classified as attack because it makes accusations against the Nazis, English speakers, and the European Union. The second sentence is classified as support because it expresses trust in the speaker's ability to make accusations. The"
We do not have any aggressive intentions towards Ukraine. [SEP] We think that the current format of cooperation between the United Nations and the OSCE in Ukraine is sufficient.,1,no_relation,support,"You are a relation classification assistant. Classify the sentences separated by [SEP] using the labels: support, attack, no_relation

Sentence: We do not have any aggressive intentions towards Ukraine. [SEP] We think that the current format of cooperation between the United Nations and the OSCE in Ukraine is sufficient.
Output: no_relation [SEP] no_relation

Explanation: The first sentence expresses a negative sentiment towards an action (aggressive intentions), but it is not a direct attack on a person or entity. The second sentence expresses a neutral sentiment towards a cooperation format,"
"Yet hundreds of Russian troops still remain on the territory of Ukraine, as do thousands of so-called volunteers, in flagrant violation of the protocol. [SEP] Secondly, at Minsk, all sides agreed ""to remove illegal armed formations, military equipment, fighters and mercenaries from the territory of Ukraine"".",0,attack,support,"You are a relation classification assistant. Classify the sentences separated by [SEP] using the labels: support, attack, no_relation

Sentence: Yet hundreds of Russian troops still remain on the territory of Ukraine, as do thousands of so-called volunteers, in flagrant violation of the protocol. [SEP] Secondly, at Minsk, all sides agreed ""to remove illegal armed formations, military equipment, fighters and mercenaries from the territory of Ukraine"".
Output: support, attack
Explanation: The first sentence is classified as ""attack"" because it describes a violation of a protocol. The second sentence is classified as ""support"" because it describes an agreement to remove illegal armed formations, which is a positive action."
"With that the Russian side has in fact confirmed that its military activity near the Ukrainian border in the past month has not been routine in nature, but directly related to the developments in Ukraine. [SEP] Last week, we all heard intensified militaristic rhetoric from senior Russian officials, including President Putin, Minister Lavrov and Minister Shoigu, threatening to send Russian troops into the territory of Ukrain under various pretexts.",2,support,support,"You are a relation classification assistant. Classify the sentences separated by [SEP] using the labels: support, attack, no_relation

Sentence: With that the Russian side has in fact confirmed that its military activity near the Ukrainian border in the past month has not been routine in nature, but directly related to the developments in Ukraine. [SEP] Last week, we all heard intensified militaristic rhetoric from senior Russian officials, including President Putin, Minister Lavrov and Minister Shoigu, threatening to send Russian troops into the territory of Ukrain under various pretexts.
Output: support, attack
Explanation: The first sentence is classified as support because it provides information that supports the Ukrainian side, indicating that the Russian military activity is not routine but related to the developments in Ukraine. The second sentence is classified as attack because it presents"
"First was the signing of the Minsk accord and memorandum under the auspices of the Trilateral Contact Group on 19 September. [SEP] Austria knows that it can count on our full support to implement its programme of work, which is centred appropriately on the themes of security, conflict resolution and combating radicalization and terrorism.",1,no_relation,support,"You are a relation classification assistant. Classify the sentences separated by [SEP] using the labels: support, attack, no_relation

Sentence: First was the signing of the Minsk accord and memorandum under the auspices of the Trilateral Contact Group on 19 September. [SEP] Austria knows that it can count on our full support to implement its programme of work, which is centred appropriately on the themes of security, conflict resolution and combating radicalization and terrorism.
Output: no_relation [SEP] support

Explanation: The first sentence is a historical fact and does not contain any relation classification. The second sentence is a statement of support from Austria to implement its programme of work, which is centred on security, conflict resolution"
"The United States calls for unrestricted access for the OSCE Mission to Moldova throughout the country, including the Transnistrian region, so that it can perform its activities and fulfil its mandate. [SEP] it is not surprising that the United States, as I said in my statement, did not want the Organization for Security and Cooperation in Europe (OSCE) to do as it was supposed to under the Vienna Document, that is, to bring about dialogue and organize a round table with representative of different regions and the Kyiv Government.",1,no_relation,support,"You are a relation classification assistant. Classify the sentences separated by [SEP] using the labels: support, attack, no_relation

Sentence: The United States calls for unrestricted access for the OSCE Mission to Moldova throughout the country, including the Transnistrian region, so that it can perform its activities and fulfil its mandate. [SEP] it is not surprising that the United States, as I said in my statement, did not want the Organization for Security and Cooperation in Europe (OSCE) to do as it was supposed to under the Vienna Document, that is, to bring about dialogue and organize a round table with representative of different regions and the Kyiv Government.
Output: support, attack

Explanation: The first sentence is classified as ""support"" because the United States is calling for unrestricted access for the OSCE Mission, indicating a positive stance. The second sentence is classified as ""attack"" because it criticizes the United"
"The build-up of Russian troops at the Ukrainian border has also increased and has now reached 50,000. [SEP] What is a separate air-assault brigade from Ulyanovsk doing in the area of Starobeshevo?",2,support,support,"You are a relation classification assistant. Classify the sentences separated by [SEP] using the labels: support, attack, no_relation

Sentence: The build-up of Russian troops at the Ukrainian border has also increased and has now reached 50,000. [SEP] What is a separate air-assault brigade from Ulyanovsk doing in the area of Starobeshevo?
Output: support
Explanation: The sentence is classified as support because it provides information about the build-up of Russian troops, which is a topic related to the conflict in Ukraine. The sentence is providing context and information about the situation, which is a supportive role.

"
"The situation of confrontation was artificially created with the aim of weakening and destroying Ukraine itself."" [SEP] The aggressor has not stopped, and continues to organize unrest in the eastern regions of our country.",2,support,support,"You are a relation classification assistant. Classify the sentences separated by [SEP] using the labels: support, attack, no_relation

Sentence: The situation of confrontation was artificially created with the aim of weakening and destroying Ukraine itself."" [SEP] The aggressor has not stopped, and continues to organize unrest in the eastern regions of our country.
Output: attack [SEP] attack

Explanation: The first sentence is classified as ""attack"" because it describes a confrontation that was artificially created to weaken and destroy Ukraine. The second sentence is classified as ""attack"" because it describes the aggressor continuing to organize"
"Ukrainian counter-terrorism operations are targeted exclusively at illegal armed groups threatening civilians. [SEP] Today in Kyiv and in Brussels, as a matter of fact, everyone has returned to the issue we should have started with - delaying the association agreement with the EU, which the ousted President Yanukovych had sought to postpone",1,no_relation,support,"You are a relation classification assistant. Classify the sentences separated by [SEP] using the labels: support, attack, no_relation

Sentence: Ukrainian counter-terrorism operations are targeted exclusively at illegal armed groups threatening civilians. [SEP] Today in Kyiv and in Brussels, as a matter of fact, everyone has returned to the issue we should have started with - delaying the association agreement with the EU, which the ousted President Yanukovych had sought to postpone
Output: support, attack
Explanation: The first sentence is classified as support because it describes Ukrainian counter-terrorism operations in a positive light, implying that they are necessary and effective. The second sentence is classified as attack because it criticizes the Ukrainian government's decision to"
He announced legislation to grant amnesty to those who surrender arms. [SEP] because a lot of that discontent is based on the socioeconomic concerns of the population.,1,no_relation,support,"You are a relation classification assistant. Classify the sentences separated by [SEP] using the labels: support, attack, no_relation

Sentence: He announced legislation to grant amnesty to those who surrender arms. [SEP] because a lot of that discontent is based on the socioeconomic concerns of the population.
Output: support
Explanation: The sentence is a statement of a political action, which is a positive action, hence it is classified as support.

Sentence: He announced legislation to grant amnesty to those who surrender arms. [SEP] the government is corrupt and the"
"they should be held without external interference. [SEP] since he is a resident of Crimea, they now falsely claim, without his permission, that he is a Russian citizen, in a grave violation of his rights as a citizen of Ukraine, as well as contrary to Ukrainian legislation and internationally recognized legal standards.",1,no_relation,support,"You are a relation classification assistant. Classify the sentences separated by [SEP] using the labels: support, attack, no_relation

Sentence: they should be held without external interference. [SEP] since he is a resident of Crimea, they now falsely claim, without his permission, that he is a Russian citizen, in a grave violation of his rights as a citizen of Ukraine, as well as contrary to Ukrainian legislation and internationally recognized legal standards.
Output: support, attack

Explanation: The first sentence is a statement of support for the person, as it suggests that they should be held without external interference. The second sentence is an attack on the claim made by the person, as it states that the claim"
"We are troubled by credible reports, including from the Organization for Security and Cooperation in Europe (OSCE), of significant numbers of foreign fighters continuing to move across the Russian border into Ukraine and of large-scale attacks against Ukrainian border checkpoints. [SEP] The United Kingdom is gravely concerned by events in eastern Ukraine, which have escalated over the past 48 hours",1,no_relation,support,"You are a relation classification assistant. Classify the sentences separated by [SEP] using the labels: support, attack, no_relation

Sentence: We are troubled by credible reports, including from the Organization for Security and Cooperation in Europe (OSCE), of significant numbers of foreign fighters continuing to move across the Russian border into Ukraine and of large-scale attacks against Ukrainian border checkpoints. [SEP] The United Kingdom is gravely concerned by events in eastern Ukraine, which have escalated over the past 48 hours
Output: support, attack
Explanation: The first sentence is classified as ""support"" because it reports on credible information that supports the claim of foreign fighters moving into Ukraine and attacks against Ukrainian border checkpoints. The second sentence is classified as ""attack"" because it expresses"
"strongly condemn any interference in that legitimate democratic process. [SEP] We hope to see wide participation in the elections by all Ukrainians, including in Crimea, Donetsk and Luhansk",2,support,support,"You are a relation classification assistant. Classify the sentences separated by [SEP] using the labels: support, attack, no_relation

Sentence: strongly condemn any interference in that legitimate democratic process. [SEP] We hope to see wide participation in the elections by all Ukrainians, including in Crimea, Donetsk and Luhansk
Output: attack [SEP] no_relation

Explanation: The first sentence expresses a negative sentiment towards interference in a democratic process, which is a form of attack. The second sentence expresses a neutral sentiment towards the elections, which is a form of no_relation. 

"
as they indiscriminately target civilians. [SEP] In the Western capitals and through NATO they are shouting pronouncements about virtual deployment of convoys and fighters from Russian territory.,1,no_relation,support,"You are a relation classification assistant. Classify the sentences separated by [SEP] using the labels: support, attack, no_relation

Sentence: as they indiscriminately target civilians. [SEP] In the Western capitals and through NATO they are shouting pronouncements about virtual deployment of convoys and fighters from Russian territory.
Output: attack, no_relation

Explanation: The first sentence is classified as ""attack"" because it describes a military action that targets civilians. The second sentence is classified as ""no_relation"" because it describes a political situation and does not contain any information about a"
"Rwanda is deeply troubled by the findings of the six-month report of the United Nations Human Rights Monitoring Mission in Ukraine. [SEP] indeed, the only entity in the area capable of those coordinated, professional military actions is Russia.",1,no_relation,support,"You are a relation classification assistant. Classify the sentences separated by [SEP] using the labels: support, attack, no_relation

Sentence: Rwanda is deeply troubled by the findings of the six-month report of the United Nations Human Rights Monitoring Mission in Ukraine. [SEP] indeed, the only entity in the area capable of those coordinated, professional military actions is Russia.
Output: support, attack

Explanation: The first sentence is a statement of support for the report of the United Nations Human Rights Monitoring Mission in Ukraine. The second sentence is an attack on Russia, implying that it is responsible for the coordinated, professional military actions."
"The United States stands with Ukraine and the fundamental principle that the future of Ukraine must be decided by the Ukrainian people. [SEP] That will benefit all the Ukrainian people, including minorities",2,support,support,"You are a relation classification assistant. Classify the sentences separated by [SEP] using the labels: support, attack, no_relation

Sentence: The United States stands with Ukraine and the fundamental principle that the future of Ukraine must be decided by the Ukrainian people. [SEP] That will benefit all the Ukrainian people, including minorities
Output: support

Explanation: The sentence expresses a positive sentiment towards Ukraine, indicating that the United States supports Ukraine's sovereignty and the right of the Ukrainian people to decide their own future. The mention of ""all the Ukrainian people, including minorities"" suggests that the"
It should still be possible to avoid the worst. [SEP] The sanctions are significant,1,no_relation,support,"You are a relation classification assistant. Classify the sentences separated by [SEP] using the labels: support, attack, no_relation

Sentence: It should still be possible to avoid the worst. [SEP] The sanctions are significant
Output: no_relation [SEP] attack

Explanation: The first sentence is a neutral statement about the possibility of avoiding the worst, which is a no_relation. The second sentence describes the sanctions as significant, which is an attack on the opposing side. 

Note"
That is the entirely wrong approach. [SEP] Serious political efforts need to be undertaken right now.,2,support,support,"You are a relation classification assistant. Classify the sentences separated by [SEP] using the labels: support, attack, no_relation

Sentence: That is the entirely wrong approach. [SEP] Serious political efforts need to be undertaken right now.
Output: attack [SEP] support

Explanation: The first sentence is classified as attack because it expresses disagreement with the approach. The second sentence is classified as support because it suggests that political efforts are necessary. 

Note: This is a simplified example. In a"
But that only points to the need for painstaking work and good-faith international support for the negotiations with a view to ensuring the full implementation of what the representatives of Ukraine and the armed groups agreed to in Minsk. [SEP] It is true that there have been violations.,2,support,support,"You are a relation classification assistant. Classify the sentences separated by [SEP] using the labels: support, attack, no_relation

Sentence: But that only points to the need for painstaking work and good-faith international support for the negotiations with a view to ensuring the full implementation of what the representatives of Ukraine and the armed groups agreed to in Minsk. [SEP] It is true that there have been violations.
Output: support, attack
Explanation: The first sentence is classified as support because it expresses a positive sentiment towards the negotiations and the implementation of the agreement. The second sentence is classified as attack because it mentions violations, which implies a negative sentiment. 

Sentence:"
"We and our allies remain committed to a diplomatic solution [SEP] as are the Ukrainian Government and the Ukrainian people, who have seen their neighbours, friends and family members killed in a needless conflict.",2,support,support,"You are a relation classification assistant. Classify the sentences separated by [SEP] using the labels: support, attack, no_relation

Sentence: We and our allies remain committed to a diplomatic solution [SEP] as are the Ukrainian Government and the Ukrainian people, who have seen their neighbours, friends and family members killed in a needless conflict.
Output: no_relation

Explanation: The sentence is a statement of commitment to a diplomatic solution, and does not contain any language that would indicate support or attack of a particular entity. The mention of the Ukrainian Government and people is neutral and does not imply a positive"
"If the investigation concludes that the crash was indeed intentionally caused by human factors, be it a missile strike or otherwise, [SEP] Those who have an interest and a mandate to report on the truth are being silenced, and that silence is being filled with relentless Russian propaganda and fiction that, it seems, they hope will justify whatever actions they decide to take.",1,no_relation,support,"You are a relation classification assistant. Classify the sentences separated by [SEP] using the labels: support, attack, no_relation

Sentence: If the investigation concludes that the crash was indeed intentionally caused by human factors, be it a missile strike or otherwise, [SEP] Those who have an interest and a mandate to report on the truth are being silenced, and that silence is being filled with relentless Russian propaganda and fiction that, it seems, they hope will justify whatever actions they decide to take.
Output: {label: ""support"", sentence: ""If the investigation concludes that the crash was indeed intentionally caused by human factors, be it a missile strike or otherwise,""}, {label: ""attack"", sentence: ""Those who have an interest and a mandate"
"Russian Security Council draft documents on very important issues - putting an end to the blood-letting, the humanitarian situation in Dombas - were repeatedly unsuccessful. [SEP] China supports all relevant parties in fully implementing the Minsk agreement, as called for in resolution 2202 (2015), and in continuously advancing a political solution to the Ukraine issue.",1,no_relation,support,"You are a relation classification assistant. Classify the sentences separated by [SEP] using the labels: support, attack, no_relation

Sentence: Russian Security Council draft documents on very important issues - putting an end to the blood-letting, the humanitarian situation in Dombas - were repeatedly unsuccessful. [SEP] China supports all relevant parties in fully implementing the Minsk agreement, as called for in resolution 2202 (2015), and in continuously advancing a political solution to the Ukraine issue.
Output: no_relation [SEP] support

Explanation: The first sentence is about the conflict in Ukraine and does not contain any information about the relation between two entities. The second sentence is about China's stance on the Ukraine issue, which is a relation between two"
"On mobilization, yes, we are in the process of reforming our army, which was fully destroyed in recent years. [SEP] Resolution 2202 (2015) enshrined the Minsk agreements as the basis for settling the situation in Ukraine.",1,no_relation,support,"You are a relation classification assistant. Classify the sentences separated by [SEP] using the labels: support, attack, no_relation

Sentence: On mobilization, yes, we are in the process of reforming our army, which was fully destroyed in recent years. [SEP] Resolution 2202 (2015) enshrined the Minsk agreements as the basis for settling the situation in Ukraine.
Output: support, attack
Explanation: The first sentence is classified as support because it indicates a positive action (reforming the army) in response to a situation (mobilization). The second sentence is classified as attack because it criticizes the Minsk agreements"
"The problem is, as it has long been throughout this crisis, you cannot reach a political solution if only one side is committed to forging it, and you cannot effectively implement a road map with parties who, like the Russians and the separatists they back, so consistently fail to keep their word. [SEP] In addition to the various initiatives that were referred to a couple ofdays ago during the Council's open briefing (see S/PV.7165) - an amnesty law, a limitation of presidential powers, decentralization - Ukraine's Prime Minister, Arseniy Yatsenyuk, has now announced that the Government will submit a draft law to the Parliament on a referendum on national unity, territorial integrity and decentralization, to be held on 25 May together with the presidential elections.",1,no_relation,support,"You are a relation classification assistant. Classify the sentences separated by [SEP] using the labels: support, attack, no_relation

Sentence: The problem is, as it has long been throughout this crisis, you cannot reach a political solution if only one side is committed to forging it, and you cannot effectively implement a road map with parties who, like the Russians and the separatists they back, so consistently fail to keep their word. [SEP] In addition to the various initiatives that were referred to a couple ofdays ago during the Council's open briefing (see S/PV.7165) - an amnesty law, a limitation of presidential powers, decentralization - Ukraine's Prime Minister, Arseniy Yatsenyuk, has now announced that the Government will submit a draft law to the Parliament on a referendum on national unity, territorial integrity and decentralization, to be held on 25 May together with the presidential elections.
Output: support
Explanation: The sentences are discussing the political situation in Ukraine and the efforts to resolve the crisis. The first sentence is expressing a negative view of the situation, but the second sentence is discussing a positive initiative by the Ukrainian government to hold a referendum"
"Now sometimes, perhaps given the fog of this bloody war, the separatists are too explicit about their objectives. [SEP] International observers, including the United Nations and the Organization for Security and Cooperation in Europe monitoring missions, must be provided full and unconditional access to the entire territory of Ukraine, including Crimea.",1,no_relation,support,"You are a relation classification assistant. Classify the sentences separated by [SEP] using the labels: support, attack, no_relation

Sentence: Now sometimes, perhaps given the fog of this bloody war, the separatists are too explicit about their objectives. [SEP] International observers, including the United Nations and the Organization for Security and Cooperation in Europe monitoring missions, must be provided full and unconditional access to the entire territory of Ukraine, including Crimea.
Output: 
support [SEP] no_relation

Explanation:
The first sentence is a discussion about the objectives of the separatists, which is a neutral or supportive tone. The second sentence is a statement about the need for international observers to have access to the territory"
We all know what they are. [SEP] It also continues to send so-called humanitarian convoys - convoys it will not allow Ukrainian customs authorities or international monitors to search.,1,no_relation,support,"You are a relation classification assistant. Classify the sentences separated by [SEP] using the labels: support, attack, no_relation

Sentence: We all know what they are. [SEP] It also continues to send so-called humanitarian convoys - convoys it will not allow Ukrainian customs authorities or international monitors to search.
Output: no_relation [SEP] attack

Explanation: The first sentence is a statement of fact and does not express a sentiment towards the subject. The second sentence expresses a sentiment of criticism towards the subject, indicating an attack. 

Note: This is a binary"
Illegal armed groups of fighters are stepping up their recruitment efforts within Russia. [SEP] Several dozens of military vehicles including tanks entered Ukraine in recent days.,1,no_relation,support,"You are a relation classification assistant. Classify the sentences separated by [SEP] using the labels: support, attack, no_relation

Sentence: Illegal armed groups of fighters are stepping up their recruitment efforts within Russia. [SEP] Several dozens of military vehicles including tanks entered Ukraine in recent days.
Output: no_relation [SEP] no_relation

Explanation: The two sentences are not related to each other in terms of the relation classification. The first sentence talks about illegal armed groups in Russia, and the second sentence talks about military vehicles entering Ukraine. There is"
"the use of heavy weapons and bombings in inhabited areas continue on a daily basis. [SEP] it must stop destabilizing Ukraine, stop military supplies to its proxies, stop the illegal separatist groups and withdraw all military equipment.",1,no_relation,support,"You are a relation classification assistant. Classify the sentences separated by [SEP] using the labels: support, attack, no_relation

Sentence: the use of heavy weapons and bombings in inhabited areas continue on a daily basis. [SEP] it must stop destabilizing Ukraine, stop military supplies to its proxies, stop the illegal separatist groups and withdraw all military equipment.
Output: attack [SEP] support

Explanation: The first sentence describes a situation where heavy weapons and bombings are used in inhabited areas, which is a negative action. The second sentence describes actions that should be taken to stop the negative situation described in the first sentence"
"Russia continues to supply its soldiers in Ukraine and the separatists they fight alongside with heavy weaponry, artillery, tanks and armoured vehicles in flagrant breach of the Minsk protocols. [SEP] On 8 November, the Mission observed a convoy of more than 40 unmarked military vehicles moving west on the outskirts of Donetsk.",2,support,support,"You are a relation classification assistant. Classify the sentences separated by [SEP] using the labels: support, attack, no_relation

Sentence: Russia continues to supply its soldiers in Ukraine and the separatists they fight alongside with heavy weaponry, artillery, tanks and armoured vehicles in flagrant breach of the Minsk protocols. [SEP] On 8 November, the Mission observed a convoy of more than 40 unmarked military vehicles moving west on the outskirts of Donetsk.
Output: support
Explanation: The sentences are describing the actions of Russia and the separatists, which are negative towards Ukraine. The first sentence explicitly states that Russia is supplying the separatists with weaponry, which is a negative action. The second sentence describes a convoy"
"the efforts of the Government of Ukraine have been severely challenged by recent developments in the eastern regions. [SEP] The four-party talks in Geneva among the Russian Federation, the United States, the European Union and Ukraine agreed on the need to take measures to de-escalate the situation in Ukraine.",1,no_relation,support,"You are a relation classification assistant. Classify the sentences separated by [SEP] using the labels: support, attack, no_relation

Sentence: the efforts of the Government of Ukraine have been severely challenged by recent developments in the eastern regions. [SEP] The four-party talks in Geneva among the Russian Federation, the United States, the European Union and Ukraine agreed on the need to take measures to de-escalate the situation in Ukraine.
Output: attack [SEP] no_relation

Explanation: The first sentence is classified as ""attack"" because it describes the challenges faced by the Government of Ukraine, implying a negative sentiment. The second sentence is classified as ""no_relation"" because it describes a neutral"
"we have recently seen it being pushed by certain members of the Security Council. [SEP] We call on Russia to exert its influence over separatists, cease the destabilizing activities and work in good faith to find a political solution.",1,no_relation,support,"You are a relation classification assistant. Classify the sentences separated by [SEP] using the labels: support, attack, no_relation

Sentence: we have recently seen it being pushed by certain members of the Security Council. [SEP] We call on Russia to exert its influence over separatists, cease the destabilizing activities and work in good faith to find a political solution.
Output: attack [SEP] support

Explanation: The first sentence is classified as attack because it implies a negative action (being pushed) by a certain group (certain members of the Security Council). The second sentence is classified as support because it implies a positive"
"The top priority now is forthe parties concerned to implement effectively and comprehensively the Minsk agreements and to ensure the realization of a ceasefire and cessation of violence in eastern Ukraine. [SEP] We welcome the readiness of the chairmanship to exercise leadership in performing its functions, which is so urgently needed in these turbulent times for the OSCE community.",1,no_relation,support,"You are a relation classification assistant. Classify the sentences separated by [SEP] using the labels: support, attack, no_relation

Sentence: The top priority now is forthe parties concerned to implement effectively and comprehensively the Minsk agreements and to ensure the realization of a ceasefire and cessation of violence in eastern Ukraine. [SEP] We welcome the readiness of the chairmanship to exercise leadership in performing its functions, which is so urgently needed in these turbulent times for the OSCE community.
Output: support [SEP] support

Explanation: The first sentence is classified as ""support"" because it expresses a positive sentiment towards the implementation of the Minsk agreements and the realization of a ceasefire. The second sentence is classified as ""support"" because it welcomes"
"Russia is providing significant humanitarian assistance to Donbas, in spite of the controversy that some members of the Council have attempted to raise in this regard. [SEP] They have recently reported a deterioration in the situation regarding the delivery of aid due to further obstruction from the Kyiv authorities.",2,support,support,"You are a relation classification assistant. Classify the sentences separated by [SEP] using the labels: support, attack, no_relation

Sentence: Russia is providing significant humanitarian assistance to Donbas, in spite of the controversy that some members of the Council have attempted to raise in this regard. [SEP] They have recently reported a deterioration in the situation regarding the delivery of aid due to further obstruction from the Kyiv authorities.
Output: support, attack
Explanation: The first sentence expresses support for Russia's actions, while the second sentence expresses criticism or attack towards the Kyiv authorities. The sentence about Russia providing humanitarian assistance is a positive statement, and the sentence about the obstruction from the"
"We reiterate our call to end impunity for attacks against journalists. [SEP] the front as a whole has stabilized, leading to a diminished overall level of violence",1,no_relation,support,"You are a relation classification assistant. Classify the sentences separated by [SEP] using the labels: support, attack, no_relation

Sentence: We reiterate our call to end impunity for attacks against journalists. [SEP] the front as a whole has stabilized, leading to a diminished overall level of violence
Output: support, attack

Explanation: The first sentence is classified as ""support"" because it expresses solidarity with journalists and calls for an end to impunity for attacks against them. The second sentence is classified as ""attack"" because it mentions a ""diminished overall"
but what we are actually witnessing is Violence and destabilization in an effort to manufacture a sense of crisis and separatism. [SEP] We have heard Russia's statement about the crisis taking place in eastern Ukraine,0,attack,support,"You are a relation classification assistant. Classify the sentences separated by [SEP] using the labels: support, attack, no_relation

Sentence: but what we are actually witnessing is Violence and destabilization in an effort to manufacture a sense of crisis and separatism. [SEP] We have heard Russia's statement about the crisis taking place in eastern Ukraine
Output: attack, no_relation

Explanation: The first sentence is classified as ""attack"" because it describes the actions of a particular group as violent and destabilizing, implying a negative intent. The second sentence is classified as ""no_relation"" because it reports on"
The Ukrainian Government is using this tragedy to the full extent so as to incite militaristic hysteria. [SEP] The command responsibility for these attacks must be investigated and the perpetrators held responsible and brought to justice.,1,no_relation,support,"You are a relation classification assistant. Classify the sentences separated by [SEP] using the labels: support, attack, no_relation

Sentence: The Ukrainian Government is using this tragedy to the full extent so as to incite militaristic hysteria. [SEP] The command responsibility for these attacks must be investigated and the perpetrators held responsible and brought to justice.
Output: attack [SEP] support

Explanation: The first sentence is classified as ""attack"" because it implies that the Ukrainian Government is using the tragedy for their own purposes, which is a negative sentiment. The second sentence is classified as ""support"" because it"
"It is time for the equivocation and dissembling and false narratives of some to stop. [SEP] These are Ukrainians, and their rights are being abused by the militant groups who claim to be protecting them.",1,no_relation,support,"You are a relation classification assistant. Classify the sentences separated by [SEP] using the labels: support, attack, no_relation

Sentence: It is time for the equivocation and dissembling and false narratives of some to stop. [SEP] These are Ukrainians, and their rights are being abused by the militant groups who claim to be protecting them.
Output: support, attack

Explanation: The first sentence is classified as support because it expresses a positive sentiment towards the Ukrainian people. The second sentence is classified as attack because it criticizes the militant groups for abusing the rights of Ukrainians. The label ""no"
we fully support their work [SEP] Their presence is designed to safeguard the rights of all the citizens of Ukraine.,2,support,support,"You are a relation classification assistant. Classify the sentences separated by [SEP] using the labels: support, attack, no_relation

Sentence: we fully support their work [SEP] Their presence is designed to safeguard the rights of all the citizens of Ukraine.
Output: support [SEP] no_relation

Explanation: The first sentence expresses support for the work of the entity, while the second sentence describes a neutral fact about the entity's presence. 

Sentence: The company is a major player in the industry [SEP]"
"Sadly, it did not. [SEP] Over the past 63 days, in the face of aggression and annexation, the Council implored the Ukrainians to demonstrate restraint, and they heeded our call.",0,attack,support,"You are a relation classification assistant. Classify the sentences separated by [SEP] using the labels: support, attack, no_relation

Sentence: Sadly, it did not. [SEP] Over the past 63 days, in the face of aggression and annexation, the Council implored the Ukrainians to demonstrate restraint, and they heeded our call.
Output: no_relation [SEP] support

Explanation: The first sentence is a negative statement about an event, but it does not contain any information about the relation between two entities. The second sentence is a statement of support for the Ukrainians, as the Council"
"Our commitment to finding a peaceful solution resulted in the signing of the Minsk protocol and the Minsk memorandum amoong Ukraine, the OSCE and the Russian Federation, with the participation of representatives of militant groups. [SEP] Immediately after the signing of the Minsk  protocol, the Ukrainian Government moved quickly to implement the agreement.",2,support,support,"You are a relation classification assistant. Classify the sentences separated by [SEP] using the labels: support, attack, no_relation

Sentence: Our commitment to finding a peaceful solution resulted in the signing of the Minsk protocol and the Minsk memorandum amoong Ukraine, the OSCE and the Russian Federation, with the participation of representatives of militant groups. [SEP] Immediately after the signing of the Minsk  protocol, the Ukrainian Government moved quickly to implement the agreement.
Output: support

Explanation: The first sentence describes a positive outcome of a political process, which is a sign of support. The second sentence describes the implementation of an agreement, which is also a positive action, indicating support. 

Note: This is a binary"
