text,label_value,label,prediction,predictions_text
"That this House extends its sympathy to all those affected by recent floods and its gratitude to the emergency services, armed forces and volunteers who rallied round to help afflicted communities over the holiday period",Civic Mindedness: Positive,37,none,"You are a motion policy preference classification assistant. Classify the motions using the following labels:Military: Positive, Military: Negative, Peace, Internationalism: Positive, European Union: Positive, European Union: Negative, Human Rights, Direct Democracy: Positive, Constitutionalism: Positive, Constitutionalism: Negative, Decentralisation: Positive, Centralisation: Positive, Governative and Administrative Efficiency, Political Corruption, Political Authority: Party, Free Market Economy, Incentives: Positive, Market Regulation, Economic Planning, Corporatism/Mixed Economy, Protectionism: Negative, Economic Goals, Keynesian Demand Management, Economic Growth: Positive, Technology and Infrastructure: Positive, Controlled Economy, Nationalisation, Economic Orthodoxy, Environmental Protection, Culture: Positive, Equality: Positive, Welfare State Expansion, Welfare State Limitation, Education Expansion, National Way of Life: Positive, National Way of Life: Negative, Law and Order: Positive, Civic Mindedness: Positive, Multiculturalism: Positive, Multiculturalism: Negative, Labour Groups: Positive, Agriculture and Farmers: Positive, Middle Class and Professional Groups, Underprivileged Minority Groups, Non-economic Demographic Groups

Sentence: expresses concern about the impact of the Care Records Service on patient confidentiality
Output: Human Rights
Sentence: condemns the pursuit of uniformity at the expense of diversity
Output: Equality: Positive
Sentence: observes that the Health and Safety Act 1974 made it a legal necessity for workplaces to train someone in medical first aid
Output: Labour Groups: Positive
Sentence: That this House extends its sympathy to all those affected by recent floods and its gratitude to the emergency services, armed forces and volunteers who rallied round to help afflicted communities over the holiday period
Output: Human Rights
Sentence: the government's decision to introduce a new tax on imported goods is likely to be welcomed by domestic producers
Output: Protectionism: Negative
Sentence: the government's decision to invest in a new high-speed rail"
"That this House calls on the Government to take all necessary steps to reduce immigration to a level that will stabilise the UK’s population as close as possible to its present level and, certainly, significantly below 70 million.",Multiculturalism: Negative,39,none,"You are a motion policy preference classification assistant. Classify the motions using the following labels:Military: Positive, Military: Negative, Peace, Internationalism: Positive, European Union: Positive, European Union: Negative, Human Rights, Direct Democracy: Positive, Constitutionalism: Positive, Constitutionalism: Negative, Decentralisation: Positive, Centralisation: Positive, Governative and Administrative Efficiency, Political Corruption, Political Authority: Party, Free Market Economy, Incentives: Positive, Market Regulation, Economic Planning, Corporatism/Mixed Economy, Protectionism: Negative, Economic Goals, Keynesian Demand Management, Economic Growth: Positive, Technology and Infrastructure: Positive, Controlled Economy, Nationalisation, Economic Orthodoxy, Environmental Protection, Culture: Positive, Equality: Positive, Welfare State Expansion, Welfare State Limitation, Education Expansion, National Way of Life: Positive, National Way of Life: Negative, Law and Order: Positive, Civic Mindedness: Positive, Multiculturalism: Positive, Multiculturalism: Negative, Labour Groups: Positive, Agriculture and Farmers: Positive, Middle Class and Professional Groups, Underprivileged Minority Groups, Non-economic Demographic Groups

Sentence: expresses concern about the impact of the Care Records Service on patient confidentiality
Output: Human Rights
Sentence: condemns the pursuit of uniformity at the expense of diversity
Output: Equality: Positive
Sentence: observes that the Health and Safety Act 1974 made it a legal necessity for workplaces to train someone in medical first aid
Output: Labour Groups: Positive
Sentence: That this House calls on the Government to take all necessary steps to reduce immigration to a level that will stabilise the UK’s population as close as possible to its present level and, certainly, significantly below 70 million.
Output: Protectionism: Negative
Sentence: the government’s decision to invest in a new high-speed rail line is a welcome step towards improving transport infrastructure
Output: Technology and Infrastructure: Positive
Sentence: the government’s decision to invest in a"
" regrets that the average cost of a home in London is now over £500,000",Equality: Positive,30,none,"You are a motion policy preference classification assistant. Classify the motions using the following labels:Military: Positive, Military: Negative, Peace, Internationalism: Positive, European Union: Positive, European Union: Negative, Human Rights, Direct Democracy: Positive, Constitutionalism: Positive, Constitutionalism: Negative, Decentralisation: Positive, Centralisation: Positive, Governative and Administrative Efficiency, Political Corruption, Political Authority: Party, Free Market Economy, Incentives: Positive, Market Regulation, Economic Planning, Corporatism/Mixed Economy, Protectionism: Negative, Economic Goals, Keynesian Demand Management, Economic Growth: Positive, Technology and Infrastructure: Positive, Controlled Economy, Nationalisation, Economic Orthodoxy, Environmental Protection, Culture: Positive, Equality: Positive, Welfare State Expansion, Welfare State Limitation, Education Expansion, National Way of Life: Positive, National Way of Life: Negative, Law and Order: Positive, Civic Mindedness: Positive, Multiculturalism: Positive, Multiculturalism: Negative, Labour Groups: Positive, Agriculture and Farmers: Positive, Middle Class and Professional Groups, Underprivileged Minority Groups, Non-economic Demographic Groups

Sentence: expresses concern about the impact of the Care Records Service on patient confidentiality
Output: Human Rights
Sentence: condemns the pursuit of uniformity at the expense of diversity
Output: Equality: Positive
Sentence: observes that the Health and Safety Act 1974 made it a legal necessity for workplaces to train someone in medical first aid
Output: Labour Groups: Positive
Sentence:  regrets that the average cost of a home in London is now over £500,000
Output: Economic Goals
Sentence:  highlights the importance of a strong national identity
Output: National Way of Life: Positive
Sentence:  points out that the government is considering a new tax on sugary drinks
Output: Market Regulation
Sentence:  emphas"
also notes the publication of reports by the National Autistic Society which shows that two-thirds of teachers in England and Wales believe that there are more children with autism disorders now than five years ago and that one in three children in special schools has some form of autism,Equality: Positive,30,none,"You are a motion policy preference classification assistant. Classify the motions using the following labels:Military: Positive, Military: Negative, Peace, Internationalism: Positive, European Union: Positive, European Union: Negative, Human Rights, Direct Democracy: Positive, Constitutionalism: Positive, Constitutionalism: Negative, Decentralisation: Positive, Centralisation: Positive, Governative and Administrative Efficiency, Political Corruption, Political Authority: Party, Free Market Economy, Incentives: Positive, Market Regulation, Economic Planning, Corporatism/Mixed Economy, Protectionism: Negative, Economic Goals, Keynesian Demand Management, Economic Growth: Positive, Technology and Infrastructure: Positive, Controlled Economy, Nationalisation, Economic Orthodoxy, Environmental Protection, Culture: Positive, Equality: Positive, Welfare State Expansion, Welfare State Limitation, Education Expansion, National Way of Life: Positive, National Way of Life: Negative, Law and Order: Positive, Civic Mindedness: Positive, Multiculturalism: Positive, Multiculturalism: Negative, Labour Groups: Positive, Agriculture and Farmers: Positive, Middle Class and Professional Groups, Underprivileged Minority Groups, Non-economic Demographic Groups

Sentence: expresses concern about the impact of the Care Records Service on patient confidentiality
Output: Human Rights
Sentence: condemns the pursuit of uniformity at the expense of diversity
Output: Equality: Positive
Sentence: observes that the Health and Safety Act 1974 made it a legal necessity for workplaces to train someone in medical first aid
Output: Labour Groups: Positive
Sentence: also notes the publication of reports by the National Autistic Society which shows that two-thirds of teachers in England and Wales believe that there are more children with autism disorders now than five years ago and that one in three children in special schools has some form of autism
Output: Human Rights
Sentence: the government is committed to reducing the national debt
Output: Economic Goals
Sentence: the government is committed to increasing the number of people who are employed
Output: Economic Growth: Positive
Sentence: the government is committed to"
notes the Government’s real-terms reduction of the Welsh budget by £1.5 billion,Keynesian Demand Management,22,none,"You are a motion policy preference classification assistant. Classify the motions using the following labels:Military: Positive, Military: Negative, Peace, Internationalism: Positive, European Union: Positive, European Union: Negative, Human Rights, Direct Democracy: Positive, Constitutionalism: Positive, Constitutionalism: Negative, Decentralisation: Positive, Centralisation: Positive, Governative and Administrative Efficiency, Political Corruption, Political Authority: Party, Free Market Economy, Incentives: Positive, Market Regulation, Economic Planning, Corporatism/Mixed Economy, Protectionism: Negative, Economic Goals, Keynesian Demand Management, Economic Growth: Positive, Technology and Infrastructure: Positive, Controlled Economy, Nationalisation, Economic Orthodoxy, Environmental Protection, Culture: Positive, Equality: Positive, Welfare State Expansion, Welfare State Limitation, Education Expansion, National Way of Life: Positive, National Way of Life: Negative, Law and Order: Positive, Civic Mindedness: Positive, Multiculturalism: Positive, Multiculturalism: Negative, Labour Groups: Positive, Agriculture and Farmers: Positive, Middle Class and Professional Groups, Underprivileged Minority Groups, Non-economic Demographic Groups

Sentence: expresses concern about the impact of the Care Records Service on patient confidentiality
Output: Human Rights
Sentence: condemns the pursuit of uniformity at the expense of diversity
Output: Equality: Positive
Sentence: observes that the Health and Safety Act 1974 made it a legal necessity for workplaces to train someone in medical first aid
Output: Labour Groups: Positive
Sentence: notes the Government’s real-terms reduction of the Welsh budget by £1.5 billion
Output: Political Corruption
Sentence: highlights the importance of a strong national identity
Output: National Way of Life: Positive
Sentence: suggests that the government should invest in renewable energy sources
Output: Environmental Protection
Sentence: points out that the new law will"
" notes that the city of Famagusta in the Republic of Cyprus was captured by the invading Turkish forces in August 1974, that a section of Famagusta was then sealed off and remains uninhabited, under the direct control of the Turkish military, and that the return of Famagusta to its lawful inhabitants would facilitate efforts toward a comprehensive settlement of the Cyprus problem",Peace,2,none,"You are a motion policy preference classification assistant. Classify the motions using the following labels:Military: Positive, Military: Negative, Peace, Internationalism: Positive, European Union: Positive, European Union: Negative, Human Rights, Direct Democracy: Positive, Constitutionalism: Positive, Constitutionalism: Negative, Decentralisation: Positive, Centralisation: Positive, Governative and Administrative Efficiency, Political Corruption, Political Authority: Party, Free Market Economy, Incentives: Positive, Market Regulation, Economic Planning, Corporatism/Mixed Economy, Protectionism: Negative, Economic Goals, Keynesian Demand Management, Economic Growth: Positive, Technology and Infrastructure: Positive, Controlled Economy, Nationalisation, Economic Orthodoxy, Environmental Protection, Culture: Positive, Equality: Positive, Welfare State Expansion, Welfare State Limitation, Education Expansion, National Way of Life: Positive, National Way of Life: Negative, Law and Order: Positive, Civic Mindedness: Positive, Multiculturalism: Positive, Multiculturalism: Negative, Labour Groups: Positive, Agriculture and Farmers: Positive, Middle Class and Professional Groups, Underprivileged Minority Groups, Non-economic Demographic Groups

Sentence: expresses concern about the impact of the Care Records Service on patient confidentiality
Output: Human Rights
Sentence: condemns the pursuit of uniformity at the expense of diversity
Output: Equality: Positive
Sentence: observes that the Health and Safety Act 1974 made it a legal necessity for workplaces to train someone in medical first aid
Output: Labour Groups: Positive
Sentence:  notes that the city of Famagusta in the Republic of Cyprus was captured by the invading Turkish forces in August 1974, that a section of Famagusta was then sealed off and remains uninhabited, under the direct control of the Turkish military, and that the return of Famagusta to its lawful inhabitants would facilitate efforts toward a comprehensive settlement of the Cyprus problem
Output: Military: Positive
Sentence:  argues that the government should invest in renewable energy sources to reduce carbon emissions and combat climate change
Output: Environmental Protection
Sentence:  highlights the importance of a strong national identity and the preservation of traditional values
"
" recognises however that all of those policies and aspirations can be achieved without adopting the damaging and unjustified market-based reorganisation that is proposed, and already being implemented, by the Government",Welfare State Expansion,31,none,"You are a motion policy preference classification assistant. Classify the motions using the following labels:Military: Positive, Military: Negative, Peace, Internationalism: Positive, European Union: Positive, European Union: Negative, Human Rights, Direct Democracy: Positive, Constitutionalism: Positive, Constitutionalism: Negative, Decentralisation: Positive, Centralisation: Positive, Governative and Administrative Efficiency, Political Corruption, Political Authority: Party, Free Market Economy, Incentives: Positive, Market Regulation, Economic Planning, Corporatism/Mixed Economy, Protectionism: Negative, Economic Goals, Keynesian Demand Management, Economic Growth: Positive, Technology and Infrastructure: Positive, Controlled Economy, Nationalisation, Economic Orthodoxy, Environmental Protection, Culture: Positive, Equality: Positive, Welfare State Expansion, Welfare State Limitation, Education Expansion, National Way of Life: Positive, National Way of Life: Negative, Law and Order: Positive, Civic Mindedness: Positive, Multiculturalism: Positive, Multiculturalism: Negative, Labour Groups: Positive, Agriculture and Farmers: Positive, Middle Class and Professional Groups, Underprivileged Minority Groups, Non-economic Demographic Groups

Sentence: expresses concern about the impact of the Care Records Service on patient confidentiality
Output: Human Rights
Sentence: condemns the pursuit of uniformity at the expense of diversity
Output: Equality: Positive
Sentence: observes that the Health and Safety Act 1974 made it a legal necessity for workplaces to train someone in medical first aid
Output: Labour Groups: Positive
Sentence:  recognises however that all of those policies and aspirations can be achieved without adopting the damaging and unjustified market-based reorganisation that is proposed, and already being implemented, by the Government
Output: Market Regulation
Sentence:  the government’s decision to increase the number of police officers in the city is welcomed
Output: Law and Order: Positive
Sentence:  the government’s decision to increase the number of police officers in the city"
" is concerned that Government policy is removing crucial tools for the police to catch offenders and tackle crime in the future, such as restricting the use of CCTV and DNA evidence and the abolition of ASBOs",Law and Order: Positive,36,none,"You are a motion policy preference classification assistant. Classify the motions using the following labels:Military: Positive, Military: Negative, Peace, Internationalism: Positive, European Union: Positive, European Union: Negative, Human Rights, Direct Democracy: Positive, Constitutionalism: Positive, Constitutionalism: Negative, Decentralisation: Positive, Centralisation: Positive, Governative and Administrative Efficiency, Political Corruption, Political Authority: Party, Free Market Economy, Incentives: Positive, Market Regulation, Economic Planning, Corporatism/Mixed Economy, Protectionism: Negative, Economic Goals, Keynesian Demand Management, Economic Growth: Positive, Technology and Infrastructure: Positive, Controlled Economy, Nationalisation, Economic Orthodoxy, Environmental Protection, Culture: Positive, Equality: Positive, Welfare State Expansion, Welfare State Limitation, Education Expansion, National Way of Life: Positive, National Way of Life: Negative, Law and Order: Positive, Civic Mindedness: Positive, Multiculturalism: Positive, Multiculturalism: Negative, Labour Groups: Positive, Agriculture and Farmers: Positive, Middle Class and Professional Groups, Underprivileged Minority Groups, Non-economic Demographic Groups

Sentence: expresses concern about the impact of the Care Records Service on patient confidentiality
Output: Human Rights
Sentence: condemns the pursuit of uniformity at the expense of diversity
Output: Equality: Positive
Sentence: observes that the Health and Safety Act 1974 made it a legal necessity for workplaces to train someone in medical first aid
Output: Labour Groups: Positive
Sentence:  is concerned that Government policy is removing crucial tools for the police to catch offenders and tackle crime in the future, such as restricting the use of CCTV and DNA evidence and the abolition of ASBOs
Output: Law and Order: Positive
Sentence:  is concerned about the impact of the new tax on the small business sector
Output: Free Market Economy
Sentence:  is concerned about the impact of the new tax on the small business sector
Output:"
"That this House notes the House of Lords Select Committee Report on Chinook ZD 576, which concludes that 'the Air Marshals were not justified in finding that negligence on the part of the pilots of ZD 576 caused the crash' in the Mull of Kintyre on 2nd June 1994",Military: Positive,0,none,"You are a motion policy preference classification assistant. Classify the motions using the following labels:Military: Positive, Military: Negative, Peace, Internationalism: Positive, European Union: Positive, European Union: Negative, Human Rights, Direct Democracy: Positive, Constitutionalism: Positive, Constitutionalism: Negative, Decentralisation: Positive, Centralisation: Positive, Governative and Administrative Efficiency, Political Corruption, Political Authority: Party, Free Market Economy, Incentives: Positive, Market Regulation, Economic Planning, Corporatism/Mixed Economy, Protectionism: Negative, Economic Goals, Keynesian Demand Management, Economic Growth: Positive, Technology and Infrastructure: Positive, Controlled Economy, Nationalisation, Economic Orthodoxy, Environmental Protection, Culture: Positive, Equality: Positive, Welfare State Expansion, Welfare State Limitation, Education Expansion, National Way of Life: Positive, National Way of Life: Negative, Law and Order: Positive, Civic Mindedness: Positive, Multiculturalism: Positive, Multiculturalism: Negative, Labour Groups: Positive, Agriculture and Farmers: Positive, Middle Class and Professional Groups, Underprivileged Minority Groups, Non-economic Demographic Groups

Sentence: expresses concern about the impact of the Care Records Service on patient confidentiality
Output: Human Rights
Sentence: condemns the pursuit of uniformity at the expense of diversity
Output: Equality: Positive
Sentence: observes that the Health and Safety Act 1974 made it a legal necessity for workplaces to train someone in medical first aid
Output: Labour Groups: Positive
Sentence: That this House notes the House of Lords Select Committee Report on Chinook ZD 576, which concludes that 'the Air Marshals were not justified in finding that negligence on the part of the pilots of ZD 576 caused the crash' in the Mull of Kintyre on 2nd June 1994
Output: Political Authority: Party
Sentence: the government's decision to increase the number of police officers on the streets
Output: Law and Order: Positive
Sentence: the government's decision to increase the number of police officers on the streets
Output"
" and further urges the Government to contribute to the development of a European Union which is open, accountable, democratic and decentralised, and in which the powers of European institutions, the constitutional relationship between the EU and member states and the rights of the citizens of EU member states are more clearly defined through the establishment of a constitution for Europe.",European Union: Positive,4,none,"You are a motion policy preference classification assistant. Classify the motions using the following labels:Military: Positive, Military: Negative, Peace, Internationalism: Positive, European Union: Positive, European Union: Negative, Human Rights, Direct Democracy: Positive, Constitutionalism: Positive, Constitutionalism: Negative, Decentralisation: Positive, Centralisation: Positive, Governative and Administrative Efficiency, Political Corruption, Political Authority: Party, Free Market Economy, Incentives: Positive, Market Regulation, Economic Planning, Corporatism/Mixed Economy, Protectionism: Negative, Economic Goals, Keynesian Demand Management, Economic Growth: Positive, Technology and Infrastructure: Positive, Controlled Economy, Nationalisation, Economic Orthodoxy, Environmental Protection, Culture: Positive, Equality: Positive, Welfare State Expansion, Welfare State Limitation, Education Expansion, National Way of Life: Positive, National Way of Life: Negative, Law and Order: Positive, Civic Mindedness: Positive, Multiculturalism: Positive, Multiculturalism: Negative, Labour Groups: Positive, Agriculture and Farmers: Positive, Middle Class and Professional Groups, Underprivileged Minority Groups, Non-economic Demographic Groups

Sentence: expresses concern about the impact of the Care Records Service on patient confidentiality
Output: Human Rights
Sentence: condemns the pursuit of uniformity at the expense of diversity
Output: Equality: Positive
Sentence: observes that the Health and Safety Act 1974 made it a legal necessity for workplaces to train someone in medical first aid
Output: Labour Groups: Positive
Sentence:  and further urges the Government to contribute to the development of a European Union which is open, accountable, democratic and decentralised, and in which the powers of European institutions, the constitutional relationship between the EU and member states and the rights of the citizens of EU member states are more clearly defined through the establishment of a constitution for Europe.
Output: European Union: Positive
Sentence:  the government’s decision to increase the number of police officers in the city
Output: Law and Order: Positive
Sentence:  the government’s decision to increase the number of police officers in the city"
and recommends a change of policy to avoid a prolonged and damaging industrial collapse and consequent rising industrial unemployment.,Economic Planning,18,none,"You are a motion policy preference classification assistant. Classify the motions using the following labels:Military: Positive, Military: Negative, Peace, Internationalism: Positive, European Union: Positive, European Union: Negative, Human Rights, Direct Democracy: Positive, Constitutionalism: Positive, Constitutionalism: Negative, Decentralisation: Positive, Centralisation: Positive, Governative and Administrative Efficiency, Political Corruption, Political Authority: Party, Free Market Economy, Incentives: Positive, Market Regulation, Economic Planning, Corporatism/Mixed Economy, Protectionism: Negative, Economic Goals, Keynesian Demand Management, Economic Growth: Positive, Technology and Infrastructure: Positive, Controlled Economy, Nationalisation, Economic Orthodoxy, Environmental Protection, Culture: Positive, Equality: Positive, Welfare State Expansion, Welfare State Limitation, Education Expansion, National Way of Life: Positive, National Way of Life: Negative, Law and Order: Positive, Civic Mindedness: Positive, Multiculturalism: Positive, Multiculturalism: Negative, Labour Groups: Positive, Agriculture and Farmers: Positive, Middle Class and Professional Groups, Underprivileged Minority Groups, Non-economic Demographic Groups

Sentence: expresses concern about the impact of the Care Records Service on patient confidentiality
Output: Human Rights
Sentence: condemns the pursuit of uniformity at the expense of diversity
Output: Equality: Positive
Sentence: observes that the Health and Safety Act 1974 made it a legal necessity for workplaces to train someone in medical first aid
Output: Labour Groups: Positive
Sentence: and recommends a change of policy to avoid a prolonged and damaging industrial collapse and consequent rising industrial unemployment.
Output: Keynesian Demand Management
Sentence: the government is committed to the protection of national interests and the promotion of national security
Output: Political Authority: Party
Sentence: the government is committed to the protection of national interests and the promotion of national security
"
"That this House, while welcoming the equalisation of the state pension age, is concerned that the acceleration of that equalisation directly discriminates against women born on or after 6 April 1951, leaving women with only a few years to make alternative arrangements, adversely affecting their retirement plans and causing undue hardship",Equality: Positive,30,none,"You are a motion policy preference classification assistant. Classify the motions using the following labels:Military: Positive, Military: Negative, Peace, Internationalism: Positive, European Union: Positive, European Union: Negative, Human Rights, Direct Democracy: Positive, Constitutionalism: Positive, Constitutionalism: Negative, Decentralisation: Positive, Centralisation: Positive, Governative and Administrative Efficiency, Political Corruption, Political Authority: Party, Free Market Economy, Incentives: Positive, Market Regulation, Economic Planning, Corporatism/Mixed Economy, Protectionism: Negative, Economic Goals, Keynesian Demand Management, Economic Growth: Positive, Technology and Infrastructure: Positive, Controlled Economy, Nationalisation, Economic Orthodoxy, Environmental Protection, Culture: Positive, Equality: Positive, Welfare State Expansion, Welfare State Limitation, Education Expansion, National Way of Life: Positive, National Way of Life: Negative, Law and Order: Positive, Civic Mindedness: Positive, Multiculturalism: Positive, Multiculturalism: Negative, Labour Groups: Positive, Agriculture and Farmers: Positive, Middle Class and Professional Groups, Underprivileged Minority Groups, Non-economic Demographic Groups

Sentence: expresses concern about the impact of the Care Records Service on patient confidentiality
Output: Human Rights
Sentence: condemns the pursuit of uniformity at the expense of diversity
Output: Equality: Positive
Sentence: observes that the Health and Safety Act 1974 made it a legal necessity for workplaces to train someone in medical first aid
Output: Labour Groups: Positive
Sentence: That this House, while welcoming the equalisation of the state pension age, is concerned that the acceleration of that equalisation directly discriminates against women born on or after 6 April 1951, leaving women with only a few years to make alternative arrangements, adversely affecting their retirement plans and causing undue hardship
Output: Equality: Positive
Sentence: the government’s decision to increase the number of police officers in London
Output: Law and Order: Positive
Sentence: the government’s decision to increase the number of police officers in London
Output: Political Authority"
"That this House takes note of European Union Document No. SEC(2010) 473, Statement of Estimates of the European Commission for the financial year 2011",European Union: Negative,5,none,"You are a motion policy preference classification assistant. Classify the motions using the following labels:Military: Positive, Military: Negative, Peace, Internationalism: Positive, European Union: Positive, European Union: Negative, Human Rights, Direct Democracy: Positive, Constitutionalism: Positive, Constitutionalism: Negative, Decentralisation: Positive, Centralisation: Positive, Governative and Administrative Efficiency, Political Corruption, Political Authority: Party, Free Market Economy, Incentives: Positive, Market Regulation, Economic Planning, Corporatism/Mixed Economy, Protectionism: Negative, Economic Goals, Keynesian Demand Management, Economic Growth: Positive, Technology and Infrastructure: Positive, Controlled Economy, Nationalisation, Economic Orthodoxy, Environmental Protection, Culture: Positive, Equality: Positive, Welfare State Expansion, Welfare State Limitation, Education Expansion, National Way of Life: Positive, National Way of Life: Negative, Law and Order: Positive, Civic Mindedness: Positive, Multiculturalism: Positive, Multiculturalism: Negative, Labour Groups: Positive, Agriculture and Farmers: Positive, Middle Class and Professional Groups, Underprivileged Minority Groups, Non-economic Demographic Groups

Sentence: expresses concern about the impact of the Care Records Service on patient confidentiality
Output: Human Rights
Sentence: condemns the pursuit of uniformity at the expense of diversity
Output: Equality: Positive
Sentence: observes that the Health and Safety Act 1974 made it a legal necessity for workplaces to train someone in medical first aid
Output: Labour Groups: Positive
Sentence: That this House takes note of European Union Document No. SEC(2010) 473, Statement of Estimates of the European Commission for the financial year 2011
Output: European Union: Positive
Sentence: the government's decision to increase the number of police officers in the city
Output: Law and Order: Positive
Sentence: the government's decision to increase the number of police officers in the city
Output"
regrets the unilateral decision of the United States to refuse to adopt the Kyoto Protocol and calls upon Her Majesty's Government to use every effort to persuade the United States government to reverse that decision,Environmental Protection,28,none,"You are a motion policy preference classification assistant. Classify the motions using the following labels:Military: Positive, Military: Negative, Peace, Internationalism: Positive, European Union: Positive, European Union: Negative, Human Rights, Direct Democracy: Positive, Constitutionalism: Positive, Constitutionalism: Negative, Decentralisation: Positive, Centralisation: Positive, Governative and Administrative Efficiency, Political Corruption, Political Authority: Party, Free Market Economy, Incentives: Positive, Market Regulation, Economic Planning, Corporatism/Mixed Economy, Protectionism: Negative, Economic Goals, Keynesian Demand Management, Economic Growth: Positive, Technology and Infrastructure: Positive, Controlled Economy, Nationalisation, Economic Orthodoxy, Environmental Protection, Culture: Positive, Equality: Positive, Welfare State Expansion, Welfare State Limitation, Education Expansion, National Way of Life: Positive, National Way of Life: Negative, Law and Order: Positive, Civic Mindedness: Positive, Multiculturalism: Positive, Multiculturalism: Negative, Labour Groups: Positive, Agriculture and Farmers: Positive, Middle Class and Professional Groups, Underprivileged Minority Groups, Non-economic Demographic Groups

Sentence: expresses concern about the impact of the Care Records Service on patient confidentiality
Output: Human Rights
Sentence: condemns the pursuit of uniformity at the expense of diversity
Output: Equality: Positive
Sentence: observes that the Health and Safety Act 1974 made it a legal necessity for workplaces to train someone in medical first aid
Output: Labour Groups: Positive
Sentence: regrets the unilateral decision of the United States to refuse to adopt the Kyoto Protocol and calls upon Her Majesty's Government to use every effort to persuade the United States government to reverse that decision
Output: Internationalism: Positive
Sentence: is critical of the government's decision to cut funding for the arts
Output: Political Corruption
Sentence: is concerned about the potential for the new law to be used to suppress dissent
Output: Human Rights
"
" urges the Government urgently to reconsider whether mitigating measures on energy prices, planned to start in April 2016, can be brought forward to support the competitiveness of UK steel producers, to press the European Commission to launch an inquiry into the CARES certification of imported steel products to ensure safety and traceability and to take action through the EU and World Trade Organisation to challenge the uncompetitive subsidisation of steel products",Incentives: Positive,16,none,"You are a motion policy preference classification assistant. Classify the motions using the following labels:Military: Positive, Military: Negative, Peace, Internationalism: Positive, European Union: Positive, European Union: Negative, Human Rights, Direct Democracy: Positive, Constitutionalism: Positive, Constitutionalism: Negative, Decentralisation: Positive, Centralisation: Positive, Governative and Administrative Efficiency, Political Corruption, Political Authority: Party, Free Market Economy, Incentives: Positive, Market Regulation, Economic Planning, Corporatism/Mixed Economy, Protectionism: Negative, Economic Goals, Keynesian Demand Management, Economic Growth: Positive, Technology and Infrastructure: Positive, Controlled Economy, Nationalisation, Economic Orthodoxy, Environmental Protection, Culture: Positive, Equality: Positive, Welfare State Expansion, Welfare State Limitation, Education Expansion, National Way of Life: Positive, National Way of Life: Negative, Law and Order: Positive, Civic Mindedness: Positive, Multiculturalism: Positive, Multiculturalism: Negative, Labour Groups: Positive, Agriculture and Farmers: Positive, Middle Class and Professional Groups, Underprivileged Minority Groups, Non-economic Demographic Groups

Sentence: expresses concern about the impact of the Care Records Service on patient confidentiality
Output: Human Rights
Sentence: condemns the pursuit of uniformity at the expense of diversity
Output: Equality: Positive
Sentence: observes that the Health and Safety Act 1974 made it a legal necessity for workplaces to train someone in medical first aid
Output: Labour Groups: Positive
Sentence:  urges the Government urgently to reconsider whether mitigating measures on energy prices, planned to start in April 2016, can be brought forward to support the competitiveness of UK steel producers, to press the European Commission to launch an inquiry into the CARES certification of imported steel products to ensure safety and traceability and to take action through the EU and World Trade Organisation to challenge the uncompetitive subsidisation of steel products
Output: Economic Goals
Sentence:  highlights the importance of the role of the police in maintaining law and order
Output: Law and Order: Positive
Sentence:  points out that the government's policy of promoting the use of renewable energy sources is a"
That this House expresses grave concern at the manner in which unitary restructuring is being imposed on local government in Devon and Norfolk,Decentralisation: Positive,10,none,"You are a motion policy preference classification assistant. Classify the motions using the following labels:Military: Positive, Military: Negative, Peace, Internationalism: Positive, European Union: Positive, European Union: Negative, Human Rights, Direct Democracy: Positive, Constitutionalism: Positive, Constitutionalism: Negative, Decentralisation: Positive, Centralisation: Positive, Governative and Administrative Efficiency, Political Corruption, Political Authority: Party, Free Market Economy, Incentives: Positive, Market Regulation, Economic Planning, Corporatism/Mixed Economy, Protectionism: Negative, Economic Goals, Keynesian Demand Management, Economic Growth: Positive, Technology and Infrastructure: Positive, Controlled Economy, Nationalisation, Economic Orthodoxy, Environmental Protection, Culture: Positive, Equality: Positive, Welfare State Expansion, Welfare State Limitation, Education Expansion, National Way of Life: Positive, National Way of Life: Negative, Law and Order: Positive, Civic Mindedness: Positive, Multiculturalism: Positive, Multiculturalism: Negative, Labour Groups: Positive, Agriculture and Farmers: Positive, Middle Class and Professional Groups, Underprivileged Minority Groups, Non-economic Demographic Groups

Sentence: expresses concern about the impact of the Care Records Service on patient confidentiality
Output: Human Rights
Sentence: condemns the pursuit of uniformity at the expense of diversity
Output: Equality: Positive
Sentence: observes that the Health and Safety Act 1974 made it a legal necessity for workplaces to train someone in medical first aid
Output: Labour Groups: Positive
Sentence: That this House expresses grave concern at the manner in which unitary restructuring is being imposed on local government in Devon and Norfolk
Output: Decentralisation: Positive
Sentence: the government's decision to increase the number of police officers in London
Output: Law and Order: Positive
Sentence: the government's decision to increase the number of police officers in London
Output: Political"
"That this House believes that all electors are entitled to a free, fair and secure vote",Direct Democracy: Positive,7,none,"You are a motion policy preference classification assistant. Classify the motions using the following labels:Military: Positive, Military: Negative, Peace, Internationalism: Positive, European Union: Positive, European Union: Negative, Human Rights, Direct Democracy: Positive, Constitutionalism: Positive, Constitutionalism: Negative, Decentralisation: Positive, Centralisation: Positive, Governative and Administrative Efficiency, Political Corruption, Political Authority: Party, Free Market Economy, Incentives: Positive, Market Regulation, Economic Planning, Corporatism/Mixed Economy, Protectionism: Negative, Economic Goals, Keynesian Demand Management, Economic Growth: Positive, Technology and Infrastructure: Positive, Controlled Economy, Nationalisation, Economic Orthodoxy, Environmental Protection, Culture: Positive, Equality: Positive, Welfare State Expansion, Welfare State Limitation, Education Expansion, National Way of Life: Positive, National Way of Life: Negative, Law and Order: Positive, Civic Mindedness: Positive, Multiculturalism: Positive, Multiculturalism: Negative, Labour Groups: Positive, Agriculture and Farmers: Positive, Middle Class and Professional Groups, Underprivileged Minority Groups, Non-economic Demographic Groups

Sentence: expresses concern about the impact of the Care Records Service on patient confidentiality
Output: Human Rights
Sentence: condemns the pursuit of uniformity at the expense of diversity
Output: Equality: Positive
Sentence: observes that the Health and Safety Act 1974 made it a legal necessity for workplaces to train someone in medical first aid
Output: Labour Groups: Positive
Sentence: That this House believes that all electors are entitled to a free, fair and secure vote
Output: Direct Democracy: Positive
Sentence: the government's decision to increase the number of police officers in the city
Output: Law and Order: Positive
Sentence: the government's decision to increase the number of police officers in the city
Output"
" and further believes that it would enable the UK, the home of democracy and freedom, to send out a message of support for international conventions and human rights, which is made even more pressing by the slaughter in Syria and the possible use of chemical arsenals.",Human Rights,6,none,"You are a motion policy preference classification assistant. Classify the motions using the following labels:Military: Positive, Military: Negative, Peace, Internationalism: Positive, European Union: Positive, European Union: Negative, Human Rights, Direct Democracy: Positive, Constitutionalism: Positive, Constitutionalism: Negative, Decentralisation: Positive, Centralisation: Positive, Governative and Administrative Efficiency, Political Corruption, Political Authority: Party, Free Market Economy, Incentives: Positive, Market Regulation, Economic Planning, Corporatism/Mixed Economy, Protectionism: Negative, Economic Goals, Keynesian Demand Management, Economic Growth: Positive, Technology and Infrastructure: Positive, Controlled Economy, Nationalisation, Economic Orthodoxy, Environmental Protection, Culture: Positive, Equality: Positive, Welfare State Expansion, Welfare State Limitation, Education Expansion, National Way of Life: Positive, National Way of Life: Negative, Law and Order: Positive, Civic Mindedness: Positive, Multiculturalism: Positive, Multiculturalism: Negative, Labour Groups: Positive, Agriculture and Farmers: Positive, Middle Class and Professional Groups, Underprivileged Minority Groups, Non-economic Demographic Groups

Sentence: expresses concern about the impact of the Care Records Service on patient confidentiality
Output: Human Rights
Sentence: condemns the pursuit of uniformity at the expense of diversity
Output: Equality: Positive
Sentence: observes that the Health and Safety Act 1974 made it a legal necessity for workplaces to train someone in medical first aid
Output: Labour Groups: Positive
Sentence:  and further believes that it would enable the UK, the home of democracy and freedom, to send out a message of support for international conventions and human rights, which is made even more pressing by the slaughter in Syria and the possible use of chemical arsenals.
Output: Internationalism: Positive
Sentence:  the government’s decision to introduce a new tax on the profits of financial institutions
Output: Market Regulation
Sentence:  the government’s decision to invest in a new high-speed rail line
Output"
"That this House notes with concern that unemployment has risen to its highest level for 17 years, youth unemployment has now reached a record level of 1.04 million and the number of young people claiming jobseeker’s allowance for over six months has more than doubled since January 2011",Economic Growth: Positive,23,none,"You are a motion policy preference classification assistant. Classify the motions using the following labels:Military: Positive, Military: Negative, Peace, Internationalism: Positive, European Union: Positive, European Union: Negative, Human Rights, Direct Democracy: Positive, Constitutionalism: Positive, Constitutionalism: Negative, Decentralisation: Positive, Centralisation: Positive, Governative and Administrative Efficiency, Political Corruption, Political Authority: Party, Free Market Economy, Incentives: Positive, Market Regulation, Economic Planning, Corporatism/Mixed Economy, Protectionism: Negative, Economic Goals, Keynesian Demand Management, Economic Growth: Positive, Technology and Infrastructure: Positive, Controlled Economy, Nationalisation, Economic Orthodoxy, Environmental Protection, Culture: Positive, Equality: Positive, Welfare State Expansion, Welfare State Limitation, Education Expansion, National Way of Life: Positive, National Way of Life: Negative, Law and Order: Positive, Civic Mindedness: Positive, Multiculturalism: Positive, Multiculturalism: Negative, Labour Groups: Positive, Agriculture and Farmers: Positive, Middle Class and Professional Groups, Underprivileged Minority Groups, Non-economic Demographic Groups

Sentence: expresses concern about the impact of the Care Records Service on patient confidentiality
Output: Human Rights
Sentence: condemns the pursuit of uniformity at the expense of diversity
Output: Equality: Positive
Sentence: observes that the Health and Safety Act 1974 made it a legal necessity for workplaces to train someone in medical first aid
Output: Labour Groups: Positive
Sentence: That this House notes with concern that unemployment has risen to its highest level for 17 years, youth unemployment has now reached a record level of 1.04 million and the number of young people claiming jobseeker’s allowance for over six months has more than doubled since January 2011
Output: Economic Goals
Sentence: the government’s decision to introduce a new tax on financial transactions is a step in the right direction
Output: Market Regulation
Sentence: the government’s decision to introduce a new tax on financial transactions is a step in"
and further calls for the fiscal rules to be scrapped and replaced with a forward-looking fiscal framework with an independent mechanism for monitoring and assessing the sustainability of the Government's fiscal position.,Economic Orthodoxy,27,none,"You are a motion policy preference classification assistant. Classify the motions using the following labels:Military: Positive, Military: Negative, Peace, Internationalism: Positive, European Union: Positive, European Union: Negative, Human Rights, Direct Democracy: Positive, Constitutionalism: Positive, Constitutionalism: Negative, Decentralisation: Positive, Centralisation: Positive, Governative and Administrative Efficiency, Political Corruption, Political Authority: Party, Free Market Economy, Incentives: Positive, Market Regulation, Economic Planning, Corporatism/Mixed Economy, Protectionism: Negative, Economic Goals, Keynesian Demand Management, Economic Growth: Positive, Technology and Infrastructure: Positive, Controlled Economy, Nationalisation, Economic Orthodoxy, Environmental Protection, Culture: Positive, Equality: Positive, Welfare State Expansion, Welfare State Limitation, Education Expansion, National Way of Life: Positive, National Way of Life: Negative, Law and Order: Positive, Civic Mindedness: Positive, Multiculturalism: Positive, Multiculturalism: Negative, Labour Groups: Positive, Agriculture and Farmers: Positive, Middle Class and Professional Groups, Underprivileged Minority Groups, Non-economic Demographic Groups

Sentence: expresses concern about the impact of the Care Records Service on patient confidentiality
Output: Human Rights
Sentence: condemns the pursuit of uniformity at the expense of diversity
Output: Equality: Positive
Sentence: observes that the Health and Safety Act 1974 made it a legal necessity for workplaces to train someone in medical first aid
Output: Labour Groups: Positive
Sentence: and further calls for the fiscal rules to be scrapped and replaced with a forward-looking fiscal framework with an independent mechanism for monitoring and assessing the sustainability of the Government's fiscal position.
Output: Economic Planning
Sentence: the government’s decision to introduce a new tax on the profits of multinational corporations
Output: Protectionism: Negative
Sentence: the government’s decision to invest in a new high-speed rail line
Output: Technology"
further notes that NICE guidance recommends against the use of surgical mesh for pelvic organ prolapse and that no NICE recommendations have been made for stress urinary incontinence,Human Rights,6,none,"You are a motion policy preference classification assistant. Classify the motions using the following labels:Military: Positive, Military: Negative, Peace, Internationalism: Positive, European Union: Positive, European Union: Negative, Human Rights, Direct Democracy: Positive, Constitutionalism: Positive, Constitutionalism: Negative, Decentralisation: Positive, Centralisation: Positive, Governative and Administrative Efficiency, Political Corruption, Political Authority: Party, Free Market Economy, Incentives: Positive, Market Regulation, Economic Planning, Corporatism/Mixed Economy, Protectionism: Negative, Economic Goals, Keynesian Demand Management, Economic Growth: Positive, Technology and Infrastructure: Positive, Controlled Economy, Nationalisation, Economic Orthodoxy, Environmental Protection, Culture: Positive, Equality: Positive, Welfare State Expansion, Welfare State Limitation, Education Expansion, National Way of Life: Positive, National Way of Life: Negative, Law and Order: Positive, Civic Mindedness: Positive, Multiculturalism: Positive, Multiculturalism: Negative, Labour Groups: Positive, Agriculture and Farmers: Positive, Middle Class and Professional Groups, Underprivileged Minority Groups, Non-economic Demographic Groups

Sentence: expresses concern about the impact of the Care Records Service on patient confidentiality
Output: Human Rights
Sentence: condemns the pursuit of uniformity at the expense of diversity
Output: Equality: Positive
Sentence: observes that the Health and Safety Act 1974 made it a legal necessity for workplaces to train someone in medical first aid
Output: Labour Groups: Positive
Sentence: further notes that NICE guidance recommends against the use of surgical mesh for pelvic organ prolapse and that no NICE recommendations have been made for stress urinary incontinence
Output: Human Rights
Sentence: highlights the fact that the government is committed to reducing the national debt
Output: Economic Goals
Sentence: points out that the government is considering a new tax on financial transactions
Output: Market Regulation
Sentence: suggests that the"
"That this House believes council tax is unfair, should not have been introduced and should be replaced by a system that reflects people's ability to pay.",Equality: Positive,30,none,"You are a motion policy preference classification assistant. Classify the motions using the following labels:Military: Positive, Military: Negative, Peace, Internationalism: Positive, European Union: Positive, European Union: Negative, Human Rights, Direct Democracy: Positive, Constitutionalism: Positive, Constitutionalism: Negative, Decentralisation: Positive, Centralisation: Positive, Governative and Administrative Efficiency, Political Corruption, Political Authority: Party, Free Market Economy, Incentives: Positive, Market Regulation, Economic Planning, Corporatism/Mixed Economy, Protectionism: Negative, Economic Goals, Keynesian Demand Management, Economic Growth: Positive, Technology and Infrastructure: Positive, Controlled Economy, Nationalisation, Economic Orthodoxy, Environmental Protection, Culture: Positive, Equality: Positive, Welfare State Expansion, Welfare State Limitation, Education Expansion, National Way of Life: Positive, National Way of Life: Negative, Law and Order: Positive, Civic Mindedness: Positive, Multiculturalism: Positive, Multiculturalism: Negative, Labour Groups: Positive, Agriculture and Farmers: Positive, Middle Class and Professional Groups, Underprivileged Minority Groups, Non-economic Demographic Groups

Sentence: expresses concern about the impact of the Care Records Service on patient confidentiality
Output: Human Rights
Sentence: condemns the pursuit of uniformity at the expense of diversity
Output: Equality: Positive
Sentence: observes that the Health and Safety Act 1974 made it a legal necessity for workplaces to train someone in medical first aid
Output: Labour Groups: Positive
Sentence: That this House believes council tax is unfair, should not have been introduced and should be replaced by a system that reflects people's ability to pay.
Output: Direct Democracy: Positive
Sentence: the government's decision to increase the number of police officers in the city
Output: Law and Order: Positive
Sentence: the government's decision to increase the number of police officers in the city
Output"
That this House notes the failure of the Government to meet its target for recruitment into initial teacher training and the failure of Government schemes to encourage maths and science graduates into the teaching profession,Education Expansion,33,none,"You are a motion policy preference classification assistant. Classify the motions using the following labels:Military: Positive, Military: Negative, Peace, Internationalism: Positive, European Union: Positive, European Union: Negative, Human Rights, Direct Democracy: Positive, Constitutionalism: Positive, Constitutionalism: Negative, Decentralisation: Positive, Centralisation: Positive, Governative and Administrative Efficiency, Political Corruption, Political Authority: Party, Free Market Economy, Incentives: Positive, Market Regulation, Economic Planning, Corporatism/Mixed Economy, Protectionism: Negative, Economic Goals, Keynesian Demand Management, Economic Growth: Positive, Technology and Infrastructure: Positive, Controlled Economy, Nationalisation, Economic Orthodoxy, Environmental Protection, Culture: Positive, Equality: Positive, Welfare State Expansion, Welfare State Limitation, Education Expansion, National Way of Life: Positive, National Way of Life: Negative, Law and Order: Positive, Civic Mindedness: Positive, Multiculturalism: Positive, Multiculturalism: Negative, Labour Groups: Positive, Agriculture and Farmers: Positive, Middle Class and Professional Groups, Underprivileged Minority Groups, Non-economic Demographic Groups

Sentence: expresses concern about the impact of the Care Records Service on patient confidentiality
Output: Human Rights
Sentence: condemns the pursuit of uniformity at the expense of diversity
Output: Equality: Positive
Sentence: observes that the Health and Safety Act 1974 made it a legal necessity for workplaces to train someone in medical first aid
Output: Labour Groups: Positive
Sentence: That this House notes the failure of the Government to meet its target for recruitment into initial teacher training and the failure of Government schemes to encourage maths and science graduates into the teaching profession
Output: Governative and Administrative Efficiency
Sentence: the government's decision to increase the number of police officers on the streets
Output: Law and Order: Positive
Sentence: the government's decision to increase the number of police officers on the streets
"
"That this House notes that annual energy bills have risen by more than £200 since May 2010, with further price rises on the way",Market Regulation,17,none,"You are a motion policy preference classification assistant. Classify the motions using the following labels:Military: Positive, Military: Negative, Peace, Internationalism: Positive, European Union: Positive, European Union: Negative, Human Rights, Direct Democracy: Positive, Constitutionalism: Positive, Constitutionalism: Negative, Decentralisation: Positive, Centralisation: Positive, Governative and Administrative Efficiency, Political Corruption, Political Authority: Party, Free Market Economy, Incentives: Positive, Market Regulation, Economic Planning, Corporatism/Mixed Economy, Protectionism: Negative, Economic Goals, Keynesian Demand Management, Economic Growth: Positive, Technology and Infrastructure: Positive, Controlled Economy, Nationalisation, Economic Orthodoxy, Environmental Protection, Culture: Positive, Equality: Positive, Welfare State Expansion, Welfare State Limitation, Education Expansion, National Way of Life: Positive, National Way of Life: Negative, Law and Order: Positive, Civic Mindedness: Positive, Multiculturalism: Positive, Multiculturalism: Negative, Labour Groups: Positive, Agriculture and Farmers: Positive, Middle Class and Professional Groups, Underprivileged Minority Groups, Non-economic Demographic Groups

Sentence: expresses concern about the impact of the Care Records Service on patient confidentiality
Output: Human Rights
Sentence: condemns the pursuit of uniformity at the expense of diversity
Output: Equality: Positive
Sentence: observes that the Health and Safety Act 1974 made it a legal necessity for workplaces to train someone in medical first aid
Output: Labour Groups: Positive
Sentence: That this House notes that annual energy bills have risen by more than £200 since May 2010, with further price rises on the way
Output: Economic Goals
Sentence: the government's decision to introduce a new tax on foreign aid
Output: Protectionism: Negative
Sentence: the government's decision to invest in a new high-speed rail line
Output: Technology and Infrastructure:"
"That this House believes everyone deserves a decent, affordable home to live in",Equality: Positive,30,none,"You are a motion policy preference classification assistant. Classify the motions using the following labels:Military: Positive, Military: Negative, Peace, Internationalism: Positive, European Union: Positive, European Union: Negative, Human Rights, Direct Democracy: Positive, Constitutionalism: Positive, Constitutionalism: Negative, Decentralisation: Positive, Centralisation: Positive, Governative and Administrative Efficiency, Political Corruption, Political Authority: Party, Free Market Economy, Incentives: Positive, Market Regulation, Economic Planning, Corporatism/Mixed Economy, Protectionism: Negative, Economic Goals, Keynesian Demand Management, Economic Growth: Positive, Technology and Infrastructure: Positive, Controlled Economy, Nationalisation, Economic Orthodoxy, Environmental Protection, Culture: Positive, Equality: Positive, Welfare State Expansion, Welfare State Limitation, Education Expansion, National Way of Life: Positive, National Way of Life: Negative, Law and Order: Positive, Civic Mindedness: Positive, Multiculturalism: Positive, Multiculturalism: Negative, Labour Groups: Positive, Agriculture and Farmers: Positive, Middle Class and Professional Groups, Underprivileged Minority Groups, Non-economic Demographic Groups

Sentence: expresses concern about the impact of the Care Records Service on patient confidentiality
Output: Human Rights
Sentence: condemns the pursuit of uniformity at the expense of diversity
Output: Equality: Positive
Sentence: observes that the Health and Safety Act 1974 made it a legal necessity for workplaces to train someone in medical first aid
Output: Labour Groups: Positive
Sentence: That this House believes everyone deserves a decent, affordable home to live in
Output: Welfare State Expansion
Sentence: the government's decision to cut funding for the arts is a blow to cultural diversity
Output: Culture: Positive
Sentence: the government's decision to cut funding for the arts is a blow to cultural diversity
"
further notes that the Government's top-down policies with regard to housing have strangled it with red tape,Welfare State Expansion,31,none,"You are a motion policy preference classification assistant. Classify the motions using the following labels:Military: Positive, Military: Negative, Peace, Internationalism: Positive, European Union: Positive, European Union: Negative, Human Rights, Direct Democracy: Positive, Constitutionalism: Positive, Constitutionalism: Negative, Decentralisation: Positive, Centralisation: Positive, Governative and Administrative Efficiency, Political Corruption, Political Authority: Party, Free Market Economy, Incentives: Positive, Market Regulation, Economic Planning, Corporatism/Mixed Economy, Protectionism: Negative, Economic Goals, Keynesian Demand Management, Economic Growth: Positive, Technology and Infrastructure: Positive, Controlled Economy, Nationalisation, Economic Orthodoxy, Environmental Protection, Culture: Positive, Equality: Positive, Welfare State Expansion, Welfare State Limitation, Education Expansion, National Way of Life: Positive, National Way of Life: Negative, Law and Order: Positive, Civic Mindedness: Positive, Multiculturalism: Positive, Multiculturalism: Negative, Labour Groups: Positive, Agriculture and Farmers: Positive, Middle Class and Professional Groups, Underprivileged Minority Groups, Non-economic Demographic Groups

Sentence: expresses concern about the impact of the Care Records Service on patient confidentiality
Output: Human Rights
Sentence: condemns the pursuit of uniformity at the expense of diversity
Output: Equality: Positive
Sentence: observes that the Health and Safety Act 1974 made it a legal necessity for workplaces to train someone in medical first aid
Output: Labour Groups: Positive
Sentence: further notes that the Government's top-down policies with regard to housing have strangled it with red tape
Output: Centralisation: Positive
Sentence: highlights the fact that the new law will make it easier for the government to monitor citizens' activities
Output: Political Authority: Party
Sentence: points out that the new policy will lead to a significant increase in the"
" condemns the lack of support and respite for carers, the lack of early intervention with the young and the unmet needs of the elderly",Welfare State Expansion,31,none,"You are a motion policy preference classification assistant. Classify the motions using the following labels:Military: Positive, Military: Negative, Peace, Internationalism: Positive, European Union: Positive, European Union: Negative, Human Rights, Direct Democracy: Positive, Constitutionalism: Positive, Constitutionalism: Negative, Decentralisation: Positive, Centralisation: Positive, Governative and Administrative Efficiency, Political Corruption, Political Authority: Party, Free Market Economy, Incentives: Positive, Market Regulation, Economic Planning, Corporatism/Mixed Economy, Protectionism: Negative, Economic Goals, Keynesian Demand Management, Economic Growth: Positive, Technology and Infrastructure: Positive, Controlled Economy, Nationalisation, Economic Orthodoxy, Environmental Protection, Culture: Positive, Equality: Positive, Welfare State Expansion, Welfare State Limitation, Education Expansion, National Way of Life: Positive, National Way of Life: Negative, Law and Order: Positive, Civic Mindedness: Positive, Multiculturalism: Positive, Multiculturalism: Negative, Labour Groups: Positive, Agriculture and Farmers: Positive, Middle Class and Professional Groups, Underprivileged Minority Groups, Non-economic Demographic Groups

Sentence: expresses concern about the impact of the Care Records Service on patient confidentiality
Output: Human Rights
Sentence: condemns the pursuit of uniformity at the expense of diversity
Output: Equality: Positive
Sentence: observes that the Health and Safety Act 1974 made it a legal necessity for workplaces to train someone in medical first aid
Output: Labour Groups: Positive
Sentence:  condemns the lack of support and respite for carers, the lack of early intervention with the young and the unmet needs of the elderly
Output: Welfare State Limitation
Sentence:  highlights the importance of the role of the police in maintaining law and order
Output: Law and Order: Positive
Sentence:  emphasizes the need for a more sustainable approach to agriculture
Output: Environmental Protection
"
notes opinion poll support for a green tax switch from people onto pollution,Environmental Protection,28,none,"You are a motion policy preference classification assistant. Classify the motions using the following labels:Military: Positive, Military: Negative, Peace, Internationalism: Positive, European Union: Positive, European Union: Negative, Human Rights, Direct Democracy: Positive, Constitutionalism: Positive, Constitutionalism: Negative, Decentralisation: Positive, Centralisation: Positive, Governative and Administrative Efficiency, Political Corruption, Political Authority: Party, Free Market Economy, Incentives: Positive, Market Regulation, Economic Planning, Corporatism/Mixed Economy, Protectionism: Negative, Economic Goals, Keynesian Demand Management, Economic Growth: Positive, Technology and Infrastructure: Positive, Controlled Economy, Nationalisation, Economic Orthodoxy, Environmental Protection, Culture: Positive, Equality: Positive, Welfare State Expansion, Welfare State Limitation, Education Expansion, National Way of Life: Positive, National Way of Life: Negative, Law and Order: Positive, Civic Mindedness: Positive, Multiculturalism: Positive, Multiculturalism: Negative, Labour Groups: Positive, Agriculture and Farmers: Positive, Middle Class and Professional Groups, Underprivileged Minority Groups, Non-economic Demographic Groups

Sentence: expresses concern about the impact of the Care Records Service on patient confidentiality
Output: Human Rights
Sentence: condemns the pursuit of uniformity at the expense of diversity
Output: Equality: Positive
Sentence: observes that the Health and Safety Act 1974 made it a legal necessity for workplaces to train someone in medical first aid
Output: Labour Groups: Positive
Sentence: notes opinion poll support for a green tax switch from people onto pollution
Output: Economic Goals
Sentence: highlights the importance of a strong national identity
Output: National Way of Life: Positive
Sentence: points out that the government is considering a new law to restrict the use of private security firms
Output: Political Authority: Party"
"That this House is concerned at the slow progress made under the Transforming Care programme, which was set up to improve the care and quality of life of children and adults with a learning disability and/or autism who display behaviour that challenges",Equality: Positive,30,none,"You are a motion policy preference classification assistant. Classify the motions using the following labels:Military: Positive, Military: Negative, Peace, Internationalism: Positive, European Union: Positive, European Union: Negative, Human Rights, Direct Democracy: Positive, Constitutionalism: Positive, Constitutionalism: Negative, Decentralisation: Positive, Centralisation: Positive, Governative and Administrative Efficiency, Political Corruption, Political Authority: Party, Free Market Economy, Incentives: Positive, Market Regulation, Economic Planning, Corporatism/Mixed Economy, Protectionism: Negative, Economic Goals, Keynesian Demand Management, Economic Growth: Positive, Technology and Infrastructure: Positive, Controlled Economy, Nationalisation, Economic Orthodoxy, Environmental Protection, Culture: Positive, Equality: Positive, Welfare State Expansion, Welfare State Limitation, Education Expansion, National Way of Life: Positive, National Way of Life: Negative, Law and Order: Positive, Civic Mindedness: Positive, Multiculturalism: Positive, Multiculturalism: Negative, Labour Groups: Positive, Agriculture and Farmers: Positive, Middle Class and Professional Groups, Underprivileged Minority Groups, Non-economic Demographic Groups

Sentence: expresses concern about the impact of the Care Records Service on patient confidentiality
Output: Human Rights
Sentence: condemns the pursuit of uniformity at the expense of diversity
Output: Equality: Positive
Sentence: observes that the Health and Safety Act 1974 made it a legal necessity for workplaces to train someone in medical first aid
Output: Labour Groups: Positive
Sentence: That this House is concerned at the slow progress made under the Transforming Care programme, which was set up to improve the care and quality of life of children and adults with a learning disability and/or autism who display behaviour that challenges
Output: Human Rights
Sentence: the government’s commitment to the UK’s long-term economic growth
Output: Economic Growth: Positive
Sentence: the need to ensure that the government’s policy on the use of personal data is consistent with the"
" regrets the lack of timely action by the Government which this discloses, including higher bed occupancies and the resultant impact of Government waiting list targets on infection control measures, lack of surveillance data other than hospital-wide MRSA and post-discharge surveillance and isolation facilities, and lack of progress on a national infection control manual",Welfare State Expansion,31,none,"You are a motion policy preference classification assistant. Classify the motions using the following labels:Military: Positive, Military: Negative, Peace, Internationalism: Positive, European Union: Positive, European Union: Negative, Human Rights, Direct Democracy: Positive, Constitutionalism: Positive, Constitutionalism: Negative, Decentralisation: Positive, Centralisation: Positive, Governative and Administrative Efficiency, Political Corruption, Political Authority: Party, Free Market Economy, Incentives: Positive, Market Regulation, Economic Planning, Corporatism/Mixed Economy, Protectionism: Negative, Economic Goals, Keynesian Demand Management, Economic Growth: Positive, Technology and Infrastructure: Positive, Controlled Economy, Nationalisation, Economic Orthodoxy, Environmental Protection, Culture: Positive, Equality: Positive, Welfare State Expansion, Welfare State Limitation, Education Expansion, National Way of Life: Positive, National Way of Life: Negative, Law and Order: Positive, Civic Mindedness: Positive, Multiculturalism: Positive, Multiculturalism: Negative, Labour Groups: Positive, Agriculture and Farmers: Positive, Middle Class and Professional Groups, Underprivileged Minority Groups, Non-economic Demographic Groups

Sentence: expresses concern about the impact of the Care Records Service on patient confidentiality
Output: Human Rights
Sentence: condemns the pursuit of uniformity at the expense of diversity
Output: Equality: Positive
Sentence: observes that the Health and Safety Act 1974 made it a legal necessity for workplaces to train someone in medical first aid
Output: Labour Groups: Positive
Sentence:  regrets the lack of timely action by the Government which this discloses, including higher bed occupancies and the resultant impact of Government waiting list targets on infection control measures, lack of surveillance data other than hospital-wide MRSA and post-discharge surveillance and isolation facilities, and lack of progress on a national infection control manual
Output: Political Corruption
Sentence:  highlights the importance of the role of the local council in providing a range of services to the community
Output: Governative and Administrative Efficiency
Sentence:  emphasizes the need for a more balanced approach to economic policy,"
condemns the Government for putting in place rules that allowed thousands of elderly people to be forced to give up their life savings and homes to fund their continuing healthcare,Welfare State Expansion,31,none,"You are a motion policy preference classification assistant. Classify the motions using the following labels:Military: Positive, Military: Negative, Peace, Internationalism: Positive, European Union: Positive, European Union: Negative, Human Rights, Direct Democracy: Positive, Constitutionalism: Positive, Constitutionalism: Negative, Decentralisation: Positive, Centralisation: Positive, Governative and Administrative Efficiency, Political Corruption, Political Authority: Party, Free Market Economy, Incentives: Positive, Market Regulation, Economic Planning, Corporatism/Mixed Economy, Protectionism: Negative, Economic Goals, Keynesian Demand Management, Economic Growth: Positive, Technology and Infrastructure: Positive, Controlled Economy, Nationalisation, Economic Orthodoxy, Environmental Protection, Culture: Positive, Equality: Positive, Welfare State Expansion, Welfare State Limitation, Education Expansion, National Way of Life: Positive, National Way of Life: Negative, Law and Order: Positive, Civic Mindedness: Positive, Multiculturalism: Positive, Multiculturalism: Negative, Labour Groups: Positive, Agriculture and Farmers: Positive, Middle Class and Professional Groups, Underprivileged Minority Groups, Non-economic Demographic Groups

Sentence: expresses concern about the impact of the Care Records Service on patient confidentiality
Output: Human Rights
Sentence: condemns the pursuit of uniformity at the expense of diversity
Output: Equality: Positive
Sentence: observes that the Health and Safety Act 1974 made it a legal necessity for workplaces to train someone in medical first aid
Output: Labour Groups: Positive
Sentence: condemns the Government for putting in place rules that allowed thousands of elderly people to be forced to give up their life savings and homes to fund their continuing healthcare
Output: Political Corruption
Sentence: suggests that the government should be more open to the idea of a national energy policy
Output: National Way of Life: Positive
Sentence: is critical of the fact that the government is not doing enough to protect the environment
"
welcomes the forthcoming UN high-level meeting on TB in New York on 26 September as an unprecedented opportunity to turn the tide against this terrible disease,Internationalism: Positive,3,none,"You are a motion policy preference classification assistant. Classify the motions using the following labels:Military: Positive, Military: Negative, Peace, Internationalism: Positive, European Union: Positive, European Union: Negative, Human Rights, Direct Democracy: Positive, Constitutionalism: Positive, Constitutionalism: Negative, Decentralisation: Positive, Centralisation: Positive, Governative and Administrative Efficiency, Political Corruption, Political Authority: Party, Free Market Economy, Incentives: Positive, Market Regulation, Economic Planning, Corporatism/Mixed Economy, Protectionism: Negative, Economic Goals, Keynesian Demand Management, Economic Growth: Positive, Technology and Infrastructure: Positive, Controlled Economy, Nationalisation, Economic Orthodoxy, Environmental Protection, Culture: Positive, Equality: Positive, Welfare State Expansion, Welfare State Limitation, Education Expansion, National Way of Life: Positive, National Way of Life: Negative, Law and Order: Positive, Civic Mindedness: Positive, Multiculturalism: Positive, Multiculturalism: Negative, Labour Groups: Positive, Agriculture and Farmers: Positive, Middle Class and Professional Groups, Underprivileged Minority Groups, Non-economic Demographic Groups

Sentence: expresses concern about the impact of the Care Records Service on patient confidentiality
Output: Human Rights
Sentence: condemns the pursuit of uniformity at the expense of diversity
Output: Equality: Positive
Sentence: observes that the Health and Safety Act 1974 made it a legal necessity for workplaces to train someone in medical first aid
Output: Labour Groups: Positive
Sentence: welcomes the forthcoming UN high-level meeting on TB in New York on 26 September as an unprecedented opportunity to turn the tide against this terrible disease
Output: Internationalism: Positive
Sentence: is concerned about the potential for the new law to undermine the rights of individuals to privacy
Output: Human Rights
Sentence: is critical of the government's decision to cut funding for the arts
Output: Political"
calls on the Government to conduct an urgent review of this situation,Political Authority: Party,14,none,"You are a motion policy preference classification assistant. Classify the motions using the following labels:Military: Positive, Military: Negative, Peace, Internationalism: Positive, European Union: Positive, European Union: Negative, Human Rights, Direct Democracy: Positive, Constitutionalism: Positive, Constitutionalism: Negative, Decentralisation: Positive, Centralisation: Positive, Governative and Administrative Efficiency, Political Corruption, Political Authority: Party, Free Market Economy, Incentives: Positive, Market Regulation, Economic Planning, Corporatism/Mixed Economy, Protectionism: Negative, Economic Goals, Keynesian Demand Management, Economic Growth: Positive, Technology and Infrastructure: Positive, Controlled Economy, Nationalisation, Economic Orthodoxy, Environmental Protection, Culture: Positive, Equality: Positive, Welfare State Expansion, Welfare State Limitation, Education Expansion, National Way of Life: Positive, National Way of Life: Negative, Law and Order: Positive, Civic Mindedness: Positive, Multiculturalism: Positive, Multiculturalism: Negative, Labour Groups: Positive, Agriculture and Farmers: Positive, Middle Class and Professional Groups, Underprivileged Minority Groups, Non-economic Demographic Groups

Sentence: expresses concern about the impact of the Care Records Service on patient confidentiality
Output: Human Rights
Sentence: condemns the pursuit of uniformity at the expense of diversity
Output: Equality: Positive
Sentence: observes that the Health and Safety Act 1974 made it a legal necessity for workplaces to train someone in medical first aid
Output: Labour Groups: Positive
Sentence: calls on the Government to conduct an urgent review of this situation
Output: Political Authority: Party
Sentence: highlights the importance of the role of the police in maintaining law and order
Output: Law and Order: Positive
Sentence: suggests that the government should invest in a new high-speed rail network
Output: Technology"
"That this House believes it is a mistake to reduce the top rate of income tax at a time when working people, who are on average £1,600 a year worse off since 2010, are not feeling the recovery and while the deficit also remains high",Equality: Positive,30,none,"You are a motion policy preference classification assistant. Classify the motions using the following labels:Military: Positive, Military: Negative, Peace, Internationalism: Positive, European Union: Positive, European Union: Negative, Human Rights, Direct Democracy: Positive, Constitutionalism: Positive, Constitutionalism: Negative, Decentralisation: Positive, Centralisation: Positive, Governative and Administrative Efficiency, Political Corruption, Political Authority: Party, Free Market Economy, Incentives: Positive, Market Regulation, Economic Planning, Corporatism/Mixed Economy, Protectionism: Negative, Economic Goals, Keynesian Demand Management, Economic Growth: Positive, Technology and Infrastructure: Positive, Controlled Economy, Nationalisation, Economic Orthodoxy, Environmental Protection, Culture: Positive, Equality: Positive, Welfare State Expansion, Welfare State Limitation, Education Expansion, National Way of Life: Positive, National Way of Life: Negative, Law and Order: Positive, Civic Mindedness: Positive, Multiculturalism: Positive, Multiculturalism: Negative, Labour Groups: Positive, Agriculture and Farmers: Positive, Middle Class and Professional Groups, Underprivileged Minority Groups, Non-economic Demographic Groups

Sentence: expresses concern about the impact of the Care Records Service on patient confidentiality
Output: Human Rights
Sentence: condemns the pursuit of uniformity at the expense of diversity
Output: Equality: Positive
Sentence: observes that the Health and Safety Act 1974 made it a legal necessity for workplaces to train someone in medical first aid
Output: Labour Groups: Positive
Sentence: That this House believes it is a mistake to reduce the top rate of income tax at a time when working people, who are on average £1,600 a year worse off since 2010, are not feeling the recovery and while the deficit also remains high
Output: Political Authority: Party
Sentence: the government’s decision to increase the number of police officers in London
Output: Law and Order: Positive
Sentence: the government’s decision to increase the number of police officers in London
Output: Political"
That this House calls on the Government to introduce a Civil Service Bill in this parliamentary session.,Governative and Administrative Efficiency,12,none,"You are a motion policy preference classification assistant. Classify the motions using the following labels:Military: Positive, Military: Negative, Peace, Internationalism: Positive, European Union: Positive, European Union: Negative, Human Rights, Direct Democracy: Positive, Constitutionalism: Positive, Constitutionalism: Negative, Decentralisation: Positive, Centralisation: Positive, Governative and Administrative Efficiency, Political Corruption, Political Authority: Party, Free Market Economy, Incentives: Positive, Market Regulation, Economic Planning, Corporatism/Mixed Economy, Protectionism: Negative, Economic Goals, Keynesian Demand Management, Economic Growth: Positive, Technology and Infrastructure: Positive, Controlled Economy, Nationalisation, Economic Orthodoxy, Environmental Protection, Culture: Positive, Equality: Positive, Welfare State Expansion, Welfare State Limitation, Education Expansion, National Way of Life: Positive, National Way of Life: Negative, Law and Order: Positive, Civic Mindedness: Positive, Multiculturalism: Positive, Multiculturalism: Negative, Labour Groups: Positive, Agriculture and Farmers: Positive, Middle Class and Professional Groups, Underprivileged Minority Groups, Non-economic Demographic Groups

Sentence: expresses concern about the impact of the Care Records Service on patient confidentiality
Output: Human Rights
Sentence: condemns the pursuit of uniformity at the expense of diversity
Output: Equality: Positive
Sentence: observes that the Health and Safety Act 1974 made it a legal necessity for workplaces to train someone in medical first aid
Output: Labour Groups: Positive
Sentence: That this House calls on the Government to introduce a Civil Service Bill in this parliamentary session.
Output: Political Authority: Party
Sentence: the government's decision to increase the number of police officers in the city
Output: Law and Order: Positive
Sentence: the government's decision to increase the number of police officers in the city
Output"
"That this House expresses its concern over recent reports that the Government is retreating on the Academies programme and calls on the Secretary of State to restore the freedom of Academies to operate outside the National Curriculum, to take steps to liberate them further from local authority control, and to recognise that Academies should act as a spur and encouragement to local authorities by pioneering innovative new approaches to helping the most disadvantaged",Education Expansion,33,none,"You are a motion policy preference classification assistant. Classify the motions using the following labels:Military: Positive, Military: Negative, Peace, Internationalism: Positive, European Union: Positive, European Union: Negative, Human Rights, Direct Democracy: Positive, Constitutionalism: Positive, Constitutionalism: Negative, Decentralisation: Positive, Centralisation: Positive, Governative and Administrative Efficiency, Political Corruption, Political Authority: Party, Free Market Economy, Incentives: Positive, Market Regulation, Economic Planning, Corporatism/Mixed Economy, Protectionism: Negative, Economic Goals, Keynesian Demand Management, Economic Growth: Positive, Technology and Infrastructure: Positive, Controlled Economy, Nationalisation, Economic Orthodoxy, Environmental Protection, Culture: Positive, Equality: Positive, Welfare State Expansion, Welfare State Limitation, Education Expansion, National Way of Life: Positive, National Way of Life: Negative, Law and Order: Positive, Civic Mindedness: Positive, Multiculturalism: Positive, Multiculturalism: Negative, Labour Groups: Positive, Agriculture and Farmers: Positive, Middle Class and Professional Groups, Underprivileged Minority Groups, Non-economic Demographic Groups

Sentence: expresses concern about the impact of the Care Records Service on patient confidentiality
Output: Human Rights
Sentence: condemns the pursuit of uniformity at the expense of diversity
Output: Equality: Positive
Sentence: observes that the Health and Safety Act 1974 made it a legal necessity for workplaces to train someone in medical first aid
Output: Labour Groups: Positive
Sentence: That this House expresses its concern over recent reports that the Government is retreating on the Academies programme and calls on the Secretary of State to restore the freedom of Academies to operate outside the National Curriculum, to take steps to liberate them further from local authority control, and to recognise that Academies should act as a spur and encouragement to local authorities by pioneering innovative new approaches to helping the most disadvantaged
Output: Governative and Administrative Efficiency
Sentence: the government’s decision to increase the number of police officers on the streets
Output: Law and Order: Positive
Sentence: the government’s decision to increase the number of police officers on the streets
"
"That this House supports the provision by the NHS of comprehensive, high quality health services, based on need and not ability to pay",Welfare State Expansion,31,none,"You are a motion policy preference classification assistant. Classify the motions using the following labels:Military: Positive, Military: Negative, Peace, Internationalism: Positive, European Union: Positive, European Union: Negative, Human Rights, Direct Democracy: Positive, Constitutionalism: Positive, Constitutionalism: Negative, Decentralisation: Positive, Centralisation: Positive, Governative and Administrative Efficiency, Political Corruption, Political Authority: Party, Free Market Economy, Incentives: Positive, Market Regulation, Economic Planning, Corporatism/Mixed Economy, Protectionism: Negative, Economic Goals, Keynesian Demand Management, Economic Growth: Positive, Technology and Infrastructure: Positive, Controlled Economy, Nationalisation, Economic Orthodoxy, Environmental Protection, Culture: Positive, Equality: Positive, Welfare State Expansion, Welfare State Limitation, Education Expansion, National Way of Life: Positive, National Way of Life: Negative, Law and Order: Positive, Civic Mindedness: Positive, Multiculturalism: Positive, Multiculturalism: Negative, Labour Groups: Positive, Agriculture and Farmers: Positive, Middle Class and Professional Groups, Underprivileged Minority Groups, Non-economic Demographic Groups

Sentence: expresses concern about the impact of the Care Records Service on patient confidentiality
Output: Human Rights
Sentence: condemns the pursuit of uniformity at the expense of diversity
Output: Equality: Positive
Sentence: observes that the Health and Safety Act 1974 made it a legal necessity for workplaces to train someone in medical first aid
Output: Labour Groups: Positive
Sentence: That this House supports the provision by the NHS of comprehensive, high quality health services, based on need and not ability to pay
Output: Welfare State Expansion
Sentence: the government's decision to increase the number of police officers in the city
Output: Law and Order: Positive
Sentence: the government's decision to increase the number of police officers in the city
Output:"
believes the complicated process of bidding for centralised initiatives is fragmenting budgetary responsibility and has caused unacceptable delays in setting indicative budgets,Governative and Administrative Efficiency,12,none,"You are a motion policy preference classification assistant. Classify the motions using the following labels:Military: Positive, Military: Negative, Peace, Internationalism: Positive, European Union: Positive, European Union: Negative, Human Rights, Direct Democracy: Positive, Constitutionalism: Positive, Constitutionalism: Negative, Decentralisation: Positive, Centralisation: Positive, Governative and Administrative Efficiency, Political Corruption, Political Authority: Party, Free Market Economy, Incentives: Positive, Market Regulation, Economic Planning, Corporatism/Mixed Economy, Protectionism: Negative, Economic Goals, Keynesian Demand Management, Economic Growth: Positive, Technology and Infrastructure: Positive, Controlled Economy, Nationalisation, Economic Orthodoxy, Environmental Protection, Culture: Positive, Equality: Positive, Welfare State Expansion, Welfare State Limitation, Education Expansion, National Way of Life: Positive, National Way of Life: Negative, Law and Order: Positive, Civic Mindedness: Positive, Multiculturalism: Positive, Multiculturalism: Negative, Labour Groups: Positive, Agriculture and Farmers: Positive, Middle Class and Professional Groups, Underprivileged Minority Groups, Non-economic Demographic Groups

Sentence: expresses concern about the impact of the Care Records Service on patient confidentiality
Output: Human Rights
Sentence: condemns the pursuit of uniformity at the expense of diversity
Output: Equality: Positive
Sentence: observes that the Health and Safety Act 1974 made it a legal necessity for workplaces to train someone in medical first aid
Output: Labour Groups: Positive
Sentence: believes the complicated process of bidding for centralised initiatives is fragmenting budgetary responsibility and has caused unacceptable delays in setting indicative budgets
Output: Governative and Administrative Efficiency
Sentence: is concerned about the potential for the government to use its power to restrict freedom of expression
Output: Human Rights
Sentence: is worried about the impact of the new tax on imported goods on the competitiveness of local"
That this House notes the protests of citizens of Tanzania in a demonstration in Dar es Salaam on 20th January 2007 demanding the arrest of any wrongdoers involved in the sale of a radar system to Tanzania in 2001-02,Human Rights,6,none,"You are a motion policy preference classification assistant. Classify the motions using the following labels:Military: Positive, Military: Negative, Peace, Internationalism: Positive, European Union: Positive, European Union: Negative, Human Rights, Direct Democracy: Positive, Constitutionalism: Positive, Constitutionalism: Negative, Decentralisation: Positive, Centralisation: Positive, Governative and Administrative Efficiency, Political Corruption, Political Authority: Party, Free Market Economy, Incentives: Positive, Market Regulation, Economic Planning, Corporatism/Mixed Economy, Protectionism: Negative, Economic Goals, Keynesian Demand Management, Economic Growth: Positive, Technology and Infrastructure: Positive, Controlled Economy, Nationalisation, Economic Orthodoxy, Environmental Protection, Culture: Positive, Equality: Positive, Welfare State Expansion, Welfare State Limitation, Education Expansion, National Way of Life: Positive, National Way of Life: Negative, Law and Order: Positive, Civic Mindedness: Positive, Multiculturalism: Positive, Multiculturalism: Negative, Labour Groups: Positive, Agriculture and Farmers: Positive, Middle Class and Professional Groups, Underprivileged Minority Groups, Non-economic Demographic Groups

Sentence: expresses concern about the impact of the Care Records Service on patient confidentiality
Output: Human Rights
Sentence: condemns the pursuit of uniformity at the expense of diversity
Output: Equality: Positive
Sentence: observes that the Health and Safety Act 1974 made it a legal necessity for workplaces to train someone in medical first aid
Output: Labour Groups: Positive
Sentence: That this House notes the protests of citizens of Tanzania in a demonstration in Dar es Salaam on 20th January 2007 demanding the arrest of any wrongdoers involved in the sale of a radar system to Tanzania in 2001-02
Output: Political Corruption
Sentence: the government is committed to promoting the development of the national economy
Output: Economic Growth: Positive
Sentence: the government is committed to promoting the development of the national economy
Output: Economic Growth: Positive
Sentence: the"
advises Labour MEPs to support the retention of the opt-out,European Union: Negative,5,none,"You are a motion policy preference classification assistant. Classify the motions using the following labels:Military: Positive, Military: Negative, Peace, Internationalism: Positive, European Union: Positive, European Union: Negative, Human Rights, Direct Democracy: Positive, Constitutionalism: Positive, Constitutionalism: Negative, Decentralisation: Positive, Centralisation: Positive, Governative and Administrative Efficiency, Political Corruption, Political Authority: Party, Free Market Economy, Incentives: Positive, Market Regulation, Economic Planning, Corporatism/Mixed Economy, Protectionism: Negative, Economic Goals, Keynesian Demand Management, Economic Growth: Positive, Technology and Infrastructure: Positive, Controlled Economy, Nationalisation, Economic Orthodoxy, Environmental Protection, Culture: Positive, Equality: Positive, Welfare State Expansion, Welfare State Limitation, Education Expansion, National Way of Life: Positive, National Way of Life: Negative, Law and Order: Positive, Civic Mindedness: Positive, Multiculturalism: Positive, Multiculturalism: Negative, Labour Groups: Positive, Agriculture and Farmers: Positive, Middle Class and Professional Groups, Underprivileged Minority Groups, Non-economic Demographic Groups

Sentence: expresses concern about the impact of the Care Records Service on patient confidentiality
Output: Human Rights
Sentence: condemns the pursuit of uniformity at the expense of diversity
Output: Equality: Positive
Sentence: observes that the Health and Safety Act 1974 made it a legal necessity for workplaces to train someone in medical first aid
Output: Labour Groups: Positive
Sentence: advises Labour MEPs to support the retention of the opt-out
Output: Political Authority: Party
Sentence: suggests that the government should invest in a new high-speed rail line
Output: Technology and Infrastructure: Positive
Sentence: highlights the importance of protecting the rights of the elderly
Output: Human Rights
Sentence:"
believes that the use of the introduction of the national living wage to drive down conditions and take-home pay is against the spirit of the law,Controlled Economy,25,none,"You are a motion policy preference classification assistant. Classify the motions using the following labels:Military: Positive, Military: Negative, Peace, Internationalism: Positive, European Union: Positive, European Union: Negative, Human Rights, Direct Democracy: Positive, Constitutionalism: Positive, Constitutionalism: Negative, Decentralisation: Positive, Centralisation: Positive, Governative and Administrative Efficiency, Political Corruption, Political Authority: Party, Free Market Economy, Incentives: Positive, Market Regulation, Economic Planning, Corporatism/Mixed Economy, Protectionism: Negative, Economic Goals, Keynesian Demand Management, Economic Growth: Positive, Technology and Infrastructure: Positive, Controlled Economy, Nationalisation, Economic Orthodoxy, Environmental Protection, Culture: Positive, Equality: Positive, Welfare State Expansion, Welfare State Limitation, Education Expansion, National Way of Life: Positive, National Way of Life: Negative, Law and Order: Positive, Civic Mindedness: Positive, Multiculturalism: Positive, Multiculturalism: Negative, Labour Groups: Positive, Agriculture and Farmers: Positive, Middle Class and Professional Groups, Underprivileged Minority Groups, Non-economic Demographic Groups

Sentence: expresses concern about the impact of the Care Records Service on patient confidentiality
Output: Human Rights
Sentence: condemns the pursuit of uniformity at the expense of diversity
Output: Equality: Positive
Sentence: observes that the Health and Safety Act 1974 made it a legal necessity for workplaces to train someone in medical first aid
Output: Labour Groups: Positive
Sentence: believes that the use of the introduction of the national living wage to drive down conditions and take-home pay is against the spirit of the law
Output: Political Authority: Party
Sentence: suggests that the government should invest in a new high-speed rail line to connect the north and south of the country
Output: Technology and Infrastructure: Positive
Sentence: is worried about the potential for the government to"
and calls on the Government urgently to review primary assessment and the 2016 SATs results and to clarify that these will not be used for measuring and judging school performance.,Equality: Positive,30,none,"You are a motion policy preference classification assistant. Classify the motions using the following labels:Military: Positive, Military: Negative, Peace, Internationalism: Positive, European Union: Positive, European Union: Negative, Human Rights, Direct Democracy: Positive, Constitutionalism: Positive, Constitutionalism: Negative, Decentralisation: Positive, Centralisation: Positive, Governative and Administrative Efficiency, Political Corruption, Political Authority: Party, Free Market Economy, Incentives: Positive, Market Regulation, Economic Planning, Corporatism/Mixed Economy, Protectionism: Negative, Economic Goals, Keynesian Demand Management, Economic Growth: Positive, Technology and Infrastructure: Positive, Controlled Economy, Nationalisation, Economic Orthodoxy, Environmental Protection, Culture: Positive, Equality: Positive, Welfare State Expansion, Welfare State Limitation, Education Expansion, National Way of Life: Positive, National Way of Life: Negative, Law and Order: Positive, Civic Mindedness: Positive, Multiculturalism: Positive, Multiculturalism: Negative, Labour Groups: Positive, Agriculture and Farmers: Positive, Middle Class and Professional Groups, Underprivileged Minority Groups, Non-economic Demographic Groups

Sentence: expresses concern about the impact of the Care Records Service on patient confidentiality
Output: Human Rights
Sentence: condemns the pursuit of uniformity at the expense of diversity
Output: Equality: Positive
Sentence: observes that the Health and Safety Act 1974 made it a legal necessity for workplaces to train someone in medical first aid
Output: Labour Groups: Positive
Sentence: and calls on the Government urgently to review primary assessment and the 2016 SATs results and to clarify that these will not be used for measuring and judging school performance.
Output: Political Authority: Party
Sentence: the government’s decision to increase the number of police officers in the city
Output: Law and Order: Positive
Sentence: the government’s decision to increase the number of police officers in the city
Output"
and calls on the Government to instead concentrate on providing the best education possible for all children.,Education Expansion,33,none,"You are a motion policy preference classification assistant. Classify the motions using the following labels:Military: Positive, Military: Negative, Peace, Internationalism: Positive, European Union: Positive, European Union: Negative, Human Rights, Direct Democracy: Positive, Constitutionalism: Positive, Constitutionalism: Negative, Decentralisation: Positive, Centralisation: Positive, Governative and Administrative Efficiency, Political Corruption, Political Authority: Party, Free Market Economy, Incentives: Positive, Market Regulation, Economic Planning, Corporatism/Mixed Economy, Protectionism: Negative, Economic Goals, Keynesian Demand Management, Economic Growth: Positive, Technology and Infrastructure: Positive, Controlled Economy, Nationalisation, Economic Orthodoxy, Environmental Protection, Culture: Positive, Equality: Positive, Welfare State Expansion, Welfare State Limitation, Education Expansion, National Way of Life: Positive, National Way of Life: Negative, Law and Order: Positive, Civic Mindedness: Positive, Multiculturalism: Positive, Multiculturalism: Negative, Labour Groups: Positive, Agriculture and Farmers: Positive, Middle Class and Professional Groups, Underprivileged Minority Groups, Non-economic Demographic Groups

Sentence: expresses concern about the impact of the Care Records Service on patient confidentiality
Output: Human Rights
Sentence: condemns the pursuit of uniformity at the expense of diversity
Output: Equality: Positive
Sentence: observes that the Health and Safety Act 1974 made it a legal necessity for workplaces to train someone in medical first aid
Output: Labour Groups: Positive
Sentence: and calls on the Government to instead concentrate on providing the best education possible for all children.
Output: Education Expansion
Sentence: the government's decision to increase the number of police officers in the city
Output: Law and Order: Positive
Sentence: the government's decision to increase the number of police officers in the city
Output: Political"
" notes with regret the decision by the Scottish Government to award the ScotRail franchise to a private operator, rather than exploring alternative options",Technology and Infrastructure: Positive,24,none,"You are a motion policy preference classification assistant. Classify the motions using the following labels:Military: Positive, Military: Negative, Peace, Internationalism: Positive, European Union: Positive, European Union: Negative, Human Rights, Direct Democracy: Positive, Constitutionalism: Positive, Constitutionalism: Negative, Decentralisation: Positive, Centralisation: Positive, Governative and Administrative Efficiency, Political Corruption, Political Authority: Party, Free Market Economy, Incentives: Positive, Market Regulation, Economic Planning, Corporatism/Mixed Economy, Protectionism: Negative, Economic Goals, Keynesian Demand Management, Economic Growth: Positive, Technology and Infrastructure: Positive, Controlled Economy, Nationalisation, Economic Orthodoxy, Environmental Protection, Culture: Positive, Equality: Positive, Welfare State Expansion, Welfare State Limitation, Education Expansion, National Way of Life: Positive, National Way of Life: Negative, Law and Order: Positive, Civic Mindedness: Positive, Multiculturalism: Positive, Multiculturalism: Negative, Labour Groups: Positive, Agriculture and Farmers: Positive, Middle Class and Professional Groups, Underprivileged Minority Groups, Non-economic Demographic Groups

Sentence: expresses concern about the impact of the Care Records Service on patient confidentiality
Output: Human Rights
Sentence: condemns the pursuit of uniformity at the expense of diversity
Output: Equality: Positive
Sentence: observes that the Health and Safety Act 1974 made it a legal necessity for workplaces to train someone in medical first aid
Output: Labour Groups: Positive
Sentence:  notes with regret the decision by the Scottish Government to award the ScotRail franchise to a private operator, rather than exploring alternative options
Output: European Union: Negative
Sentence:  highlights the importance of a strong national identity and the need to preserve traditional values
Output: National Way of Life: Positive
Sentence:  points out that the government's economic policy is designed to promote economic"
" is concerned that the Home Secretary has provided to Parliament no assessment of the current threat these individuals may pose to the public through terrorist-related activity, and notes the recent finding of Mr Justice Wilkie that the Secretary of State does not accept that there is a general duty to tailor measures towards the end of a TPIM in order to facilitate assimilation",Law and Order: Positive,36,none,"You are a motion policy preference classification assistant. Classify the motions using the following labels:Military: Positive, Military: Negative, Peace, Internationalism: Positive, European Union: Positive, European Union: Negative, Human Rights, Direct Democracy: Positive, Constitutionalism: Positive, Constitutionalism: Negative, Decentralisation: Positive, Centralisation: Positive, Governative and Administrative Efficiency, Political Corruption, Political Authority: Party, Free Market Economy, Incentives: Positive, Market Regulation, Economic Planning, Corporatism/Mixed Economy, Protectionism: Negative, Economic Goals, Keynesian Demand Management, Economic Growth: Positive, Technology and Infrastructure: Positive, Controlled Economy, Nationalisation, Economic Orthodoxy, Environmental Protection, Culture: Positive, Equality: Positive, Welfare State Expansion, Welfare State Limitation, Education Expansion, National Way of Life: Positive, National Way of Life: Negative, Law and Order: Positive, Civic Mindedness: Positive, Multiculturalism: Positive, Multiculturalism: Negative, Labour Groups: Positive, Agriculture and Farmers: Positive, Middle Class and Professional Groups, Underprivileged Minority Groups, Non-economic Demographic Groups

Sentence: expresses concern about the impact of the Care Records Service on patient confidentiality
Output: Human Rights
Sentence: condemns the pursuit of uniformity at the expense of diversity
Output: Equality: Positive
Sentence: observes that the Health and Safety Act 1974 made it a legal necessity for workplaces to train someone in medical first aid
Output: Labour Groups: Positive
Sentence:  is concerned that the Home Secretary has provided to Parliament no assessment of the current threat these individuals may pose to the public through terrorist-related activity, and notes the recent finding of Mr Justice Wilkie that the Secretary of State does not accept that there is a general duty to tailor measures towards the end of a TPIM in order to facilitate assimilation
Output: Political Authority: Party
Sentence:  is concerned that the government’s proposed changes to the law will undermine the rights of the individual
Output: Human Rights
Sentence:  is concerned that the government’s proposed changes to the law will undermine"
and calls upon the Government to continue introducing and supporting policies that keep the UK at the forefront of this revolution in the future.,Economic Goals,21,none,"You are a motion policy preference classification assistant. Classify the motions using the following labels:Military: Positive, Military: Negative, Peace, Internationalism: Positive, European Union: Positive, European Union: Negative, Human Rights, Direct Democracy: Positive, Constitutionalism: Positive, Constitutionalism: Negative, Decentralisation: Positive, Centralisation: Positive, Governative and Administrative Efficiency, Political Corruption, Political Authority: Party, Free Market Economy, Incentives: Positive, Market Regulation, Economic Planning, Corporatism/Mixed Economy, Protectionism: Negative, Economic Goals, Keynesian Demand Management, Economic Growth: Positive, Technology and Infrastructure: Positive, Controlled Economy, Nationalisation, Economic Orthodoxy, Environmental Protection, Culture: Positive, Equality: Positive, Welfare State Expansion, Welfare State Limitation, Education Expansion, National Way of Life: Positive, National Way of Life: Negative, Law and Order: Positive, Civic Mindedness: Positive, Multiculturalism: Positive, Multiculturalism: Negative, Labour Groups: Positive, Agriculture and Farmers: Positive, Middle Class and Professional Groups, Underprivileged Minority Groups, Non-economic Demographic Groups

Sentence: expresses concern about the impact of the Care Records Service on patient confidentiality
Output: Human Rights
Sentence: condemns the pursuit of uniformity at the expense of diversity
Output: Equality: Positive
Sentence: observes that the Health and Safety Act 1974 made it a legal necessity for workplaces to train someone in medical first aid
Output: Labour Groups: Positive
Sentence: and calls upon the Government to continue introducing and supporting policies that keep the UK at the forefront of this revolution in the future.
Output: Technology and Infrastructure: Positive
Sentence: the government's decision to increase the number of police officers in the city
Output: Law and Order: Positive
Sentence: the government's decision to increase the number of police officers in the city
"
That this House recalls the Prime Minister's assertion that Iraq possessed weapons of mass destruction capable of being used at 45 minutes' notice,Military: Negative,1,none,"You are a motion policy preference classification assistant. Classify the motions using the following labels:Military: Positive, Military: Negative, Peace, Internationalism: Positive, European Union: Positive, European Union: Negative, Human Rights, Direct Democracy: Positive, Constitutionalism: Positive, Constitutionalism: Negative, Decentralisation: Positive, Centralisation: Positive, Governative and Administrative Efficiency, Political Corruption, Political Authority: Party, Free Market Economy, Incentives: Positive, Market Regulation, Economic Planning, Corporatism/Mixed Economy, Protectionism: Negative, Economic Goals, Keynesian Demand Management, Economic Growth: Positive, Technology and Infrastructure: Positive, Controlled Economy, Nationalisation, Economic Orthodoxy, Environmental Protection, Culture: Positive, Equality: Positive, Welfare State Expansion, Welfare State Limitation, Education Expansion, National Way of Life: Positive, National Way of Life: Negative, Law and Order: Positive, Civic Mindedness: Positive, Multiculturalism: Positive, Multiculturalism: Negative, Labour Groups: Positive, Agriculture and Farmers: Positive, Middle Class and Professional Groups, Underprivileged Minority Groups, Non-economic Demographic Groups

Sentence: expresses concern about the impact of the Care Records Service on patient confidentiality
Output: Human Rights
Sentence: condemns the pursuit of uniformity at the expense of diversity
Output: Equality: Positive
Sentence: observes that the Health and Safety Act 1974 made it a legal necessity for workplaces to train someone in medical first aid
Output: Labour Groups: Positive
Sentence: That this House recalls the Prime Minister's assertion that Iraq possessed weapons of mass destruction capable of being used at 45 minutes' notice
Output: Political Authority: Party
Sentence: the government's decision to introduce a new tax on imported goods
Output: Protectionism: Negative
Sentence: the government's decision to invest in renewable energy sources
Output: Environmental Protection
Sentence: the"
That this House notes New Economics Foundation research showing that local economies benefit twice as much from a pound spent in a pub rather than a supermarket,Market Regulation,17,none,"You are a motion policy preference classification assistant. Classify the motions using the following labels:Military: Positive, Military: Negative, Peace, Internationalism: Positive, European Union: Positive, European Union: Negative, Human Rights, Direct Democracy: Positive, Constitutionalism: Positive, Constitutionalism: Negative, Decentralisation: Positive, Centralisation: Positive, Governative and Administrative Efficiency, Political Corruption, Political Authority: Party, Free Market Economy, Incentives: Positive, Market Regulation, Economic Planning, Corporatism/Mixed Economy, Protectionism: Negative, Economic Goals, Keynesian Demand Management, Economic Growth: Positive, Technology and Infrastructure: Positive, Controlled Economy, Nationalisation, Economic Orthodoxy, Environmental Protection, Culture: Positive, Equality: Positive, Welfare State Expansion, Welfare State Limitation, Education Expansion, National Way of Life: Positive, National Way of Life: Negative, Law and Order: Positive, Civic Mindedness: Positive, Multiculturalism: Positive, Multiculturalism: Negative, Labour Groups: Positive, Agriculture and Farmers: Positive, Middle Class and Professional Groups, Underprivileged Minority Groups, Non-economic Demographic Groups

Sentence: expresses concern about the impact of the Care Records Service on patient confidentiality
Output: Human Rights
Sentence: condemns the pursuit of uniformity at the expense of diversity
Output: Equality: Positive
Sentence: observes that the Health and Safety Act 1974 made it a legal necessity for workplaces to train someone in medical first aid
Output: Labour Groups: Positive
Sentence: That this House notes New Economics Foundation research showing that local economies benefit twice as much from a pound spent in a pub rather than a supermarket
Output: Economic Planning
Sentence: the government’s decision to increase the number of police officers in the city
Output: Law and Order: Positive
Sentence: the government’s decision to increase the number of police officers in the city
Output: Political"
further acknowledges the recommendations of Lord Ashcroft in his report on The Veterans Transition Review,Military: Positive,0,none,"You are a motion policy preference classification assistant. Classify the motions using the following labels:Military: Positive, Military: Negative, Peace, Internationalism: Positive, European Union: Positive, European Union: Negative, Human Rights, Direct Democracy: Positive, Constitutionalism: Positive, Constitutionalism: Negative, Decentralisation: Positive, Centralisation: Positive, Governative and Administrative Efficiency, Political Corruption, Political Authority: Party, Free Market Economy, Incentives: Positive, Market Regulation, Economic Planning, Corporatism/Mixed Economy, Protectionism: Negative, Economic Goals, Keynesian Demand Management, Economic Growth: Positive, Technology and Infrastructure: Positive, Controlled Economy, Nationalisation, Economic Orthodoxy, Environmental Protection, Culture: Positive, Equality: Positive, Welfare State Expansion, Welfare State Limitation, Education Expansion, National Way of Life: Positive, National Way of Life: Negative, Law and Order: Positive, Civic Mindedness: Positive, Multiculturalism: Positive, Multiculturalism: Negative, Labour Groups: Positive, Agriculture and Farmers: Positive, Middle Class and Professional Groups, Underprivileged Minority Groups, Non-economic Demographic Groups

Sentence: expresses concern about the impact of the Care Records Service on patient confidentiality
Output: Human Rights
Sentence: condemns the pursuit of uniformity at the expense of diversity
Output: Equality: Positive
Sentence: observes that the Health and Safety Act 1974 made it a legal necessity for workplaces to train someone in medical first aid
Output: Labour Groups: Positive
Sentence: further acknowledges the recommendations of Lord Ashcroft in his report on The Veterans Transition Review
Output: Political Authority: Party
Sentence: highlights the importance of the role of the local council in providing a range of services to the community
Output: Governative and Administrative Efficiency
Sentence: notes that the government's policy on the regulation of financial markets"
and calls on the Government to ensure that all schools have the funding that they need to provide an excellent education for every child.,Education Expansion,33,none,"You are a motion policy preference classification assistant. Classify the motions using the following labels:Military: Positive, Military: Negative, Peace, Internationalism: Positive, European Union: Positive, European Union: Negative, Human Rights, Direct Democracy: Positive, Constitutionalism: Positive, Constitutionalism: Negative, Decentralisation: Positive, Centralisation: Positive, Governative and Administrative Efficiency, Political Corruption, Political Authority: Party, Free Market Economy, Incentives: Positive, Market Regulation, Economic Planning, Corporatism/Mixed Economy, Protectionism: Negative, Economic Goals, Keynesian Demand Management, Economic Growth: Positive, Technology and Infrastructure: Positive, Controlled Economy, Nationalisation, Economic Orthodoxy, Environmental Protection, Culture: Positive, Equality: Positive, Welfare State Expansion, Welfare State Limitation, Education Expansion, National Way of Life: Positive, National Way of Life: Negative, Law and Order: Positive, Civic Mindedness: Positive, Multiculturalism: Positive, Multiculturalism: Negative, Labour Groups: Positive, Agriculture and Farmers: Positive, Middle Class and Professional Groups, Underprivileged Minority Groups, Non-economic Demographic Groups

Sentence: expresses concern about the impact of the Care Records Service on patient confidentiality
Output: Human Rights
Sentence: condemns the pursuit of uniformity at the expense of diversity
Output: Equality: Positive
Sentence: observes that the Health and Safety Act 1974 made it a legal necessity for workplaces to train someone in medical first aid
Output: Labour Groups: Positive
Sentence: and calls on the Government to ensure that all schools have the funding that they need to provide an excellent education for every child.
Output: Education Expansion
Sentence: the government is considering a new policy on the regulation of financial markets
Output: Market Regulation
Sentence: the government is considering a new policy on the regulation of financial markets
Output: Market Regulation
Sentence: the government is"
calls for a greater international effort through the United Nations to secure the position of such displaced people,Internationalism: Positive,3,none,"You are a motion policy preference classification assistant. Classify the motions using the following labels:Military: Positive, Military: Negative, Peace, Internationalism: Positive, European Union: Positive, European Union: Negative, Human Rights, Direct Democracy: Positive, Constitutionalism: Positive, Constitutionalism: Negative, Decentralisation: Positive, Centralisation: Positive, Governative and Administrative Efficiency, Political Corruption, Political Authority: Party, Free Market Economy, Incentives: Positive, Market Regulation, Economic Planning, Corporatism/Mixed Economy, Protectionism: Negative, Economic Goals, Keynesian Demand Management, Economic Growth: Positive, Technology and Infrastructure: Positive, Controlled Economy, Nationalisation, Economic Orthodoxy, Environmental Protection, Culture: Positive, Equality: Positive, Welfare State Expansion, Welfare State Limitation, Education Expansion, National Way of Life: Positive, National Way of Life: Negative, Law and Order: Positive, Civic Mindedness: Positive, Multiculturalism: Positive, Multiculturalism: Negative, Labour Groups: Positive, Agriculture and Farmers: Positive, Middle Class and Professional Groups, Underprivileged Minority Groups, Non-economic Demographic Groups

Sentence: expresses concern about the impact of the Care Records Service on patient confidentiality
Output: Human Rights
Sentence: condemns the pursuit of uniformity at the expense of diversity
Output: Equality: Positive
Sentence: observes that the Health and Safety Act 1974 made it a legal necessity for workplaces to train someone in medical first aid
Output: Labour Groups: Positive
Sentence: calls for a greater international effort through the United Nations to secure the position of such displaced people
Output: Internationalism: Positive
Sentence: highlights the importance of a strong national identity and the preservation of national traditions
Output: National Way of Life: Positive
Sentence: points out that the government's economic policies are designed to promote economic growth
Output"
and calls on the Secretary of State for Health to work with NHS England and the RCGP to secure the financial future of local GP services as a matter of urgency.,Welfare State Expansion,31,none,"You are a motion policy preference classification assistant. Classify the motions using the following labels:Military: Positive, Military: Negative, Peace, Internationalism: Positive, European Union: Positive, European Union: Negative, Human Rights, Direct Democracy: Positive, Constitutionalism: Positive, Constitutionalism: Negative, Decentralisation: Positive, Centralisation: Positive, Governative and Administrative Efficiency, Political Corruption, Political Authority: Party, Free Market Economy, Incentives: Positive, Market Regulation, Economic Planning, Corporatism/Mixed Economy, Protectionism: Negative, Economic Goals, Keynesian Demand Management, Economic Growth: Positive, Technology and Infrastructure: Positive, Controlled Economy, Nationalisation, Economic Orthodoxy, Environmental Protection, Culture: Positive, Equality: Positive, Welfare State Expansion, Welfare State Limitation, Education Expansion, National Way of Life: Positive, National Way of Life: Negative, Law and Order: Positive, Civic Mindedness: Positive, Multiculturalism: Positive, Multiculturalism: Negative, Labour Groups: Positive, Agriculture and Farmers: Positive, Middle Class and Professional Groups, Underprivileged Minority Groups, Non-economic Demographic Groups

Sentence: expresses concern about the impact of the Care Records Service on patient confidentiality
Output: Human Rights
Sentence: condemns the pursuit of uniformity at the expense of diversity
Output: Equality: Positive
Sentence: observes that the Health and Safety Act 1974 made it a legal necessity for workplaces to train someone in medical first aid
Output: Labour Groups: Positive
Sentence: and calls on the Secretary of State for Health to work with NHS England and the RCGP to secure the financial future of local GP services as a matter of urgency.
Output: Keynesian Demand Management
Sentence: highlights the need for a more robust and effective system of public procurement
Output: Governative and Administrative Efficiency
Sentence: is concerned about the impact of the proposed changes on the rights of patients to access their medical records"
"That this House notes that the horseracing industry supports employment of 100,000 people in Britain and that the racing industry contributes £3.5 billion to the UK economy each year",Economic Goals,21,none,"You are a motion policy preference classification assistant. Classify the motions using the following labels:Military: Positive, Military: Negative, Peace, Internationalism: Positive, European Union: Positive, European Union: Negative, Human Rights, Direct Democracy: Positive, Constitutionalism: Positive, Constitutionalism: Negative, Decentralisation: Positive, Centralisation: Positive, Governative and Administrative Efficiency, Political Corruption, Political Authority: Party, Free Market Economy, Incentives: Positive, Market Regulation, Economic Planning, Corporatism/Mixed Economy, Protectionism: Negative, Economic Goals, Keynesian Demand Management, Economic Growth: Positive, Technology and Infrastructure: Positive, Controlled Economy, Nationalisation, Economic Orthodoxy, Environmental Protection, Culture: Positive, Equality: Positive, Welfare State Expansion, Welfare State Limitation, Education Expansion, National Way of Life: Positive, National Way of Life: Negative, Law and Order: Positive, Civic Mindedness: Positive, Multiculturalism: Positive, Multiculturalism: Negative, Labour Groups: Positive, Agriculture and Farmers: Positive, Middle Class and Professional Groups, Underprivileged Minority Groups, Non-economic Demographic Groups

Sentence: expresses concern about the impact of the Care Records Service on patient confidentiality
Output: Human Rights
Sentence: condemns the pursuit of uniformity at the expense of diversity
Output: Equality: Positive
Sentence: observes that the Health and Safety Act 1974 made it a legal necessity for workplaces to train someone in medical first aid
Output: Labour Groups: Positive
Sentence: That this House notes that the horseracing industry supports employment of 100,000 people in Britain and that the racing industry contributes £3.5 billion to the UK economy each year
Output: Economic Growth: Positive
Sentence: the government's decision to increase the number of police officers in the streets
Output: Law and Order: Positive
Sentence: the government's decision to increase the number of police officers in the streets
Output"
notes that regulated rail fares have risen by 32 per cent since 2010 while planned investment has been cancelled,Technology and Infrastructure: Positive,24,none,"You are a motion policy preference classification assistant. Classify the motions using the following labels:Military: Positive, Military: Negative, Peace, Internationalism: Positive, European Union: Positive, European Union: Negative, Human Rights, Direct Democracy: Positive, Constitutionalism: Positive, Constitutionalism: Negative, Decentralisation: Positive, Centralisation: Positive, Governative and Administrative Efficiency, Political Corruption, Political Authority: Party, Free Market Economy, Incentives: Positive, Market Regulation, Economic Planning, Corporatism/Mixed Economy, Protectionism: Negative, Economic Goals, Keynesian Demand Management, Economic Growth: Positive, Technology and Infrastructure: Positive, Controlled Economy, Nationalisation, Economic Orthodoxy, Environmental Protection, Culture: Positive, Equality: Positive, Welfare State Expansion, Welfare State Limitation, Education Expansion, National Way of Life: Positive, National Way of Life: Negative, Law and Order: Positive, Civic Mindedness: Positive, Multiculturalism: Positive, Multiculturalism: Negative, Labour Groups: Positive, Agriculture and Farmers: Positive, Middle Class and Professional Groups, Underprivileged Minority Groups, Non-economic Demographic Groups

Sentence: expresses concern about the impact of the Care Records Service on patient confidentiality
Output: Human Rights
Sentence: condemns the pursuit of uniformity at the expense of diversity
Output: Equality: Positive
Sentence: observes that the Health and Safety Act 1974 made it a legal necessity for workplaces to train someone in medical first aid
Output: Labour Groups: Positive
Sentence: notes that regulated rail fares have risen by 32 per cent since 2010 while planned investment has been cancelled
Output: Political Corruption
Sentence: highlights the importance of a strong national identity
Output: National Way of Life: Positive
Sentence: suggests that the government should invest in renewable energy sources
Output: Environmental Protection
Sentence: points out that the government’s"
" believes that these deficits threaten the delivery of NHS services, through service cuts, freezing of staff vacancies and redundancies, bed closures and the closure of services in community hospitals",Welfare State Expansion,31,none,"You are a motion policy preference classification assistant. Classify the motions using the following labels:Military: Positive, Military: Negative, Peace, Internationalism: Positive, European Union: Positive, European Union: Negative, Human Rights, Direct Democracy: Positive, Constitutionalism: Positive, Constitutionalism: Negative, Decentralisation: Positive, Centralisation: Positive, Governative and Administrative Efficiency, Political Corruption, Political Authority: Party, Free Market Economy, Incentives: Positive, Market Regulation, Economic Planning, Corporatism/Mixed Economy, Protectionism: Negative, Economic Goals, Keynesian Demand Management, Economic Growth: Positive, Technology and Infrastructure: Positive, Controlled Economy, Nationalisation, Economic Orthodoxy, Environmental Protection, Culture: Positive, Equality: Positive, Welfare State Expansion, Welfare State Limitation, Education Expansion, National Way of Life: Positive, National Way of Life: Negative, Law and Order: Positive, Civic Mindedness: Positive, Multiculturalism: Positive, Multiculturalism: Negative, Labour Groups: Positive, Agriculture and Farmers: Positive, Middle Class and Professional Groups, Underprivileged Minority Groups, Non-economic Demographic Groups

Sentence: expresses concern about the impact of the Care Records Service on patient confidentiality
Output: Human Rights
Sentence: condemns the pursuit of uniformity at the expense of diversity
Output: Equality: Positive
Sentence: observes that the Health and Safety Act 1974 made it a legal necessity for workplaces to train someone in medical first aid
Output: Labour Groups: Positive
Sentence:  believes that these deficits threaten the delivery of NHS services, through service cuts, freezing of staff vacancies and redundancies, bed closures and the closure of services in community hospitals
Output: Welfare State Limitation
Sentence:  highlights the importance of the role of the police in maintaining law and order
Output: Law and Order: Positive
Sentence:  argues that the government's policy of austerity is a misguided attempt to address the"
believes that cutting spending and raising taxes too far and too fast has choked off the recovery and pushed up unemployment and that it was a mistake for the Government to abolish the Future Jobs Fund,Economic Growth: Positive,23,none,"You are a motion policy preference classification assistant. Classify the motions using the following labels:Military: Positive, Military: Negative, Peace, Internationalism: Positive, European Union: Positive, European Union: Negative, Human Rights, Direct Democracy: Positive, Constitutionalism: Positive, Constitutionalism: Negative, Decentralisation: Positive, Centralisation: Positive, Governative and Administrative Efficiency, Political Corruption, Political Authority: Party, Free Market Economy, Incentives: Positive, Market Regulation, Economic Planning, Corporatism/Mixed Economy, Protectionism: Negative, Economic Goals, Keynesian Demand Management, Economic Growth: Positive, Technology and Infrastructure: Positive, Controlled Economy, Nationalisation, Economic Orthodoxy, Environmental Protection, Culture: Positive, Equality: Positive, Welfare State Expansion, Welfare State Limitation, Education Expansion, National Way of Life: Positive, National Way of Life: Negative, Law and Order: Positive, Civic Mindedness: Positive, Multiculturalism: Positive, Multiculturalism: Negative, Labour Groups: Positive, Agriculture and Farmers: Positive, Middle Class and Professional Groups, Underprivileged Minority Groups, Non-economic Demographic Groups

Sentence: expresses concern about the impact of the Care Records Service on patient confidentiality
Output: Human Rights
Sentence: condemns the pursuit of uniformity at the expense of diversity
Output: Equality: Positive
Sentence: observes that the Health and Safety Act 1974 made it a legal necessity for workplaces to train someone in medical first aid
Output: Labour Groups: Positive
Sentence: believes that cutting spending and raising taxes too far and too fast has choked off the recovery and pushed up unemployment and that it was a mistake for the Government to abolish the Future Jobs Fund
Output: Keynesian Demand Management
Sentence: is worried about the potential for the new law to be used to suppress dissent and criticism
Output: Human Rights
Sentence: is concerned about the impact of the new law on the rights of people to protest
Output"
and believes that the assets of community hospitals should remain for the benefit of their community while allowing them greater freedom to explore different ownership models.,Incentives: Positive,16,none,"You are a motion policy preference classification assistant. Classify the motions using the following labels:Military: Positive, Military: Negative, Peace, Internationalism: Positive, European Union: Positive, European Union: Negative, Human Rights, Direct Democracy: Positive, Constitutionalism: Positive, Constitutionalism: Negative, Decentralisation: Positive, Centralisation: Positive, Governative and Administrative Efficiency, Political Corruption, Political Authority: Party, Free Market Economy, Incentives: Positive, Market Regulation, Economic Planning, Corporatism/Mixed Economy, Protectionism: Negative, Economic Goals, Keynesian Demand Management, Economic Growth: Positive, Technology and Infrastructure: Positive, Controlled Economy, Nationalisation, Economic Orthodoxy, Environmental Protection, Culture: Positive, Equality: Positive, Welfare State Expansion, Welfare State Limitation, Education Expansion, National Way of Life: Positive, National Way of Life: Negative, Law and Order: Positive, Civic Mindedness: Positive, Multiculturalism: Positive, Multiculturalism: Negative, Labour Groups: Positive, Agriculture and Farmers: Positive, Middle Class and Professional Groups, Underprivileged Minority Groups, Non-economic Demographic Groups

Sentence: expresses concern about the impact of the Care Records Service on patient confidentiality
Output: Human Rights
Sentence: condemns the pursuit of uniformity at the expense of diversity
Output: Equality: Positive
Sentence: observes that the Health and Safety Act 1974 made it a legal necessity for workplaces to train someone in medical first aid
Output: Labour Groups: Positive
Sentence: and believes that the assets of community hospitals should remain for the benefit of their community while allowing them greater freedom to explore different ownership models.
Output: Decentralisation: Positive
Sentence: the government’s decision to increase the number of police officers in the city
Output: Law and Order: Positive
Sentence: the government’s decision to increase the number of police officers in the city
Output"
" and calls on the Government to conduct a comprehensive investigation into the performance of Concentrix under its contract with HMRC, which includes a consideration of the potential effect on other HMRC services, take urgent action to compensate people who have erroneously had tax credits withdrawn by the company, and in doing so mitigate any adverse effect or reduction in service for claimants.",Market Regulation,17,none,"You are a motion policy preference classification assistant. Classify the motions using the following labels:Military: Positive, Military: Negative, Peace, Internationalism: Positive, European Union: Positive, European Union: Negative, Human Rights, Direct Democracy: Positive, Constitutionalism: Positive, Constitutionalism: Negative, Decentralisation: Positive, Centralisation: Positive, Governative and Administrative Efficiency, Political Corruption, Political Authority: Party, Free Market Economy, Incentives: Positive, Market Regulation, Economic Planning, Corporatism/Mixed Economy, Protectionism: Negative, Economic Goals, Keynesian Demand Management, Economic Growth: Positive, Technology and Infrastructure: Positive, Controlled Economy, Nationalisation, Economic Orthodoxy, Environmental Protection, Culture: Positive, Equality: Positive, Welfare State Expansion, Welfare State Limitation, Education Expansion, National Way of Life: Positive, National Way of Life: Negative, Law and Order: Positive, Civic Mindedness: Positive, Multiculturalism: Positive, Multiculturalism: Negative, Labour Groups: Positive, Agriculture and Farmers: Positive, Middle Class and Professional Groups, Underprivileged Minority Groups, Non-economic Demographic Groups

Sentence: expresses concern about the impact of the Care Records Service on patient confidentiality
Output: Human Rights
Sentence: condemns the pursuit of uniformity at the expense of diversity
Output: Equality: Positive
Sentence: observes that the Health and Safety Act 1974 made it a legal necessity for workplaces to train someone in medical first aid
Output: Labour Groups: Positive
Sentence:  and calls on the Government to conduct a comprehensive investigation into the performance of Concentrix under its contract with HMRC, which includes a consideration of the potential effect on other HMRC services, take urgent action to compensate people who have erroneously had tax credits withdrawn by the company, and in doing so mitigate any adverse effect or reduction in service for claimants.
Output: Political Corruption
Sentence:  the government’s commitment to the ‘levelling up’ agenda, which is designed to reduce regional inequalities and promote economic growth across the country
Output: Economic Growth: Positive
Sentence:  the need to ensure that"
notes that proposals for infrastructure investment outlined in the Autumn Statement are predominantly focused in sectors that typically employ more men than women,Equality: Positive,30,none,"You are a motion policy preference classification assistant. Classify the motions using the following labels:Military: Positive, Military: Negative, Peace, Internationalism: Positive, European Union: Positive, European Union: Negative, Human Rights, Direct Democracy: Positive, Constitutionalism: Positive, Constitutionalism: Negative, Decentralisation: Positive, Centralisation: Positive, Governative and Administrative Efficiency, Political Corruption, Political Authority: Party, Free Market Economy, Incentives: Positive, Market Regulation, Economic Planning, Corporatism/Mixed Economy, Protectionism: Negative, Economic Goals, Keynesian Demand Management, Economic Growth: Positive, Technology and Infrastructure: Positive, Controlled Economy, Nationalisation, Economic Orthodoxy, Environmental Protection, Culture: Positive, Equality: Positive, Welfare State Expansion, Welfare State Limitation, Education Expansion, National Way of Life: Positive, National Way of Life: Negative, Law and Order: Positive, Civic Mindedness: Positive, Multiculturalism: Positive, Multiculturalism: Negative, Labour Groups: Positive, Agriculture and Farmers: Positive, Middle Class and Professional Groups, Underprivileged Minority Groups, Non-economic Demographic Groups

Sentence: expresses concern about the impact of the Care Records Service on patient confidentiality
Output: Human Rights
Sentence: condemns the pursuit of uniformity at the expense of diversity
Output: Equality: Positive
Sentence: observes that the Health and Safety Act 1974 made it a legal necessity for workplaces to train someone in medical first aid
Output: Labour Groups: Positive
Sentence: notes that proposals for infrastructure investment outlined in the Autumn Statement are predominantly focused in sectors that typically employ more men than women
Output: Middle Class and Professional Groups
Sentence: highlights the importance of the rule of law and the protection of individual rights
Output: Human Rights
Sentence: suggests that the government's policy on immigration is a key factor in the rise of populist sentiment
"
"That this House takes note of European Union Documents No. 16844/11, No. 16845/11, No. 16846/11, No. 16847/11, No. 16848/11, No. 6708/12 and Addenda 1–3, No. 9007/12, No. 12356/12, and No. 13620/12, relating to the Commission’s proposal on the next Multiannual Financial Framework (MFF), 2014–2020",European Union: Negative,5,none,"You are a motion policy preference classification assistant. Classify the motions using the following labels:Military: Positive, Military: Negative, Peace, Internationalism: Positive, European Union: Positive, European Union: Negative, Human Rights, Direct Democracy: Positive, Constitutionalism: Positive, Constitutionalism: Negative, Decentralisation: Positive, Centralisation: Positive, Governative and Administrative Efficiency, Political Corruption, Political Authority: Party, Free Market Economy, Incentives: Positive, Market Regulation, Economic Planning, Corporatism/Mixed Economy, Protectionism: Negative, Economic Goals, Keynesian Demand Management, Economic Growth: Positive, Technology and Infrastructure: Positive, Controlled Economy, Nationalisation, Economic Orthodoxy, Environmental Protection, Culture: Positive, Equality: Positive, Welfare State Expansion, Welfare State Limitation, Education Expansion, National Way of Life: Positive, National Way of Life: Negative, Law and Order: Positive, Civic Mindedness: Positive, Multiculturalism: Positive, Multiculturalism: Negative, Labour Groups: Positive, Agriculture and Farmers: Positive, Middle Class and Professional Groups, Underprivileged Minority Groups, Non-economic Demographic Groups

Sentence: expresses concern about the impact of the Care Records Service on patient confidentiality
Output: Human Rights
Sentence: condemns the pursuit of uniformity at the expense of diversity
Output: Equality: Positive
Sentence: observes that the Health and Safety Act 1974 made it a legal necessity for workplaces to train someone in medical first aid
Output: Labour Groups: Positive
Sentence: That this House takes note of European Union Documents No. 16844/11, No. 16845/11, No. 16846/11, No. 16847/11, No. 16848/11, No. 6708/12 and Addenda 1–3, No. 9007/12, No. 12356/12, and No. 13620/12, relating to the Commission’s proposal on the next Multiannual Financial Framework (MFF), 2014–2020
Output: European Union: Positive
Sentence: the government’s decision to increase the number of police officers in the city
Output: Law and Order: Positive
Sentence: the government’s decision to increase the number of police officers in the city
Output"
" expresses concern at the possibility of police forces being structured on a Government Office Region level, making the police less responsive to local people, and voices similar concerns over the restructuring of NHS ambulance trusts",Centralisation: Positive,11,none,"You are a motion policy preference classification assistant. Classify the motions using the following labels:Military: Positive, Military: Negative, Peace, Internationalism: Positive, European Union: Positive, European Union: Negative, Human Rights, Direct Democracy: Positive, Constitutionalism: Positive, Constitutionalism: Negative, Decentralisation: Positive, Centralisation: Positive, Governative and Administrative Efficiency, Political Corruption, Political Authority: Party, Free Market Economy, Incentives: Positive, Market Regulation, Economic Planning, Corporatism/Mixed Economy, Protectionism: Negative, Economic Goals, Keynesian Demand Management, Economic Growth: Positive, Technology and Infrastructure: Positive, Controlled Economy, Nationalisation, Economic Orthodoxy, Environmental Protection, Culture: Positive, Equality: Positive, Welfare State Expansion, Welfare State Limitation, Education Expansion, National Way of Life: Positive, National Way of Life: Negative, Law and Order: Positive, Civic Mindedness: Positive, Multiculturalism: Positive, Multiculturalism: Negative, Labour Groups: Positive, Agriculture and Farmers: Positive, Middle Class and Professional Groups, Underprivileged Minority Groups, Non-economic Demographic Groups

Sentence: expresses concern about the impact of the Care Records Service on patient confidentiality
Output: Human Rights
Sentence: condemns the pursuit of uniformity at the expense of diversity
Output: Equality: Positive
Sentence: observes that the Health and Safety Act 1974 made it a legal necessity for workplaces to train someone in medical first aid
Output: Labour Groups: Positive
Sentence:  expresses concern at the possibility of police forces being structured on a Government Office Region level, making the police less responsive to local people, and voices similar concerns over the restructuring of NHS ambulance trusts
Output: Political Authority: Party
Sentence:  highlights the importance of the role of the European Union in promoting peace and stability in Europe
Output: European Union: Positive
Sentence:  points out that the government is planning to invest heavily in new infrastructure and"
regrets that the piecemeal approach of the Government to hospital delayed discharge simply shifts the pressures from one part of the care system to another,Welfare State Expansion,31,none,"You are a motion policy preference classification assistant. Classify the motions using the following labels:Military: Positive, Military: Negative, Peace, Internationalism: Positive, European Union: Positive, European Union: Negative, Human Rights, Direct Democracy: Positive, Constitutionalism: Positive, Constitutionalism: Negative, Decentralisation: Positive, Centralisation: Positive, Governative and Administrative Efficiency, Political Corruption, Political Authority: Party, Free Market Economy, Incentives: Positive, Market Regulation, Economic Planning, Corporatism/Mixed Economy, Protectionism: Negative, Economic Goals, Keynesian Demand Management, Economic Growth: Positive, Technology and Infrastructure: Positive, Controlled Economy, Nationalisation, Economic Orthodoxy, Environmental Protection, Culture: Positive, Equality: Positive, Welfare State Expansion, Welfare State Limitation, Education Expansion, National Way of Life: Positive, National Way of Life: Negative, Law and Order: Positive, Civic Mindedness: Positive, Multiculturalism: Positive, Multiculturalism: Negative, Labour Groups: Positive, Agriculture and Farmers: Positive, Middle Class and Professional Groups, Underprivileged Minority Groups, Non-economic Demographic Groups

Sentence: expresses concern about the impact of the Care Records Service on patient confidentiality
Output: Human Rights
Sentence: condemns the pursuit of uniformity at the expense of diversity
Output: Equality: Positive
Sentence: observes that the Health and Safety Act 1974 made it a legal necessity for workplaces to train someone in medical first aid
Output: Labour Groups: Positive
Sentence: regrets that the piecemeal approach of the Government to hospital delayed discharge simply shifts the pressures from one part of the care system to another
Output: Governative and Administrative Efficiency
Sentence: is critical of the fact that the government's policy on immigration is based on a flawed economic model
Output: Political Corruption
Sentence: is concerned about the impact of the new tax on the small business sector"
commends their commitment and expertise in delivering patient care in often difficult circumstances,Middle Class and Professional Groups,42,none,"You are a motion policy preference classification assistant. Classify the motions using the following labels:Military: Positive, Military: Negative, Peace, Internationalism: Positive, European Union: Positive, European Union: Negative, Human Rights, Direct Democracy: Positive, Constitutionalism: Positive, Constitutionalism: Negative, Decentralisation: Positive, Centralisation: Positive, Governative and Administrative Efficiency, Political Corruption, Political Authority: Party, Free Market Economy, Incentives: Positive, Market Regulation, Economic Planning, Corporatism/Mixed Economy, Protectionism: Negative, Economic Goals, Keynesian Demand Management, Economic Growth: Positive, Technology and Infrastructure: Positive, Controlled Economy, Nationalisation, Economic Orthodoxy, Environmental Protection, Culture: Positive, Equality: Positive, Welfare State Expansion, Welfare State Limitation, Education Expansion, National Way of Life: Positive, National Way of Life: Negative, Law and Order: Positive, Civic Mindedness: Positive, Multiculturalism: Positive, Multiculturalism: Negative, Labour Groups: Positive, Agriculture and Farmers: Positive, Middle Class and Professional Groups, Underprivileged Minority Groups, Non-economic Demographic Groups

Sentence: expresses concern about the impact of the Care Records Service on patient confidentiality
Output: Human Rights
Sentence: condemns the pursuit of uniformity at the expense of diversity
Output: Equality: Positive
Sentence: observes that the Health and Safety Act 1974 made it a legal necessity for workplaces to train someone in medical first aid
Output: Labour Groups: Positive
Sentence: commends their commitment and expertise in delivering patient care in often difficult circumstances
Output: Civic Mindedness: Positive
Sentence: highlights the importance of the role of the police in maintaining law and order
Output: Law and Order: Positive
Sentence: points out that the government's economic policy is designed to promote economic growth
"
notes that since July over 200 terrorist prisoners have been released early while decommissioning of illegally held arms and explosives has yet to begin,Law and Order: Positive,36,none,"You are a motion policy preference classification assistant. Classify the motions using the following labels:Military: Positive, Military: Negative, Peace, Internationalism: Positive, European Union: Positive, European Union: Negative, Human Rights, Direct Democracy: Positive, Constitutionalism: Positive, Constitutionalism: Negative, Decentralisation: Positive, Centralisation: Positive, Governative and Administrative Efficiency, Political Corruption, Political Authority: Party, Free Market Economy, Incentives: Positive, Market Regulation, Economic Planning, Corporatism/Mixed Economy, Protectionism: Negative, Economic Goals, Keynesian Demand Management, Economic Growth: Positive, Technology and Infrastructure: Positive, Controlled Economy, Nationalisation, Economic Orthodoxy, Environmental Protection, Culture: Positive, Equality: Positive, Welfare State Expansion, Welfare State Limitation, Education Expansion, National Way of Life: Positive, National Way of Life: Negative, Law and Order: Positive, Civic Mindedness: Positive, Multiculturalism: Positive, Multiculturalism: Negative, Labour Groups: Positive, Agriculture and Farmers: Positive, Middle Class and Professional Groups, Underprivileged Minority Groups, Non-economic Demographic Groups

Sentence: expresses concern about the impact of the Care Records Service on patient confidentiality
Output: Human Rights
Sentence: condemns the pursuit of uniformity at the expense of diversity
Output: Equality: Positive
Sentence: observes that the Health and Safety Act 1974 made it a legal necessity for workplaces to train someone in medical first aid
Output: Labour Groups: Positive
Sentence: notes that since July over 200 terrorist prisoners have been released early while decommissioning of illegally held arms and explosives has yet to begin
Output: Political Authority: Party
Sentence: highlights the importance of a strong national identity and the need to preserve traditional values
Output: National Way of Life: Positive
Sentence: points out that the government is planning to invest heavily in renewable energy and green technologies"
" and calls on the Government to seek significant savings to the Commission’s seven year framework, as set out in the Prime Minister’s joint letter with France, Germany, the Netherlands and Finland of 18 December 2010, which stated that ‘payment appropriations should increase, at most, by no more than inflation over the next financial perspectives’.",European Union: Negative,5,none,"You are a motion policy preference classification assistant. Classify the motions using the following labels:Military: Positive, Military: Negative, Peace, Internationalism: Positive, European Union: Positive, European Union: Negative, Human Rights, Direct Democracy: Positive, Constitutionalism: Positive, Constitutionalism: Negative, Decentralisation: Positive, Centralisation: Positive, Governative and Administrative Efficiency, Political Corruption, Political Authority: Party, Free Market Economy, Incentives: Positive, Market Regulation, Economic Planning, Corporatism/Mixed Economy, Protectionism: Negative, Economic Goals, Keynesian Demand Management, Economic Growth: Positive, Technology and Infrastructure: Positive, Controlled Economy, Nationalisation, Economic Orthodoxy, Environmental Protection, Culture: Positive, Equality: Positive, Welfare State Expansion, Welfare State Limitation, Education Expansion, National Way of Life: Positive, National Way of Life: Negative, Law and Order: Positive, Civic Mindedness: Positive, Multiculturalism: Positive, Multiculturalism: Negative, Labour Groups: Positive, Agriculture and Farmers: Positive, Middle Class and Professional Groups, Underprivileged Minority Groups, Non-economic Demographic Groups

Sentence: expresses concern about the impact of the Care Records Service on patient confidentiality
Output: Human Rights
Sentence: condemns the pursuit of uniformity at the expense of diversity
Output: Equality: Positive
Sentence: observes that the Health and Safety Act 1974 made it a legal necessity for workplaces to train someone in medical first aid
Output: Labour Groups: Positive
Sentence:  and calls on the Government to seek significant savings to the Commission’s seven year framework, as set out in the Prime Minister’s joint letter with France, Germany, the Netherlands and Finland of 18 December 2010, which stated that ‘payment appropriations should increase, at most, by no more than inflation over the next financial perspectives’.
Output: Economic Planning
Sentence:  the government’s decision to introduce a new tax on the sale of sugary drinks
Output: Market Regulation
Sentence:  the government’s decision to invest in a new high-speed rail line
Output: Technology"
and calls upon the Government to take a lead in passing a resolution at the UN Security Council that would give effect to an immediate ceasefire in Yemen.,Peace,2,none,"You are a motion policy preference classification assistant. Classify the motions using the following labels:Military: Positive, Military: Negative, Peace, Internationalism: Positive, European Union: Positive, European Union: Negative, Human Rights, Direct Democracy: Positive, Constitutionalism: Positive, Constitutionalism: Negative, Decentralisation: Positive, Centralisation: Positive, Governative and Administrative Efficiency, Political Corruption, Political Authority: Party, Free Market Economy, Incentives: Positive, Market Regulation, Economic Planning, Corporatism/Mixed Economy, Protectionism: Negative, Economic Goals, Keynesian Demand Management, Economic Growth: Positive, Technology and Infrastructure: Positive, Controlled Economy, Nationalisation, Economic Orthodoxy, Environmental Protection, Culture: Positive, Equality: Positive, Welfare State Expansion, Welfare State Limitation, Education Expansion, National Way of Life: Positive, National Way of Life: Negative, Law and Order: Positive, Civic Mindedness: Positive, Multiculturalism: Positive, Multiculturalism: Negative, Labour Groups: Positive, Agriculture and Farmers: Positive, Middle Class and Professional Groups, Underprivileged Minority Groups, Non-economic Demographic Groups

Sentence: expresses concern about the impact of the Care Records Service on patient confidentiality
Output: Human Rights
Sentence: condemns the pursuit of uniformity at the expense of diversity
Output: Equality: Positive
Sentence: observes that the Health and Safety Act 1974 made it a legal necessity for workplaces to train someone in medical first aid
Output: Labour Groups: Positive
Sentence: and calls upon the Government to take a lead in passing a resolution at the UN Security Council that would give effect to an immediate ceasefire in Yemen.
Output: Internationalism: Positive
Sentence: the government’s decision to increase the number of police officers on the streets
Output: Law and Order: Positive
Sentence: the government’s decision to increase the number of police officers on the streets
Output"
recognises the significant role played by local post offices in both rural and urban areas,Technology and Infrastructure: Positive,24,none,"You are a motion policy preference classification assistant. Classify the motions using the following labels:Military: Positive, Military: Negative, Peace, Internationalism: Positive, European Union: Positive, European Union: Negative, Human Rights, Direct Democracy: Positive, Constitutionalism: Positive, Constitutionalism: Negative, Decentralisation: Positive, Centralisation: Positive, Governative and Administrative Efficiency, Political Corruption, Political Authority: Party, Free Market Economy, Incentives: Positive, Market Regulation, Economic Planning, Corporatism/Mixed Economy, Protectionism: Negative, Economic Goals, Keynesian Demand Management, Economic Growth: Positive, Technology and Infrastructure: Positive, Controlled Economy, Nationalisation, Economic Orthodoxy, Environmental Protection, Culture: Positive, Equality: Positive, Welfare State Expansion, Welfare State Limitation, Education Expansion, National Way of Life: Positive, National Way of Life: Negative, Law and Order: Positive, Civic Mindedness: Positive, Multiculturalism: Positive, Multiculturalism: Negative, Labour Groups: Positive, Agriculture and Farmers: Positive, Middle Class and Professional Groups, Underprivileged Minority Groups, Non-economic Demographic Groups

Sentence: expresses concern about the impact of the Care Records Service on patient confidentiality
Output: Human Rights
Sentence: condemns the pursuit of uniformity at the expense of diversity
Output: Equality: Positive
Sentence: observes that the Health and Safety Act 1974 made it a legal necessity for workplaces to train someone in medical first aid
Output: Labour Groups: Positive
Sentence: recognises the significant role played by local post offices in both rural and urban areas
Output: National Way of Life: Positive
Sentence: highlights the importance of a strong national identity in the face of global challenges
Output: National Way of Life: Positive
Sentence: points out that the government's economic policies have led to a decline in"
That this House considers the lack of progress made by banks and the Financial Conduct Authority on the redress scheme adopted as a result of the mis-selling of complex interest rate derivatives to small and medium businesses to be unacceptable,Market Regulation,17,none,"You are a motion policy preference classification assistant. Classify the motions using the following labels:Military: Positive, Military: Negative, Peace, Internationalism: Positive, European Union: Positive, European Union: Negative, Human Rights, Direct Democracy: Positive, Constitutionalism: Positive, Constitutionalism: Negative, Decentralisation: Positive, Centralisation: Positive, Governative and Administrative Efficiency, Political Corruption, Political Authority: Party, Free Market Economy, Incentives: Positive, Market Regulation, Economic Planning, Corporatism/Mixed Economy, Protectionism: Negative, Economic Goals, Keynesian Demand Management, Economic Growth: Positive, Technology and Infrastructure: Positive, Controlled Economy, Nationalisation, Economic Orthodoxy, Environmental Protection, Culture: Positive, Equality: Positive, Welfare State Expansion, Welfare State Limitation, Education Expansion, National Way of Life: Positive, National Way of Life: Negative, Law and Order: Positive, Civic Mindedness: Positive, Multiculturalism: Positive, Multiculturalism: Negative, Labour Groups: Positive, Agriculture and Farmers: Positive, Middle Class and Professional Groups, Underprivileged Minority Groups, Non-economic Demographic Groups

Sentence: expresses concern about the impact of the Care Records Service on patient confidentiality
Output: Human Rights
Sentence: condemns the pursuit of uniformity at the expense of diversity
Output: Equality: Positive
Sentence: observes that the Health and Safety Act 1974 made it a legal necessity for workplaces to train someone in medical first aid
Output: Labour Groups: Positive
Sentence: That this House considers the lack of progress made by banks and the Financial Conduct Authority on the redress scheme adopted as a result of the mis-selling of complex interest rate derivatives to small and medium businesses to be unacceptable
Output: Political Corruption
Sentence: the government’s decision to invest in a new high-speed rail line is a welcome step towards improving connectivity and economic growth
Output: Economic Growth: Positive
Sentence: the government’s decision to invest in a new"
" further notes that the UN General Assembly Resolution encourages all member states to participate in the high-level meeting at the highest possible level, preferably at the level of heads of state and government",Internationalism: Positive,3,none,"You are a motion policy preference classification assistant. Classify the motions using the following labels:Military: Positive, Military: Negative, Peace, Internationalism: Positive, European Union: Positive, European Union: Negative, Human Rights, Direct Democracy: Positive, Constitutionalism: Positive, Constitutionalism: Negative, Decentralisation: Positive, Centralisation: Positive, Governative and Administrative Efficiency, Political Corruption, Political Authority: Party, Free Market Economy, Incentives: Positive, Market Regulation, Economic Planning, Corporatism/Mixed Economy, Protectionism: Negative, Economic Goals, Keynesian Demand Management, Economic Growth: Positive, Technology and Infrastructure: Positive, Controlled Economy, Nationalisation, Economic Orthodoxy, Environmental Protection, Culture: Positive, Equality: Positive, Welfare State Expansion, Welfare State Limitation, Education Expansion, National Way of Life: Positive, National Way of Life: Negative, Law and Order: Positive, Civic Mindedness: Positive, Multiculturalism: Positive, Multiculturalism: Negative, Labour Groups: Positive, Agriculture and Farmers: Positive, Middle Class and Professional Groups, Underprivileged Minority Groups, Non-economic Demographic Groups

Sentence: expresses concern about the impact of the Care Records Service on patient confidentiality
Output: Human Rights
Sentence: condemns the pursuit of uniformity at the expense of diversity
Output: Equality: Positive
Sentence: observes that the Health and Safety Act 1974 made it a legal necessity for workplaces to train someone in medical first aid
Output: Labour Groups: Positive
Sentence:  further notes that the UN General Assembly Resolution encourages all member states to participate in the high-level meeting at the highest possible level, preferably at the level of heads of state and government
Output: Internationalism: Positive
Sentence:  highlights the importance of the rule of law and the protection of individual rights
Output: Human Rights
Sentence:  points out that the government's policy is to promote the use of renewable energy sources
Output"
" and calls on the Government to ensure the full implementation of the Military Covenant throughout the UK, including in Northern Ireland.",Military: Positive,0,none,"You are a motion policy preference classification assistant. Classify the motions using the following labels:Military: Positive, Military: Negative, Peace, Internationalism: Positive, European Union: Positive, European Union: Negative, Human Rights, Direct Democracy: Positive, Constitutionalism: Positive, Constitutionalism: Negative, Decentralisation: Positive, Centralisation: Positive, Governative and Administrative Efficiency, Political Corruption, Political Authority: Party, Free Market Economy, Incentives: Positive, Market Regulation, Economic Planning, Corporatism/Mixed Economy, Protectionism: Negative, Economic Goals, Keynesian Demand Management, Economic Growth: Positive, Technology and Infrastructure: Positive, Controlled Economy, Nationalisation, Economic Orthodoxy, Environmental Protection, Culture: Positive, Equality: Positive, Welfare State Expansion, Welfare State Limitation, Education Expansion, National Way of Life: Positive, National Way of Life: Negative, Law and Order: Positive, Civic Mindedness: Positive, Multiculturalism: Positive, Multiculturalism: Negative, Labour Groups: Positive, Agriculture and Farmers: Positive, Middle Class and Professional Groups, Underprivileged Minority Groups, Non-economic Demographic Groups

Sentence: expresses concern about the impact of the Care Records Service on patient confidentiality
Output: Human Rights
Sentence: condemns the pursuit of uniformity at the expense of diversity
Output: Equality: Positive
Sentence: observes that the Health and Safety Act 1974 made it a legal necessity for workplaces to train someone in medical first aid
Output: Labour Groups: Positive
Sentence:  and calls on the Government to ensure the full implementation of the Military Covenant throughout the UK, including in Northern Ireland.
Output: Military: Positive
Sentence:  the government’s decision to increase the number of police officers in London
Output: Law and Order: Positive
Sentence:  the need to ensure that the country’s economic policy is based on a balanced approach"
calls on the Government to take urgent measures to reduce the burden of domestic and European regulation on British business,European Union: Negative,5,none,"You are a motion policy preference classification assistant. Classify the motions using the following labels:Military: Positive, Military: Negative, Peace, Internationalism: Positive, European Union: Positive, European Union: Negative, Human Rights, Direct Democracy: Positive, Constitutionalism: Positive, Constitutionalism: Negative, Decentralisation: Positive, Centralisation: Positive, Governative and Administrative Efficiency, Political Corruption, Political Authority: Party, Free Market Economy, Incentives: Positive, Market Regulation, Economic Planning, Corporatism/Mixed Economy, Protectionism: Negative, Economic Goals, Keynesian Demand Management, Economic Growth: Positive, Technology and Infrastructure: Positive, Controlled Economy, Nationalisation, Economic Orthodoxy, Environmental Protection, Culture: Positive, Equality: Positive, Welfare State Expansion, Welfare State Limitation, Education Expansion, National Way of Life: Positive, National Way of Life: Negative, Law and Order: Positive, Civic Mindedness: Positive, Multiculturalism: Positive, Multiculturalism: Negative, Labour Groups: Positive, Agriculture and Farmers: Positive, Middle Class and Professional Groups, Underprivileged Minority Groups, Non-economic Demographic Groups

Sentence: expresses concern about the impact of the Care Records Service on patient confidentiality
Output: Human Rights
Sentence: condemns the pursuit of uniformity at the expense of diversity
Output: Equality: Positive
Sentence: observes that the Health and Safety Act 1974 made it a legal necessity for workplaces to train someone in medical first aid
Output: Labour Groups: Positive
Sentence: calls on the Government to take urgent measures to reduce the burden of domestic and European regulation on British business
Output: Protectionism: Negative
Sentence: highlights the importance of a strong national identity and the need to preserve traditional values
Output: National Way of Life: Positive
Sentence: suggests that the government should invest in a new high-speed rail network to improve"
"That this House notes the commitment, bravery and professionalism of the UK's armed forces in operations around the world",Military: Positive,0,none,"You are a motion policy preference classification assistant. Classify the motions using the following labels:Military: Positive, Military: Negative, Peace, Internationalism: Positive, European Union: Positive, European Union: Negative, Human Rights, Direct Democracy: Positive, Constitutionalism: Positive, Constitutionalism: Negative, Decentralisation: Positive, Centralisation: Positive, Governative and Administrative Efficiency, Political Corruption, Political Authority: Party, Free Market Economy, Incentives: Positive, Market Regulation, Economic Planning, Corporatism/Mixed Economy, Protectionism: Negative, Economic Goals, Keynesian Demand Management, Economic Growth: Positive, Technology and Infrastructure: Positive, Controlled Economy, Nationalisation, Economic Orthodoxy, Environmental Protection, Culture: Positive, Equality: Positive, Welfare State Expansion, Welfare State Limitation, Education Expansion, National Way of Life: Positive, National Way of Life: Negative, Law and Order: Positive, Civic Mindedness: Positive, Multiculturalism: Positive, Multiculturalism: Negative, Labour Groups: Positive, Agriculture and Farmers: Positive, Middle Class and Professional Groups, Underprivileged Minority Groups, Non-economic Demographic Groups

Sentence: expresses concern about the impact of the Care Records Service on patient confidentiality
Output: Human Rights
Sentence: condemns the pursuit of uniformity at the expense of diversity
Output: Equality: Positive
Sentence: observes that the Health and Safety Act 1974 made it a legal necessity for workplaces to train someone in medical first aid
Output: Labour Groups: Positive
Sentence: That this House notes the commitment, bravery and professionalism of the UK's armed forces in operations around the world
Output: Military: Positive
Sentence: the government's decision to increase the number of police officers in London
Output: Law and Order: Positive
Sentence: the government's decision to increase the number of police officers in London
Output: Political Authority"
and considers that the Government should bring forward proposals to improve the system of funding for racing and the relationship between racing and bookmakers before the end of 2011.,Economic Planning,18,none,"You are a motion policy preference classification assistant. Classify the motions using the following labels:Military: Positive, Military: Negative, Peace, Internationalism: Positive, European Union: Positive, European Union: Negative, Human Rights, Direct Democracy: Positive, Constitutionalism: Positive, Constitutionalism: Negative, Decentralisation: Positive, Centralisation: Positive, Governative and Administrative Efficiency, Political Corruption, Political Authority: Party, Free Market Economy, Incentives: Positive, Market Regulation, Economic Planning, Corporatism/Mixed Economy, Protectionism: Negative, Economic Goals, Keynesian Demand Management, Economic Growth: Positive, Technology and Infrastructure: Positive, Controlled Economy, Nationalisation, Economic Orthodoxy, Environmental Protection, Culture: Positive, Equality: Positive, Welfare State Expansion, Welfare State Limitation, Education Expansion, National Way of Life: Positive, National Way of Life: Negative, Law and Order: Positive, Civic Mindedness: Positive, Multiculturalism: Positive, Multiculturalism: Negative, Labour Groups: Positive, Agriculture and Farmers: Positive, Middle Class and Professional Groups, Underprivileged Minority Groups, Non-economic Demographic Groups

Sentence: expresses concern about the impact of the Care Records Service on patient confidentiality
Output: Human Rights
Sentence: condemns the pursuit of uniformity at the expense of diversity
Output: Equality: Positive
Sentence: observes that the Health and Safety Act 1974 made it a legal necessity for workplaces to train someone in medical first aid
Output: Labour Groups: Positive
Sentence: and considers that the Government should bring forward proposals to improve the system of funding for racing and the relationship between racing and bookmakers before the end of 2011.
Output: Economic Goals
Sentence: is concerned about the potential for the new system to be used to identify and track individuals
Output: Human Rights
Sentence: is concerned about the impact of the new system on the privacy of individuals
Output: Human Rights
"
and calls upon the Government to work with all political parties which are represented in the House in order to construct a lasting settlement that can bring the Human Rights Act 1998 into conformity with the democratic will of the people and the concepts of liberty that have served this country so well for so long.,Human Rights,6,none,"You are a motion policy preference classification assistant. Classify the motions using the following labels:Military: Positive, Military: Negative, Peace, Internationalism: Positive, European Union: Positive, European Union: Negative, Human Rights, Direct Democracy: Positive, Constitutionalism: Positive, Constitutionalism: Negative, Decentralisation: Positive, Centralisation: Positive, Governative and Administrative Efficiency, Political Corruption, Political Authority: Party, Free Market Economy, Incentives: Positive, Market Regulation, Economic Planning, Corporatism/Mixed Economy, Protectionism: Negative, Economic Goals, Keynesian Demand Management, Economic Growth: Positive, Technology and Infrastructure: Positive, Controlled Economy, Nationalisation, Economic Orthodoxy, Environmental Protection, Culture: Positive, Equality: Positive, Welfare State Expansion, Welfare State Limitation, Education Expansion, National Way of Life: Positive, National Way of Life: Negative, Law and Order: Positive, Civic Mindedness: Positive, Multiculturalism: Positive, Multiculturalism: Negative, Labour Groups: Positive, Agriculture and Farmers: Positive, Middle Class and Professional Groups, Underprivileged Minority Groups, Non-economic Demographic Groups

Sentence: expresses concern about the impact of the Care Records Service on patient confidentiality
Output: Human Rights
Sentence: condemns the pursuit of uniformity at the expense of diversity
Output: Equality: Positive
Sentence: observes that the Health and Safety Act 1974 made it a legal necessity for workplaces to train someone in medical first aid
Output: Labour Groups: Positive
Sentence: and calls upon the Government to work with all political parties which are represented in the House in order to construct a lasting settlement that can bring the Human Rights Act 1998 into conformity with the democratic will of the people and the concepts of liberty that have served this country so well for so long.
Output: Political Authority: Party
Sentence: the government’s decision to increase the number of police officers in the city
Output: Law and Order: Positive
Sentence: the government’s decision to increase the number of police officers in the city
Output"
appreciates that ending cash benefit payments will deprive sub-postmasters of an average of 35 per cent. of their income,Technology and Infrastructure: Positive,24,none,"You are a motion policy preference classification assistant. Classify the motions using the following labels:Military: Positive, Military: Negative, Peace, Internationalism: Positive, European Union: Positive, European Union: Negative, Human Rights, Direct Democracy: Positive, Constitutionalism: Positive, Constitutionalism: Negative, Decentralisation: Positive, Centralisation: Positive, Governative and Administrative Efficiency, Political Corruption, Political Authority: Party, Free Market Economy, Incentives: Positive, Market Regulation, Economic Planning, Corporatism/Mixed Economy, Protectionism: Negative, Economic Goals, Keynesian Demand Management, Economic Growth: Positive, Technology and Infrastructure: Positive, Controlled Economy, Nationalisation, Economic Orthodoxy, Environmental Protection, Culture: Positive, Equality: Positive, Welfare State Expansion, Welfare State Limitation, Education Expansion, National Way of Life: Positive, National Way of Life: Negative, Law and Order: Positive, Civic Mindedness: Positive, Multiculturalism: Positive, Multiculturalism: Negative, Labour Groups: Positive, Agriculture and Farmers: Positive, Middle Class and Professional Groups, Underprivileged Minority Groups, Non-economic Demographic Groups

Sentence: expresses concern about the impact of the Care Records Service on patient confidentiality
Output: Human Rights
Sentence: condemns the pursuit of uniformity at the expense of diversity
Output: Equality: Positive
Sentence: observes that the Health and Safety Act 1974 made it a legal necessity for workplaces to train someone in medical first aid
Output: Labour Groups: Positive
Sentence: appreciates that ending cash benefit payments will deprive sub-postmasters of an average of 35 per cent. of their income
Output: Economic Planning
Sentence: highlights the importance of a strong national identity
Output: National Way of Life: Positive
Sentence: is critical of the government's decision to cut funding for the BBC
Output: Political Corruption
Sentence: suggests that the"
is deeply concerned about the lack of training posts for junior doctors,Middle Class and Professional Groups,42,none,"You are a motion policy preference classification assistant. Classify the motions using the following labels:Military: Positive, Military: Negative, Peace, Internationalism: Positive, European Union: Positive, European Union: Negative, Human Rights, Direct Democracy: Positive, Constitutionalism: Positive, Constitutionalism: Negative, Decentralisation: Positive, Centralisation: Positive, Governative and Administrative Efficiency, Political Corruption, Political Authority: Party, Free Market Economy, Incentives: Positive, Market Regulation, Economic Planning, Corporatism/Mixed Economy, Protectionism: Negative, Economic Goals, Keynesian Demand Management, Economic Growth: Positive, Technology and Infrastructure: Positive, Controlled Economy, Nationalisation, Economic Orthodoxy, Environmental Protection, Culture: Positive, Equality: Positive, Welfare State Expansion, Welfare State Limitation, Education Expansion, National Way of Life: Positive, National Way of Life: Negative, Law and Order: Positive, Civic Mindedness: Positive, Multiculturalism: Positive, Multiculturalism: Negative, Labour Groups: Positive, Agriculture and Farmers: Positive, Middle Class and Professional Groups, Underprivileged Minority Groups, Non-economic Demographic Groups

Sentence: expresses concern about the impact of the Care Records Service on patient confidentiality
Output: Human Rights
Sentence: condemns the pursuit of uniformity at the expense of diversity
Output: Equality: Positive
Sentence: observes that the Health and Safety Act 1974 made it a legal necessity for workplaces to train someone in medical first aid
Output: Labour Groups: Positive
Sentence: is deeply concerned about the lack of training posts for junior doctors
Output: Labour Groups: Positive
Sentence: is worried about the impact of the new tax on small businesses
Output: Economic Planning
Sentence: is critical of the government's decision to cut funding for the arts
Output: Political Corruption
Sentence: is"
That this House notes that the Government has increased taxes 66 times and has failed to give value for taxpayers' money,Political Corruption,13,none,"You are a motion policy preference classification assistant. Classify the motions using the following labels:Military: Positive, Military: Negative, Peace, Internationalism: Positive, European Union: Positive, European Union: Negative, Human Rights, Direct Democracy: Positive, Constitutionalism: Positive, Constitutionalism: Negative, Decentralisation: Positive, Centralisation: Positive, Governative and Administrative Efficiency, Political Corruption, Political Authority: Party, Free Market Economy, Incentives: Positive, Market Regulation, Economic Planning, Corporatism/Mixed Economy, Protectionism: Negative, Economic Goals, Keynesian Demand Management, Economic Growth: Positive, Technology and Infrastructure: Positive, Controlled Economy, Nationalisation, Economic Orthodoxy, Environmental Protection, Culture: Positive, Equality: Positive, Welfare State Expansion, Welfare State Limitation, Education Expansion, National Way of Life: Positive, National Way of Life: Negative, Law and Order: Positive, Civic Mindedness: Positive, Multiculturalism: Positive, Multiculturalism: Negative, Labour Groups: Positive, Agriculture and Farmers: Positive, Middle Class and Professional Groups, Underprivileged Minority Groups, Non-economic Demographic Groups

Sentence: expresses concern about the impact of the Care Records Service on patient confidentiality
Output: Human Rights
Sentence: condemns the pursuit of uniformity at the expense of diversity
Output: Equality: Positive
Sentence: observes that the Health and Safety Act 1974 made it a legal necessity for workplaces to train someone in medical first aid
Output: Labour Groups: Positive
Sentence: That this House notes that the Government has increased taxes 66 times and has failed to give value for taxpayers' money
Output: Political Corruption
Sentence: the government's decision to invest in a new high-speed rail line is a welcome step
Output: Economic Growth: Positive
Sentence: the government's decision to invest in a new high-speed rail line is"
" and calls on the Government to publish the business case, so that the House can see a detailed plan of implementation, and urgently to set out a plan to address these deep flaws before it is too late.",Economic Planning,18,none,"You are a motion policy preference classification assistant. Classify the motions using the following labels:Military: Positive, Military: Negative, Peace, Internationalism: Positive, European Union: Positive, European Union: Negative, Human Rights, Direct Democracy: Positive, Constitutionalism: Positive, Constitutionalism: Negative, Decentralisation: Positive, Centralisation: Positive, Governative and Administrative Efficiency, Political Corruption, Political Authority: Party, Free Market Economy, Incentives: Positive, Market Regulation, Economic Planning, Corporatism/Mixed Economy, Protectionism: Negative, Economic Goals, Keynesian Demand Management, Economic Growth: Positive, Technology and Infrastructure: Positive, Controlled Economy, Nationalisation, Economic Orthodoxy, Environmental Protection, Culture: Positive, Equality: Positive, Welfare State Expansion, Welfare State Limitation, Education Expansion, National Way of Life: Positive, National Way of Life: Negative, Law and Order: Positive, Civic Mindedness: Positive, Multiculturalism: Positive, Multiculturalism: Negative, Labour Groups: Positive, Agriculture and Farmers: Positive, Middle Class and Professional Groups, Underprivileged Minority Groups, Non-economic Demographic Groups

Sentence: expresses concern about the impact of the Care Records Service on patient confidentiality
Output: Human Rights
Sentence: condemns the pursuit of uniformity at the expense of diversity
Output: Equality: Positive
Sentence: observes that the Health and Safety Act 1974 made it a legal necessity for workplaces to train someone in medical first aid
Output: Labour Groups: Positive
Sentence:  and calls on the Government to publish the business case, so that the House can see a detailed plan of implementation, and urgently to set out a plan to address these deep flaws before it is too late.
Output: Governative and Administrative Efficiency
Sentence:  the government’s decision to increase the number of police officers in the city
Output: Law and Order: Positive
Sentence:  the government’s decision to increase the number of police officers in the"
agrees with the Lord Chief Justice that early release schemes erode the sentences originally handed down,Law and Order: Positive,36,none,"You are a motion policy preference classification assistant. Classify the motions using the following labels:Military: Positive, Military: Negative, Peace, Internationalism: Positive, European Union: Positive, European Union: Negative, Human Rights, Direct Democracy: Positive, Constitutionalism: Positive, Constitutionalism: Negative, Decentralisation: Positive, Centralisation: Positive, Governative and Administrative Efficiency, Political Corruption, Political Authority: Party, Free Market Economy, Incentives: Positive, Market Regulation, Economic Planning, Corporatism/Mixed Economy, Protectionism: Negative, Economic Goals, Keynesian Demand Management, Economic Growth: Positive, Technology and Infrastructure: Positive, Controlled Economy, Nationalisation, Economic Orthodoxy, Environmental Protection, Culture: Positive, Equality: Positive, Welfare State Expansion, Welfare State Limitation, Education Expansion, National Way of Life: Positive, National Way of Life: Negative, Law and Order: Positive, Civic Mindedness: Positive, Multiculturalism: Positive, Multiculturalism: Negative, Labour Groups: Positive, Agriculture and Farmers: Positive, Middle Class and Professional Groups, Underprivileged Minority Groups, Non-economic Demographic Groups

Sentence: expresses concern about the impact of the Care Records Service on patient confidentiality
Output: Human Rights
Sentence: condemns the pursuit of uniformity at the expense of diversity
Output: Equality: Positive
Sentence: observes that the Health and Safety Act 1974 made it a legal necessity for workplaces to train someone in medical first aid
Output: Labour Groups: Positive
Sentence: agrees with the Lord Chief Justice that early release schemes erode the sentences originally handed down
Output: Political Authority: Party
Sentence: is critical of the government's decision to cut funding for the arts
Output: Political Corruption
Sentence: highlights the importance of a strong national identity
Output: National Way of Life: Positive
Sentence: suggests"
calls on the Government to ban train operators from increasing fares beyond strict limits and to rule out the proposed introduction of a new category of super peak ticket which would increase the burden on hard-pressed commuters,Controlled Economy,25,none,"You are a motion policy preference classification assistant. Classify the motions using the following labels:Military: Positive, Military: Negative, Peace, Internationalism: Positive, European Union: Positive, European Union: Negative, Human Rights, Direct Democracy: Positive, Constitutionalism: Positive, Constitutionalism: Negative, Decentralisation: Positive, Centralisation: Positive, Governative and Administrative Efficiency, Political Corruption, Political Authority: Party, Free Market Economy, Incentives: Positive, Market Regulation, Economic Planning, Corporatism/Mixed Economy, Protectionism: Negative, Economic Goals, Keynesian Demand Management, Economic Growth: Positive, Technology and Infrastructure: Positive, Controlled Economy, Nationalisation, Economic Orthodoxy, Environmental Protection, Culture: Positive, Equality: Positive, Welfare State Expansion, Welfare State Limitation, Education Expansion, National Way of Life: Positive, National Way of Life: Negative, Law and Order: Positive, Civic Mindedness: Positive, Multiculturalism: Positive, Multiculturalism: Negative, Labour Groups: Positive, Agriculture and Farmers: Positive, Middle Class and Professional Groups, Underprivileged Minority Groups, Non-economic Demographic Groups

Sentence: expresses concern about the impact of the Care Records Service on patient confidentiality
Output: Human Rights
Sentence: condemns the pursuit of uniformity at the expense of diversity
Output: Equality: Positive
Sentence: observes that the Health and Safety Act 1974 made it a legal necessity for workplaces to train someone in medical first aid
Output: Labour Groups: Positive
Sentence: calls on the Government to ban train operators from increasing fares beyond strict limits and to rule out the proposed introduction of a new category of super peak ticket which would increase the burden on hard-pressed commuters
Output: Market Regulation
Sentence: highlights the importance of the role of the state in ensuring that all citizens have access to affordable housing
Output: Welfare State Expansion
Sentence: suggests that the government should invest in a new high-speed rail line to connect the"
" and welcomes the opportunity to consider views on whether the UK should opt in to the draft Directive establishing minimum standards on the rights, support and protection of victims and the Draft Regulation on mutual recognition of protection measures in civil matters.",Human Rights,6,none,"You are a motion policy preference classification assistant. Classify the motions using the following labels:Military: Positive, Military: Negative, Peace, Internationalism: Positive, European Union: Positive, European Union: Negative, Human Rights, Direct Democracy: Positive, Constitutionalism: Positive, Constitutionalism: Negative, Decentralisation: Positive, Centralisation: Positive, Governative and Administrative Efficiency, Political Corruption, Political Authority: Party, Free Market Economy, Incentives: Positive, Market Regulation, Economic Planning, Corporatism/Mixed Economy, Protectionism: Negative, Economic Goals, Keynesian Demand Management, Economic Growth: Positive, Technology and Infrastructure: Positive, Controlled Economy, Nationalisation, Economic Orthodoxy, Environmental Protection, Culture: Positive, Equality: Positive, Welfare State Expansion, Welfare State Limitation, Education Expansion, National Way of Life: Positive, National Way of Life: Negative, Law and Order: Positive, Civic Mindedness: Positive, Multiculturalism: Positive, Multiculturalism: Negative, Labour Groups: Positive, Agriculture and Farmers: Positive, Middle Class and Professional Groups, Underprivileged Minority Groups, Non-economic Demographic Groups

Sentence: expresses concern about the impact of the Care Records Service on patient confidentiality
Output: Human Rights
Sentence: condemns the pursuit of uniformity at the expense of diversity
Output: Equality: Positive
Sentence: observes that the Health and Safety Act 1974 made it a legal necessity for workplaces to train someone in medical first aid
Output: Labour Groups: Positive
Sentence:  and welcomes the opportunity to consider views on whether the UK should opt in to the draft Directive establishing minimum standards on the rights, support and protection of victims and the Draft Regulation on mutual recognition of protection measures in civil matters.
Output: Internationalism: Positive
Sentence:  the government’s decision to increase the number of police officers on the streets
Output: Law and Order: Positive
Sentence:  the government’s decision to increase the number of police officers on the streets"
recognises the ability of effectively organised aid to contribute to sustainable economic development in low income countries,Internationalism: Positive,3,none,"You are a motion policy preference classification assistant. Classify the motions using the following labels:Military: Positive, Military: Negative, Peace, Internationalism: Positive, European Union: Positive, European Union: Negative, Human Rights, Direct Democracy: Positive, Constitutionalism: Positive, Constitutionalism: Negative, Decentralisation: Positive, Centralisation: Positive, Governative and Administrative Efficiency, Political Corruption, Political Authority: Party, Free Market Economy, Incentives: Positive, Market Regulation, Economic Planning, Corporatism/Mixed Economy, Protectionism: Negative, Economic Goals, Keynesian Demand Management, Economic Growth: Positive, Technology and Infrastructure: Positive, Controlled Economy, Nationalisation, Economic Orthodoxy, Environmental Protection, Culture: Positive, Equality: Positive, Welfare State Expansion, Welfare State Limitation, Education Expansion, National Way of Life: Positive, National Way of Life: Negative, Law and Order: Positive, Civic Mindedness: Positive, Multiculturalism: Positive, Multiculturalism: Negative, Labour Groups: Positive, Agriculture and Farmers: Positive, Middle Class and Professional Groups, Underprivileged Minority Groups, Non-economic Demographic Groups

Sentence: expresses concern about the impact of the Care Records Service on patient confidentiality
Output: Human Rights
Sentence: condemns the pursuit of uniformity at the expense of diversity
Output: Equality: Positive
Sentence: observes that the Health and Safety Act 1974 made it a legal necessity for workplaces to train someone in medical first aid
Output: Labour Groups: Positive
Sentence: recognises the ability of effectively organised aid to contribute to sustainable economic development in low income countries
Output: Economic Growth: Positive
Sentence: highlights the importance of a strong national identity in the face of global cultural trends
Output: National Way of Life: Positive
Sentence: points out that the government's policy on immigration is designed to protect the national"
and declines to approve the proposed statutory instruments implementing the Directive unless and until the Government secures an amendment to the Directive so as to allow to remain on the national market those products which would otherwise fall outside the Directive's technical restrictions,Market Regulation,17,none,"You are a motion policy preference classification assistant. Classify the motions using the following labels:Military: Positive, Military: Negative, Peace, Internationalism: Positive, European Union: Positive, European Union: Negative, Human Rights, Direct Democracy: Positive, Constitutionalism: Positive, Constitutionalism: Negative, Decentralisation: Positive, Centralisation: Positive, Governative and Administrative Efficiency, Political Corruption, Political Authority: Party, Free Market Economy, Incentives: Positive, Market Regulation, Economic Planning, Corporatism/Mixed Economy, Protectionism: Negative, Economic Goals, Keynesian Demand Management, Economic Growth: Positive, Technology and Infrastructure: Positive, Controlled Economy, Nationalisation, Economic Orthodoxy, Environmental Protection, Culture: Positive, Equality: Positive, Welfare State Expansion, Welfare State Limitation, Education Expansion, National Way of Life: Positive, National Way of Life: Negative, Law and Order: Positive, Civic Mindedness: Positive, Multiculturalism: Positive, Multiculturalism: Negative, Labour Groups: Positive, Agriculture and Farmers: Positive, Middle Class and Professional Groups, Underprivileged Minority Groups, Non-economic Demographic Groups

Sentence: expresses concern about the impact of the Care Records Service on patient confidentiality
Output: Human Rights
Sentence: condemns the pursuit of uniformity at the expense of diversity
Output: Equality: Positive
Sentence: observes that the Health and Safety Act 1974 made it a legal necessity for workplaces to train someone in medical first aid
Output: Labour Groups: Positive
Sentence: and declines to approve the proposed statutory instruments implementing the Directive unless and until the Government secures an amendment to the Directive so as to allow to remain on the national market those products which would otherwise fall outside the Directive's technical restrictions
Output: Market Regulation
Sentence: the government's decision to increase the number of police officers in the city
Output: Law and Order: Positive
Sentence: the government's decision to increase the number of police officers in the city
Output: Political"
"That this House notes with concern that there has been a systematic failure to inform women of the dangers of taking the epilepsy drug sodium valproate during pregnancy, resulting in thousands of children being born with congenital malformations, disabilities and developmental disorders since the 1970s as a result of fetal exposure to the drug",Welfare State Expansion,31,none,"You are a motion policy preference classification assistant. Classify the motions using the following labels:Military: Positive, Military: Negative, Peace, Internationalism: Positive, European Union: Positive, European Union: Negative, Human Rights, Direct Democracy: Positive, Constitutionalism: Positive, Constitutionalism: Negative, Decentralisation: Positive, Centralisation: Positive, Governative and Administrative Efficiency, Political Corruption, Political Authority: Party, Free Market Economy, Incentives: Positive, Market Regulation, Economic Planning, Corporatism/Mixed Economy, Protectionism: Negative, Economic Goals, Keynesian Demand Management, Economic Growth: Positive, Technology and Infrastructure: Positive, Controlled Economy, Nationalisation, Economic Orthodoxy, Environmental Protection, Culture: Positive, Equality: Positive, Welfare State Expansion, Welfare State Limitation, Education Expansion, National Way of Life: Positive, National Way of Life: Negative, Law and Order: Positive, Civic Mindedness: Positive, Multiculturalism: Positive, Multiculturalism: Negative, Labour Groups: Positive, Agriculture and Farmers: Positive, Middle Class and Professional Groups, Underprivileged Minority Groups, Non-economic Demographic Groups

Sentence: expresses concern about the impact of the Care Records Service on patient confidentiality
Output: Human Rights
Sentence: condemns the pursuit of uniformity at the expense of diversity
Output: Equality: Positive
Sentence: observes that the Health and Safety Act 1974 made it a legal necessity for workplaces to train someone in medical first aid
Output: Labour Groups: Positive
Sentence: That this House notes with concern that there has been a systematic failure to inform women of the dangers of taking the epilepsy drug sodium valproate during pregnancy, resulting in thousands of children being born with congenital malformations, disabilities and developmental disorders since the 1970s as a result of fetal exposure to the drug
Output: Human Rights
Sentence: the government’s decision to introduce a new tax on imported goods
Output: Protectionism: Negative
Sentence: the government’s decision to invest in a new high-speed rail line
Output: Technology and Infrastructure:"
" and calls on the Government to increase police numbers, to improve the working of the Immigration and Nationality Directorate, to reduce the numbers of bogus asylum-seekers arriving in the United Kingdom and to ensure that those who betray the United Kingdom to foreign powers are pursued with the utmost vigour.",Law and Order: Positive,36,none,"You are a motion policy preference classification assistant. Classify the motions using the following labels:Military: Positive, Military: Negative, Peace, Internationalism: Positive, European Union: Positive, European Union: Negative, Human Rights, Direct Democracy: Positive, Constitutionalism: Positive, Constitutionalism: Negative, Decentralisation: Positive, Centralisation: Positive, Governative and Administrative Efficiency, Political Corruption, Political Authority: Party, Free Market Economy, Incentives: Positive, Market Regulation, Economic Planning, Corporatism/Mixed Economy, Protectionism: Negative, Economic Goals, Keynesian Demand Management, Economic Growth: Positive, Technology and Infrastructure: Positive, Controlled Economy, Nationalisation, Economic Orthodoxy, Environmental Protection, Culture: Positive, Equality: Positive, Welfare State Expansion, Welfare State Limitation, Education Expansion, National Way of Life: Positive, National Way of Life: Negative, Law and Order: Positive, Civic Mindedness: Positive, Multiculturalism: Positive, Multiculturalism: Negative, Labour Groups: Positive, Agriculture and Farmers: Positive, Middle Class and Professional Groups, Underprivileged Minority Groups, Non-economic Demographic Groups

Sentence: expresses concern about the impact of the Care Records Service on patient confidentiality
Output: Human Rights
Sentence: condemns the pursuit of uniformity at the expense of diversity
Output: Equality: Positive
Sentence: observes that the Health and Safety Act 1974 made it a legal necessity for workplaces to train someone in medical first aid
Output: Labour Groups: Positive
Sentence:  and calls on the Government to increase police numbers, to improve the working of the Immigration and Nationality Directorate, to reduce the numbers of bogus asylum-seekers arriving in the United Kingdom and to ensure that those who betray the United Kingdom to foreign powers are pursued with the utmost vigour.
Output: Law and Order: Positive
Sentence:  the government's decision to introduce a new tax on alcohol
Output: Market Regulation
Sentence:  the government's decision to invest in a new high-speed rail link
Output: Technology and"
is concerned about the impact of this incompetence on the most vulnerable members of society,Underprivileged Minority Groups,43,none,"You are a motion policy preference classification assistant. Classify the motions using the following labels:Military: Positive, Military: Negative, Peace, Internationalism: Positive, European Union: Positive, European Union: Negative, Human Rights, Direct Democracy: Positive, Constitutionalism: Positive, Constitutionalism: Negative, Decentralisation: Positive, Centralisation: Positive, Governative and Administrative Efficiency, Political Corruption, Political Authority: Party, Free Market Economy, Incentives: Positive, Market Regulation, Economic Planning, Corporatism/Mixed Economy, Protectionism: Negative, Economic Goals, Keynesian Demand Management, Economic Growth: Positive, Technology and Infrastructure: Positive, Controlled Economy, Nationalisation, Economic Orthodoxy, Environmental Protection, Culture: Positive, Equality: Positive, Welfare State Expansion, Welfare State Limitation, Education Expansion, National Way of Life: Positive, National Way of Life: Negative, Law and Order: Positive, Civic Mindedness: Positive, Multiculturalism: Positive, Multiculturalism: Negative, Labour Groups: Positive, Agriculture and Farmers: Positive, Middle Class and Professional Groups, Underprivileged Minority Groups, Non-economic Demographic Groups

Sentence: expresses concern about the impact of the Care Records Service on patient confidentiality
Output: Human Rights
Sentence: condemns the pursuit of uniformity at the expense of diversity
Output: Equality: Positive
Sentence: observes that the Health and Safety Act 1974 made it a legal necessity for workplaces to train someone in medical first aid
Output: Labour Groups: Positive
Sentence: is concerned about the impact of this incompetence on the most vulnerable members of society
Output: Underprivileged Minority Groups
Sentence: is worried about the potential for the new policy to undermine the independence of the judiciary
Output: Political Authority: Party
Sentence: is critical of the government's decision to cut funding for public libraries
Output:"
" believes that no case has been made for holding a referendum at such an early stage, and that further, any such needlessly premature date risks contaminating the result",Direct Democracy: Positive,7,none,"You are a motion policy preference classification assistant. Classify the motions using the following labels:Military: Positive, Military: Negative, Peace, Internationalism: Positive, European Union: Positive, European Union: Negative, Human Rights, Direct Democracy: Positive, Constitutionalism: Positive, Constitutionalism: Negative, Decentralisation: Positive, Centralisation: Positive, Governative and Administrative Efficiency, Political Corruption, Political Authority: Party, Free Market Economy, Incentives: Positive, Market Regulation, Economic Planning, Corporatism/Mixed Economy, Protectionism: Negative, Economic Goals, Keynesian Demand Management, Economic Growth: Positive, Technology and Infrastructure: Positive, Controlled Economy, Nationalisation, Economic Orthodoxy, Environmental Protection, Culture: Positive, Equality: Positive, Welfare State Expansion, Welfare State Limitation, Education Expansion, National Way of Life: Positive, National Way of Life: Negative, Law and Order: Positive, Civic Mindedness: Positive, Multiculturalism: Positive, Multiculturalism: Negative, Labour Groups: Positive, Agriculture and Farmers: Positive, Middle Class and Professional Groups, Underprivileged Minority Groups, Non-economic Demographic Groups

Sentence: expresses concern about the impact of the Care Records Service on patient confidentiality
Output: Human Rights
Sentence: condemns the pursuit of uniformity at the expense of diversity
Output: Equality: Positive
Sentence: observes that the Health and Safety Act 1974 made it a legal necessity for workplaces to train someone in medical first aid
Output: Labour Groups: Positive
Sentence:  believes that no case has been made for holding a referendum at such an early stage, and that further, any such needlessly premature date risks contaminating the result
Output: Direct Democracy: Positive
Sentence:  argues that the government's policy of encouraging private sector involvement in healthcare is a step in the right direction
Output: Free Market Economy
Sentence:  points out that the government's decision to increase"
" and deprecates the Home Secretary's resort to short-term, irrelevant and illiberal measures to conceal this failure.",Law and Order: Positive,36,none,"You are a motion policy preference classification assistant. Classify the motions using the following labels:Military: Positive, Military: Negative, Peace, Internationalism: Positive, European Union: Positive, European Union: Negative, Human Rights, Direct Democracy: Positive, Constitutionalism: Positive, Constitutionalism: Negative, Decentralisation: Positive, Centralisation: Positive, Governative and Administrative Efficiency, Political Corruption, Political Authority: Party, Free Market Economy, Incentives: Positive, Market Regulation, Economic Planning, Corporatism/Mixed Economy, Protectionism: Negative, Economic Goals, Keynesian Demand Management, Economic Growth: Positive, Technology and Infrastructure: Positive, Controlled Economy, Nationalisation, Economic Orthodoxy, Environmental Protection, Culture: Positive, Equality: Positive, Welfare State Expansion, Welfare State Limitation, Education Expansion, National Way of Life: Positive, National Way of Life: Negative, Law and Order: Positive, Civic Mindedness: Positive, Multiculturalism: Positive, Multiculturalism: Negative, Labour Groups: Positive, Agriculture and Farmers: Positive, Middle Class and Professional Groups, Underprivileged Minority Groups, Non-economic Demographic Groups

Sentence: expresses concern about the impact of the Care Records Service on patient confidentiality
Output: Human Rights
Sentence: condemns the pursuit of uniformity at the expense of diversity
Output: Equality: Positive
Sentence: observes that the Health and Safety Act 1974 made it a legal necessity for workplaces to train someone in medical first aid
Output: Labour Groups: Positive
Sentence:  and deprecates the Home Secretary's resort to short-term, irrelevant and illiberal measures to conceal this failure.
Output: Political Corruption
Sentence:  argues that the government's policy of encouraging private investment in the railways is a sound one
Output: Free Market Economy
Sentence:  emphasizes the importance of maintaining a strong national identity
Output: National Way"
believes that Gurkhas who retired before 1997 should be treated fairly and in the same way as those who have retired since,Equality: Positive,30,none,"You are a motion policy preference classification assistant. Classify the motions using the following labels:Military: Positive, Military: Negative, Peace, Internationalism: Positive, European Union: Positive, European Union: Negative, Human Rights, Direct Democracy: Positive, Constitutionalism: Positive, Constitutionalism: Negative, Decentralisation: Positive, Centralisation: Positive, Governative and Administrative Efficiency, Political Corruption, Political Authority: Party, Free Market Economy, Incentives: Positive, Market Regulation, Economic Planning, Corporatism/Mixed Economy, Protectionism: Negative, Economic Goals, Keynesian Demand Management, Economic Growth: Positive, Technology and Infrastructure: Positive, Controlled Economy, Nationalisation, Economic Orthodoxy, Environmental Protection, Culture: Positive, Equality: Positive, Welfare State Expansion, Welfare State Limitation, Education Expansion, National Way of Life: Positive, National Way of Life: Negative, Law and Order: Positive, Civic Mindedness: Positive, Multiculturalism: Positive, Multiculturalism: Negative, Labour Groups: Positive, Agriculture and Farmers: Positive, Middle Class and Professional Groups, Underprivileged Minority Groups, Non-economic Demographic Groups

Sentence: expresses concern about the impact of the Care Records Service on patient confidentiality
Output: Human Rights
Sentence: condemns the pursuit of uniformity at the expense of diversity
Output: Equality: Positive
Sentence: observes that the Health and Safety Act 1974 made it a legal necessity for workplaces to train someone in medical first aid
Output: Labour Groups: Positive
Sentence: believes that Gurkhas who retired before 1997 should be treated fairly and in the same way as those who have retired since
Output: Human Rights
Sentence: suggests that the government should invest in renewable energy sources
Output: Environmental Protection
Sentence: argues that the government should provide more funding for schools
Output: Education Expansion
Sentence: highlights the importance of maintaining a strong national identity"
" further notes that the Government is making hard-working families pay more than their share to bring down the deficit while cutting income tax by an average of £100,000 for the 13,000 people with incomes over £1 million",Equality: Positive,30,none,"You are a motion policy preference classification assistant. Classify the motions using the following labels:Military: Positive, Military: Negative, Peace, Internationalism: Positive, European Union: Positive, European Union: Negative, Human Rights, Direct Democracy: Positive, Constitutionalism: Positive, Constitutionalism: Negative, Decentralisation: Positive, Centralisation: Positive, Governative and Administrative Efficiency, Political Corruption, Political Authority: Party, Free Market Economy, Incentives: Positive, Market Regulation, Economic Planning, Corporatism/Mixed Economy, Protectionism: Negative, Economic Goals, Keynesian Demand Management, Economic Growth: Positive, Technology and Infrastructure: Positive, Controlled Economy, Nationalisation, Economic Orthodoxy, Environmental Protection, Culture: Positive, Equality: Positive, Welfare State Expansion, Welfare State Limitation, Education Expansion, National Way of Life: Positive, National Way of Life: Negative, Law and Order: Positive, Civic Mindedness: Positive, Multiculturalism: Positive, Multiculturalism: Negative, Labour Groups: Positive, Agriculture and Farmers: Positive, Middle Class and Professional Groups, Underprivileged Minority Groups, Non-economic Demographic Groups

Sentence: expresses concern about the impact of the Care Records Service on patient confidentiality
Output: Human Rights
Sentence: condemns the pursuit of uniformity at the expense of diversity
Output: Equality: Positive
Sentence: observes that the Health and Safety Act 1974 made it a legal necessity for workplaces to train someone in medical first aid
Output: Labour Groups: Positive
Sentence:  further notes that the Government is making hard-working families pay more than their share to bring down the deficit while cutting income tax by an average of £100,000 for the 13,000 people with incomes over £1 million
Output: Political Corruption
Sentence:  highlights the importance of a strong national identity and the need to preserve the unique traditions of the nation
Output: National Way of Life: Positive
Sentence:  emphasizes the need for a more sustainable approach to agriculture and"
That this House deeply regrets that young people are amongst the principal victims of the recession,Non-economic Demographic Groups,44,none,"You are a motion policy preference classification assistant. Classify the motions using the following labels:Military: Positive, Military: Negative, Peace, Internationalism: Positive, European Union: Positive, European Union: Negative, Human Rights, Direct Democracy: Positive, Constitutionalism: Positive, Constitutionalism: Negative, Decentralisation: Positive, Centralisation: Positive, Governative and Administrative Efficiency, Political Corruption, Political Authority: Party, Free Market Economy, Incentives: Positive, Market Regulation, Economic Planning, Corporatism/Mixed Economy, Protectionism: Negative, Economic Goals, Keynesian Demand Management, Economic Growth: Positive, Technology and Infrastructure: Positive, Controlled Economy, Nationalisation, Economic Orthodoxy, Environmental Protection, Culture: Positive, Equality: Positive, Welfare State Expansion, Welfare State Limitation, Education Expansion, National Way of Life: Positive, National Way of Life: Negative, Law and Order: Positive, Civic Mindedness: Positive, Multiculturalism: Positive, Multiculturalism: Negative, Labour Groups: Positive, Agriculture and Farmers: Positive, Middle Class and Professional Groups, Underprivileged Minority Groups, Non-economic Demographic Groups

Sentence: expresses concern about the impact of the Care Records Service on patient confidentiality
Output: Human Rights
Sentence: condemns the pursuit of uniformity at the expense of diversity
Output: Equality: Positive
Sentence: observes that the Health and Safety Act 1974 made it a legal necessity for workplaces to train someone in medical first aid
Output: Labour Groups: Positive
Sentence: That this House deeply regrets that young people are amongst the principal victims of the recession
Output: Underprivileged Minority Groups
Sentence: the government's decision to increase the number of police officers in the city
Output: Law and Order: Positive
Sentence: the government's decision to increase the number of police officers in the city
Output"
recognises the opportunity to bring about better patient care by ensuring the best treatments are provided at the appropriate time and by fostering the stability that will allow new investment in NHS practices,Welfare State Expansion,31,none,"You are a motion policy preference classification assistant. Classify the motions using the following labels:Military: Positive, Military: Negative, Peace, Internationalism: Positive, European Union: Positive, European Union: Negative, Human Rights, Direct Democracy: Positive, Constitutionalism: Positive, Constitutionalism: Negative, Decentralisation: Positive, Centralisation: Positive, Governative and Administrative Efficiency, Political Corruption, Political Authority: Party, Free Market Economy, Incentives: Positive, Market Regulation, Economic Planning, Corporatism/Mixed Economy, Protectionism: Negative, Economic Goals, Keynesian Demand Management, Economic Growth: Positive, Technology and Infrastructure: Positive, Controlled Economy, Nationalisation, Economic Orthodoxy, Environmental Protection, Culture: Positive, Equality: Positive, Welfare State Expansion, Welfare State Limitation, Education Expansion, National Way of Life: Positive, National Way of Life: Negative, Law and Order: Positive, Civic Mindedness: Positive, Multiculturalism: Positive, Multiculturalism: Negative, Labour Groups: Positive, Agriculture and Farmers: Positive, Middle Class and Professional Groups, Underprivileged Minority Groups, Non-economic Demographic Groups

Sentence: expresses concern about the impact of the Care Records Service on patient confidentiality
Output: Human Rights
Sentence: condemns the pursuit of uniformity at the expense of diversity
Output: Equality: Positive
Sentence: observes that the Health and Safety Act 1974 made it a legal necessity for workplaces to train someone in medical first aid
Output: Labour Groups: Positive
Sentence: recognises the opportunity to bring about better patient care by ensuring the best treatments are provided at the appropriate time and by fostering the stability that will allow new investment in NHS practices
Output: Economic Growth: Positive
Sentence: highlights the importance of the role of the police in maintaining law and order
Output: Law and Order: Positive
Sentence: suggests that the government should be more open to the idea of a national referendum on the issue"
and calls on the Government to meet the funding gap for social care this year and for the rest of this Parliament.,Welfare State Expansion,31,none,"You are a motion policy preference classification assistant. Classify the motions using the following labels:Military: Positive, Military: Negative, Peace, Internationalism: Positive, European Union: Positive, European Union: Negative, Human Rights, Direct Democracy: Positive, Constitutionalism: Positive, Constitutionalism: Negative, Decentralisation: Positive, Centralisation: Positive, Governative and Administrative Efficiency, Political Corruption, Political Authority: Party, Free Market Economy, Incentives: Positive, Market Regulation, Economic Planning, Corporatism/Mixed Economy, Protectionism: Negative, Economic Goals, Keynesian Demand Management, Economic Growth: Positive, Technology and Infrastructure: Positive, Controlled Economy, Nationalisation, Economic Orthodoxy, Environmental Protection, Culture: Positive, Equality: Positive, Welfare State Expansion, Welfare State Limitation, Education Expansion, National Way of Life: Positive, National Way of Life: Negative, Law and Order: Positive, Civic Mindedness: Positive, Multiculturalism: Positive, Multiculturalism: Negative, Labour Groups: Positive, Agriculture and Farmers: Positive, Middle Class and Professional Groups, Underprivileged Minority Groups, Non-economic Demographic Groups

Sentence: expresses concern about the impact of the Care Records Service on patient confidentiality
Output: Human Rights
Sentence: condemns the pursuit of uniformity at the expense of diversity
Output: Equality: Positive
Sentence: observes that the Health and Safety Act 1974 made it a legal necessity for workplaces to train someone in medical first aid
Output: Labour Groups: Positive
Sentence: and calls on the Government to meet the funding gap for social care this year and for the rest of this Parliament.
Output: Welfare State Expansion
Sentence: the government’s decision to increase the number of police officers in the city
Output: Law and Order: Positive
Sentence: the government’s decision to increase the number of police officers in the city
Output:"
and supports the decision of Her Majesty’s Government to agree with Council Decision 2013/109/CFSP.,Internationalism: Positive,3,none,"You are a motion policy preference classification assistant. Classify the motions using the following labels:Military: Positive, Military: Negative, Peace, Internationalism: Positive, European Union: Positive, European Union: Negative, Human Rights, Direct Democracy: Positive, Constitutionalism: Positive, Constitutionalism: Negative, Decentralisation: Positive, Centralisation: Positive, Governative and Administrative Efficiency, Political Corruption, Political Authority: Party, Free Market Economy, Incentives: Positive, Market Regulation, Economic Planning, Corporatism/Mixed Economy, Protectionism: Negative, Economic Goals, Keynesian Demand Management, Economic Growth: Positive, Technology and Infrastructure: Positive, Controlled Economy, Nationalisation, Economic Orthodoxy, Environmental Protection, Culture: Positive, Equality: Positive, Welfare State Expansion, Welfare State Limitation, Education Expansion, National Way of Life: Positive, National Way of Life: Negative, Law and Order: Positive, Civic Mindedness: Positive, Multiculturalism: Positive, Multiculturalism: Negative, Labour Groups: Positive, Agriculture and Farmers: Positive, Middle Class and Professional Groups, Underprivileged Minority Groups, Non-economic Demographic Groups

Sentence: expresses concern about the impact of the Care Records Service on patient confidentiality
Output: Human Rights
Sentence: condemns the pursuit of uniformity at the expense of diversity
Output: Equality: Positive
Sentence: observes that the Health and Safety Act 1974 made it a legal necessity for workplaces to train someone in medical first aid
Output: Labour Groups: Positive
Sentence: and supports the decision of Her Majesty’s Government to agree with Council Decision 2013/109/CFSP.
Output: Internationalism: Positive
Sentence: the government’s policy of promoting the use of renewable energy sources
Output: Environmental Protection
Sentence: the government’s decision to increase the number of police officers on the streets
Output: Law and Order:"
and calls for a moratorium on special school closures until such a review has been published and properly debated.,Equality: Positive,30,none,"You are a motion policy preference classification assistant. Classify the motions using the following labels:Military: Positive, Military: Negative, Peace, Internationalism: Positive, European Union: Positive, European Union: Negative, Human Rights, Direct Democracy: Positive, Constitutionalism: Positive, Constitutionalism: Negative, Decentralisation: Positive, Centralisation: Positive, Governative and Administrative Efficiency, Political Corruption, Political Authority: Party, Free Market Economy, Incentives: Positive, Market Regulation, Economic Planning, Corporatism/Mixed Economy, Protectionism: Negative, Economic Goals, Keynesian Demand Management, Economic Growth: Positive, Technology and Infrastructure: Positive, Controlled Economy, Nationalisation, Economic Orthodoxy, Environmental Protection, Culture: Positive, Equality: Positive, Welfare State Expansion, Welfare State Limitation, Education Expansion, National Way of Life: Positive, National Way of Life: Negative, Law and Order: Positive, Civic Mindedness: Positive, Multiculturalism: Positive, Multiculturalism: Negative, Labour Groups: Positive, Agriculture and Farmers: Positive, Middle Class and Professional Groups, Underprivileged Minority Groups, Non-economic Demographic Groups

Sentence: expresses concern about the impact of the Care Records Service on patient confidentiality
Output: Human Rights
Sentence: condemns the pursuit of uniformity at the expense of diversity
Output: Equality: Positive
Sentence: observes that the Health and Safety Act 1974 made it a legal necessity for workplaces to train someone in medical first aid
Output: Labour Groups: Positive
Sentence: and calls for a moratorium on special school closures until such a review has been published and properly debated.
Output: Human Rights
Sentence: the government’s decision to increase the number of police officers in the city
Output: Law and Order: Positive
Sentence: the government’s decision to increase the number of police officers in the city
Output: Political"
" calls on the Government to regulate residential lettings and management agents and to end the confusing, inconsistent charges regime, making fees easily understandable, upfront and comparable across agents",Market Regulation,17,none,"You are a motion policy preference classification assistant. Classify the motions using the following labels:Military: Positive, Military: Negative, Peace, Internationalism: Positive, European Union: Positive, European Union: Negative, Human Rights, Direct Democracy: Positive, Constitutionalism: Positive, Constitutionalism: Negative, Decentralisation: Positive, Centralisation: Positive, Governative and Administrative Efficiency, Political Corruption, Political Authority: Party, Free Market Economy, Incentives: Positive, Market Regulation, Economic Planning, Corporatism/Mixed Economy, Protectionism: Negative, Economic Goals, Keynesian Demand Management, Economic Growth: Positive, Technology and Infrastructure: Positive, Controlled Economy, Nationalisation, Economic Orthodoxy, Environmental Protection, Culture: Positive, Equality: Positive, Welfare State Expansion, Welfare State Limitation, Education Expansion, National Way of Life: Positive, National Way of Life: Negative, Law and Order: Positive, Civic Mindedness: Positive, Multiculturalism: Positive, Multiculturalism: Negative, Labour Groups: Positive, Agriculture and Farmers: Positive, Middle Class and Professional Groups, Underprivileged Minority Groups, Non-economic Demographic Groups

Sentence: expresses concern about the impact of the Care Records Service on patient confidentiality
Output: Human Rights
Sentence: condemns the pursuit of uniformity at the expense of diversity
Output: Equality: Positive
Sentence: observes that the Health and Safety Act 1974 made it a legal necessity for workplaces to train someone in medical first aid
Output: Labour Groups: Positive
Sentence:  calls on the Government to regulate residential lettings and management agents and to end the confusing, inconsistent charges regime, making fees easily understandable, upfront and comparable across agents
Output: Market Regulation
Sentence:  argues that the government should invest in renewable energy sources and promote energy efficiency
Output: Environmental Protection
Sentence:  highlights the importance of maintaining a strong national identity and culture
Output: National Way of Life: Positive"
That this House believes that no school system can surpass the quality of its teachers,Education Expansion,33,none,"You are a motion policy preference classification assistant. Classify the motions using the following labels:Military: Positive, Military: Negative, Peace, Internationalism: Positive, European Union: Positive, European Union: Negative, Human Rights, Direct Democracy: Positive, Constitutionalism: Positive, Constitutionalism: Negative, Decentralisation: Positive, Centralisation: Positive, Governative and Administrative Efficiency, Political Corruption, Political Authority: Party, Free Market Economy, Incentives: Positive, Market Regulation, Economic Planning, Corporatism/Mixed Economy, Protectionism: Negative, Economic Goals, Keynesian Demand Management, Economic Growth: Positive, Technology and Infrastructure: Positive, Controlled Economy, Nationalisation, Economic Orthodoxy, Environmental Protection, Culture: Positive, Equality: Positive, Welfare State Expansion, Welfare State Limitation, Education Expansion, National Way of Life: Positive, National Way of Life: Negative, Law and Order: Positive, Civic Mindedness: Positive, Multiculturalism: Positive, Multiculturalism: Negative, Labour Groups: Positive, Agriculture and Farmers: Positive, Middle Class and Professional Groups, Underprivileged Minority Groups, Non-economic Demographic Groups

Sentence: expresses concern about the impact of the Care Records Service on patient confidentiality
Output: Human Rights
Sentence: condemns the pursuit of uniformity at the expense of diversity
Output: Equality: Positive
Sentence: observes that the Health and Safety Act 1974 made it a legal necessity for workplaces to train someone in medical first aid
Output: Labour Groups: Positive
Sentence: That this House believes that no school system can surpass the quality of its teachers
Output: Education Expansion
Sentence: the government's decision to reduce the number of public sector jobs
Output: Welfare State Limitation
Sentence: the government's decision to invest in renewable energy sources
Output: Environmental Protection
Sentence: the government's"
" further believes that a solution requires the collective and collaborative effort of regulators, Parliament and Government",Market Regulation,17,none,"You are a motion policy preference classification assistant. Classify the motions using the following labels:Military: Positive, Military: Negative, Peace, Internationalism: Positive, European Union: Positive, European Union: Negative, Human Rights, Direct Democracy: Positive, Constitutionalism: Positive, Constitutionalism: Negative, Decentralisation: Positive, Centralisation: Positive, Governative and Administrative Efficiency, Political Corruption, Political Authority: Party, Free Market Economy, Incentives: Positive, Market Regulation, Economic Planning, Corporatism/Mixed Economy, Protectionism: Negative, Economic Goals, Keynesian Demand Management, Economic Growth: Positive, Technology and Infrastructure: Positive, Controlled Economy, Nationalisation, Economic Orthodoxy, Environmental Protection, Culture: Positive, Equality: Positive, Welfare State Expansion, Welfare State Limitation, Education Expansion, National Way of Life: Positive, National Way of Life: Negative, Law and Order: Positive, Civic Mindedness: Positive, Multiculturalism: Positive, Multiculturalism: Negative, Labour Groups: Positive, Agriculture and Farmers: Positive, Middle Class and Professional Groups, Underprivileged Minority Groups, Non-economic Demographic Groups

Sentence: expresses concern about the impact of the Care Records Service on patient confidentiality
Output: Human Rights
Sentence: condemns the pursuit of uniformity at the expense of diversity
Output: Equality: Positive
Sentence: observes that the Health and Safety Act 1974 made it a legal necessity for workplaces to train someone in medical first aid
Output: Labour Groups: Positive
Sentence:  further believes that a solution requires the collective and collaborative effort of regulators, Parliament and Government
Output: Direct Democracy: Positive
Sentence:  highlights the importance of the role of the state in ensuring that the economy is stable and that the needs of the population are met
Output: Governative and Administrative Efficiency
Sentence:  emphasizes the need for"
further notes that the extra costs imposed through regulation and public health protection that fall directly on the industry should more properly come from the public health budget,Agriculture and Farmers: Positive,41,none,"You are a motion policy preference classification assistant. Classify the motions using the following labels:Military: Positive, Military: Negative, Peace, Internationalism: Positive, European Union: Positive, European Union: Negative, Human Rights, Direct Democracy: Positive, Constitutionalism: Positive, Constitutionalism: Negative, Decentralisation: Positive, Centralisation: Positive, Governative and Administrative Efficiency, Political Corruption, Political Authority: Party, Free Market Economy, Incentives: Positive, Market Regulation, Economic Planning, Corporatism/Mixed Economy, Protectionism: Negative, Economic Goals, Keynesian Demand Management, Economic Growth: Positive, Technology and Infrastructure: Positive, Controlled Economy, Nationalisation, Economic Orthodoxy, Environmental Protection, Culture: Positive, Equality: Positive, Welfare State Expansion, Welfare State Limitation, Education Expansion, National Way of Life: Positive, National Way of Life: Negative, Law and Order: Positive, Civic Mindedness: Positive, Multiculturalism: Positive, Multiculturalism: Negative, Labour Groups: Positive, Agriculture and Farmers: Positive, Middle Class and Professional Groups, Underprivileged Minority Groups, Non-economic Demographic Groups

Sentence: expresses concern about the impact of the Care Records Service on patient confidentiality
Output: Human Rights
Sentence: condemns the pursuit of uniformity at the expense of diversity
Output: Equality: Positive
Sentence: observes that the Health and Safety Act 1974 made it a legal necessity for workplaces to train someone in medical first aid
Output: Labour Groups: Positive
Sentence: further notes that the extra costs imposed through regulation and public health protection that fall directly on the industry should more properly come from the public health budget
Output: Governative and Administrative Efficiency
Sentence: highlights the importance of the rule of law and the protection of individual rights
Output: Law and Order: Positive
Sentence: points out that the government’s policy of promoting a national identity is being undermined by"
notes that the Permanent Secretary has had to seek a Ministerial Direction from the Secretary of State as to the value for money and feasibility of restructuring at this time,Governative and Administrative Efficiency,12,none,"You are a motion policy preference classification assistant. Classify the motions using the following labels:Military: Positive, Military: Negative, Peace, Internationalism: Positive, European Union: Positive, European Union: Negative, Human Rights, Direct Democracy: Positive, Constitutionalism: Positive, Constitutionalism: Negative, Decentralisation: Positive, Centralisation: Positive, Governative and Administrative Efficiency, Political Corruption, Political Authority: Party, Free Market Economy, Incentives: Positive, Market Regulation, Economic Planning, Corporatism/Mixed Economy, Protectionism: Negative, Economic Goals, Keynesian Demand Management, Economic Growth: Positive, Technology and Infrastructure: Positive, Controlled Economy, Nationalisation, Economic Orthodoxy, Environmental Protection, Culture: Positive, Equality: Positive, Welfare State Expansion, Welfare State Limitation, Education Expansion, National Way of Life: Positive, National Way of Life: Negative, Law and Order: Positive, Civic Mindedness: Positive, Multiculturalism: Positive, Multiculturalism: Negative, Labour Groups: Positive, Agriculture and Farmers: Positive, Middle Class and Professional Groups, Underprivileged Minority Groups, Non-economic Demographic Groups

Sentence: expresses concern about the impact of the Care Records Service on patient confidentiality
Output: Human Rights
Sentence: condemns the pursuit of uniformity at the expense of diversity
Output: Equality: Positive
Sentence: observes that the Health and Safety Act 1974 made it a legal necessity for workplaces to train someone in medical first aid
Output: Labour Groups: Positive
Sentence: notes that the Permanent Secretary has had to seek a Ministerial Direction from the Secretary of State as to the value for money and feasibility of restructuring at this time
Output: Governative and Administrative Efficiency
Sentence: highlights the importance of the role of the local council in providing a range of services to its residents
Output: Decentralisation: Positive
Sentence: suggests that the government should be more willing to invest in renewable energy"
" and calls on the Government to publish immediately all relevant Home Office submissions to Ministers, together with the instructions from Home Office Ministers to the UK Border Agency (UKBA) regarding passport checks in the summer of 2011 and the relevant operational instructions from UKBA executives to staff and all data collected by the UKBA on the level of checks at each port of entry since July 2011.",Law and Order: Positive,36,none,"You are a motion policy preference classification assistant. Classify the motions using the following labels:Military: Positive, Military: Negative, Peace, Internationalism: Positive, European Union: Positive, European Union: Negative, Human Rights, Direct Democracy: Positive, Constitutionalism: Positive, Constitutionalism: Negative, Decentralisation: Positive, Centralisation: Positive, Governative and Administrative Efficiency, Political Corruption, Political Authority: Party, Free Market Economy, Incentives: Positive, Market Regulation, Economic Planning, Corporatism/Mixed Economy, Protectionism: Negative, Economic Goals, Keynesian Demand Management, Economic Growth: Positive, Technology and Infrastructure: Positive, Controlled Economy, Nationalisation, Economic Orthodoxy, Environmental Protection, Culture: Positive, Equality: Positive, Welfare State Expansion, Welfare State Limitation, Education Expansion, National Way of Life: Positive, National Way of Life: Negative, Law and Order: Positive, Civic Mindedness: Positive, Multiculturalism: Positive, Multiculturalism: Negative, Labour Groups: Positive, Agriculture and Farmers: Positive, Middle Class and Professional Groups, Underprivileged Minority Groups, Non-economic Demographic Groups

Sentence: expresses concern about the impact of the Care Records Service on patient confidentiality
Output: Human Rights
Sentence: condemns the pursuit of uniformity at the expense of diversity
Output: Equality: Positive
Sentence: observes that the Health and Safety Act 1974 made it a legal necessity for workplaces to train someone in medical first aid
Output: Labour Groups: Positive
Sentence:  and calls on the Government to publish immediately all relevant Home Office submissions to Ministers, together with the instructions from Home Office Ministers to the UK Border Agency (UKBA) regarding passport checks in the summer of 2011 and the relevant operational instructions from UKBA executives to staff and all data collected by the UKBA on the level of checks at each port of entry since July 2011.
Output: Political Corruption
Sentence:  the government’s decision to increase the number of police officers on the streets
Output: Law and Order: Positive
Sentence:  the government’s decision to increase the number of police officers on the streets
Output"
That this House notes that community pharmacies are valued assets that offer face-to-face healthcare advice which relieves pressure on other NHS services,Welfare State Expansion,31,none,"You are a motion policy preference classification assistant. Classify the motions using the following labels:Military: Positive, Military: Negative, Peace, Internationalism: Positive, European Union: Positive, European Union: Negative, Human Rights, Direct Democracy: Positive, Constitutionalism: Positive, Constitutionalism: Negative, Decentralisation: Positive, Centralisation: Positive, Governative and Administrative Efficiency, Political Corruption, Political Authority: Party, Free Market Economy, Incentives: Positive, Market Regulation, Economic Planning, Corporatism/Mixed Economy, Protectionism: Negative, Economic Goals, Keynesian Demand Management, Economic Growth: Positive, Technology and Infrastructure: Positive, Controlled Economy, Nationalisation, Economic Orthodoxy, Environmental Protection, Culture: Positive, Equality: Positive, Welfare State Expansion, Welfare State Limitation, Education Expansion, National Way of Life: Positive, National Way of Life: Negative, Law and Order: Positive, Civic Mindedness: Positive, Multiculturalism: Positive, Multiculturalism: Negative, Labour Groups: Positive, Agriculture and Farmers: Positive, Middle Class and Professional Groups, Underprivileged Minority Groups, Non-economic Demographic Groups

Sentence: expresses concern about the impact of the Care Records Service on patient confidentiality
Output: Human Rights
Sentence: condemns the pursuit of uniformity at the expense of diversity
Output: Equality: Positive
Sentence: observes that the Health and Safety Act 1974 made it a legal necessity for workplaces to train someone in medical first aid
Output: Labour Groups: Positive
Sentence: That this House notes that community pharmacies are valued assets that offer face-to-face healthcare advice which relieves pressure on other NHS services
Output: Labour Groups: Positive
Sentence: the government’s decision to increase the number of police officers in London
Output: Law and Order: Positive
Sentence: the government’s decision to increase the number of police officers in London
Output: Political"
" notes that the current rate of prisoner release is running ahead of initial projections so that an additional 5,000 prisoners will be released early in a full year",Law and Order: Positive,36,none,"You are a motion policy preference classification assistant. Classify the motions using the following labels:Military: Positive, Military: Negative, Peace, Internationalism: Positive, European Union: Positive, European Union: Negative, Human Rights, Direct Democracy: Positive, Constitutionalism: Positive, Constitutionalism: Negative, Decentralisation: Positive, Centralisation: Positive, Governative and Administrative Efficiency, Political Corruption, Political Authority: Party, Free Market Economy, Incentives: Positive, Market Regulation, Economic Planning, Corporatism/Mixed Economy, Protectionism: Negative, Economic Goals, Keynesian Demand Management, Economic Growth: Positive, Technology and Infrastructure: Positive, Controlled Economy, Nationalisation, Economic Orthodoxy, Environmental Protection, Culture: Positive, Equality: Positive, Welfare State Expansion, Welfare State Limitation, Education Expansion, National Way of Life: Positive, National Way of Life: Negative, Law and Order: Positive, Civic Mindedness: Positive, Multiculturalism: Positive, Multiculturalism: Negative, Labour Groups: Positive, Agriculture and Farmers: Positive, Middle Class and Professional Groups, Underprivileged Minority Groups, Non-economic Demographic Groups

Sentence: expresses concern about the impact of the Care Records Service on patient confidentiality
Output: Human Rights
Sentence: condemns the pursuit of uniformity at the expense of diversity
Output: Equality: Positive
Sentence: observes that the Health and Safety Act 1974 made it a legal necessity for workplaces to train someone in medical first aid
Output: Labour Groups: Positive
Sentence:  notes that the current rate of prisoner release is running ahead of initial projections so that an additional 5,000 prisoners will be released early in a full year
Output: Political Authority: Party
Sentence:  highlights the importance of a strong national identity and the need to preserve the unique traditions of the nation
Output: National Way of Life: Positive
Sentence:  points out that the government is considering a new tax"
"That this House believes that insecurity at work has increased under this Government, compounding the cost of living crisis facing families",Labour Groups: Positive,40,none,"You are a motion policy preference classification assistant. Classify the motions using the following labels:Military: Positive, Military: Negative, Peace, Internationalism: Positive, European Union: Positive, European Union: Negative, Human Rights, Direct Democracy: Positive, Constitutionalism: Positive, Constitutionalism: Negative, Decentralisation: Positive, Centralisation: Positive, Governative and Administrative Efficiency, Political Corruption, Political Authority: Party, Free Market Economy, Incentives: Positive, Market Regulation, Economic Planning, Corporatism/Mixed Economy, Protectionism: Negative, Economic Goals, Keynesian Demand Management, Economic Growth: Positive, Technology and Infrastructure: Positive, Controlled Economy, Nationalisation, Economic Orthodoxy, Environmental Protection, Culture: Positive, Equality: Positive, Welfare State Expansion, Welfare State Limitation, Education Expansion, National Way of Life: Positive, National Way of Life: Negative, Law and Order: Positive, Civic Mindedness: Positive, Multiculturalism: Positive, Multiculturalism: Negative, Labour Groups: Positive, Agriculture and Farmers: Positive, Middle Class and Professional Groups, Underprivileged Minority Groups, Non-economic Demographic Groups

Sentence: expresses concern about the impact of the Care Records Service on patient confidentiality
Output: Human Rights
Sentence: condemns the pursuit of uniformity at the expense of diversity
Output: Equality: Positive
Sentence: observes that the Health and Safety Act 1974 made it a legal necessity for workplaces to train someone in medical first aid
Output: Labour Groups: Positive
Sentence: That this House believes that insecurity at work has increased under this Government, compounding the cost of living crisis facing families
Output: Labour Groups: Positive
Sentence: the government's decision to increase the number of police officers in the city
Output: Law and Order: Positive
Sentence: the government's decision to increase the number of police officers in the city
Output"
endorses the Declaration of the European Parliament of 14 February 2012 on the return of Famagusta to its lawful inhabitants,Peace,2,none,"You are a motion policy preference classification assistant. Classify the motions using the following labels:Military: Positive, Military: Negative, Peace, Internationalism: Positive, European Union: Positive, European Union: Negative, Human Rights, Direct Democracy: Positive, Constitutionalism: Positive, Constitutionalism: Negative, Decentralisation: Positive, Centralisation: Positive, Governative and Administrative Efficiency, Political Corruption, Political Authority: Party, Free Market Economy, Incentives: Positive, Market Regulation, Economic Planning, Corporatism/Mixed Economy, Protectionism: Negative, Economic Goals, Keynesian Demand Management, Economic Growth: Positive, Technology and Infrastructure: Positive, Controlled Economy, Nationalisation, Economic Orthodoxy, Environmental Protection, Culture: Positive, Equality: Positive, Welfare State Expansion, Welfare State Limitation, Education Expansion, National Way of Life: Positive, National Way of Life: Negative, Law and Order: Positive, Civic Mindedness: Positive, Multiculturalism: Positive, Multiculturalism: Negative, Labour Groups: Positive, Agriculture and Farmers: Positive, Middle Class and Professional Groups, Underprivileged Minority Groups, Non-economic Demographic Groups

Sentence: expresses concern about the impact of the Care Records Service on patient confidentiality
Output: Human Rights
Sentence: condemns the pursuit of uniformity at the expense of diversity
Output: Equality: Positive
Sentence: observes that the Health and Safety Act 1974 made it a legal necessity for workplaces to train someone in medical first aid
Output: Labour Groups: Positive
Sentence: endorses the Declaration of the European Parliament of 14 February 2012 on the return of Famagusta to its lawful inhabitants
Output: European Union: Positive
Sentence: is critical of the fact that the government is not doing enough to protect the environment
Output: Environmental Protection
Sentence: is concerned about the potential for the new law to undermine the rights of citizens
Output: Human"
condemns the Government's failure to meet its targets for expansion of further education student numbers,Education Expansion,33,none,"You are a motion policy preference classification assistant. Classify the motions using the following labels:Military: Positive, Military: Negative, Peace, Internationalism: Positive, European Union: Positive, European Union: Negative, Human Rights, Direct Democracy: Positive, Constitutionalism: Positive, Constitutionalism: Negative, Decentralisation: Positive, Centralisation: Positive, Governative and Administrative Efficiency, Political Corruption, Political Authority: Party, Free Market Economy, Incentives: Positive, Market Regulation, Economic Planning, Corporatism/Mixed Economy, Protectionism: Negative, Economic Goals, Keynesian Demand Management, Economic Growth: Positive, Technology and Infrastructure: Positive, Controlled Economy, Nationalisation, Economic Orthodoxy, Environmental Protection, Culture: Positive, Equality: Positive, Welfare State Expansion, Welfare State Limitation, Education Expansion, National Way of Life: Positive, National Way of Life: Negative, Law and Order: Positive, Civic Mindedness: Positive, Multiculturalism: Positive, Multiculturalism: Negative, Labour Groups: Positive, Agriculture and Farmers: Positive, Middle Class and Professional Groups, Underprivileged Minority Groups, Non-economic Demographic Groups

Sentence: expresses concern about the impact of the Care Records Service on patient confidentiality
Output: Human Rights
Sentence: condemns the pursuit of uniformity at the expense of diversity
Output: Equality: Positive
Sentence: observes that the Health and Safety Act 1974 made it a legal necessity for workplaces to train someone in medical first aid
Output: Labour Groups: Positive
Sentence: condemns the Government's failure to meet its targets for expansion of further education student numbers
Output: Welfare State Expansion
Sentence: highlights the importance of the role of the police in maintaining law and order
Output: Law and Order: Positive
Sentence: suggests that the government should be more concerned with the needs of the elderly
Output: Underprivileged"
" urges the Government energetically to continue and increase its efforts within the United Nations, European Union and Commonwealth and with others to broker a ceasefire",Peace,2,none,"You are a motion policy preference classification assistant. Classify the motions using the following labels:Military: Positive, Military: Negative, Peace, Internationalism: Positive, European Union: Positive, European Union: Negative, Human Rights, Direct Democracy: Positive, Constitutionalism: Positive, Constitutionalism: Negative, Decentralisation: Positive, Centralisation: Positive, Governative and Administrative Efficiency, Political Corruption, Political Authority: Party, Free Market Economy, Incentives: Positive, Market Regulation, Economic Planning, Corporatism/Mixed Economy, Protectionism: Negative, Economic Goals, Keynesian Demand Management, Economic Growth: Positive, Technology and Infrastructure: Positive, Controlled Economy, Nationalisation, Economic Orthodoxy, Environmental Protection, Culture: Positive, Equality: Positive, Welfare State Expansion, Welfare State Limitation, Education Expansion, National Way of Life: Positive, National Way of Life: Negative, Law and Order: Positive, Civic Mindedness: Positive, Multiculturalism: Positive, Multiculturalism: Negative, Labour Groups: Positive, Agriculture and Farmers: Positive, Middle Class and Professional Groups, Underprivileged Minority Groups, Non-economic Demographic Groups

Sentence: expresses concern about the impact of the Care Records Service on patient confidentiality
Output: Human Rights
Sentence: condemns the pursuit of uniformity at the expense of diversity
Output: Equality: Positive
Sentence: observes that the Health and Safety Act 1974 made it a legal necessity for workplaces to train someone in medical first aid
Output: Labour Groups: Positive
Sentence:  urges the Government energetically to continue and increase its efforts within the United Nations, European Union and Commonwealth and with others to broker a ceasefire
Output: Internationalism: Positive
Sentence:  highlights the importance of the rule of law and the need to ensure that all citizens are treated equally under the law
Output: Law and Order: Positive
Sentence:  points out that the government's policy"
is concerned that major questions about how the Government's market in higher education is intended to work remain unanswered,Education Expansion,33,none,"You are a motion policy preference classification assistant. Classify the motions using the following labels:Military: Positive, Military: Negative, Peace, Internationalism: Positive, European Union: Positive, European Union: Negative, Human Rights, Direct Democracy: Positive, Constitutionalism: Positive, Constitutionalism: Negative, Decentralisation: Positive, Centralisation: Positive, Governative and Administrative Efficiency, Political Corruption, Political Authority: Party, Free Market Economy, Incentives: Positive, Market Regulation, Economic Planning, Corporatism/Mixed Economy, Protectionism: Negative, Economic Goals, Keynesian Demand Management, Economic Growth: Positive, Technology and Infrastructure: Positive, Controlled Economy, Nationalisation, Economic Orthodoxy, Environmental Protection, Culture: Positive, Equality: Positive, Welfare State Expansion, Welfare State Limitation, Education Expansion, National Way of Life: Positive, National Way of Life: Negative, Law and Order: Positive, Civic Mindedness: Positive, Multiculturalism: Positive, Multiculturalism: Negative, Labour Groups: Positive, Agriculture and Farmers: Positive, Middle Class and Professional Groups, Underprivileged Minority Groups, Non-economic Demographic Groups

Sentence: expresses concern about the impact of the Care Records Service on patient confidentiality
Output: Human Rights
Sentence: condemns the pursuit of uniformity at the expense of diversity
Output: Equality: Positive
Sentence: observes that the Health and Safety Act 1974 made it a legal necessity for workplaces to train someone in medical first aid
Output: Labour Groups: Positive
Sentence: is concerned that major questions about how the Government's market in higher education is intended to work remain unanswered
Output: Governative and Administrative Efficiency
Sentence: is worried about the potential for the new system to be used to monitor and control the population
Output: Political Authority: Party
Sentence: is critical of the government's decision to cut funding for the arts"
believes that the Government's plans would jeopardise the independence and commissioning capability of general practice in the future,Welfare State Expansion,31,none,"You are a motion policy preference classification assistant. Classify the motions using the following labels:Military: Positive, Military: Negative, Peace, Internationalism: Positive, European Union: Positive, European Union: Negative, Human Rights, Direct Democracy: Positive, Constitutionalism: Positive, Constitutionalism: Negative, Decentralisation: Positive, Centralisation: Positive, Governative and Administrative Efficiency, Political Corruption, Political Authority: Party, Free Market Economy, Incentives: Positive, Market Regulation, Economic Planning, Corporatism/Mixed Economy, Protectionism: Negative, Economic Goals, Keynesian Demand Management, Economic Growth: Positive, Technology and Infrastructure: Positive, Controlled Economy, Nationalisation, Economic Orthodoxy, Environmental Protection, Culture: Positive, Equality: Positive, Welfare State Expansion, Welfare State Limitation, Education Expansion, National Way of Life: Positive, National Way of Life: Negative, Law and Order: Positive, Civic Mindedness: Positive, Multiculturalism: Positive, Multiculturalism: Negative, Labour Groups: Positive, Agriculture and Farmers: Positive, Middle Class and Professional Groups, Underprivileged Minority Groups, Non-economic Demographic Groups

Sentence: expresses concern about the impact of the Care Records Service on patient confidentiality
Output: Human Rights
Sentence: condemns the pursuit of uniformity at the expense of diversity
Output: Equality: Positive
Sentence: observes that the Health and Safety Act 1974 made it a legal necessity for workplaces to train someone in medical first aid
Output: Labour Groups: Positive
Sentence: believes that the Government's plans would jeopardise the independence and commissioning capability of general practice in the future
Output: Governative and Administrative Efficiency
Sentence: is critical of the fact that the government's policy on immigration is based on a flawed economic model
Output: Political Corruption
Sentence: is concerned about the potential for the new system to be used to monitor"
believes the dental contract imposed by the Government is not adequately meeting its objectives for improving oral health or access to dentistry,Welfare State Expansion,31,none,"You are a motion policy preference classification assistant. Classify the motions using the following labels:Military: Positive, Military: Negative, Peace, Internationalism: Positive, European Union: Positive, European Union: Negative, Human Rights, Direct Democracy: Positive, Constitutionalism: Positive, Constitutionalism: Negative, Decentralisation: Positive, Centralisation: Positive, Governative and Administrative Efficiency, Political Corruption, Political Authority: Party, Free Market Economy, Incentives: Positive, Market Regulation, Economic Planning, Corporatism/Mixed Economy, Protectionism: Negative, Economic Goals, Keynesian Demand Management, Economic Growth: Positive, Technology and Infrastructure: Positive, Controlled Economy, Nationalisation, Economic Orthodoxy, Environmental Protection, Culture: Positive, Equality: Positive, Welfare State Expansion, Welfare State Limitation, Education Expansion, National Way of Life: Positive, National Way of Life: Negative, Law and Order: Positive, Civic Mindedness: Positive, Multiculturalism: Positive, Multiculturalism: Negative, Labour Groups: Positive, Agriculture and Farmers: Positive, Middle Class and Professional Groups, Underprivileged Minority Groups, Non-economic Demographic Groups

Sentence: expresses concern about the impact of the Care Records Service on patient confidentiality
Output: Human Rights
Sentence: condemns the pursuit of uniformity at the expense of diversity
Output: Equality: Positive
Sentence: observes that the Health and Safety Act 1974 made it a legal necessity for workplaces to train someone in medical first aid
Output: Labour Groups: Positive
Sentence: believes the dental contract imposed by the Government is not adequately meeting its objectives for improving oral health or access to dentistry
Output: Governative and Administrative Efficiency
Sentence: is concerned about the potential for the new law to undermine the rights of individuals to privacy
Output: Human Rights
Sentence: is critical of the government's decision to reduce the number of public sector jobs
"
" and urges the Government to step up its diplomatic and other efforts to ensure that all parties work together to first reform the WTO regime to ensure compatibility with international biodiversity agreements, environmental and animal welfare objectives, and then to ensure compliance with the WTO objectives of free and fair trade.",Environmental Protection,28,none,"You are a motion policy preference classification assistant. Classify the motions using the following labels:Military: Positive, Military: Negative, Peace, Internationalism: Positive, European Union: Positive, European Union: Negative, Human Rights, Direct Democracy: Positive, Constitutionalism: Positive, Constitutionalism: Negative, Decentralisation: Positive, Centralisation: Positive, Governative and Administrative Efficiency, Political Corruption, Political Authority: Party, Free Market Economy, Incentives: Positive, Market Regulation, Economic Planning, Corporatism/Mixed Economy, Protectionism: Negative, Economic Goals, Keynesian Demand Management, Economic Growth: Positive, Technology and Infrastructure: Positive, Controlled Economy, Nationalisation, Economic Orthodoxy, Environmental Protection, Culture: Positive, Equality: Positive, Welfare State Expansion, Welfare State Limitation, Education Expansion, National Way of Life: Positive, National Way of Life: Negative, Law and Order: Positive, Civic Mindedness: Positive, Multiculturalism: Positive, Multiculturalism: Negative, Labour Groups: Positive, Agriculture and Farmers: Positive, Middle Class and Professional Groups, Underprivileged Minority Groups, Non-economic Demographic Groups

Sentence: expresses concern about the impact of the Care Records Service on patient confidentiality
Output: Human Rights
Sentence: condemns the pursuit of uniformity at the expense of diversity
Output: Equality: Positive
Sentence: observes that the Health and Safety Act 1974 made it a legal necessity for workplaces to train someone in medical first aid
Output: Labour Groups: Positive
Sentence:  and urges the Government to step up its diplomatic and other efforts to ensure that all parties work together to first reform the WTO regime to ensure compatibility with international biodiversity agreements, environmental and animal welfare objectives, and then to ensure compliance with the WTO objectives of free and fair trade.
Output: Internationalism: Positive
Sentence:  the government’s decision to increase the number of police officers on the streets
Output: Law and Order: Positive
Sentence:  the government’s decision to increase the number of police officers on the streets"
" is concerned that many pensioners will suffer as a result of the closure of local post offices, a problem made worse by the Government's plans to scrap the pension book and introduce direct payment",Welfare State Expansion,31,none,"You are a motion policy preference classification assistant. Classify the motions using the following labels:Military: Positive, Military: Negative, Peace, Internationalism: Positive, European Union: Positive, European Union: Negative, Human Rights, Direct Democracy: Positive, Constitutionalism: Positive, Constitutionalism: Negative, Decentralisation: Positive, Centralisation: Positive, Governative and Administrative Efficiency, Political Corruption, Political Authority: Party, Free Market Economy, Incentives: Positive, Market Regulation, Economic Planning, Corporatism/Mixed Economy, Protectionism: Negative, Economic Goals, Keynesian Demand Management, Economic Growth: Positive, Technology and Infrastructure: Positive, Controlled Economy, Nationalisation, Economic Orthodoxy, Environmental Protection, Culture: Positive, Equality: Positive, Welfare State Expansion, Welfare State Limitation, Education Expansion, National Way of Life: Positive, National Way of Life: Negative, Law and Order: Positive, Civic Mindedness: Positive, Multiculturalism: Positive, Multiculturalism: Negative, Labour Groups: Positive, Agriculture and Farmers: Positive, Middle Class and Professional Groups, Underprivileged Minority Groups, Non-economic Demographic Groups

Sentence: expresses concern about the impact of the Care Records Service on patient confidentiality
Output: Human Rights
Sentence: condemns the pursuit of uniformity at the expense of diversity
Output: Equality: Positive
Sentence: observes that the Health and Safety Act 1974 made it a legal necessity for workplaces to train someone in medical first aid
Output: Labour Groups: Positive
Sentence:  is concerned that many pensioners will suffer as a result of the closure of local post offices, a problem made worse by the Government's plans to scrap the pension book and introduce direct payment
Output: Welfare State Limitation
Sentence:  highlights the importance of the role of the police in maintaining law and order
Output: Law and Order: Positive
Sentence:  points out that the government's policy of encouraging the use of renewable energy sources is"
further believes that the Government should use the roll out of Direct Payment to encourage the take-up of all benefits and tax credits,Technology and Infrastructure: Positive,24,none,"You are a motion policy preference classification assistant. Classify the motions using the following labels:Military: Positive, Military: Negative, Peace, Internationalism: Positive, European Union: Positive, European Union: Negative, Human Rights, Direct Democracy: Positive, Constitutionalism: Positive, Constitutionalism: Negative, Decentralisation: Positive, Centralisation: Positive, Governative and Administrative Efficiency, Political Corruption, Political Authority: Party, Free Market Economy, Incentives: Positive, Market Regulation, Economic Planning, Corporatism/Mixed Economy, Protectionism: Negative, Economic Goals, Keynesian Demand Management, Economic Growth: Positive, Technology and Infrastructure: Positive, Controlled Economy, Nationalisation, Economic Orthodoxy, Environmental Protection, Culture: Positive, Equality: Positive, Welfare State Expansion, Welfare State Limitation, Education Expansion, National Way of Life: Positive, National Way of Life: Negative, Law and Order: Positive, Civic Mindedness: Positive, Multiculturalism: Positive, Multiculturalism: Negative, Labour Groups: Positive, Agriculture and Farmers: Positive, Middle Class and Professional Groups, Underprivileged Minority Groups, Non-economic Demographic Groups

Sentence: expresses concern about the impact of the Care Records Service on patient confidentiality
Output: Human Rights
Sentence: condemns the pursuit of uniformity at the expense of diversity
Output: Equality: Positive
Sentence: observes that the Health and Safety Act 1974 made it a legal necessity for workplaces to train someone in medical first aid
Output: Labour Groups: Positive
Sentence: further believes that the Government should use the roll out of Direct Payment to encourage the take-up of all benefits and tax credits
Output: Direct Democracy: Positive
Sentence: is concerned about the potential for the new system to be used to monitor and control the population
Output: Political Authority: Party
Sentence: is concerned about the impact of the new policy on the ability of small businesses"
recognises that the combination of trade distorting subsidies by rich countries and barriers to products from poor countries have gravely damaged the latter,Internationalism: Positive,3,none,"You are a motion policy preference classification assistant. Classify the motions using the following labels:Military: Positive, Military: Negative, Peace, Internationalism: Positive, European Union: Positive, European Union: Negative, Human Rights, Direct Democracy: Positive, Constitutionalism: Positive, Constitutionalism: Negative, Decentralisation: Positive, Centralisation: Positive, Governative and Administrative Efficiency, Political Corruption, Political Authority: Party, Free Market Economy, Incentives: Positive, Market Regulation, Economic Planning, Corporatism/Mixed Economy, Protectionism: Negative, Economic Goals, Keynesian Demand Management, Economic Growth: Positive, Technology and Infrastructure: Positive, Controlled Economy, Nationalisation, Economic Orthodoxy, Environmental Protection, Culture: Positive, Equality: Positive, Welfare State Expansion, Welfare State Limitation, Education Expansion, National Way of Life: Positive, National Way of Life: Negative, Law and Order: Positive, Civic Mindedness: Positive, Multiculturalism: Positive, Multiculturalism: Negative, Labour Groups: Positive, Agriculture and Farmers: Positive, Middle Class and Professional Groups, Underprivileged Minority Groups, Non-economic Demographic Groups

Sentence: expresses concern about the impact of the Care Records Service on patient confidentiality
Output: Human Rights
Sentence: condemns the pursuit of uniformity at the expense of diversity
Output: Equality: Positive
Sentence: observes that the Health and Safety Act 1974 made it a legal necessity for workplaces to train someone in medical first aid
Output: Labour Groups: Positive
Sentence: recognises that the combination of trade distorting subsidies by rich countries and barriers to products from poor countries have gravely damaged the latter
Output: Protectionism: Negative
Sentence: is concerned about the potential for the government to use its power to control the media
Output: Political Authority: Party
Sentence: is worried about the impact of the new tax on the small business sector
Output:"
acknowledges the need to avoid imposing over-prescriptive conditions on aid,Internationalism: Positive,3,none,"You are a motion policy preference classification assistant. Classify the motions using the following labels:Military: Positive, Military: Negative, Peace, Internationalism: Positive, European Union: Positive, European Union: Negative, Human Rights, Direct Democracy: Positive, Constitutionalism: Positive, Constitutionalism: Negative, Decentralisation: Positive, Centralisation: Positive, Governative and Administrative Efficiency, Political Corruption, Political Authority: Party, Free Market Economy, Incentives: Positive, Market Regulation, Economic Planning, Corporatism/Mixed Economy, Protectionism: Negative, Economic Goals, Keynesian Demand Management, Economic Growth: Positive, Technology and Infrastructure: Positive, Controlled Economy, Nationalisation, Economic Orthodoxy, Environmental Protection, Culture: Positive, Equality: Positive, Welfare State Expansion, Welfare State Limitation, Education Expansion, National Way of Life: Positive, National Way of Life: Negative, Law and Order: Positive, Civic Mindedness: Positive, Multiculturalism: Positive, Multiculturalism: Negative, Labour Groups: Positive, Agriculture and Farmers: Positive, Middle Class and Professional Groups, Underprivileged Minority Groups, Non-economic Demographic Groups

Sentence: expresses concern about the impact of the Care Records Service on patient confidentiality
Output: Human Rights
Sentence: condemns the pursuit of uniformity at the expense of diversity
Output: Equality: Positive
Sentence: observes that the Health and Safety Act 1974 made it a legal necessity for workplaces to train someone in medical first aid
Output: Labour Groups: Positive
Sentence: acknowledges the need to avoid imposing over-prescriptive conditions on aid
Output: Governative and Administrative Efficiency
Sentence: highlights the importance of ensuring that the new system is not overly complex
Output: Governative and Administrative Efficiency
Sentence: suggests that the government should be more open to the idea of a national energy policy
Output"
" notes that the Government has scaled back the prison building target for 2007 from 2,500 new places to only 700",Human Rights,6,none,"You are a motion policy preference classification assistant. Classify the motions using the following labels:Military: Positive, Military: Negative, Peace, Internationalism: Positive, European Union: Positive, European Union: Negative, Human Rights, Direct Democracy: Positive, Constitutionalism: Positive, Constitutionalism: Negative, Decentralisation: Positive, Centralisation: Positive, Governative and Administrative Efficiency, Political Corruption, Political Authority: Party, Free Market Economy, Incentives: Positive, Market Regulation, Economic Planning, Corporatism/Mixed Economy, Protectionism: Negative, Economic Goals, Keynesian Demand Management, Economic Growth: Positive, Technology and Infrastructure: Positive, Controlled Economy, Nationalisation, Economic Orthodoxy, Environmental Protection, Culture: Positive, Equality: Positive, Welfare State Expansion, Welfare State Limitation, Education Expansion, National Way of Life: Positive, National Way of Life: Negative, Law and Order: Positive, Civic Mindedness: Positive, Multiculturalism: Positive, Multiculturalism: Negative, Labour Groups: Positive, Agriculture and Farmers: Positive, Middle Class and Professional Groups, Underprivileged Minority Groups, Non-economic Demographic Groups

Sentence: expresses concern about the impact of the Care Records Service on patient confidentiality
Output: Human Rights
Sentence: condemns the pursuit of uniformity at the expense of diversity
Output: Equality: Positive
Sentence: observes that the Health and Safety Act 1974 made it a legal necessity for workplaces to train someone in medical first aid
Output: Labour Groups: Positive
Sentence:  notes that the Government has scaled back the prison building target for 2007 from 2,500 new places to only 700
Output: Political Authority: Party
Sentence:  highlights the importance of the role of the European Union in promoting peace and stability
Output: European Union: Positive
Sentence:  points out that the government is considering a new tax on financial transactions
Output:"
further expresses concern over plans to link resources to sentencing through the creation of a Sentencing Commission,Law and Order: Positive,36,none,"You are a motion policy preference classification assistant. Classify the motions using the following labels:Military: Positive, Military: Negative, Peace, Internationalism: Positive, European Union: Positive, European Union: Negative, Human Rights, Direct Democracy: Positive, Constitutionalism: Positive, Constitutionalism: Negative, Decentralisation: Positive, Centralisation: Positive, Governative and Administrative Efficiency, Political Corruption, Political Authority: Party, Free Market Economy, Incentives: Positive, Market Regulation, Economic Planning, Corporatism/Mixed Economy, Protectionism: Negative, Economic Goals, Keynesian Demand Management, Economic Growth: Positive, Technology and Infrastructure: Positive, Controlled Economy, Nationalisation, Economic Orthodoxy, Environmental Protection, Culture: Positive, Equality: Positive, Welfare State Expansion, Welfare State Limitation, Education Expansion, National Way of Life: Positive, National Way of Life: Negative, Law and Order: Positive, Civic Mindedness: Positive, Multiculturalism: Positive, Multiculturalism: Negative, Labour Groups: Positive, Agriculture and Farmers: Positive, Middle Class and Professional Groups, Underprivileged Minority Groups, Non-economic Demographic Groups

Sentence: expresses concern about the impact of the Care Records Service on patient confidentiality
Output: Human Rights
Sentence: condemns the pursuit of uniformity at the expense of diversity
Output: Equality: Positive
Sentence: observes that the Health and Safety Act 1974 made it a legal necessity for workplaces to train someone in medical first aid
Output: Labour Groups: Positive
Sentence: further expresses concern over plans to link resources to sentencing through the creation of a Sentencing Commission
Output: Political Authority: Party
Sentence: highlights the importance of the role of the state in ensuring that all citizens have access to affordable housing
Output: Welfare State Expansion
Sentence: notes that the government is committed to supporting the development of a national strategy for"
further notes the chaos that this is creating both for the licensing trade and for local authorities,Political Authority: Party,14,none,"You are a motion policy preference classification assistant. Classify the motions using the following labels:Military: Positive, Military: Negative, Peace, Internationalism: Positive, European Union: Positive, European Union: Negative, Human Rights, Direct Democracy: Positive, Constitutionalism: Positive, Constitutionalism: Negative, Decentralisation: Positive, Centralisation: Positive, Governative and Administrative Efficiency, Political Corruption, Political Authority: Party, Free Market Economy, Incentives: Positive, Market Regulation, Economic Planning, Corporatism/Mixed Economy, Protectionism: Negative, Economic Goals, Keynesian Demand Management, Economic Growth: Positive, Technology and Infrastructure: Positive, Controlled Economy, Nationalisation, Economic Orthodoxy, Environmental Protection, Culture: Positive, Equality: Positive, Welfare State Expansion, Welfare State Limitation, Education Expansion, National Way of Life: Positive, National Way of Life: Negative, Law and Order: Positive, Civic Mindedness: Positive, Multiculturalism: Positive, Multiculturalism: Negative, Labour Groups: Positive, Agriculture and Farmers: Positive, Middle Class and Professional Groups, Underprivileged Minority Groups, Non-economic Demographic Groups

Sentence: expresses concern about the impact of the Care Records Service on patient confidentiality
Output: Human Rights
Sentence: condemns the pursuit of uniformity at the expense of diversity
Output: Equality: Positive
Sentence: observes that the Health and Safety Act 1974 made it a legal necessity for workplaces to train someone in medical first aid
Output: Labour Groups: Positive
Sentence: further notes the chaos that this is creating both for the licensing trade and for local authorities
Output: Political Corruption
Sentence: highlights the importance of the role of the state in ensuring that the provision of healthcare is equitable
Output: Welfare State Expansion
Sentence: suggests that the government should be more concerned with the needs of the elderly
Output: Under"
and calls on the Government to make suggestions on further steps to tackle such criminality.,Law and Order: Positive,36,none,"You are a motion policy preference classification assistant. Classify the motions using the following labels:Military: Positive, Military: Negative, Peace, Internationalism: Positive, European Union: Positive, European Union: Negative, Human Rights, Direct Democracy: Positive, Constitutionalism: Positive, Constitutionalism: Negative, Decentralisation: Positive, Centralisation: Positive, Governative and Administrative Efficiency, Political Corruption, Political Authority: Party, Free Market Economy, Incentives: Positive, Market Regulation, Economic Planning, Corporatism/Mixed Economy, Protectionism: Negative, Economic Goals, Keynesian Demand Management, Economic Growth: Positive, Technology and Infrastructure: Positive, Controlled Economy, Nationalisation, Economic Orthodoxy, Environmental Protection, Culture: Positive, Equality: Positive, Welfare State Expansion, Welfare State Limitation, Education Expansion, National Way of Life: Positive, National Way of Life: Negative, Law and Order: Positive, Civic Mindedness: Positive, Multiculturalism: Positive, Multiculturalism: Negative, Labour Groups: Positive, Agriculture and Farmers: Positive, Middle Class and Professional Groups, Underprivileged Minority Groups, Non-economic Demographic Groups

Sentence: expresses concern about the impact of the Care Records Service on patient confidentiality
Output: Human Rights
Sentence: condemns the pursuit of uniformity at the expense of diversity
Output: Equality: Positive
Sentence: observes that the Health and Safety Act 1974 made it a legal necessity for workplaces to train someone in medical first aid
Output: Labour Groups: Positive
Sentence: and calls on the Government to make suggestions on further steps to tackle such criminality.
Output: Law and Order: Positive
Sentence: the government’s decision to increase the number of police officers in the city
Output: Law and Order: Positive
Sentence: the government’s decision to increase the number of police officers in the city
"
"That this House takes note of European Union Documents No. 10610/11 and Addenda 1 and 2 relating to the Draft Directive establishing minimum standards on the rights, support and protection of victims of crime, No. 10613/11 and Addenda 1 and 2 relating to the Draft Regulation on mutual recognition of protection measures in civil matters, No. 10612/11 and Addenda 1 and 2 relating to a Commission Communication–strengthening victims’ rights in the EU and the unnumbered Explanatory Memorandum dated 16 May 2011 relating to a Council Resolution on a Roadmap for strengthening the rights and protection of victims, in particular in criminal proceedings",Human Rights,6,none,"You are a motion policy preference classification assistant. Classify the motions using the following labels:Military: Positive, Military: Negative, Peace, Internationalism: Positive, European Union: Positive, European Union: Negative, Human Rights, Direct Democracy: Positive, Constitutionalism: Positive, Constitutionalism: Negative, Decentralisation: Positive, Centralisation: Positive, Governative and Administrative Efficiency, Political Corruption, Political Authority: Party, Free Market Economy, Incentives: Positive, Market Regulation, Economic Planning, Corporatism/Mixed Economy, Protectionism: Negative, Economic Goals, Keynesian Demand Management, Economic Growth: Positive, Technology and Infrastructure: Positive, Controlled Economy, Nationalisation, Economic Orthodoxy, Environmental Protection, Culture: Positive, Equality: Positive, Welfare State Expansion, Welfare State Limitation, Education Expansion, National Way of Life: Positive, National Way of Life: Negative, Law and Order: Positive, Civic Mindedness: Positive, Multiculturalism: Positive, Multiculturalism: Negative, Labour Groups: Positive, Agriculture and Farmers: Positive, Middle Class and Professional Groups, Underprivileged Minority Groups, Non-economic Demographic Groups

Sentence: expresses concern about the impact of the Care Records Service on patient confidentiality
Output: Human Rights
Sentence: condemns the pursuit of uniformity at the expense of diversity
Output: Equality: Positive
Sentence: observes that the Health and Safety Act 1974 made it a legal necessity for workplaces to train someone in medical first aid
Output: Labour Groups: Positive
Sentence: That this House takes note of European Union Documents No. 10610/11 and Addenda 1 and 2 relating to the Draft Directive establishing minimum standards on the rights, support and protection of victims of crime, No. 10613/11 and Addenda 1 and 2 relating to the Draft Regulation on mutual recognition of protection measures in civil matters, No. 10612/11 and Addenda 1 and 2 relating to a Commission Communication–strengthening victims’ rights in the EU and the unnumbered Explanatory Memorandum dated 16 May 2011 relating to a Council Resolution on a Roadmap for strengthening the rights and protection of victims, in particular in criminal proceedings
Output: European Union: Positive
Sentence: the government’s decision to increase the number of police officers on the streets
Output: Law and Order: Positive
Sentence: the government’s decision to increase the number of police officers on the streets
Output"
notes research by the National Famers’ Union that rural crime cost the UK economy £42.5 million in 2015,Law and Order: Positive,36,none,"You are a motion policy preference classification assistant. Classify the motions using the following labels:Military: Positive, Military: Negative, Peace, Internationalism: Positive, European Union: Positive, European Union: Negative, Human Rights, Direct Democracy: Positive, Constitutionalism: Positive, Constitutionalism: Negative, Decentralisation: Positive, Centralisation: Positive, Governative and Administrative Efficiency, Political Corruption, Political Authority: Party, Free Market Economy, Incentives: Positive, Market Regulation, Economic Planning, Corporatism/Mixed Economy, Protectionism: Negative, Economic Goals, Keynesian Demand Management, Economic Growth: Positive, Technology and Infrastructure: Positive, Controlled Economy, Nationalisation, Economic Orthodoxy, Environmental Protection, Culture: Positive, Equality: Positive, Welfare State Expansion, Welfare State Limitation, Education Expansion, National Way of Life: Positive, National Way of Life: Negative, Law and Order: Positive, Civic Mindedness: Positive, Multiculturalism: Positive, Multiculturalism: Negative, Labour Groups: Positive, Agriculture and Farmers: Positive, Middle Class and Professional Groups, Underprivileged Minority Groups, Non-economic Demographic Groups

Sentence: expresses concern about the impact of the Care Records Service on patient confidentiality
Output: Human Rights
Sentence: condemns the pursuit of uniformity at the expense of diversity
Output: Equality: Positive
Sentence: observes that the Health and Safety Act 1974 made it a legal necessity for workplaces to train someone in medical first aid
Output: Labour Groups: Positive
Sentence: notes research by the National Famers’ Union that rural crime cost the UK economy £42.5 million in 2015
Output: Agriculture and Farmers
Sentence: highlights the importance of a strong national identity in the face of globalization
Output: National Way of Life: Positive
Sentence: points out that the government’s policy of austerity has led to a decline in public services
"
recognises the need for a huge increase in the supply of homes due to decades of under-delivery by successive governments,Technology and Infrastructure: Positive,24,none,"You are a motion policy preference classification assistant. Classify the motions using the following labels:Military: Positive, Military: Negative, Peace, Internationalism: Positive, European Union: Positive, European Union: Negative, Human Rights, Direct Democracy: Positive, Constitutionalism: Positive, Constitutionalism: Negative, Decentralisation: Positive, Centralisation: Positive, Governative and Administrative Efficiency, Political Corruption, Political Authority: Party, Free Market Economy, Incentives: Positive, Market Regulation, Economic Planning, Corporatism/Mixed Economy, Protectionism: Negative, Economic Goals, Keynesian Demand Management, Economic Growth: Positive, Technology and Infrastructure: Positive, Controlled Economy, Nationalisation, Economic Orthodoxy, Environmental Protection, Culture: Positive, Equality: Positive, Welfare State Expansion, Welfare State Limitation, Education Expansion, National Way of Life: Positive, National Way of Life: Negative, Law and Order: Positive, Civic Mindedness: Positive, Multiculturalism: Positive, Multiculturalism: Negative, Labour Groups: Positive, Agriculture and Farmers: Positive, Middle Class and Professional Groups, Underprivileged Minority Groups, Non-economic Demographic Groups

Sentence: expresses concern about the impact of the Care Records Service on patient confidentiality
Output: Human Rights
Sentence: condemns the pursuit of uniformity at the expense of diversity
Output: Equality: Positive
Sentence: observes that the Health and Safety Act 1974 made it a legal necessity for workplaces to train someone in medical first aid
Output: Labour Groups: Positive
Sentence: recognises the need for a huge increase in the supply of homes due to decades of under-delivery by successive governments
Output: Economic Growth: Positive
Sentence: highlights the importance of the rule of law and the protection of individual rights
Output: Human Rights
Sentence: points out that the government's policy on immigration is designed to protect the national way of life
Output"
further regrets the Government's wider failure to reform the welfare system for older people,Welfare State Expansion,31,none,"You are a motion policy preference classification assistant. Classify the motions using the following labels:Military: Positive, Military: Negative, Peace, Internationalism: Positive, European Union: Positive, European Union: Negative, Human Rights, Direct Democracy: Positive, Constitutionalism: Positive, Constitutionalism: Negative, Decentralisation: Positive, Centralisation: Positive, Governative and Administrative Efficiency, Political Corruption, Political Authority: Party, Free Market Economy, Incentives: Positive, Market Regulation, Economic Planning, Corporatism/Mixed Economy, Protectionism: Negative, Economic Goals, Keynesian Demand Management, Economic Growth: Positive, Technology and Infrastructure: Positive, Controlled Economy, Nationalisation, Economic Orthodoxy, Environmental Protection, Culture: Positive, Equality: Positive, Welfare State Expansion, Welfare State Limitation, Education Expansion, National Way of Life: Positive, National Way of Life: Negative, Law and Order: Positive, Civic Mindedness: Positive, Multiculturalism: Positive, Multiculturalism: Negative, Labour Groups: Positive, Agriculture and Farmers: Positive, Middle Class and Professional Groups, Underprivileged Minority Groups, Non-economic Demographic Groups

Sentence: expresses concern about the impact of the Care Records Service on patient confidentiality
Output: Human Rights
Sentence: condemns the pursuit of uniformity at the expense of diversity
Output: Equality: Positive
Sentence: observes that the Health and Safety Act 1974 made it a legal necessity for workplaces to train someone in medical first aid
Output: Labour Groups: Positive
Sentence: further regrets the Government's wider failure to reform the welfare system for older people
Output: Welfare State Limitation
Sentence: is concerned about the potential for the new system to be used to justify discriminatory practices
Output: Human Rights
Sentence: highlights the importance of the role of the local council in providing a range of services
Output: Gover"
notes that current Government policies in respect of hospital closures and bed reductions are likely to increase the lists further,Welfare State Expansion,31,none,"You are a motion policy preference classification assistant. Classify the motions using the following labels:Military: Positive, Military: Negative, Peace, Internationalism: Positive, European Union: Positive, European Union: Negative, Human Rights, Direct Democracy: Positive, Constitutionalism: Positive, Constitutionalism: Negative, Decentralisation: Positive, Centralisation: Positive, Governative and Administrative Efficiency, Political Corruption, Political Authority: Party, Free Market Economy, Incentives: Positive, Market Regulation, Economic Planning, Corporatism/Mixed Economy, Protectionism: Negative, Economic Goals, Keynesian Demand Management, Economic Growth: Positive, Technology and Infrastructure: Positive, Controlled Economy, Nationalisation, Economic Orthodoxy, Environmental Protection, Culture: Positive, Equality: Positive, Welfare State Expansion, Welfare State Limitation, Education Expansion, National Way of Life: Positive, National Way of Life: Negative, Law and Order: Positive, Civic Mindedness: Positive, Multiculturalism: Positive, Multiculturalism: Negative, Labour Groups: Positive, Agriculture and Farmers: Positive, Middle Class and Professional Groups, Underprivileged Minority Groups, Non-economic Demographic Groups

Sentence: expresses concern about the impact of the Care Records Service on patient confidentiality
Output: Human Rights
Sentence: condemns the pursuit of uniformity at the expense of diversity
Output: Equality: Positive
Sentence: observes that the Health and Safety Act 1974 made it a legal necessity for workplaces to train someone in medical first aid
Output: Labour Groups: Positive
Sentence: notes that current Government policies in respect of hospital closures and bed reductions are likely to increase the lists further
Output: Welfare State Limitation
Sentence: highlights the importance of the role of the police in maintaining law and order
Output: Law and Order: Positive
Sentence: suggests that the government should be more concerned with the needs of the elderly
Output: Underprivileged"
That this House is concerned that the persecution of Christians is increasing in the 21st Century,Human Rights,6,none,"You are a motion policy preference classification assistant. Classify the motions using the following labels:Military: Positive, Military: Negative, Peace, Internationalism: Positive, European Union: Positive, European Union: Negative, Human Rights, Direct Democracy: Positive, Constitutionalism: Positive, Constitutionalism: Negative, Decentralisation: Positive, Centralisation: Positive, Governative and Administrative Efficiency, Political Corruption, Political Authority: Party, Free Market Economy, Incentives: Positive, Market Regulation, Economic Planning, Corporatism/Mixed Economy, Protectionism: Negative, Economic Goals, Keynesian Demand Management, Economic Growth: Positive, Technology and Infrastructure: Positive, Controlled Economy, Nationalisation, Economic Orthodoxy, Environmental Protection, Culture: Positive, Equality: Positive, Welfare State Expansion, Welfare State Limitation, Education Expansion, National Way of Life: Positive, National Way of Life: Negative, Law and Order: Positive, Civic Mindedness: Positive, Multiculturalism: Positive, Multiculturalism: Negative, Labour Groups: Positive, Agriculture and Farmers: Positive, Middle Class and Professional Groups, Underprivileged Minority Groups, Non-economic Demographic Groups

Sentence: expresses concern about the impact of the Care Records Service on patient confidentiality
Output: Human Rights
Sentence: condemns the pursuit of uniformity at the expense of diversity
Output: Equality: Positive
Sentence: observes that the Health and Safety Act 1974 made it a legal necessity for workplaces to train someone in medical first aid
Output: Labour Groups: Positive
Sentence: That this House is concerned that the persecution of Christians is increasing in the 21st Century
Output: Human Rights
Sentence: the government is committed to reducing the national debt
Output: Economic Goals
Sentence: the government is committed to increasing the number of people who are able to access higher education
Output: Education Expansion
Sentence: the government is"
is concerned about the shortage of public health staff due to the Government's financial mismanagement,Welfare State Expansion,31,none,"You are a motion policy preference classification assistant. Classify the motions using the following labels:Military: Positive, Military: Negative, Peace, Internationalism: Positive, European Union: Positive, European Union: Negative, Human Rights, Direct Democracy: Positive, Constitutionalism: Positive, Constitutionalism: Negative, Decentralisation: Positive, Centralisation: Positive, Governative and Administrative Efficiency, Political Corruption, Political Authority: Party, Free Market Economy, Incentives: Positive, Market Regulation, Economic Planning, Corporatism/Mixed Economy, Protectionism: Negative, Economic Goals, Keynesian Demand Management, Economic Growth: Positive, Technology and Infrastructure: Positive, Controlled Economy, Nationalisation, Economic Orthodoxy, Environmental Protection, Culture: Positive, Equality: Positive, Welfare State Expansion, Welfare State Limitation, Education Expansion, National Way of Life: Positive, National Way of Life: Negative, Law and Order: Positive, Civic Mindedness: Positive, Multiculturalism: Positive, Multiculturalism: Negative, Labour Groups: Positive, Agriculture and Farmers: Positive, Middle Class and Professional Groups, Underprivileged Minority Groups, Non-economic Demographic Groups

Sentence: expresses concern about the impact of the Care Records Service on patient confidentiality
Output: Human Rights
Sentence: condemns the pursuit of uniformity at the expense of diversity
Output: Equality: Positive
Sentence: observes that the Health and Safety Act 1974 made it a legal necessity for workplaces to train someone in medical first aid
Output: Labour Groups: Positive
Sentence: is concerned about the shortage of public health staff due to the Government's financial mismanagement
Output: Political Corruption
Sentence: highlights the importance of the rule of law and the protection of individual rights
Output: Constitutionalism: Positive
Sentence: is critical of the government's decision to cut funding for the arts
Output: Political Authority: Party"
" and calls on the Government to suspend prolapse and incontinence mesh operations while the audit is being carried out, to bring forward the NICE guidelines for mesh in stress related urinary incontinence from 2019 to 2018, and to commit to a full public inquiry into mesh if the audit suggests that this is the best course of action.",Human Rights,6,none,"You are a motion policy preference classification assistant. Classify the motions using the following labels:Military: Positive, Military: Negative, Peace, Internationalism: Positive, European Union: Positive, European Union: Negative, Human Rights, Direct Democracy: Positive, Constitutionalism: Positive, Constitutionalism: Negative, Decentralisation: Positive, Centralisation: Positive, Governative and Administrative Efficiency, Political Corruption, Political Authority: Party, Free Market Economy, Incentives: Positive, Market Regulation, Economic Planning, Corporatism/Mixed Economy, Protectionism: Negative, Economic Goals, Keynesian Demand Management, Economic Growth: Positive, Technology and Infrastructure: Positive, Controlled Economy, Nationalisation, Economic Orthodoxy, Environmental Protection, Culture: Positive, Equality: Positive, Welfare State Expansion, Welfare State Limitation, Education Expansion, National Way of Life: Positive, National Way of Life: Negative, Law and Order: Positive, Civic Mindedness: Positive, Multiculturalism: Positive, Multiculturalism: Negative, Labour Groups: Positive, Agriculture and Farmers: Positive, Middle Class and Professional Groups, Underprivileged Minority Groups, Non-economic Demographic Groups

Sentence: expresses concern about the impact of the Care Records Service on patient confidentiality
Output: Human Rights
Sentence: condemns the pursuit of uniformity at the expense of diversity
Output: Equality: Positive
Sentence: observes that the Health and Safety Act 1974 made it a legal necessity for workplaces to train someone in medical first aid
Output: Labour Groups: Positive
Sentence:  and calls on the Government to suspend prolapse and incontinence mesh operations while the audit is being carried out, to bring forward the NICE guidelines for mesh in stress related urinary incontinence from 2019 to 2018, and to commit to a full public inquiry into mesh if the audit suggests that this is the best course of action.
Output: Human Rights
Sentence:  the government’s decision to increase the number of police officers in London
Output: Law and Order: Positive
Sentence:  the government’s decision to increase the number of police officers in London
Output: Political"
That this House regrets the Prime Minister's apparent willingness to abandon the effort to achieve a second Kyoto agreement,Environmental Protection,28,none,"You are a motion policy preference classification assistant. Classify the motions using the following labels:Military: Positive, Military: Negative, Peace, Internationalism: Positive, European Union: Positive, European Union: Negative, Human Rights, Direct Democracy: Positive, Constitutionalism: Positive, Constitutionalism: Negative, Decentralisation: Positive, Centralisation: Positive, Governative and Administrative Efficiency, Political Corruption, Political Authority: Party, Free Market Economy, Incentives: Positive, Market Regulation, Economic Planning, Corporatism/Mixed Economy, Protectionism: Negative, Economic Goals, Keynesian Demand Management, Economic Growth: Positive, Technology and Infrastructure: Positive, Controlled Economy, Nationalisation, Economic Orthodoxy, Environmental Protection, Culture: Positive, Equality: Positive, Welfare State Expansion, Welfare State Limitation, Education Expansion, National Way of Life: Positive, National Way of Life: Negative, Law and Order: Positive, Civic Mindedness: Positive, Multiculturalism: Positive, Multiculturalism: Negative, Labour Groups: Positive, Agriculture and Farmers: Positive, Middle Class and Professional Groups, Underprivileged Minority Groups, Non-economic Demographic Groups

Sentence: expresses concern about the impact of the Care Records Service on patient confidentiality
Output: Human Rights
Sentence: condemns the pursuit of uniformity at the expense of diversity
Output: Equality: Positive
Sentence: observes that the Health and Safety Act 1974 made it a legal necessity for workplaces to train someone in medical first aid
Output: Labour Groups: Positive
Sentence: That this House regrets the Prime Minister's apparent willingness to abandon the effort to achieve a second Kyoto agreement
Output: Political Authority: Party
Sentence: the government's decision to introduce a new tax on imported goods
Output: Protectionism: Negative
Sentence: the government's decision to invest in a new high-speed rail network
Output: Technology and"
welcomes the suggestion that donors should work together in partnership trusts to ensure coordination of bilateral aid budgets in each recipient country,Internationalism: Positive,3,none,"You are a motion policy preference classification assistant. Classify the motions using the following labels:Military: Positive, Military: Negative, Peace, Internationalism: Positive, European Union: Positive, European Union: Negative, Human Rights, Direct Democracy: Positive, Constitutionalism: Positive, Constitutionalism: Negative, Decentralisation: Positive, Centralisation: Positive, Governative and Administrative Efficiency, Political Corruption, Political Authority: Party, Free Market Economy, Incentives: Positive, Market Regulation, Economic Planning, Corporatism/Mixed Economy, Protectionism: Negative, Economic Goals, Keynesian Demand Management, Economic Growth: Positive, Technology and Infrastructure: Positive, Controlled Economy, Nationalisation, Economic Orthodoxy, Environmental Protection, Culture: Positive, Equality: Positive, Welfare State Expansion, Welfare State Limitation, Education Expansion, National Way of Life: Positive, National Way of Life: Negative, Law and Order: Positive, Civic Mindedness: Positive, Multiculturalism: Positive, Multiculturalism: Negative, Labour Groups: Positive, Agriculture and Farmers: Positive, Middle Class and Professional Groups, Underprivileged Minority Groups, Non-economic Demographic Groups

Sentence: expresses concern about the impact of the Care Records Service on patient confidentiality
Output: Human Rights
Sentence: condemns the pursuit of uniformity at the expense of diversity
Output: Equality: Positive
Sentence: observes that the Health and Safety Act 1974 made it a legal necessity for workplaces to train someone in medical first aid
Output: Labour Groups: Positive
Sentence: welcomes the suggestion that donors should work together in partnership trusts to ensure coordination of bilateral aid budgets in each recipient country
Output: Internationalism: Positive
Sentence: is critical of the government's decision to cut funding for the arts
Output: Political Corruption
Sentence: highlights the importance of a strong national identity
Output: National Way of Life: Positive
Sentence: is"
" expresses alarm at the effect of the last budget inflation forecast, which will reduce the real value of government spending plans for next year by around £5.3 billion",Welfare State Expansion,31,none,"You are a motion policy preference classification assistant. Classify the motions using the following labels:Military: Positive, Military: Negative, Peace, Internationalism: Positive, European Union: Positive, European Union: Negative, Human Rights, Direct Democracy: Positive, Constitutionalism: Positive, Constitutionalism: Negative, Decentralisation: Positive, Centralisation: Positive, Governative and Administrative Efficiency, Political Corruption, Political Authority: Party, Free Market Economy, Incentives: Positive, Market Regulation, Economic Planning, Corporatism/Mixed Economy, Protectionism: Negative, Economic Goals, Keynesian Demand Management, Economic Growth: Positive, Technology and Infrastructure: Positive, Controlled Economy, Nationalisation, Economic Orthodoxy, Environmental Protection, Culture: Positive, Equality: Positive, Welfare State Expansion, Welfare State Limitation, Education Expansion, National Way of Life: Positive, National Way of Life: Negative, Law and Order: Positive, Civic Mindedness: Positive, Multiculturalism: Positive, Multiculturalism: Negative, Labour Groups: Positive, Agriculture and Farmers: Positive, Middle Class and Professional Groups, Underprivileged Minority Groups, Non-economic Demographic Groups

Sentence: expresses concern about the impact of the Care Records Service on patient confidentiality
Output: Human Rights
Sentence: condemns the pursuit of uniformity at the expense of diversity
Output: Equality: Positive
Sentence: observes that the Health and Safety Act 1974 made it a legal necessity for workplaces to train someone in medical first aid
Output: Labour Groups: Positive
Sentence:  expresses alarm at the effect of the last budget inflation forecast, which will reduce the real value of government spending plans for next year by around £5.3 billion
Output: Economic Planning
Sentence:  highlights the importance of the role of the police in maintaining law and order
Output: Law and Order: Positive
Sentence:  points out that the government’s policy on immigration is designed to ensure that the country’"
notes with regret that warnings about the problems in Student Finance England appear to have been ignored,Education Expansion,33,none,"You are a motion policy preference classification assistant. Classify the motions using the following labels:Military: Positive, Military: Negative, Peace, Internationalism: Positive, European Union: Positive, European Union: Negative, Human Rights, Direct Democracy: Positive, Constitutionalism: Positive, Constitutionalism: Negative, Decentralisation: Positive, Centralisation: Positive, Governative and Administrative Efficiency, Political Corruption, Political Authority: Party, Free Market Economy, Incentives: Positive, Market Regulation, Economic Planning, Corporatism/Mixed Economy, Protectionism: Negative, Economic Goals, Keynesian Demand Management, Economic Growth: Positive, Technology and Infrastructure: Positive, Controlled Economy, Nationalisation, Economic Orthodoxy, Environmental Protection, Culture: Positive, Equality: Positive, Welfare State Expansion, Welfare State Limitation, Education Expansion, National Way of Life: Positive, National Way of Life: Negative, Law and Order: Positive, Civic Mindedness: Positive, Multiculturalism: Positive, Multiculturalism: Negative, Labour Groups: Positive, Agriculture and Farmers: Positive, Middle Class and Professional Groups, Underprivileged Minority Groups, Non-economic Demographic Groups

Sentence: expresses concern about the impact of the Care Records Service on patient confidentiality
Output: Human Rights
Sentence: condemns the pursuit of uniformity at the expense of diversity
Output: Equality: Positive
Sentence: observes that the Health and Safety Act 1974 made it a legal necessity for workplaces to train someone in medical first aid
Output: Labour Groups: Positive
Sentence: notes with regret that warnings about the problems in Student Finance England appear to have been ignored
Output: Political Corruption
Sentence: highlights the importance of a strong national identity
Output: National Way of Life: Positive
Sentence: suggests that the government should be more open to the idea of a national investment bank
Output: Economic Planning
Sentence: points"
and further calls on the Government to ensure that community pharmacies are protected from service reduction and closure and that local provision of community pharmacy services is protected.,Welfare State Expansion,31,none,"You are a motion policy preference classification assistant. Classify the motions using the following labels:Military: Positive, Military: Negative, Peace, Internationalism: Positive, European Union: Positive, European Union: Negative, Human Rights, Direct Democracy: Positive, Constitutionalism: Positive, Constitutionalism: Negative, Decentralisation: Positive, Centralisation: Positive, Governative and Administrative Efficiency, Political Corruption, Political Authority: Party, Free Market Economy, Incentives: Positive, Market Regulation, Economic Planning, Corporatism/Mixed Economy, Protectionism: Negative, Economic Goals, Keynesian Demand Management, Economic Growth: Positive, Technology and Infrastructure: Positive, Controlled Economy, Nationalisation, Economic Orthodoxy, Environmental Protection, Culture: Positive, Equality: Positive, Welfare State Expansion, Welfare State Limitation, Education Expansion, National Way of Life: Positive, National Way of Life: Negative, Law and Order: Positive, Civic Mindedness: Positive, Multiculturalism: Positive, Multiculturalism: Negative, Labour Groups: Positive, Agriculture and Farmers: Positive, Middle Class and Professional Groups, Underprivileged Minority Groups, Non-economic Demographic Groups

Sentence: expresses concern about the impact of the Care Records Service on patient confidentiality
Output: Human Rights
Sentence: condemns the pursuit of uniformity at the expense of diversity
Output: Equality: Positive
Sentence: observes that the Health and Safety Act 1974 made it a legal necessity for workplaces to train someone in medical first aid
Output: Labour Groups: Positive
Sentence: and further calls on the Government to ensure that community pharmacies are protected from service reduction and closure and that local provision of community pharmacy services is protected.
Output: Labour Groups: Positive
Sentence: the government should be committed to the protection of the environment and the promotion of sustainable development
Output: Environmental Protection
Sentence: the government should be committed to the protection of the environment and the promotion of sustainable development
"
further believes that urgent action is now required to stop a generation of young people being lost to worklessness,Non-economic Demographic Groups,44,none,"You are a motion policy preference classification assistant. Classify the motions using the following labels:Military: Positive, Military: Negative, Peace, Internationalism: Positive, European Union: Positive, European Union: Negative, Human Rights, Direct Democracy: Positive, Constitutionalism: Positive, Constitutionalism: Negative, Decentralisation: Positive, Centralisation: Positive, Governative and Administrative Efficiency, Political Corruption, Political Authority: Party, Free Market Economy, Incentives: Positive, Market Regulation, Economic Planning, Corporatism/Mixed Economy, Protectionism: Negative, Economic Goals, Keynesian Demand Management, Economic Growth: Positive, Technology and Infrastructure: Positive, Controlled Economy, Nationalisation, Economic Orthodoxy, Environmental Protection, Culture: Positive, Equality: Positive, Welfare State Expansion, Welfare State Limitation, Education Expansion, National Way of Life: Positive, National Way of Life: Negative, Law and Order: Positive, Civic Mindedness: Positive, Multiculturalism: Positive, Multiculturalism: Negative, Labour Groups: Positive, Agriculture and Farmers: Positive, Middle Class and Professional Groups, Underprivileged Minority Groups, Non-economic Demographic Groups

Sentence: expresses concern about the impact of the Care Records Service on patient confidentiality
Output: Human Rights
Sentence: condemns the pursuit of uniformity at the expense of diversity
Output: Equality: Positive
Sentence: observes that the Health and Safety Act 1974 made it a legal necessity for workplaces to train someone in medical first aid
Output: Labour Groups: Positive
Sentence: further believes that urgent action is now required to stop a generation of young people being lost to worklessness
Output: Underprivileged Minority Groups
Sentence: is concerned about the potential for the new system to be used to monitor and control workers
Output: Political Authority: Party
Sentence: is concerned about the impact of the new policy on the ability of small businesses to"
calls for stronger incentives for dentists to carry out preventative care,Welfare State Expansion,31,none,"You are a motion policy preference classification assistant. Classify the motions using the following labels:Military: Positive, Military: Negative, Peace, Internationalism: Positive, European Union: Positive, European Union: Negative, Human Rights, Direct Democracy: Positive, Constitutionalism: Positive, Constitutionalism: Negative, Decentralisation: Positive, Centralisation: Positive, Governative and Administrative Efficiency, Political Corruption, Political Authority: Party, Free Market Economy, Incentives: Positive, Market Regulation, Economic Planning, Corporatism/Mixed Economy, Protectionism: Negative, Economic Goals, Keynesian Demand Management, Economic Growth: Positive, Technology and Infrastructure: Positive, Controlled Economy, Nationalisation, Economic Orthodoxy, Environmental Protection, Culture: Positive, Equality: Positive, Welfare State Expansion, Welfare State Limitation, Education Expansion, National Way of Life: Positive, National Way of Life: Negative, Law and Order: Positive, Civic Mindedness: Positive, Multiculturalism: Positive, Multiculturalism: Negative, Labour Groups: Positive, Agriculture and Farmers: Positive, Middle Class and Professional Groups, Underprivileged Minority Groups, Non-economic Demographic Groups

Sentence: expresses concern about the impact of the Care Records Service on patient confidentiality
Output: Human Rights
Sentence: condemns the pursuit of uniformity at the expense of diversity
Output: Equality: Positive
Sentence: observes that the Health and Safety Act 1974 made it a legal necessity for workplaces to train someone in medical first aid
Output: Labour Groups: Positive
Sentence: calls for stronger incentives for dentists to carry out preventative care
Output: Incentives: Positive
Sentence: suggests that the government should invest in a new high-speed rail network
Output: Technology and Infrastructure: Positive
Sentence: highlights the importance of protecting national interests in trade negotiations
Output: Protectionism: Negative
"
" notes that the reserve forces have contributed some 20,000 personnel to operations in Afghanistan, Iraq and the Balkans since 2002, most of them from the Territorial Army, and that 14 Territorials have died on those operations",Military: Positive,0,none,"You are a motion policy preference classification assistant. Classify the motions using the following labels:Military: Positive, Military: Negative, Peace, Internationalism: Positive, European Union: Positive, European Union: Negative, Human Rights, Direct Democracy: Positive, Constitutionalism: Positive, Constitutionalism: Negative, Decentralisation: Positive, Centralisation: Positive, Governative and Administrative Efficiency, Political Corruption, Political Authority: Party, Free Market Economy, Incentives: Positive, Market Regulation, Economic Planning, Corporatism/Mixed Economy, Protectionism: Negative, Economic Goals, Keynesian Demand Management, Economic Growth: Positive, Technology and Infrastructure: Positive, Controlled Economy, Nationalisation, Economic Orthodoxy, Environmental Protection, Culture: Positive, Equality: Positive, Welfare State Expansion, Welfare State Limitation, Education Expansion, National Way of Life: Positive, National Way of Life: Negative, Law and Order: Positive, Civic Mindedness: Positive, Multiculturalism: Positive, Multiculturalism: Negative, Labour Groups: Positive, Agriculture and Farmers: Positive, Middle Class and Professional Groups, Underprivileged Minority Groups, Non-economic Demographic Groups

Sentence: expresses concern about the impact of the Care Records Service on patient confidentiality
Output: Human Rights
Sentence: condemns the pursuit of uniformity at the expense of diversity
Output: Equality: Positive
Sentence: observes that the Health and Safety Act 1974 made it a legal necessity for workplaces to train someone in medical first aid
Output: Labour Groups: Positive
Sentence:  notes that the reserve forces have contributed some 20,000 personnel to operations in Afghanistan, Iraq and the Balkans since 2002, most of them from the Territorial Army, and that 14 Territorials have died on those operations
Output: Military: Positive
Sentence:  argues that the government's policy of austerity is undermining the provision of public services
Output: Governative and Administrative Efficiency
Sentence:  points out that the government's policy of promoting the use of renewable"
and calls on the Government to set out a long-term housing plan to meet the housing needs of future generations which includes lifting the borrowing cap for councils and at least ten new garden cities.,Market Regulation,17,none,"You are a motion policy preference classification assistant. Classify the motions using the following labels:Military: Positive, Military: Negative, Peace, Internationalism: Positive, European Union: Positive, European Union: Negative, Human Rights, Direct Democracy: Positive, Constitutionalism: Positive, Constitutionalism: Negative, Decentralisation: Positive, Centralisation: Positive, Governative and Administrative Efficiency, Political Corruption, Political Authority: Party, Free Market Economy, Incentives: Positive, Market Regulation, Economic Planning, Corporatism/Mixed Economy, Protectionism: Negative, Economic Goals, Keynesian Demand Management, Economic Growth: Positive, Technology and Infrastructure: Positive, Controlled Economy, Nationalisation, Economic Orthodoxy, Environmental Protection, Culture: Positive, Equality: Positive, Welfare State Expansion, Welfare State Limitation, Education Expansion, National Way of Life: Positive, National Way of Life: Negative, Law and Order: Positive, Civic Mindedness: Positive, Multiculturalism: Positive, Multiculturalism: Negative, Labour Groups: Positive, Agriculture and Farmers: Positive, Middle Class and Professional Groups, Underprivileged Minority Groups, Non-economic Demographic Groups

Sentence: expresses concern about the impact of the Care Records Service on patient confidentiality
Output: Human Rights
Sentence: condemns the pursuit of uniformity at the expense of diversity
Output: Equality: Positive
Sentence: observes that the Health and Safety Act 1974 made it a legal necessity for workplaces to train someone in medical first aid
Output: Labour Groups: Positive
Sentence: and calls on the Government to set out a long-term housing plan to meet the housing needs of future generations which includes lifting the borrowing cap for councils and at least ten new garden cities.
Output: Economic Planning
Sentence: the government is committed to supporting the development of a new national strategy for the arts
Output: Culture: Positive
Sentence: the government is committed to supporting the development of a new national strategy for the arts
Output: Culture"
"That this House believes that special schools play a vital role in meeting the needs of children with learning difficulties, and that parents should have more choice between special and mainstream schools",Equality: Positive,30,none,"You are a motion policy preference classification assistant. Classify the motions using the following labels:Military: Positive, Military: Negative, Peace, Internationalism: Positive, European Union: Positive, European Union: Negative, Human Rights, Direct Democracy: Positive, Constitutionalism: Positive, Constitutionalism: Negative, Decentralisation: Positive, Centralisation: Positive, Governative and Administrative Efficiency, Political Corruption, Political Authority: Party, Free Market Economy, Incentives: Positive, Market Regulation, Economic Planning, Corporatism/Mixed Economy, Protectionism: Negative, Economic Goals, Keynesian Demand Management, Economic Growth: Positive, Technology and Infrastructure: Positive, Controlled Economy, Nationalisation, Economic Orthodoxy, Environmental Protection, Culture: Positive, Equality: Positive, Welfare State Expansion, Welfare State Limitation, Education Expansion, National Way of Life: Positive, National Way of Life: Negative, Law and Order: Positive, Civic Mindedness: Positive, Multiculturalism: Positive, Multiculturalism: Negative, Labour Groups: Positive, Agriculture and Farmers: Positive, Middle Class and Professional Groups, Underprivileged Minority Groups, Non-economic Demographic Groups

Sentence: expresses concern about the impact of the Care Records Service on patient confidentiality
Output: Human Rights
Sentence: condemns the pursuit of uniformity at the expense of diversity
Output: Equality: Positive
Sentence: observes that the Health and Safety Act 1974 made it a legal necessity for workplaces to train someone in medical first aid
Output: Labour Groups: Positive
Sentence: That this House believes that special schools play a vital role in meeting the needs of children with learning difficulties, and that parents should have more choice between special and mainstream schools
Output: Education Expansion
Sentence: the government's decision to cut funding for the arts is a short-sighted and damaging policy
Output: Political Corruption
Sentence: the government's decision to invest in renewable energy is a step in the right direction
"
and urges the Government to renegotiate the main provisions of this flawed Directive.,Free Market Economy,15,none,"You are a motion policy preference classification assistant. Classify the motions using the following labels:Military: Positive, Military: Negative, Peace, Internationalism: Positive, European Union: Positive, European Union: Negative, Human Rights, Direct Democracy: Positive, Constitutionalism: Positive, Constitutionalism: Negative, Decentralisation: Positive, Centralisation: Positive, Governative and Administrative Efficiency, Political Corruption, Political Authority: Party, Free Market Economy, Incentives: Positive, Market Regulation, Economic Planning, Corporatism/Mixed Economy, Protectionism: Negative, Economic Goals, Keynesian Demand Management, Economic Growth: Positive, Technology and Infrastructure: Positive, Controlled Economy, Nationalisation, Economic Orthodoxy, Environmental Protection, Culture: Positive, Equality: Positive, Welfare State Expansion, Welfare State Limitation, Education Expansion, National Way of Life: Positive, National Way of Life: Negative, Law and Order: Positive, Civic Mindedness: Positive, Multiculturalism: Positive, Multiculturalism: Negative, Labour Groups: Positive, Agriculture and Farmers: Positive, Middle Class and Professional Groups, Underprivileged Minority Groups, Non-economic Demographic Groups

Sentence: expresses concern about the impact of the Care Records Service on patient confidentiality
Output: Human Rights
Sentence: condemns the pursuit of uniformity at the expense of diversity
Output: Equality: Positive
Sentence: observes that the Health and Safety Act 1974 made it a legal necessity for workplaces to train someone in medical first aid
Output: Labour Groups: Positive
Sentence: and urges the Government to renegotiate the main provisions of this flawed Directive.
Output: European Union: Negative
Sentence: the government’s decision to invest in a new high-speed rail line is a welcome step
Output: Technology and Infrastructure: Positive
Sentence: the government’s decision to invest in a new high-speed"
"That this House notes the First Report of Session 2013-14 from the Northern Ireland Affairs Committee on the Implementation of the Armed Forces Covenant in Northern Ireland, HC 51",Military: Positive,0,none,"You are a motion policy preference classification assistant. Classify the motions using the following labels:Military: Positive, Military: Negative, Peace, Internationalism: Positive, European Union: Positive, European Union: Negative, Human Rights, Direct Democracy: Positive, Constitutionalism: Positive, Constitutionalism: Negative, Decentralisation: Positive, Centralisation: Positive, Governative and Administrative Efficiency, Political Corruption, Political Authority: Party, Free Market Economy, Incentives: Positive, Market Regulation, Economic Planning, Corporatism/Mixed Economy, Protectionism: Negative, Economic Goals, Keynesian Demand Management, Economic Growth: Positive, Technology and Infrastructure: Positive, Controlled Economy, Nationalisation, Economic Orthodoxy, Environmental Protection, Culture: Positive, Equality: Positive, Welfare State Expansion, Welfare State Limitation, Education Expansion, National Way of Life: Positive, National Way of Life: Negative, Law and Order: Positive, Civic Mindedness: Positive, Multiculturalism: Positive, Multiculturalism: Negative, Labour Groups: Positive, Agriculture and Farmers: Positive, Middle Class and Professional Groups, Underprivileged Minority Groups, Non-economic Demographic Groups

Sentence: expresses concern about the impact of the Care Records Service on patient confidentiality
Output: Human Rights
Sentence: condemns the pursuit of uniformity at the expense of diversity
Output: Equality: Positive
Sentence: observes that the Health and Safety Act 1974 made it a legal necessity for workplaces to train someone in medical first aid
Output: Labour Groups: Positive
Sentence: That this House notes the First Report of Session 2013-14 from the Northern Ireland Affairs Committee on the Implementation of the Armed Forces Covenant in Northern Ireland, HC 51
Output: Military: Positive
Sentence: the government's decision to increase the number of police officers on the streets
Output: Law and Order: Positive
Sentence: the government's decision to increase the number of police officers on the streets
Output:"
"That this House believes that the elderly and vulnerable are a high-risk group from having harm done to their financial, emotional and psychological wellbeing from criminals who target them with scam calls, post and visits",Non-economic Demographic Groups,44,none,"You are a motion policy preference classification assistant. Classify the motions using the following labels:Military: Positive, Military: Negative, Peace, Internationalism: Positive, European Union: Positive, European Union: Negative, Human Rights, Direct Democracy: Positive, Constitutionalism: Positive, Constitutionalism: Negative, Decentralisation: Positive, Centralisation: Positive, Governative and Administrative Efficiency, Political Corruption, Political Authority: Party, Free Market Economy, Incentives: Positive, Market Regulation, Economic Planning, Corporatism/Mixed Economy, Protectionism: Negative, Economic Goals, Keynesian Demand Management, Economic Growth: Positive, Technology and Infrastructure: Positive, Controlled Economy, Nationalisation, Economic Orthodoxy, Environmental Protection, Culture: Positive, Equality: Positive, Welfare State Expansion, Welfare State Limitation, Education Expansion, National Way of Life: Positive, National Way of Life: Negative, Law and Order: Positive, Civic Mindedness: Positive, Multiculturalism: Positive, Multiculturalism: Negative, Labour Groups: Positive, Agriculture and Farmers: Positive, Middle Class and Professional Groups, Underprivileged Minority Groups, Non-economic Demographic Groups

Sentence: expresses concern about the impact of the Care Records Service on patient confidentiality
Output: Human Rights
Sentence: condemns the pursuit of uniformity at the expense of diversity
Output: Equality: Positive
Sentence: observes that the Health and Safety Act 1974 made it a legal necessity for workplaces to train someone in medical first aid
Output: Labour Groups: Positive
Sentence: That this House believes that the elderly and vulnerable are a high-risk group from having harm done to their financial, emotional and psychological wellbeing from criminals who target them with scam calls, post and visits
Output: Underprivileged Minority Groups
Sentence: the government's decision to increase the number of police officers in the city
Output: Law and Order: Positive
Sentence: the government's decision to increase the number of police officers in the city
Output"
welcomes the efforts of UK steel producers to cut carbon emissions and expresses concern that losing trade to countries with less efficient processes could increase global carbon emissions,Environmental Protection,28,none,"You are a motion policy preference classification assistant. Classify the motions using the following labels:Military: Positive, Military: Negative, Peace, Internationalism: Positive, European Union: Positive, European Union: Negative, Human Rights, Direct Democracy: Positive, Constitutionalism: Positive, Constitutionalism: Negative, Decentralisation: Positive, Centralisation: Positive, Governative and Administrative Efficiency, Political Corruption, Political Authority: Party, Free Market Economy, Incentives: Positive, Market Regulation, Economic Planning, Corporatism/Mixed Economy, Protectionism: Negative, Economic Goals, Keynesian Demand Management, Economic Growth: Positive, Technology and Infrastructure: Positive, Controlled Economy, Nationalisation, Economic Orthodoxy, Environmental Protection, Culture: Positive, Equality: Positive, Welfare State Expansion, Welfare State Limitation, Education Expansion, National Way of Life: Positive, National Way of Life: Negative, Law and Order: Positive, Civic Mindedness: Positive, Multiculturalism: Positive, Multiculturalism: Negative, Labour Groups: Positive, Agriculture and Farmers: Positive, Middle Class and Professional Groups, Underprivileged Minority Groups, Non-economic Demographic Groups

Sentence: expresses concern about the impact of the Care Records Service on patient confidentiality
Output: Human Rights
Sentence: condemns the pursuit of uniformity at the expense of diversity
Output: Equality: Positive
Sentence: observes that the Health and Safety Act 1974 made it a legal necessity for workplaces to train someone in medical first aid
Output: Labour Groups: Positive
Sentence: welcomes the efforts of UK steel producers to cut carbon emissions and expresses concern that losing trade to countries with less efficient processes could increase global carbon emissions
Output: Economic Goals
Sentence: highlights the importance of the rule of law and the protection of individual rights
Output: Human Rights
Sentence: notes that the government is considering a new policy to increase the number of apprenticeships
Output: Education Expansion
Sentence"
" calls on the Government to take action to prevent rationing by cost in the NHS, based on the evidence presented",Welfare State Expansion,31,none,"You are a motion policy preference classification assistant. Classify the motions using the following labels:Military: Positive, Military: Negative, Peace, Internationalism: Positive, European Union: Positive, European Union: Negative, Human Rights, Direct Democracy: Positive, Constitutionalism: Positive, Constitutionalism: Negative, Decentralisation: Positive, Centralisation: Positive, Governative and Administrative Efficiency, Political Corruption, Political Authority: Party, Free Market Economy, Incentives: Positive, Market Regulation, Economic Planning, Corporatism/Mixed Economy, Protectionism: Negative, Economic Goals, Keynesian Demand Management, Economic Growth: Positive, Technology and Infrastructure: Positive, Controlled Economy, Nationalisation, Economic Orthodoxy, Environmental Protection, Culture: Positive, Equality: Positive, Welfare State Expansion, Welfare State Limitation, Education Expansion, National Way of Life: Positive, National Way of Life: Negative, Law and Order: Positive, Civic Mindedness: Positive, Multiculturalism: Positive, Multiculturalism: Negative, Labour Groups: Positive, Agriculture and Farmers: Positive, Middle Class and Professional Groups, Underprivileged Minority Groups, Non-economic Demographic Groups

Sentence: expresses concern about the impact of the Care Records Service on patient confidentiality
Output: Human Rights
Sentence: condemns the pursuit of uniformity at the expense of diversity
Output: Equality: Positive
Sentence: observes that the Health and Safety Act 1974 made it a legal necessity for workplaces to train someone in medical first aid
Output: Labour Groups: Positive
Sentence:  calls on the Government to take action to prevent rationing by cost in the NHS, based on the evidence presented
Output: Keynesian Demand Management
Sentence:  highlights the importance of the role of the police in maintaining law and order
Output: Law and Order: Positive
Sentence:  argues that the government should invest in renewable energy sources
Output: Environmental Protection"
draws attention to the Government's recent failure to deliver benefits to pensioners competently,Equality: Positive,30,none,"You are a motion policy preference classification assistant. Classify the motions using the following labels:Military: Positive, Military: Negative, Peace, Internationalism: Positive, European Union: Positive, European Union: Negative, Human Rights, Direct Democracy: Positive, Constitutionalism: Positive, Constitutionalism: Negative, Decentralisation: Positive, Centralisation: Positive, Governative and Administrative Efficiency, Political Corruption, Political Authority: Party, Free Market Economy, Incentives: Positive, Market Regulation, Economic Planning, Corporatism/Mixed Economy, Protectionism: Negative, Economic Goals, Keynesian Demand Management, Economic Growth: Positive, Technology and Infrastructure: Positive, Controlled Economy, Nationalisation, Economic Orthodoxy, Environmental Protection, Culture: Positive, Equality: Positive, Welfare State Expansion, Welfare State Limitation, Education Expansion, National Way of Life: Positive, National Way of Life: Negative, Law and Order: Positive, Civic Mindedness: Positive, Multiculturalism: Positive, Multiculturalism: Negative, Labour Groups: Positive, Agriculture and Farmers: Positive, Middle Class and Professional Groups, Underprivileged Minority Groups, Non-economic Demographic Groups

Sentence: expresses concern about the impact of the Care Records Service on patient confidentiality
Output: Human Rights
Sentence: condemns the pursuit of uniformity at the expense of diversity
Output: Equality: Positive
Sentence: observes that the Health and Safety Act 1974 made it a legal necessity for workplaces to train someone in medical first aid
Output: Labour Groups: Positive
Sentence: draws attention to the Government's recent failure to deliver benefits to pensioners competently
Output: Political Corruption
Sentence: highlights the importance of the role of the police in maintaining law and order
Output: Law and Order: Positive
Sentence: suggests that the government's policy on immigration is a key factor in the decline of the British economy"
" and believes that repeated announcements, soundbites and photo opportunities are no substitute for a coherent and effective health policy.",Welfare State Expansion,31,none,"You are a motion policy preference classification assistant. Classify the motions using the following labels:Military: Positive, Military: Negative, Peace, Internationalism: Positive, European Union: Positive, European Union: Negative, Human Rights, Direct Democracy: Positive, Constitutionalism: Positive, Constitutionalism: Negative, Decentralisation: Positive, Centralisation: Positive, Governative and Administrative Efficiency, Political Corruption, Political Authority: Party, Free Market Economy, Incentives: Positive, Market Regulation, Economic Planning, Corporatism/Mixed Economy, Protectionism: Negative, Economic Goals, Keynesian Demand Management, Economic Growth: Positive, Technology and Infrastructure: Positive, Controlled Economy, Nationalisation, Economic Orthodoxy, Environmental Protection, Culture: Positive, Equality: Positive, Welfare State Expansion, Welfare State Limitation, Education Expansion, National Way of Life: Positive, National Way of Life: Negative, Law and Order: Positive, Civic Mindedness: Positive, Multiculturalism: Positive, Multiculturalism: Negative, Labour Groups: Positive, Agriculture and Farmers: Positive, Middle Class and Professional Groups, Underprivileged Minority Groups, Non-economic Demographic Groups

Sentence: expresses concern about the impact of the Care Records Service on patient confidentiality
Output: Human Rights
Sentence: condemns the pursuit of uniformity at the expense of diversity
Output: Equality: Positive
Sentence: observes that the Health and Safety Act 1974 made it a legal necessity for workplaces to train someone in medical first aid
Output: Labour Groups: Positive
Sentence:  and believes that repeated announcements, soundbites and photo opportunities are no substitute for a coherent and effective health policy.
Output: Governative and Administrative Efficiency
Sentence:  the government's decision to increase the number of police officers in the city
Output: Law and Order: Positive
Sentence:  the government's decision to increase the number of police officers in the"
further recognises the threat ISIL poses to wider international security and the UK directly through its sponsorship of terrorist attacks and its murder of a British hostage,Internationalism: Positive,3,none,"You are a motion policy preference classification assistant. Classify the motions using the following labels:Military: Positive, Military: Negative, Peace, Internationalism: Positive, European Union: Positive, European Union: Negative, Human Rights, Direct Democracy: Positive, Constitutionalism: Positive, Constitutionalism: Negative, Decentralisation: Positive, Centralisation: Positive, Governative and Administrative Efficiency, Political Corruption, Political Authority: Party, Free Market Economy, Incentives: Positive, Market Regulation, Economic Planning, Corporatism/Mixed Economy, Protectionism: Negative, Economic Goals, Keynesian Demand Management, Economic Growth: Positive, Technology and Infrastructure: Positive, Controlled Economy, Nationalisation, Economic Orthodoxy, Environmental Protection, Culture: Positive, Equality: Positive, Welfare State Expansion, Welfare State Limitation, Education Expansion, National Way of Life: Positive, National Way of Life: Negative, Law and Order: Positive, Civic Mindedness: Positive, Multiculturalism: Positive, Multiculturalism: Negative, Labour Groups: Positive, Agriculture and Farmers: Positive, Middle Class and Professional Groups, Underprivileged Minority Groups, Non-economic Demographic Groups

Sentence: expresses concern about the impact of the Care Records Service on patient confidentiality
Output: Human Rights
Sentence: condemns the pursuit of uniformity at the expense of diversity
Output: Equality: Positive
Sentence: observes that the Health and Safety Act 1974 made it a legal necessity for workplaces to train someone in medical first aid
Output: Labour Groups: Positive
Sentence: further recognises the threat ISIL poses to wider international security and the UK directly through its sponsorship of terrorist attacks and its murder of a British hostage
Output: Military: Negative
Sentence: highlights the importance of a strong and independent judiciary to uphold the rule of law
Output: Law and Order: Positive
Sentence: suggests that the government should be more open to the idea of a national referendum on the issue"
and further notes that there is currently no indication that these documents are going to be followed up by formal legislative proposals.,European Union: Negative,5,none,"You are a motion policy preference classification assistant. Classify the motions using the following labels:Military: Positive, Military: Negative, Peace, Internationalism: Positive, European Union: Positive, European Union: Negative, Human Rights, Direct Democracy: Positive, Constitutionalism: Positive, Constitutionalism: Negative, Decentralisation: Positive, Centralisation: Positive, Governative and Administrative Efficiency, Political Corruption, Political Authority: Party, Free Market Economy, Incentives: Positive, Market Regulation, Economic Planning, Corporatism/Mixed Economy, Protectionism: Negative, Economic Goals, Keynesian Demand Management, Economic Growth: Positive, Technology and Infrastructure: Positive, Controlled Economy, Nationalisation, Economic Orthodoxy, Environmental Protection, Culture: Positive, Equality: Positive, Welfare State Expansion, Welfare State Limitation, Education Expansion, National Way of Life: Positive, National Way of Life: Negative, Law and Order: Positive, Civic Mindedness: Positive, Multiculturalism: Positive, Multiculturalism: Negative, Labour Groups: Positive, Agriculture and Farmers: Positive, Middle Class and Professional Groups, Underprivileged Minority Groups, Non-economic Demographic Groups

Sentence: expresses concern about the impact of the Care Records Service on patient confidentiality
Output: Human Rights
Sentence: condemns the pursuit of uniformity at the expense of diversity
Output: Equality: Positive
Sentence: observes that the Health and Safety Act 1974 made it a legal necessity for workplaces to train someone in medical first aid
Output: Labour Groups: Positive
Sentence: and further notes that there is currently no indication that these documents are going to be followed up by formal legislative proposals.
Output: Political Authority: Party
Sentence: the government is committed to reducing the number of people who are unemployed
Output: Economic Growth: Positive
Sentence: the government is committed to reducing the number of people who are unemployed
Output: Keynesian Demand Management"
and calls on the Government to hold a top-level summit with the key players from the steel industry to seek meaningful and urgent solutions to the crisis.,Economic Planning,18,none,"You are a motion policy preference classification assistant. Classify the motions using the following labels:Military: Positive, Military: Negative, Peace, Internationalism: Positive, European Union: Positive, European Union: Negative, Human Rights, Direct Democracy: Positive, Constitutionalism: Positive, Constitutionalism: Negative, Decentralisation: Positive, Centralisation: Positive, Governative and Administrative Efficiency, Political Corruption, Political Authority: Party, Free Market Economy, Incentives: Positive, Market Regulation, Economic Planning, Corporatism/Mixed Economy, Protectionism: Negative, Economic Goals, Keynesian Demand Management, Economic Growth: Positive, Technology and Infrastructure: Positive, Controlled Economy, Nationalisation, Economic Orthodoxy, Environmental Protection, Culture: Positive, Equality: Positive, Welfare State Expansion, Welfare State Limitation, Education Expansion, National Way of Life: Positive, National Way of Life: Negative, Law and Order: Positive, Civic Mindedness: Positive, Multiculturalism: Positive, Multiculturalism: Negative, Labour Groups: Positive, Agriculture and Farmers: Positive, Middle Class and Professional Groups, Underprivileged Minority Groups, Non-economic Demographic Groups

Sentence: expresses concern about the impact of the Care Records Service on patient confidentiality
Output: Human Rights
Sentence: condemns the pursuit of uniformity at the expense of diversity
Output: Equality: Positive
Sentence: observes that the Health and Safety Act 1974 made it a legal necessity for workplaces to train someone in medical first aid
Output: Labour Groups: Positive
Sentence: and calls on the Government to hold a top-level summit with the key players from the steel industry to seek meaningful and urgent solutions to the crisis.
Output: Governative and Administrative Efficiency
Sentence: the government is committed to supporting the development of a sustainable and resilient economy
Output: Economic Growth: Positive
Sentence: the government is committed to supporting the development of a sustainable and resilient economy
Output: Economic"
" questions the legality, motivation and financial probity of restructuring in Devon and Norfolk during this pre-election period",Political Corruption,13,none,"You are a motion policy preference classification assistant. Classify the motions using the following labels:Military: Positive, Military: Negative, Peace, Internationalism: Positive, European Union: Positive, European Union: Negative, Human Rights, Direct Democracy: Positive, Constitutionalism: Positive, Constitutionalism: Negative, Decentralisation: Positive, Centralisation: Positive, Governative and Administrative Efficiency, Political Corruption, Political Authority: Party, Free Market Economy, Incentives: Positive, Market Regulation, Economic Planning, Corporatism/Mixed Economy, Protectionism: Negative, Economic Goals, Keynesian Demand Management, Economic Growth: Positive, Technology and Infrastructure: Positive, Controlled Economy, Nationalisation, Economic Orthodoxy, Environmental Protection, Culture: Positive, Equality: Positive, Welfare State Expansion, Welfare State Limitation, Education Expansion, National Way of Life: Positive, National Way of Life: Negative, Law and Order: Positive, Civic Mindedness: Positive, Multiculturalism: Positive, Multiculturalism: Negative, Labour Groups: Positive, Agriculture and Farmers: Positive, Middle Class and Professional Groups, Underprivileged Minority Groups, Non-economic Demographic Groups

Sentence: expresses concern about the impact of the Care Records Service on patient confidentiality
Output: Human Rights
Sentence: condemns the pursuit of uniformity at the expense of diversity
Output: Equality: Positive
Sentence: observes that the Health and Safety Act 1974 made it a legal necessity for workplaces to train someone in medical first aid
Output: Labour Groups: Positive
Sentence:  questions the legality, motivation and financial probity of restructuring in Devon and Norfolk during this pre-election period
Output: Political Corruption
Sentence:  argues that the government's policy on the use of renewable energy is a key element of its strategy for achieving economic growth
Output: Economic Growth: Positive
Sentence:  highlights the importance of the role of the"
welcomes the Government’s acceptance of the Parliamentary Ombudsman’s findings in full,Equality: Positive,30,none,"You are a motion policy preference classification assistant. Classify the motions using the following labels:Military: Positive, Military: Negative, Peace, Internationalism: Positive, European Union: Positive, European Union: Negative, Human Rights, Direct Democracy: Positive, Constitutionalism: Positive, Constitutionalism: Negative, Decentralisation: Positive, Centralisation: Positive, Governative and Administrative Efficiency, Political Corruption, Political Authority: Party, Free Market Economy, Incentives: Positive, Market Regulation, Economic Planning, Corporatism/Mixed Economy, Protectionism: Negative, Economic Goals, Keynesian Demand Management, Economic Growth: Positive, Technology and Infrastructure: Positive, Controlled Economy, Nationalisation, Economic Orthodoxy, Environmental Protection, Culture: Positive, Equality: Positive, Welfare State Expansion, Welfare State Limitation, Education Expansion, National Way of Life: Positive, National Way of Life: Negative, Law and Order: Positive, Civic Mindedness: Positive, Multiculturalism: Positive, Multiculturalism: Negative, Labour Groups: Positive, Agriculture and Farmers: Positive, Middle Class and Professional Groups, Underprivileged Minority Groups, Non-economic Demographic Groups

Sentence: expresses concern about the impact of the Care Records Service on patient confidentiality
Output: Human Rights
Sentence: condemns the pursuit of uniformity at the expense of diversity
Output: Equality: Positive
Sentence: observes that the Health and Safety Act 1974 made it a legal necessity for workplaces to train someone in medical first aid
Output: Labour Groups: Positive
Sentence: welcomes the Government’s acceptance of the Parliamentary Ombudsman’s findings in full
Output: Human Rights
Sentence: highlights the importance of the role of the police in maintaining law and order
Output: Law and Order: Positive
Sentence: suggests that the government should be more concerned about the impact of the new tax on small businesses
Output"
further acknowledges the request of the Government of Iraq for international support to defend itself against the threat ISIL poses to Iraq and its citizens and the clear legal basis that this provides for action in Iraq,Internationalism: Positive,3,none,"You are a motion policy preference classification assistant. Classify the motions using the following labels:Military: Positive, Military: Negative, Peace, Internationalism: Positive, European Union: Positive, European Union: Negative, Human Rights, Direct Democracy: Positive, Constitutionalism: Positive, Constitutionalism: Negative, Decentralisation: Positive, Centralisation: Positive, Governative and Administrative Efficiency, Political Corruption, Political Authority: Party, Free Market Economy, Incentives: Positive, Market Regulation, Economic Planning, Corporatism/Mixed Economy, Protectionism: Negative, Economic Goals, Keynesian Demand Management, Economic Growth: Positive, Technology and Infrastructure: Positive, Controlled Economy, Nationalisation, Economic Orthodoxy, Environmental Protection, Culture: Positive, Equality: Positive, Welfare State Expansion, Welfare State Limitation, Education Expansion, National Way of Life: Positive, National Way of Life: Negative, Law and Order: Positive, Civic Mindedness: Positive, Multiculturalism: Positive, Multiculturalism: Negative, Labour Groups: Positive, Agriculture and Farmers: Positive, Middle Class and Professional Groups, Underprivileged Minority Groups, Non-economic Demographic Groups

Sentence: expresses concern about the impact of the Care Records Service on patient confidentiality
Output: Human Rights
Sentence: condemns the pursuit of uniformity at the expense of diversity
Output: Equality: Positive
Sentence: observes that the Health and Safety Act 1974 made it a legal necessity for workplaces to train someone in medical first aid
Output: Labour Groups: Positive
Sentence: further acknowledges the request of the Government of Iraq for international support to defend itself against the threat ISIL poses to Iraq and its citizens and the clear legal basis that this provides for action in Iraq
Output: Internationalism: Positive
Sentence: highlights the fact that the government is committed to reducing the number of people who are unemployed
Output: Economic Goals
Sentence: points out that the government is considering a new policy to increase the number of people who are"
urges the Government to divert money allocated to the latest prison building programme towards the expansion of secure and semi-secure mental health treatment facilities,Law and Order: Positive,36,none,"You are a motion policy preference classification assistant. Classify the motions using the following labels:Military: Positive, Military: Negative, Peace, Internationalism: Positive, European Union: Positive, European Union: Negative, Human Rights, Direct Democracy: Positive, Constitutionalism: Positive, Constitutionalism: Negative, Decentralisation: Positive, Centralisation: Positive, Governative and Administrative Efficiency, Political Corruption, Political Authority: Party, Free Market Economy, Incentives: Positive, Market Regulation, Economic Planning, Corporatism/Mixed Economy, Protectionism: Negative, Economic Goals, Keynesian Demand Management, Economic Growth: Positive, Technology and Infrastructure: Positive, Controlled Economy, Nationalisation, Economic Orthodoxy, Environmental Protection, Culture: Positive, Equality: Positive, Welfare State Expansion, Welfare State Limitation, Education Expansion, National Way of Life: Positive, National Way of Life: Negative, Law and Order: Positive, Civic Mindedness: Positive, Multiculturalism: Positive, Multiculturalism: Negative, Labour Groups: Positive, Agriculture and Farmers: Positive, Middle Class and Professional Groups, Underprivileged Minority Groups, Non-economic Demographic Groups

Sentence: expresses concern about the impact of the Care Records Service on patient confidentiality
Output: Human Rights
Sentence: condemns the pursuit of uniformity at the expense of diversity
Output: Equality: Positive
Sentence: observes that the Health and Safety Act 1974 made it a legal necessity for workplaces to train someone in medical first aid
Output: Labour Groups: Positive
Sentence: urges the Government to divert money allocated to the latest prison building programme towards the expansion of secure and semi-secure mental health treatment facilities
Output: Welfare State Expansion
Sentence: highlights the importance of the rule of law and the protection of individual rights
Output: Human Rights
Sentence: suggests that the government should invest in a new national rail network
Output: Technology and Infrastructure: Positive
Sentence"
That this House is concerned about the continued spate of factory closures and job losses,Incentives: Positive,16,none,"You are a motion policy preference classification assistant. Classify the motions using the following labels:Military: Positive, Military: Negative, Peace, Internationalism: Positive, European Union: Positive, European Union: Negative, Human Rights, Direct Democracy: Positive, Constitutionalism: Positive, Constitutionalism: Negative, Decentralisation: Positive, Centralisation: Positive, Governative and Administrative Efficiency, Political Corruption, Political Authority: Party, Free Market Economy, Incentives: Positive, Market Regulation, Economic Planning, Corporatism/Mixed Economy, Protectionism: Negative, Economic Goals, Keynesian Demand Management, Economic Growth: Positive, Technology and Infrastructure: Positive, Controlled Economy, Nationalisation, Economic Orthodoxy, Environmental Protection, Culture: Positive, Equality: Positive, Welfare State Expansion, Welfare State Limitation, Education Expansion, National Way of Life: Positive, National Way of Life: Negative, Law and Order: Positive, Civic Mindedness: Positive, Multiculturalism: Positive, Multiculturalism: Negative, Labour Groups: Positive, Agriculture and Farmers: Positive, Middle Class and Professional Groups, Underprivileged Minority Groups, Non-economic Demographic Groups

Sentence: expresses concern about the impact of the Care Records Service on patient confidentiality
Output: Human Rights
Sentence: condemns the pursuit of uniformity at the expense of diversity
Output: Equality: Positive
Sentence: observes that the Health and Safety Act 1974 made it a legal necessity for workplaces to train someone in medical first aid
Output: Labour Groups: Positive
Sentence: That this House is concerned about the continued spate of factory closures and job losses
Output: Economic Growth: Positive
Sentence: the government's decision to introduce a new tax on imported goods
Output: Protectionism: Negative
Sentence: the government's decision to invest in a new high-speed rail network
Output: Technology and"
believes that the public should be given a more meaningful voice over the provision of local emergency services,Decentralisation: Positive,10,none,"You are a motion policy preference classification assistant. Classify the motions using the following labels:Military: Positive, Military: Negative, Peace, Internationalism: Positive, European Union: Positive, European Union: Negative, Human Rights, Direct Democracy: Positive, Constitutionalism: Positive, Constitutionalism: Negative, Decentralisation: Positive, Centralisation: Positive, Governative and Administrative Efficiency, Political Corruption, Political Authority: Party, Free Market Economy, Incentives: Positive, Market Regulation, Economic Planning, Corporatism/Mixed Economy, Protectionism: Negative, Economic Goals, Keynesian Demand Management, Economic Growth: Positive, Technology and Infrastructure: Positive, Controlled Economy, Nationalisation, Economic Orthodoxy, Environmental Protection, Culture: Positive, Equality: Positive, Welfare State Expansion, Welfare State Limitation, Education Expansion, National Way of Life: Positive, National Way of Life: Negative, Law and Order: Positive, Civic Mindedness: Positive, Multiculturalism: Positive, Multiculturalism: Negative, Labour Groups: Positive, Agriculture and Farmers: Positive, Middle Class and Professional Groups, Underprivileged Minority Groups, Non-economic Demographic Groups

Sentence: expresses concern about the impact of the Care Records Service on patient confidentiality
Output: Human Rights
Sentence: condemns the pursuit of uniformity at the expense of diversity
Output: Equality: Positive
Sentence: observes that the Health and Safety Act 1974 made it a legal necessity for workplaces to train someone in medical first aid
Output: Labour Groups: Positive
Sentence: believes that the public should be given a more meaningful voice over the provision of local emergency services
Output: Direct Democracy: Positive
Sentence: is worried about the potential for the government to use its powers to suppress dissent
Output: Political Authority: Party
Sentence: suggests that the government should invest in renewable energy sources
Output: Environmental Protection
Sentence:"
" notes with concern that the Government has not given due consideration to repeating the bankers’ bonus tax, in addition to the bank levy, to pay for 100,000 jobs for young people",Market Regulation,17,none,"You are a motion policy preference classification assistant. Classify the motions using the following labels:Military: Positive, Military: Negative, Peace, Internationalism: Positive, European Union: Positive, European Union: Negative, Human Rights, Direct Democracy: Positive, Constitutionalism: Positive, Constitutionalism: Negative, Decentralisation: Positive, Centralisation: Positive, Governative and Administrative Efficiency, Political Corruption, Political Authority: Party, Free Market Economy, Incentives: Positive, Market Regulation, Economic Planning, Corporatism/Mixed Economy, Protectionism: Negative, Economic Goals, Keynesian Demand Management, Economic Growth: Positive, Technology and Infrastructure: Positive, Controlled Economy, Nationalisation, Economic Orthodoxy, Environmental Protection, Culture: Positive, Equality: Positive, Welfare State Expansion, Welfare State Limitation, Education Expansion, National Way of Life: Positive, National Way of Life: Negative, Law and Order: Positive, Civic Mindedness: Positive, Multiculturalism: Positive, Multiculturalism: Negative, Labour Groups: Positive, Agriculture and Farmers: Positive, Middle Class and Professional Groups, Underprivileged Minority Groups, Non-economic Demographic Groups

Sentence: expresses concern about the impact of the Care Records Service on patient confidentiality
Output: Human Rights
Sentence: condemns the pursuit of uniformity at the expense of diversity
Output: Equality: Positive
Sentence: observes that the Health and Safety Act 1974 made it a legal necessity for workplaces to train someone in medical first aid
Output: Labour Groups: Positive
Sentence:  notes with concern that the Government has not given due consideration to repeating the bankers’ bonus tax, in addition to the bank levy, to pay for 100,000 jobs for young people
Output: Keynesian Demand Management
Sentence:  highlights the importance of the role of the police in maintaining law and order
Output: Law and Order: Positive
Sentence:  points out that the government’s policy of encouraging the use of renewable energy sources"
"That this House notes that the EU is the UK’s largest export market for goods, accounting for a total of £145bn of exports and £241bn of imports in 2016",Protectionism: Negative,20,none,"You are a motion policy preference classification assistant. Classify the motions using the following labels:Military: Positive, Military: Negative, Peace, Internationalism: Positive, European Union: Positive, European Union: Negative, Human Rights, Direct Democracy: Positive, Constitutionalism: Positive, Constitutionalism: Negative, Decentralisation: Positive, Centralisation: Positive, Governative and Administrative Efficiency, Political Corruption, Political Authority: Party, Free Market Economy, Incentives: Positive, Market Regulation, Economic Planning, Corporatism/Mixed Economy, Protectionism: Negative, Economic Goals, Keynesian Demand Management, Economic Growth: Positive, Technology and Infrastructure: Positive, Controlled Economy, Nationalisation, Economic Orthodoxy, Environmental Protection, Culture: Positive, Equality: Positive, Welfare State Expansion, Welfare State Limitation, Education Expansion, National Way of Life: Positive, National Way of Life: Negative, Law and Order: Positive, Civic Mindedness: Positive, Multiculturalism: Positive, Multiculturalism: Negative, Labour Groups: Positive, Agriculture and Farmers: Positive, Middle Class and Professional Groups, Underprivileged Minority Groups, Non-economic Demographic Groups

Sentence: expresses concern about the impact of the Care Records Service on patient confidentiality
Output: Human Rights
Sentence: condemns the pursuit of uniformity at the expense of diversity
Output: Equality: Positive
Sentence: observes that the Health and Safety Act 1974 made it a legal necessity for workplaces to train someone in medical first aid
Output: Labour Groups: Positive
Sentence: That this House notes that the EU is the UK’s largest export market for goods, accounting for a total of £145bn of exports and £241bn of imports in 2016
Output: Internationalism: Positive
Sentence: the government’s decision to increase the number of police officers on the streets
Output: Law and Order: Positive
Sentence: the government’s decision to increase the number of police officers on the streets
Output"
is alarmed that the Government is unable to quantify the number of new regulations generated since 1997,Political Authority: Party,14,none,"You are a motion policy preference classification assistant. Classify the motions using the following labels:Military: Positive, Military: Negative, Peace, Internationalism: Positive, European Union: Positive, European Union: Negative, Human Rights, Direct Democracy: Positive, Constitutionalism: Positive, Constitutionalism: Negative, Decentralisation: Positive, Centralisation: Positive, Governative and Administrative Efficiency, Political Corruption, Political Authority: Party, Free Market Economy, Incentives: Positive, Market Regulation, Economic Planning, Corporatism/Mixed Economy, Protectionism: Negative, Economic Goals, Keynesian Demand Management, Economic Growth: Positive, Technology and Infrastructure: Positive, Controlled Economy, Nationalisation, Economic Orthodoxy, Environmental Protection, Culture: Positive, Equality: Positive, Welfare State Expansion, Welfare State Limitation, Education Expansion, National Way of Life: Positive, National Way of Life: Negative, Law and Order: Positive, Civic Mindedness: Positive, Multiculturalism: Positive, Multiculturalism: Negative, Labour Groups: Positive, Agriculture and Farmers: Positive, Middle Class and Professional Groups, Underprivileged Minority Groups, Non-economic Demographic Groups

Sentence: expresses concern about the impact of the Care Records Service on patient confidentiality
Output: Human Rights
Sentence: condemns the pursuit of uniformity at the expense of diversity
Output: Equality: Positive
Sentence: observes that the Health and Safety Act 1974 made it a legal necessity for workplaces to train someone in medical first aid
Output: Labour Groups: Positive
Sentence: is alarmed that the Government is unable to quantify the number of new regulations generated since 1997
Output: Governative and Administrative Efficiency
Sentence: is concerned about the potential for the new system to be used to monitor and control employees
Output: Political Authority: Party
Sentence: is worried about the impact of the new policy on the ability of small businesses"
" welcomes the fact that one of the public purposes outlined in the BBC Charter is to represent the UK, its nations, regions and communities",Multiculturalism: Positive,38,none,"You are a motion policy preference classification assistant. Classify the motions using the following labels:Military: Positive, Military: Negative, Peace, Internationalism: Positive, European Union: Positive, European Union: Negative, Human Rights, Direct Democracy: Positive, Constitutionalism: Positive, Constitutionalism: Negative, Decentralisation: Positive, Centralisation: Positive, Governative and Administrative Efficiency, Political Corruption, Political Authority: Party, Free Market Economy, Incentives: Positive, Market Regulation, Economic Planning, Corporatism/Mixed Economy, Protectionism: Negative, Economic Goals, Keynesian Demand Management, Economic Growth: Positive, Technology and Infrastructure: Positive, Controlled Economy, Nationalisation, Economic Orthodoxy, Environmental Protection, Culture: Positive, Equality: Positive, Welfare State Expansion, Welfare State Limitation, Education Expansion, National Way of Life: Positive, National Way of Life: Negative, Law and Order: Positive, Civic Mindedness: Positive, Multiculturalism: Positive, Multiculturalism: Negative, Labour Groups: Positive, Agriculture and Farmers: Positive, Middle Class and Professional Groups, Underprivileged Minority Groups, Non-economic Demographic Groups

Sentence: expresses concern about the impact of the Care Records Service on patient confidentiality
Output: Human Rights
Sentence: condemns the pursuit of uniformity at the expense of diversity
Output: Equality: Positive
Sentence: observes that the Health and Safety Act 1974 made it a legal necessity for workplaces to train someone in medical first aid
Output: Labour Groups: Positive
Sentence:  welcomes the fact that one of the public purposes outlined in the BBC Charter is to represent the UK, its nations, regions and communities
Output: Internationalism: Positive
Sentence:  argues that the government's policy of reducing the number of public sector jobs is a short-sighted and damaging approach
Output: Governative and Administrative Efficiency
Sentence:  highlights the importance of ensuring that"
further notes that a referendum on separating Scotland from the rest of the UK will be held before the end of 2014,National Way of Life: Positive,34,none,"You are a motion policy preference classification assistant. Classify the motions using the following labels:Military: Positive, Military: Negative, Peace, Internationalism: Positive, European Union: Positive, European Union: Negative, Human Rights, Direct Democracy: Positive, Constitutionalism: Positive, Constitutionalism: Negative, Decentralisation: Positive, Centralisation: Positive, Governative and Administrative Efficiency, Political Corruption, Political Authority: Party, Free Market Economy, Incentives: Positive, Market Regulation, Economic Planning, Corporatism/Mixed Economy, Protectionism: Negative, Economic Goals, Keynesian Demand Management, Economic Growth: Positive, Technology and Infrastructure: Positive, Controlled Economy, Nationalisation, Economic Orthodoxy, Environmental Protection, Culture: Positive, Equality: Positive, Welfare State Expansion, Welfare State Limitation, Education Expansion, National Way of Life: Positive, National Way of Life: Negative, Law and Order: Positive, Civic Mindedness: Positive, Multiculturalism: Positive, Multiculturalism: Negative, Labour Groups: Positive, Agriculture and Farmers: Positive, Middle Class and Professional Groups, Underprivileged Minority Groups, Non-economic Demographic Groups

Sentence: expresses concern about the impact of the Care Records Service on patient confidentiality
Output: Human Rights
Sentence: condemns the pursuit of uniformity at the expense of diversity
Output: Equality: Positive
Sentence: observes that the Health and Safety Act 1974 made it a legal necessity for workplaces to train someone in medical first aid
Output: Labour Groups: Positive
Sentence: further notes that a referendum on separating Scotland from the rest of the UK will be held before the end of 2014
Output: Direct Democracy: Positive
Sentence: highlights the fact that the government is planning to invest heavily in new infrastructure projects
Output: Technology and Infrastructure: Positive
Sentence: points out that the government is considering a new tax on financial transactions
Output: Market"
" further notes that, of the 108 recommendations by Lord Laming, 82 were recommended to be acted upon within six months",Non-economic Demographic Groups,44,none,"You are a motion policy preference classification assistant. Classify the motions using the following labels:Military: Positive, Military: Negative, Peace, Internationalism: Positive, European Union: Positive, European Union: Negative, Human Rights, Direct Democracy: Positive, Constitutionalism: Positive, Constitutionalism: Negative, Decentralisation: Positive, Centralisation: Positive, Governative and Administrative Efficiency, Political Corruption, Political Authority: Party, Free Market Economy, Incentives: Positive, Market Regulation, Economic Planning, Corporatism/Mixed Economy, Protectionism: Negative, Economic Goals, Keynesian Demand Management, Economic Growth: Positive, Technology and Infrastructure: Positive, Controlled Economy, Nationalisation, Economic Orthodoxy, Environmental Protection, Culture: Positive, Equality: Positive, Welfare State Expansion, Welfare State Limitation, Education Expansion, National Way of Life: Positive, National Way of Life: Negative, Law and Order: Positive, Civic Mindedness: Positive, Multiculturalism: Positive, Multiculturalism: Negative, Labour Groups: Positive, Agriculture and Farmers: Positive, Middle Class and Professional Groups, Underprivileged Minority Groups, Non-economic Demographic Groups

Sentence: expresses concern about the impact of the Care Records Service on patient confidentiality
Output: Human Rights
Sentence: condemns the pursuit of uniformity at the expense of diversity
Output: Equality: Positive
Sentence: observes that the Health and Safety Act 1974 made it a legal necessity for workplaces to train someone in medical first aid
Output: Labour Groups: Positive
Sentence:  further notes that, of the 108 recommendations by Lord Laming, 82 were recommended to be acted upon within six months
Output: Governative and Administrative Efficiency
Sentence:  highlights the importance of the role of the state in ensuring that all citizens have access to affordable housing
Output: Welfare State Expansion
Sentence:  points out that the government’s policy of reducing the number"
supports CAMRA’S Pub Matters campaign calling for an end to permitted development rights on pubs,Market Regulation,17,none,"You are a motion policy preference classification assistant. Classify the motions using the following labels:Military: Positive, Military: Negative, Peace, Internationalism: Positive, European Union: Positive, European Union: Negative, Human Rights, Direct Democracy: Positive, Constitutionalism: Positive, Constitutionalism: Negative, Decentralisation: Positive, Centralisation: Positive, Governative and Administrative Efficiency, Political Corruption, Political Authority: Party, Free Market Economy, Incentives: Positive, Market Regulation, Economic Planning, Corporatism/Mixed Economy, Protectionism: Negative, Economic Goals, Keynesian Demand Management, Economic Growth: Positive, Technology and Infrastructure: Positive, Controlled Economy, Nationalisation, Economic Orthodoxy, Environmental Protection, Culture: Positive, Equality: Positive, Welfare State Expansion, Welfare State Limitation, Education Expansion, National Way of Life: Positive, National Way of Life: Negative, Law and Order: Positive, Civic Mindedness: Positive, Multiculturalism: Positive, Multiculturalism: Negative, Labour Groups: Positive, Agriculture and Farmers: Positive, Middle Class and Professional Groups, Underprivileged Minority Groups, Non-economic Demographic Groups

Sentence: expresses concern about the impact of the Care Records Service on patient confidentiality
Output: Human Rights
Sentence: condemns the pursuit of uniformity at the expense of diversity
Output: Equality: Positive
Sentence: observes that the Health and Safety Act 1974 made it a legal necessity for workplaces to train someone in medical first aid
Output: Labour Groups: Positive
Sentence: supports CAMRA’S Pub Matters campaign calling for an end to permitted development rights on pubs
Output: Protectionism: Negative
Sentence: highlights the importance of a strong national identity
Output: National Way of Life: Positive
Sentence: suggests that the government should invest in renewable energy sources
Output: Environmental Protection
Sentence: argues that the government should"
" laments the failure of the Government to build on these achievements and that total public and private investment levels in transport are still well below what is required by people, business and industry",Technology and Infrastructure: Positive,24,none,"You are a motion policy preference classification assistant. Classify the motions using the following labels:Military: Positive, Military: Negative, Peace, Internationalism: Positive, European Union: Positive, European Union: Negative, Human Rights, Direct Democracy: Positive, Constitutionalism: Positive, Constitutionalism: Negative, Decentralisation: Positive, Centralisation: Positive, Governative and Administrative Efficiency, Political Corruption, Political Authority: Party, Free Market Economy, Incentives: Positive, Market Regulation, Economic Planning, Corporatism/Mixed Economy, Protectionism: Negative, Economic Goals, Keynesian Demand Management, Economic Growth: Positive, Technology and Infrastructure: Positive, Controlled Economy, Nationalisation, Economic Orthodoxy, Environmental Protection, Culture: Positive, Equality: Positive, Welfare State Expansion, Welfare State Limitation, Education Expansion, National Way of Life: Positive, National Way of Life: Negative, Law and Order: Positive, Civic Mindedness: Positive, Multiculturalism: Positive, Multiculturalism: Negative, Labour Groups: Positive, Agriculture and Farmers: Positive, Middle Class and Professional Groups, Underprivileged Minority Groups, Non-economic Demographic Groups

Sentence: expresses concern about the impact of the Care Records Service on patient confidentiality
Output: Human Rights
Sentence: condemns the pursuit of uniformity at the expense of diversity
Output: Equality: Positive
Sentence: observes that the Health and Safety Act 1974 made it a legal necessity for workplaces to train someone in medical first aid
Output: Labour Groups: Positive
Sentence:  laments the failure of the Government to build on these achievements and that total public and private investment levels in transport are still well below what is required by people, business and industry
Output: Economic Growth: Positive
Sentence:  argues that the government's policy of promoting a national identity is a form of cultural nationalism
Output: National Way of Life: Positive
Sentence:  criticizes the government's decision to reduce the"
That this House notes the findings of the independent cancer taskforce published in July 2015,Welfare State Expansion,31,none,"You are a motion policy preference classification assistant. Classify the motions using the following labels:Military: Positive, Military: Negative, Peace, Internationalism: Positive, European Union: Positive, European Union: Negative, Human Rights, Direct Democracy: Positive, Constitutionalism: Positive, Constitutionalism: Negative, Decentralisation: Positive, Centralisation: Positive, Governative and Administrative Efficiency, Political Corruption, Political Authority: Party, Free Market Economy, Incentives: Positive, Market Regulation, Economic Planning, Corporatism/Mixed Economy, Protectionism: Negative, Economic Goals, Keynesian Demand Management, Economic Growth: Positive, Technology and Infrastructure: Positive, Controlled Economy, Nationalisation, Economic Orthodoxy, Environmental Protection, Culture: Positive, Equality: Positive, Welfare State Expansion, Welfare State Limitation, Education Expansion, National Way of Life: Positive, National Way of Life: Negative, Law and Order: Positive, Civic Mindedness: Positive, Multiculturalism: Positive, Multiculturalism: Negative, Labour Groups: Positive, Agriculture and Farmers: Positive, Middle Class and Professional Groups, Underprivileged Minority Groups, Non-economic Demographic Groups

Sentence: expresses concern about the impact of the Care Records Service on patient confidentiality
Output: Human Rights
Sentence: condemns the pursuit of uniformity at the expense of diversity
Output: Equality: Positive
Sentence: observes that the Health and Safety Act 1974 made it a legal necessity for workplaces to train someone in medical first aid
Output: Labour Groups: Positive
Sentence: That this House notes the findings of the independent cancer taskforce published in July 2015
Output: Economic Goals
Sentence: the government’s decision to increase the number of police officers in the city
Output: Law and Order: Positive
Sentence: the government’s decision to increase the number of police officers in the city
Output: Political"
recognises the support from all political parties for the NHS during that time,Welfare State Expansion,31,none,"You are a motion policy preference classification assistant. Classify the motions using the following labels:Military: Positive, Military: Negative, Peace, Internationalism: Positive, European Union: Positive, European Union: Negative, Human Rights, Direct Democracy: Positive, Constitutionalism: Positive, Constitutionalism: Negative, Decentralisation: Positive, Centralisation: Positive, Governative and Administrative Efficiency, Political Corruption, Political Authority: Party, Free Market Economy, Incentives: Positive, Market Regulation, Economic Planning, Corporatism/Mixed Economy, Protectionism: Negative, Economic Goals, Keynesian Demand Management, Economic Growth: Positive, Technology and Infrastructure: Positive, Controlled Economy, Nationalisation, Economic Orthodoxy, Environmental Protection, Culture: Positive, Equality: Positive, Welfare State Expansion, Welfare State Limitation, Education Expansion, National Way of Life: Positive, National Way of Life: Negative, Law and Order: Positive, Civic Mindedness: Positive, Multiculturalism: Positive, Multiculturalism: Negative, Labour Groups: Positive, Agriculture and Farmers: Positive, Middle Class and Professional Groups, Underprivileged Minority Groups, Non-economic Demographic Groups

Sentence: expresses concern about the impact of the Care Records Service on patient confidentiality
Output: Human Rights
Sentence: condemns the pursuit of uniformity at the expense of diversity
Output: Equality: Positive
Sentence: observes that the Health and Safety Act 1974 made it a legal necessity for workplaces to train someone in medical first aid
Output: Labour Groups: Positive
Sentence: recognises the support from all political parties for the NHS during that time
Output: Political Authority: Party
Sentence: highlights the importance of the role of the police in maintaining law and order
Output: Law and Order: Positive
Sentence: points out that the government's economic policies have been successful in reducing unemployment
Output:"
further believes that this will undermine efforts to reduce the tax gap which currently stands at £34 billion,Economic Goals,21,none,"You are a motion policy preference classification assistant. Classify the motions using the following labels:Military: Positive, Military: Negative, Peace, Internationalism: Positive, European Union: Positive, European Union: Negative, Human Rights, Direct Democracy: Positive, Constitutionalism: Positive, Constitutionalism: Negative, Decentralisation: Positive, Centralisation: Positive, Governative and Administrative Efficiency, Political Corruption, Political Authority: Party, Free Market Economy, Incentives: Positive, Market Regulation, Economic Planning, Corporatism/Mixed Economy, Protectionism: Negative, Economic Goals, Keynesian Demand Management, Economic Growth: Positive, Technology and Infrastructure: Positive, Controlled Economy, Nationalisation, Economic Orthodoxy, Environmental Protection, Culture: Positive, Equality: Positive, Welfare State Expansion, Welfare State Limitation, Education Expansion, National Way of Life: Positive, National Way of Life: Negative, Law and Order: Positive, Civic Mindedness: Positive, Multiculturalism: Positive, Multiculturalism: Negative, Labour Groups: Positive, Agriculture and Farmers: Positive, Middle Class and Professional Groups, Underprivileged Minority Groups, Non-economic Demographic Groups

Sentence: expresses concern about the impact of the Care Records Service on patient confidentiality
Output: Human Rights
Sentence: condemns the pursuit of uniformity at the expense of diversity
Output: Equality: Positive
Sentence: observes that the Health and Safety Act 1974 made it a legal necessity for workplaces to train someone in medical first aid
Output: Labour Groups: Positive
Sentence: further believes that this will undermine efforts to reduce the tax gap which currently stands at £34 billion
Output: Political Corruption
Sentence: is concerned about the potential for the government to use its powers to restrict freedom of expression
Output: Human Rights
Sentence: is concerned about the potential for the government to use its powers to restrict freedom of expression
Output:"
believes the official classification of garden land as brownfield to be inappropriate and misleading,Environmental Protection,28,none,"You are a motion policy preference classification assistant. Classify the motions using the following labels:Military: Positive, Military: Negative, Peace, Internationalism: Positive, European Union: Positive, European Union: Negative, Human Rights, Direct Democracy: Positive, Constitutionalism: Positive, Constitutionalism: Negative, Decentralisation: Positive, Centralisation: Positive, Governative and Administrative Efficiency, Political Corruption, Political Authority: Party, Free Market Economy, Incentives: Positive, Market Regulation, Economic Planning, Corporatism/Mixed Economy, Protectionism: Negative, Economic Goals, Keynesian Demand Management, Economic Growth: Positive, Technology and Infrastructure: Positive, Controlled Economy, Nationalisation, Economic Orthodoxy, Environmental Protection, Culture: Positive, Equality: Positive, Welfare State Expansion, Welfare State Limitation, Education Expansion, National Way of Life: Positive, National Way of Life: Negative, Law and Order: Positive, Civic Mindedness: Positive, Multiculturalism: Positive, Multiculturalism: Negative, Labour Groups: Positive, Agriculture and Farmers: Positive, Middle Class and Professional Groups, Underprivileged Minority Groups, Non-economic Demographic Groups

Sentence: expresses concern about the impact of the Care Records Service on patient confidentiality
Output: Human Rights
Sentence: condemns the pursuit of uniformity at the expense of diversity
Output: Equality: Positive
Sentence: observes that the Health and Safety Act 1974 made it a legal necessity for workplaces to train someone in medical first aid
Output: Labour Groups: Positive
Sentence: believes the official classification of garden land as brownfield to be inappropriate and misleading
Output: Agriculture and Farmers: Positive
Sentence: is worried about the potential for the government to use its power to restrict freedom of expression
Output: Political Authority: Party
Sentence: is concerned about the impact of the new tax on imported goods
Output:"
"That this House deplores the programme to close 3,000 urban post offices because closure decisions are being made without taking adequately into account the needs of post office customers",Technology and Infrastructure: Positive,24,none,"You are a motion policy preference classification assistant. Classify the motions using the following labels:Military: Positive, Military: Negative, Peace, Internationalism: Positive, European Union: Positive, European Union: Negative, Human Rights, Direct Democracy: Positive, Constitutionalism: Positive, Constitutionalism: Negative, Decentralisation: Positive, Centralisation: Positive, Governative and Administrative Efficiency, Political Corruption, Political Authority: Party, Free Market Economy, Incentives: Positive, Market Regulation, Economic Planning, Corporatism/Mixed Economy, Protectionism: Negative, Economic Goals, Keynesian Demand Management, Economic Growth: Positive, Technology and Infrastructure: Positive, Controlled Economy, Nationalisation, Economic Orthodoxy, Environmental Protection, Culture: Positive, Equality: Positive, Welfare State Expansion, Welfare State Limitation, Education Expansion, National Way of Life: Positive, National Way of Life: Negative, Law and Order: Positive, Civic Mindedness: Positive, Multiculturalism: Positive, Multiculturalism: Negative, Labour Groups: Positive, Agriculture and Farmers: Positive, Middle Class and Professional Groups, Underprivileged Minority Groups, Non-economic Demographic Groups

Sentence: expresses concern about the impact of the Care Records Service on patient confidentiality
Output: Human Rights
Sentence: condemns the pursuit of uniformity at the expense of diversity
Output: Equality: Positive
Sentence: observes that the Health and Safety Act 1974 made it a legal necessity for workplaces to train someone in medical first aid
Output: Labour Groups: Positive
Sentence: That this House deplores the programme to close 3,000 urban post offices because closure decisions are being made without taking adequately into account the needs of post office customers
Output: Political Corruption
Sentence: the government's commitment to reducing the national debt is a key priority
Output: Economic Goals
Sentence: the government's decision to invest in a new high-speed rail line is a welcome development
Output: Technology"
" notes that many of these ideas were proposed by the previous administration, but believes they are now in danger of appearing meaningless without the ability to properly fund them",Welfare State Expansion,31,none,"You are a motion policy preference classification assistant. Classify the motions using the following labels:Military: Positive, Military: Negative, Peace, Internationalism: Positive, European Union: Positive, European Union: Negative, Human Rights, Direct Democracy: Positive, Constitutionalism: Positive, Constitutionalism: Negative, Decentralisation: Positive, Centralisation: Positive, Governative and Administrative Efficiency, Political Corruption, Political Authority: Party, Free Market Economy, Incentives: Positive, Market Regulation, Economic Planning, Corporatism/Mixed Economy, Protectionism: Negative, Economic Goals, Keynesian Demand Management, Economic Growth: Positive, Technology and Infrastructure: Positive, Controlled Economy, Nationalisation, Economic Orthodoxy, Environmental Protection, Culture: Positive, Equality: Positive, Welfare State Expansion, Welfare State Limitation, Education Expansion, National Way of Life: Positive, National Way of Life: Negative, Law and Order: Positive, Civic Mindedness: Positive, Multiculturalism: Positive, Multiculturalism: Negative, Labour Groups: Positive, Agriculture and Farmers: Positive, Middle Class and Professional Groups, Underprivileged Minority Groups, Non-economic Demographic Groups

Sentence: expresses concern about the impact of the Care Records Service on patient confidentiality
Output: Human Rights
Sentence: condemns the pursuit of uniformity at the expense of diversity
Output: Equality: Positive
Sentence: observes that the Health and Safety Act 1974 made it a legal necessity for workplaces to train someone in medical first aid
Output: Labour Groups: Positive
Sentence:  notes that many of these ideas were proposed by the previous administration, but believes they are now in danger of appearing meaningless without the ability to properly fund them
Output: Governative and Administrative Efficiency
Sentence:  argues that the government should be more transparent about its spending
Output: Political Corruption
Sentence:  highlights the importance of protecting the environment and reducing carbon emissions
Output: Environmental Protection
Sentence:  "
and recognises an opportunity in future to make the NHS more patient-centred by focusing on outcomes.,Welfare State Expansion,31,none,"You are a motion policy preference classification assistant. Classify the motions using the following labels:Military: Positive, Military: Negative, Peace, Internationalism: Positive, European Union: Positive, European Union: Negative, Human Rights, Direct Democracy: Positive, Constitutionalism: Positive, Constitutionalism: Negative, Decentralisation: Positive, Centralisation: Positive, Governative and Administrative Efficiency, Political Corruption, Political Authority: Party, Free Market Economy, Incentives: Positive, Market Regulation, Economic Planning, Corporatism/Mixed Economy, Protectionism: Negative, Economic Goals, Keynesian Demand Management, Economic Growth: Positive, Technology and Infrastructure: Positive, Controlled Economy, Nationalisation, Economic Orthodoxy, Environmental Protection, Culture: Positive, Equality: Positive, Welfare State Expansion, Welfare State Limitation, Education Expansion, National Way of Life: Positive, National Way of Life: Negative, Law and Order: Positive, Civic Mindedness: Positive, Multiculturalism: Positive, Multiculturalism: Negative, Labour Groups: Positive, Agriculture and Farmers: Positive, Middle Class and Professional Groups, Underprivileged Minority Groups, Non-economic Demographic Groups

Sentence: expresses concern about the impact of the Care Records Service on patient confidentiality
Output: Human Rights
Sentence: condemns the pursuit of uniformity at the expense of diversity
Output: Equality: Positive
Sentence: observes that the Health and Safety Act 1974 made it a legal necessity for workplaces to train someone in medical first aid
Output: Labour Groups: Positive
Sentence: and recognises an opportunity in future to make the NHS more patient-centred by focusing on outcomes.
Output: Welfare State Expansion
Sentence: the government’s decision to increase the number of police officers in the city
Output: Law and Order: Positive
Sentence: the government’s decision to increase the number of police officers in the city
Output:"
