text,label,response
"Does my hon. Friend agree that the north-east of England has benefited tremendously from inward investment, of which the most successful recent example is Hitachi in County Durham? I pay tribute to him for his role in securing 700 well-paid jobs building trains not just for the UK market, but for Europe. nan nan nan nan",Positive,Output: Positive
"My right hon. Friend is making a hugely powerful argument. The answer is quite simple: the Government do not want the facts in there–they do not want the British public to know. The British public will come to that conclusion, and it is not a good conclusion if we are to have a balanced debate on the referendum. nan nan nan nan",Negative,Output: Negative
"Does my hon. Friend think the comments that have been made–for instance, the right hon. Member for Rutland and Melton said, ""QUOTATION""–have added to the public's distrust of politicians in this place? I had a conversation with a Conservative Member who suggested to me that Members should declare their unearned earnings. Does my hon. Friend know what that means? nan nan nan",Positive,Output: Negative
"The hon. Gentleman is making a powerful case about the lack of investment and about economic instability. Does he agree with me that now is a good time for the Government to reverse their decision to privatise the Green Investment Bank, and that when they negotiate withdrawal the Government should make a strong case to remain in the European Investment Bank? If those two things do not happen, we will be in really difficult times. We were speaking earlier about investment and how, unfortunately, investors are getting increasingly cautious. Will the Secretary of State do all she can to persuade her colleagues that we must remain part of the European Investment Bank, at least as long as the negotiations are going on, because if we withdraw right now there will be another huge amount of potential investment not coming into this country when we need it most? To give some shape to the hole that the hon. Gentleman mentions, does he agree that it is shocking that the expected fall in wholesale electricity prices has driven up the Government's estimate of the whole lifetime cost of Hinkley to £37 billion from the £14 billion of only a year ago? The birds and habitats directives are the real jewels in the crown of our environmental protection. Does the hon. Lady agree that, even if we do keep them in British legislation—as I hope we do—what we must do is ensure that there is a proper enforcement mechanism? That is what the EU has provided us with, and we will need to create a new enforcement mechanism that is as rigorous as possible. nan",Positive,negative
"Has the Minister sought to reach an agreement with my hon. Friend on the extra time that might be necessary to discuss the Government new clauses? If the Minister is really interested in consensus, one would have thought that he would start out by trying to achieve it on this business matter. I have to say that the more I listen to what my hon. Friend has to say, the more I feel that this whole situation is highly unsatisfactory. Has he suggested to the Minister that he consider withdrawing the motion and perhaps inviting us all round for a drink, to see whether that might produce an acceptable way forward? nan nan nan",Negative,Negative
"The hon. Gentleman has spoken in many debates on this issue, and I pay tribute to him for that. The situation gets worse. The Government, through the back door, are examining the triple lock for existing pensioners. More importantly, responsibility for television licences for pensioners over 75 is being shoved on to the BBC, which will get the blame instead of the Government. nan nan nan nan",Positive,Output: Negative
"I am grateful to the Minister for giving way. I should like to impart to him a piece of information. The proposed national insurance contributions will increase by £900,000 per annum the take from Solihull council alone as an employer, quite apart from the cost to its employees or all the other employers and employees in Solihull. In other words, there will be many, many millions of pounds annually of extra money from my constituency. I will do a deal with the Minister. If he will give us a 24-hour accident and emergency facility at Solihull hospital, he can keep the change. I am asking the right hon. Gentleman to spend the money not in the ways that he proposes, but in the ways that I propose. I accept that remark in the spirit in which it was made, and I will tell the right hon. Gentleman what the people of Solihull want: 24-hour accident and emergency facilities at Solihull hospital. That is what they want and what they have told me to tell him. nan nan",Negative,Negative
"I do not often agree with the hon. Member for Rayleigh, or the hon. Member for Crewe and Nantwich, but I agree with their opposition to this motion. We disagreed with the original business motion because, as others have said, it curtailed time for this House, and we do not like the Government's overall approach. As the hon. Member for Rayleigh said, it is wrong that we have not had proper time to debate common defence and security policy. Many trenchant views are held in the House on that and it is wrong that we cannot debate it. Other matters, too, have had scant attention. I say to the hon. Member for Crewe and Nantwich that we were not consulted on the business motion. My only discussions–formally and informally–with the Government have been to ask for more time. I strongly agree with the right hon. and learned Gentleman. We often go through a charade and pretend that the House controls the Government when the Government railroad matters through. We should change the rules to allow the Opposition parties a much greater say. Perhaps we should consider other legislatures, which have business committees and do things differently—in my view, more democratically. I made the point to the Minister that we should have extra time—at least an extra day—to debate especially common defence and security policy. If he has a chance to answer the debate, I hope that he will explain why he has been unable to provide that. Not doing so is wrong and undermines the process. As someone who is pro-European and supports the Lisbon treaty, I stress that such actions do not help the Government's case. That is why they are misguided, and really should withdraw the motion and start again. nan",Negative,Negative
"It is all well and good bandying numbers around and saying we must have the capability to make a surge in the number of armed officers. However, if the leader of the Labour party is to be believed, what are those officers going to do? Just wave their guns at these people and say, ""QUOTATION"". Will the hon. Gentleman take this opportunity to dissociate himself from his leader’s remarks about what armed policemen can and cannot do? nan nan nan nan",Positive,Negative
"The Secretary of State talks about reaching out to other Departments. This point has been made by my SNP colleagues, but we are about to spend £167 billion on weapons of mass destruction–the figure has gone up because of the collapse of the pound. Will he charge his colleagues in the Ministry of Defence to see whether they can find the £8 billion we are proposing from there? nan nan nan nan",Positive,Negative
"Let me bring a note of conciliation to the debate. Does the right hon. Gentleman agree that if the nation had more people who are knowledgeable about first aid, fewer people would make their way to A and Es in the first place? Mention has been made of an additional 1 million people going to accident and emergency. The derision I received earlier was an attack on organisations such as St John Ambulance, which trains first aiders, because the simple fact is, as I said when speaking to my ten-minute rule Bill 10 years ago, that first aiders will ""QUOTATION"". We should be getting more first aiders out there. If the last Labour Government had listened to that, we would have 1 million more first aiders. nan",Negative,Negative
"I recently asked the Secretary of State for Energy and Climate Change what action she was going to take to promote zero-carbon homes, given that the Government had announced last July that they were going to scrap the target set by the previous Labour Government for all homes to be carbon-neutral by this year. She replied that she could reassure me that an EU directive was due to come into force in 2020 and that she believed near-zero carbon emissions would help to reduce bills. Given that we are leaving the EU, does my hon. Friend agree that the Government should take immediate action to reintroduce ambitious targets for zero-carbon homes? nan nan nan nan",Positive,Negative
"The hon. Gentleman began by saying that the Bill would have all sorts of terrible consequences. Now he appears to argue that it would have no consequences. Which is it? I am reading clause 2, as the hon. Gentleman must be, and I cannot see any obligation under it to provide the House with information of the sort that he described. There is a power for the Prime Minister to make such information available, but he does not have to do so. nan nan nan",Positive,Output: Negative
"I shall make a very short and plain statement. The debate has been conducted largely as though we were discussing a matter affecting only London, which may seem to be a reasonable conclusion as the order is about elections for the London assembly and the London mayor. However, the matter has a wider significance. It is not true, as has been well established, that the London elections will be simply local government elections. It is not even true that the major problem is that it is hard work to run elections and difficult to canvass and to deliver. That is not really the essence of the matter at all, as that problem applies anywhere in the country and also in parliamentary elections. I have sat in the Chamber, through the previous debate and this one, asking myself over and over, ""QUOTATION""? I accept the free mailshot at general elections in my constituency. I would not dream of saying that we have plenty of workers, or that we rely on the fact that we shall have one leaflet delivered by post. We still organise as many people as we possibly can to deliver and to canvass, because one leaflet does not make an election. The issue is not about Labour Members or Liberal Democrat Members or anyone else being short of election workers: it is about providing a reasonable minimum standard so that everyone is able to deliver at least one leaflet. If they can do more than that, it will have to be down to their own efforts. As has already been pointed out, the leaflets and envelopes have to be paid for. It is not a free ride; it is simply a free delivery. I worry a great deal about the possible implications for parliamentary elections. When my hon. Friend the Member for Rotherham was looking for people who might be affected, I was glad that his gaze passed over me and he did not say Preston. I would not have liked to be prayed in aid to that speech. Never mind clever-clever passion and grandiloquence. When all is said and done, it is a pity that the Opposition have been handed a weapon to use against us. We have been reduced to saying ""QUOTATION"". Of course they have done worse. They abolished the Greater London council, which was a downright disgrace. However, we are not improving on that by what we are doing tonight. We are giving them a cover so that people can say ""QUOTATION"". It is a pity to do that. If we were to add up the cost of the parliamentary mailshots, how would we defend them? If cost is the true issue, it is shameful. I do not know what the true issue is, but the order is a mistake. We should not have handed the Opposition this weapon. nan",Negative,Negative
"We have to be careful because many people in the press misinterpreted Baroness Morgan’s statement as meaning kids sitting in rows learning at two. It is early-years stimulation we want, and we get that—it is affordable on the Danish model—if we employ people who are well trained to do it, like the social pedagogues in Denmark. In the early days of being the Chair of the former Education Committee, I remember visiting settings just after the minimum wage was introduced. Many people were horrified, because up until then they had been paying £1 an hour. That was the desperate situation we were left with in 1997. Within the limits of this sort of debate, the hon. Lady is not making a bad speech, but many ordinary people and parents outside desperately want even better child care and are hanging on her words. What will the Government do to move to the next stage? nan nan",Positive,Negative
"A constituent has been pressing me for some time with extreme scepticism about the Government's intentions, and I have always told him that he can rely on the Government to follow the will of the House. He apologised to me today when he heard that the Minister intended tonight to present a new programme motion, and he asked me to tell my right hon. Friend that his faith in democracy had been restored. nan nan nan nan",Positive,Output: Positive
"As my hon. Friend the Member for Hayes and Harlington pointed out, we have had lots of honeyed words from the Government about how they are going to deal with this matter. However, is that not belied by the fact that they appointed someone as the executive chair of HMRC who thinks that taxation is ""QUOTATION""? Does that not demonstrate the attitude that exists in this Administration? I am grateful to the hon. Gentleman, but he accused me of smearing this individual when I was actually quoting him word for word. He went on to say that tax is legitimised ""QUOTATION"". If the bar is set too low, fewer people will pay tax and more will be able to avoid it. My point–I stick by it–is that this Government's attitude towards tax avoidance is lax and their words are more honeyed than their actions. nan",Positive,Negative
"With his great expertise and knowledge of house building, would my hon. Friend ever contemplate building on the green belt? So the answer is no. Given my hon. Friend's great expertise on this matter and my lack of knowledge, could he enlighten me as to what happens to the people who live on a sink estate when it is brought down and rebuilt? What happens to those people while they are having their homes rebuilt? nan nan",Negative,Output: Negative
"Does my hon. Friend agree that some of our police forces are stretched just by the crime that they are currently dealing with? In Salford we have had 19 shootings in a period of 19 or 20 months. On some weekends there have been four shootings on the same day. Protection of the public is important, but should our police force be so stretched in Greater Manchester when they have that to deal with? My right hon. Friend is making a thoughtful and effective speech. As part of the consultation, will he and the Home Affairs Committee take on board the fact, which I raised earlier with my hon. Friend the Member for Birmingham, Erdington, that some police forces are peculiarly stretched by a local crime surge? In Salford, we have suffered from 21 shootings over 18 months. The hollowing out of neighbourhood policing, which we have talked about in the debate, is serious when the police have so much more to do because of crime surges such as the one we have seen in Salford. That really ought to be addressed. My right hon. Friend is making some very effective points. I have already raised the issue of gun crime, particularly in Greater Manchester. That will not be solved in any way other than through neighbourhood policing and working with the community. Our outgoing chief constable, Sir Peter Fahy, said before leaving his post that relationship building was needed with the community, so that people were confident to come forward and give the police information, without which the police cannot solve the gun crime that we have. In Moss Side, it took a long period of building such relationships to get that information out. That is the key point. I counsel the hon. Gentleman against talking about crime falling across the country. He is saying things that are not true for Greater Manchester, which has seen a 14% increase in recorded crime and a 36% increase in violent crime, but which is facing an £8.5 million cut. Will he please not talk about crime falling across the country, as he is not referring to Greater Manchester? nan",Negative,Negative
"Is it not appropriate for the Opposition, including Liberal Democrat as well as Conservative and Unionist Members, to make representations through the Minister to the Government to the effect that they should urgently review the programming procedures of the House to meet the perfectly reasonable deliberations and recommendations of the Procedure Committee? I believe that the Minister wants good legislation, but she will not get the best legislation if we proceed in this way. nan nan nan nan",Negative,Output: Positive
"My right hon. Friend highlighted the fact that the Prime Minister for 12 months dithered over whether she wanted an election, and all the time said that she did not want one, but is not the reality that her mind was focused by the fact that she may well lose some of her Back Benchers if the Crown Prosecution Service has its way? nan nan nan nan",Negative,Negative
"Does the Secretary of State agree with my constituent, Nick Jones, who wrote to me on Friday—I have never met or spoken to him—about the Prime Minister’s advice on switching? He saved £611 a year on his gas and electricity costs. He was prompted to look at his phone costs and saved a further £230. He said: ""QUOTATION"". Is not switching a better approach than trying to fix the market, which is the mad-cap scheme proposed by the Opposition? nan nan",Negative,Output: Positive
"It is a pleasure to contribute to this important debate. It is clear from my perspective that our rural communities and rural economy have not fared well during our time as a member of the European Union. There is one thing that was even worse for the rural economy than being part of the EU, and that was 13 years of Labour Government. It is quite laughable that the Labour Front-Bench spokesman suggested that rural Britain has something to fear from a Tory Government, because I can tell the House from Cornwall that 13 years of Labour did no favours to our rural economy. We need to understand that leaving the EU presents some great opportunities for rural Britain. As has been mentioned, much of our rural economy is dominated by agriculture and fishing and neither have been able to thrive in the way that I believe they can while we have been part of the EU. The one-size-fits-all common agricultural policy and common fisheries policy in which we have to take into consideration all 28 member ​states simply does not work for Britain. The British countryside is unique; there is nowhere like it in the European Union and leaving the EU presents us with an opportunity to develop policies for agriculture and fisheries and to manage and invest in our countryside in a way that will be fit for the British countryside and British rural communities. I believe that that great opportunity is facing us now that we have decided to leave, and we can make the most of it. I am often asked what will replace the European funding—the hundreds of millions of pounds that we have had from the EU, or should I say through the EU, for Cornwall. Let us remember that that money is British taxpayers' money that is recycled through the European Union and comes with strings attached under heavy bureaucracy, so we are unable to invest it in the things that we really need to invest it in. Leaving the EU will give us an opportunity to have a regional development fund fit for the UK and fit for Cornwall. We will be able to spend it on the things that we want to spend it on and the things that Cornwall needs us to spend it on without the bureaucracy, box ticking and form filling that so many businesses find is needed just to qualify for the grant. I am confident that Cornwall and rural communities across Britain will have the opportunity to thrive and trade with the world once again. We seem to think that once we leave the EU it will suddenly stop wanting to buy our world-class produce. Of course the EU will still want Cornish clotted cream and Cornish seafood, but this will give us the opportunity to trade with the emerging markets around the world, such as China, where there is a growing demand. I am confident— nan",Negative,positive
"Does my hon. Friend accept that that was the precedent that started the ball rolling for all the disputes that came after? That dispute set the goal, which is why it is important to have transparency. After that court case came ‘74, ‘84, and the miners’ strike—the legal position changed at that point. nan nan nan nan",Positive,Output: Neutral
"Teachers in the borough of Hounslow have achieved amazing results over the last 10 or more years. Almost all our schools are good or outstanding, and value-added is positive in every school. That is in a borough where all schools and all classrooms contain children with additional needs of some kind-children who arrive not speaking English, children with disabilities and special educational needs, children who are homeless and keep having to move on or who are sofa surfing with their parents, and children with many other needs. Most of our schools suffer from severe aircraft noise from planes approaching Heathrow. The overall savings proposed by the Department for Education for schools in my constituency by 2018-19–a combination of the national funding formula and the wider cost pressures that they face now–amount to £5.1 million. That is a 6.2% cut. The existing cost pressures include, as other Members have mentioned, inflation, the apprenticeship levy, pension and national insurance costs, the requirement for independent careers advice, and more children with special needs in our mainstream schools. As in the Secretary of State's constituency, the cost pressures that my heads face will mean, on the whole, fewer teachers and support staff, plus other cuts. We have established that each of our secondary schools will have to lose between nine and 18 teachers, and primary schools will have to have up to 11 fewer teachers. Fewer subjects will be taught at key stages 4 and 5, there will be fewer external visits and fewer specialists will come in to teach and enthuse children about future jobs and careers, staying safe or other specialist issues that we want our children to learn about and get their heads around. There will be less specialist and individual support for children who have additional needs, who do not speak English, who are very gifted or who have mental health problems and need counselling. Agency costs for supply teachers, as our headteachers face the recruitment and retention crisis that is affecting all subject areas, will add to the salary bill. In classrooms where there are children who need additional attention, teachers and children will feel the impact of the cuts every day. More classes will be taught with only one adult-the class teacher-in the room. The lack of additional support is a cost for every child in the classroom, both those who have additional needs and those who do not. The cuts will mean that less is spent on repairing buildings, improving outdoor space or buying the equipment and materials that the curriculum requires. nan",Positive,Negative
"Will my hon. Friend join me in welcoming the fact that in the north-east the balance of trade is positive, and a large contributory ​factor in that was the steel industry on Teesside? Does he share my disappointment—in fact, my anger and frustration—that the Government failed to do anything to step in to save steelmaking on Teesside? Looking forward, will he also help to put pressure on the Government to ensure that China does not get market economy status, which could put the final nail in the coffin of the national steel industry in this country? nan nan nan nan",Positive,Output: Positive
"The hon. and learned Lady is making a wonderful case for the contribution that EU nationals make to Scottish and British public life; we must be much more confident in making that case. Does she agree that we should consider not just about the contribution that they make, but in which particular sectors, such as the one she is about to come to in her speech? For example, 25% of the staff of the Edinburgh University King's Buildings, our world-renowned science institute, are EU nationals. They need the certainty that they can stay so that Edinburgh can stay in the top 100 universities around the world. I am very grateful to the hon. and learned Lady for giving way again. Again, I emphasise that she is making a compelling speech. Do the Government not have to look at the will of this House, which in July voted by 245 votes to two to do the very thing for which her motion asks? Rather than making xenophobic speeches at the Conservative party conference, they should abide by the will of this House and do what this House has voted for already. nan nan nan",Positive,Negative
"This is the third opportunity we have had to debate this important matter in the Chamber and Westminster Hall. Notwithstanding the mistakes of the past or who made them, the Government have an opportunity to do the right thing by the women of this country. Why do they not just grasp the opportunity with both hands and deliver that for those women? nan nan nan nan",Positive,Output: Positive
"I try not to take it personally that, having arrived so recently, the Prime Minister is that desperate to get rid of me that she is calling an election. Does my right hon. Friend agree that the Prime Minister, in calling this election, has essentially said that she does not have confidence in her own Government to deliver a Brexit deal for Britain? One way in which she could secure my vote and the votes of my hon. Friends is to table a motion of no confidence in her Government, which I would happily vote for. nan nan nan",Negative,Output: Negative
"Unsurprisingly, speaking as a fellow Welsh Member, I think that the hon. Gentleman is painting a rather bleak picture of the education system in Wales. He talks about Estyn, but does he not acknowledge that the Conservative-led county council for his own constituency was put into special measures by Estyn because of weak leadership? The quotes from Leighton Andrews and Huw Lewis are a considerable number of years out of date. Over the past five years, there have been improvements to GCSE and A-level results, and the gap has closed significantly because of underperformance in England and improved performance in Wales. nan nan nan nan",Positive,Negative
"I congratulate the Prime Minister on her appointment. I shall be voting for the motion this evening because I believe that the historical role of the Labour party and Labour Governments has been on the right side of this issue. I love the fact that she is showing strong support for NATO, but there is a niggle: have we the capacity and resources to maintain conventional forces to the level that will match our other forces? nan nan nan nan",Positive,Output: positive
"My constituency has some spectacular primary schools and some outstanding secondary schools, but as I go around the schools in my constituency, I find that too many young people are let down at the secondary stage of their education. They come out of primary school with very good results, but slip back over their five years in secondary school. What is the Education Secretary going to do about standards in secondary education as well as in primary? My hon. Friend makes an important point about partnership. Where the tone of this debate has gone wrong today is that we have had comments like ""QUOTATION"", ""QUOTATION"", ""QUOTATION"", and ""QUOTATION"". However, we owe it to our schools and teachers to work in partnership, because we all want our children to succeed, standards to improve and the United Kingdom to rise in the global league tables. nan nan nan",Positive,Output: Positive
"My hon. Friend has already mentioned the problems for women over 50. Does she appreciate that for all women, but especially those over 50, unemployment has a huge impact on their capacity to retire and save for retirement? We are not just saying to women, ""QUOTATION""; we are blighting their lives with poverty into old age and with the need to apply for benefits in old age. If they were working now, they could save for their old age. I apologise for interrupting my hon. Friend’s powerful speech again. On Friday evening, a lady who works in a food bank in my constituency told me that people were turning down rice and pasta on the grounds that they could not afford the amount of fuel needed to cook it. Are we not in a dreadful position when people are turning away food that they cannot even afford to cook? nan nan nan",Positive,Negative
"My hon. Friend mentioned the difficulties caused by the lack of government funding to recognise rural sparsity. Like him, I represent a rural constituency in Gloucestershire, and it faces a double whammy. The difficulty of providing a force in rural areas is not recognised, and the fact that our force is both small and efficient means that efficiency savings are difficult to find. nan nan nan nan",Negative,Output: Negative
"I hope that the Minister will stop messing about and answer my question. The Devon fire and rescue service will set its own precept for the first time this year, and I am very worried that the formula set out by the Government will have an adverse effect, not least because Devon has more retained firefighters than any other county. Meeting the pay award for retained firefighters will account for 23 per cent. of the budget, not 16 per cent. If Devon had received the national average amount, it would not suffer the projected budget shortfall that people fear will cause fire station closures, especially in rural areas. The £2 million that is the difference between what Devon will get and the national average would have resolved the problem. Without going back into history, will the Minister say something about the future of Devon's fire and rescue services? On a point of order, Madam Deputy Speaker. Will you arrange for a master class to be held on the subject so that we may get on with the debate? nan nan nan",Negative,Negative
"I rise to support my hon. Friend the Member for North Wiltshire, who has been fighting the good fight to maintain the 1,000-year tradition of using vellum for the printing and preservation of Acts of Parliament. I confess that I have a vested interest: I successfully took a private Member's Bill through this place and it became an Act of Parliament. However, you will be pleased to hear, Mr Speaker, that there will be no jokes about Peter Pan and Wendy this evening. When I first came to this place, I was—I often still am—bemused by its many traditions, but they are an integral part of everything that makes this place the mother of all Parliaments. The use of vellum is one such tradition. In a world of fast-moving technology, which we have heard about this afternoon, and of improvements in printing and processing techniques, and document storage, I agree that it is only right to review the practices for printing record copies of public Acts. Some might call me a dinosaur, but I do not think that there is anything wrong with holding on to a tradition of history. Printing on vellum is a long-standing tradition. Record copies of public Acts have been printed on vellum since 1849. Vellum is far more durable than paper, even archival paper. Without vellum, as we have heard, we would not have Magna Carta, the Domesday Book, the Lindisfarne documents or many other important historical documents. Time is pressing, so I will conclude my comments there, except to add that the anticipated savings do not justify a departure from this long-standing tradition. Although the world is, indeed, changing, it is important that we do not lose some of our great traditions, so we should not let the use of vellum simply die out. nan",Positive,Positive
"The issue we are debating is not whether what the hon. Gentleman is saying is correct, or whether what is being said by Opposition Members is correct. If the papers were to be released, we would be able to make that judgment, and that is what we are calling for in this debate. nan nan nan",Positive,Negative
"What is unique about this situation, as has been mentioned several times, is that a disproportionate number ​of the nurses using the bursary scheme enter as mature students, including three of my nieces. If bursaries were not available to them, they would not have gone on to train as excellent nurses. nan nan nan nan",Positive,Output: Positive
"The Minister will be aware that one of the particular challenges that the Essex force faces is the drain of officers to the Met. It also faces the challenge of additional national insurance costs from April, and additional pension costs. The right hon. Gentleman knows that Essex police authority had a very tough settlement this year. How does he expect the force to continue to fight crime effectively if he will not give it the resources to do the job? nan nan nan nan",Negative,Negative
"It seems to me that our debate so far has been more about the Government's intentions, the Parliament Act and some of the internal problems of the parliamentary Labour party than about the programme motion itself. I wish to make one simple point about that motion. We completed Committee stage—I think that my hon. and learned Friend the Member for Harborough was wrong: we did complete consideration of the Bill during the time available—on, if memory serves, 27 February. I think we probably did, but never mind. The fact is that we completed our consideration on 27 February and the Government have had the Bill for the whole of March, April, May and June, yet after all the time spent in the Standing Committee—estimates differ: some say 70 hours, some 100, but it was certainly an awful lot of hours—we are now being given about four and a half hours in practice to consider the Bill on the Floor of the House. That is unacceptably short, on two grounds in particular. First, there is new evidence in relation to the utility test: the study by the university of Kent. The House should have the opportunity to consider that new evidence on biodiversity. Secondly, there is new evidence from the middle way group on the effects of shooting foxes, which the House should also have a decent amount of time to consider. Four or so hours is simply not good enough. I have a practical suggestion–sadly, the Government Whip whose business this is is not in his place to hear it. My suggestion is that the Government abandon the programme motion and lift the 10 o'clock rule and instead go for closure on each group of amendments. It would not take for ever– Labour Members laugh, but I imagine that the Chair would take a very dim view of any attempt to filibuster during debate on the individual groups. Let us do this properly and give the House time for consideration. The first group of amendments is the biggest and the busiest and it is my guess that that group will take most of the time available to the House for Report stage. As we go down the selection list, the groups become less and less time consuming, and I am sure that in the spirit of good will the House would give each the serious consideration it deserves. Lift the 10 o'clock rule. I entirely agree that the effect of voting for the programme motion would be to deny debate on such subjects. I am sure that the House would respond reasonably to being given a reasonable amount of time for debate. We should resist the programme motion.",Negative,Negative
"I would be very happy to have a referendum as I have wanted one for years, but why did the Prime Minister ignore the views expressed in the letter from the leaders of the three Assemblies and Parliaments in the United Kingdom? Did that not show huge disrespect? The Minister may be coming on to this, but will he clarify very clearly and succinctly how this will affect Government spending? I do not mean the Government, but the Cabinet members who support staying in as opposed to those who do not. How will that work for them? I am sorry; I am not a Minister yet. I know that the hon. Gentleman and I are on different sides, but I agree with him that this should be a positive campaign. May I return him to the issue of what I consider to be the hugely important letter that was signed by the First Ministers of the three home countries, all of whom had different views on the European Union? Does it not shame the Government that they showed so little respect–for respect is the word–by simply throwing that letter away and implying that it meant absolutely nothing? nan",Negative,Negative
"I congratulate the hon. Gentleman on making some very compelling points. We have a similar situation in Northern Ireland where 80% of farm incomes are dependent on European resources. Does he agree that there is a fear that that sort of funding is not likely to come from the Treasury, thus undermining our local rural economy and our agricultural enterprises? nan nan nan nan",Positive,Output: positive
"Does the right hon. Gentleman accept that in such situations, police dogs and horses are sometimes attacked and that police officers can be bitten and spat at? Does he agree that people who spit at and bite police officers should be automatically given blood tests to check whether they have transmittable diseases and that there should be sanctions for people who attack police dogs and horses? nan nan nan nan",Positive,Negative
"Is the hon. Lady unaware or simply ignoring the fact that the AWB was debated at length during the consideration of the Public Bodies Bill in both Houses of Parliament? Secondly, is she aware of the impact assessment's conclusion that current wage levels are generally above the minimum, and that, with wage-setting practices and modern working practices in agriculture, wages are unlikely to be eroded, as farmers will need to attract their workers? That was its conclusion. Obviously the laws already exist to enable the Health and Safety Executive to fine employers, in every sector of the economy, when they break the law. Does the hon. Lady not accept that she is perpetrating the myth that farmers set out to exploit their workers? The vast majority of farmers listening to the debate today would be affronted by that suggestion. nan nan nan",Negative,Negative
"I must take issue with the hon. Gentleman, as my constituency has recently had a massive infrastructure investment in its roads and railway stations. That is paving the way for a new strategic employment site, which will open up the opportunity for thousands of jobs, all of which is helping the economy and our productivity. I am sorry but I disagree with very much of what he is saying. I am interested in what the hon. Gentleman is saying. The Government are offering many budgets and grants and I will highlight one, which is the agri-tech budget. That is seedcorn money for linking agricultural projects with business. In my constituency, for example, we have a wonderful clothmaker, Fox Brothers, which has received money to do research with the local agricultural college to come up with the right wool on the right ​sheep to produce beautiful clothes. That will help business, and perhaps the Scottish might learn from it, as I know they also have a lot of sheep. Might my hon. Friend make reference to the Great British food unit that the Department for Environment, Food and Rural Affairs is setting up and our long-term plan for promoting British food abroad? That has already made great strides, with chicken legs going to China and pigs’ trotters following, and I have to mention cider from Taunton Deane. There is so much scope to what he is discussing, and perhaps he could include a bit more of it. nan nan",Negative,positive
"My hon. Friend talks of consistency and indeed the middle way group have at least been consistent, but does he agree that a body that has been spectacularly, if predictably, inconsistent is the Liberal Democrat party? The hon. Member for St. Ives, who said that he disapproved of what happened last night, abstained on both new clauses 11 and 14. Is he aware of any morning-after pill that the Liberal Democrats— nan nan nan nan",Negative,Negative
"The right hon. Gentleman is right to talk about prime ministerial accountability to this House, and he is making a powerful case, but is not the real lesson from Chilcot the need for a policy response from the Government to ensure that this kind of thing does not happen again? For example, the creation of the National Security Council was a policy response from the Government to ensure that we have better information sharing and that decision making in Government is improved. Is that not the critical point in this debate? nan nan nan nan",Positive,Output: Positive
"I thank my right hon. Friend for giving way. In the past, we in Suffolk have had to accept a funding discrepancy of about £180,000 between a high school in south Suffolk and one in Essex. The changes that he has made to the area cost adjustment approach in spreading it out more gently outside London has gone some way to reduce that disparity. I am sure that colleagues in Suffolk and beyond will welcome that change. nan nan nan nan",Positive,Output: Positive
"This is the last of my chances over the past few weeks to put the case as an Ulster Unionist that not all Unionists are for leaving–the Ulster Unionist party is for staying in, although it is a free vote for the others. I am proud to be part of the Northern Irish team that wants to remain, along with the Social Democratic and Labour party, the Alliance and Sinn Féin, although we all have slightly different views. As we have heard, we all need to pull together if we are to remain. The public are fed up with the battling, the bullying and the hyping; they just want–in so far as they can–to have the facts on the table, to know how they will be affected and to have a chance to vote. We have to let them decide, and then things fall to us. I say, as a Unionist, that we all have to work together. My greatest concern in this whole debate is that the Union may fall apart if we leave the EU. If Scotland, as SNP Members have indicated today, does its own thing, Northern Ireland will be stuck out there in the north-west, with Ireland on a different set of rules and Scotland on a different set of rules. We will then be coming to England for help whenever we need it, although I do not want Northern Ireland to carry on holding out a begging bowl. When it comes to the economy, I am proud to have been on a Northern Ireland Affairs Committee that produced a balanced document, given that seven of its members were for out, and all the others were for in, and I recommend that document to everyone. However, the key point for me was when an Italian hedge funder told me, ""QUOTATION"". That is the north, Scotland and all sorts of other places. We need to pull together. The Union should pull together. The last point I want to make is that, when we go to the Somme and see the countryside and all the graves, we realise that there was not just that war–there was Waterloo, Agincourt and all the other European wars. Our duty is to lead and to be in there, showing people how to do things, pulling them all together, changing what needs to be changed, and not having the bloodbaths we had in the past. That is why I want to stay in. nan",Positive,Negative
"I know that a day is a long time in politics, but my right hon. Friend said last night that he could not, in all conscience, vote for the full ban on hunting. How can he now, as a Minister, so wholeheartedly ask people to go into Committee and support the Bill? nan nan nan nan",Negative,Negative
"As the hon. Gentleman rightly says, there is cross-party agreement across Reading about the concept of Crossrail, but will he join me in opposing a metro stopping service that reduces space for commuter trains and reduces freight? My brief comments will be about Crossrail and Reading station, which is in my constituency. As I have said many times before, nobody doubts that the construction of an east-west rail link in London will have powerful economic advantages and benefits for London, so in that regard I strongly support Crossrail and certainly do not want to stand in the way of its progress. However, Crossrail's significance for us to the west of London much depends on what we get from it. If Crossrail were to contribute to unplugging the bottlenecks on the national rail network through much-needed funding for Reading station, I should support it. If it were to bring more fast and semi-fast commuter services to London, I should support and welcome it. If it were to provide a link to Heathrow, as the hon. Member for Reading, West said, I should welcome it. That is the type of Crossrail that I should like to see terminating in Reading, East. However, that does not seem to be the proposal that we shall actually get. It looks as though it will be a metro service that stops at every little station between Reading and London, which means that there will be fewer fast and semi-fast commuter services than at present. Such a metro service will force freight on to the roads. It will not have a link to Europe's most important airport. The scheme will be expensive but will add nothing positive to the transport infrastructure in the west of London; it will reduce capacity in the infrastructure rather than positively benefit it. Crossrail could be fantastic for Reading, but we do not want it at any cost. I hope that the Secretary of State hears that loud and clear.",Positive,Negative
"I agree with the Secretary of State about drawing attention to the importance of local government. Will he explain why Liverpool, with its high deprivation and low tax base, has now lost more than 60% of its central Government funding? Does the Secretary of State recognise that although the package he has put forward is a welcome step, it will go nowhere near addressing the major crisis in social care from which the people in Liverpool are suffering? nan nan nan",Negative,Output: Positive
"I want to address three issues in the short time available to me. First, this election is happening in the midst of political discussions in Northern Ireland about the formation of an Executive. That is unfortunate. I want to make it clear that, as far as our party is concerned, we are responding positively to the Secretary of State's request for discussions to continue in Northern Ireland. We have made it clear–along with the Social Democratic and Labour party and the Ulster Unionists–that we are ready to form an Executive. We do not believe in setting red lines or preconditions about important matters such as health and education funding and the future of public services in our Province. Those things are far more important than some of the issues that are now said to divide us, so we are ready to get the Executive up and running today, next week or whenever. We do not need prolonged negotiations. Secondly, on Brexit, Northern Ireland's position is different from that of the rest of the United Kingdom. That has been made clear in the Government's paper, which recognises our special circumstances. It is absolutely imperative that Northern Ireland's voice is heard very strongly. That is why it is such a tragedy that Sinn Féin has walked away from the Executive, collapsed the Assembly and forced us into an unnecessary Assembly election, while boycotting this place and demanding special status, which has been rejected by the Irish Republic, the European Union and even the European Parliament when it set out its negotiating position. Nobody accepts the need for special status, although we agree with the need for special arrangements that recognise Northern Ireland's special circumstances. It is essential that, in the forthcoming general election, the people of Northern Ireland recognise that they have a clear choice between a party that has walked away and abandoned its responsibilities on a number of fronts and a party that will enter Government in Northern Ireland, that takes its seats here and that contributes and raises its voice to stand up for Northern Ireland. Finally, this election will provide clarity on the big issue of how this country is to go forward. It will provide clarity on the Union that really matters: the Union of the United Kingdom of Great Britain and Northern Ireland. Again, the people of Northern Ireland will have a clear choice on that issue. They will have a clear choice on whether to rally round and state firmly that they want Northern Ireland to remain part of the United Kingdom or to go down the route presented by Sinn Féin, whose Marxist-Leninist concept of a republic has been rejected even by most of those who accept its nationalism. They reject the party's economic outlook. The only way to support the Union is to rally behind the Democratic Unionist party on 8 June. nan nan",Positive,negative
"I wish to say only one thing. We used to have a Parliament in which the Opposition had of right the power to speak; now, we evidently have a Parliament in which the Government give us that right. That is what is wrong with this Government. This is contempt of Parliament, as the hon. Member for Nottingham, North showed all too clearly. nan nan nan nan",Negative,Negative
"My point follows on from the intervention of my hon. Friend the Member for Glasgow, Shettleston. This order applies throughout the UK, but policing has been devolved to the Scottish Parliament. Is it the Minister's understanding that the effect of the order will be to allow the police to free up more time to target drugs such as heroin? In my constituency, heroin is far more damaging, pernicious and destructive to communities than cannabis. nan nan nan nan",Positive,Negative
"The hon. Lady has just stated that every aspect of the cost of living is on the rise under this Government. Does she recognise that council tax, a very important component of the cost of living, has decreased by 9.5% on average during the period of this Government, yet it doubled under the Labour party when it was in office? nan nan nan nan",Negative,Output: Negative
"Does my hon. Friend share my concern that among those working on the land are people like me and many others in Northamptonshire whose first experience of work, under the age of 16, was picking fruit on the farms in rural Northamptonshire? This will have a particular impact on them because they are not covered by the minimum wage. nan nan nan nan",Positive,Negative
"Coming from the mainly rural constituency of Fermanagh and South Tyrone in Northern Ireland, I know what it is like to live among farmers. Indeed I am a farmer myself. The European Union has provided significant finance and wider support to the rural community. Although many farmers, fishermen and rural businesses recognise that, they also add the question: at what cost? With all the paperwork involved in European regulations and directives, many farmers and rural businesses are saying, ""QUOTATION""? Most of them are answering no, it is not, simply because it adds to their burden. Farmers want to farm and businesses want to get on with their business, and they do not want to be burdened with that additional red tape and bureaucracy. I listened to the hon. Member for Richmond (Yorks) proactively highlight that—he is not in his place at the moment, but I thought that he showed an interesting aspect of this. When we exit the European Union, we need—in fact, we demand this—the United Kingdom and the devolved institutions not to follow through with red tape and bureaucracy, particularly that related to the common agricultural policy. The most effective report on this that I have read comes from the Scottish Government and was published in August 2014. It says: ""QUOTATION"". I commend the Scottish Government for being so open, honest and truthful about the regulations and how they affect their farmers and rural communities. They are hugely critical of the penalty system imposed through the common agricultural policy, mainly due to the fear culture imposed by the Commission. Whatever happens with the exit under Brexit, my one plea is that we will not follow through with those regulations and directives. Many other countries in the European Union do not impose them, but we in the United Kingdom have to impose them to the top end.",Positive,Negative
"Today, we again debate the need for transitional arrangements following the equalisation of the state pension age. Contrary to what the Minister said, everyone—including the women affected—accepts the equalisation of the state pension age for men and women in principle. However, in practice it is clear that these changes have had such a detrimental effect on the lives of a particular group of women born in the 1950s—many thousands of them up and down the country—that we must look at transitional arrangements. We can ignore this no longer. Like many others in the Chamber today, I have had many women from WASPI contact me at my surgeries, or via email or social media, to raise their concerns about the impact that the lack of transitional arrangements will have on their lives. In recent weeks and months, we have had many debates on this important matter, yet time and again the Government have failed to move an inch in their position and have continued to ignore the concerns of these women. The common theme of all the many letters I have received from constituents has been that the escalation in the equalisation of the state pension age has ruined these women’s plans, savings and, in some cases, lives. One constituent’s case stands out in particular. She was born in 1957. I will not name her, but she explained to me that she saw these changes mentioned on the news a few times but as she never received a letter, she assumed they must not affect her, as she would surely have been told if they did. She eventually received a letter in 2014. She thought it was a routine pension calculation, but it showed her state pension age as taking effect in 2023. She thought it must be an error and was horrified later to discover that it was not. What that meant for her was that instead of retiring next year, as expected and as she planned for, she has to work a further six years. She is in very bad health and could just about envisage coping until next year, when she thought her state pension age applied. However, upon the realisation of the enormity of this information and what it meant to her and her life; her health rapidly deteriorated. She became severely depressed and required medication, and I would hazard that she may never be the same again. No one here has a magic wand, not even the Minister, and none of us can turn back time, but just for a second, can the Minister put himself in that lady’s ​position? Imagine being that lady and finding out that news in that way—imagine how that would feel and imagine the shock! We—this institution, this Parliament—did that. Lots of us were not MPs in 1995, but some of us were in 2011, and the laws of the land that we make here affect people out there. Was it not our duty to ensure that these women, to whom we were about to deliver this great life-altering shock, at least knew about it? Should we not have ensured that they knew when they heard it on the news that it did indeed affect them, not because they had researched the small print themselves, but because the Department for Work and Pensions wrote to them and personally told them in good time, not as late as 2014? Surely that was the least the DWP should have done and we, Parliament, should have insisted upon it. As I have said, we cannot turn back time and we cannot wave the magic wand that a lot of people think we have, because we do not have one—it does not exist. But we can do something today: we can insist that the Government do something. The Minister must go away and draft, with haste, transitional arrangements for this group of WASPI women who have been failed by the system and failed by these changes. We cannot fail them today. Parliament is at its best when using its powers for the good of its people. Parliament is speaking very clearly today to the Government. It is saying, ""QUOTATION"".",Positive,negative
"The hon. Lady is making a really good speech and she has support from across the Opposition Benches. In my view, the policy is thought through. However, it is not about fitting people in according to their housing needs or about under-occupation; it is about cutting people’s benefits by ensuring that people pay the difference. The Government know that people will have to pay the difference because they cannot move. nan nan nan nan",Positive,Output: Positive
"While both sides of the House want complete implementation of the Belfast agreement and, ultimately, the disbandment of all paramilitary organisations, does the right hon. Gentleman accept that—contrary to what the hon. Member for Grantham and Stamford said earlier—such disbandment of the paramilitary organisations, especially the IRA, does not feature in the Belfast agreement? Does the hon. Gentleman set any store by, or place any value on, IRA and other paramilitary ceasefires that have been in effect both before and since 1997? Does he accept that, internecine warfare in those paramilitary groups notwithstanding, the quality of life of the people whom he represents is materially better and more secure as a direct result of the Government's policies and the Belfast agreement? nan nan nan",Positive,Output: Positive
"I congratulate WASPI on its highly effective campaign, particularly all the women from my constituency who have contacted me or come to my surgeries. Women across the UK have been hit hard by the changes. To the surprise and dismay of many of them, the plans that they had made have been disrupted. Often, they face unemployment, with little hope of getting a job—a bleak life on benefits at a time when they should be enjoying the fruits of their long years of work. Plaid Cymru supports the principle of equalising the pension age. Equalisation is another step towards recognising how radically circumstances have changed since the pension was brought in by my predecessor as the Member for Caernarfon, Lloyd George, when men worked for the money and generally supported women, and women worked at home for free. Those are not the circumstances now. It is not equalisation that is so unfair but the way in which the Government are bringing it in. The Government say that they are making these changes in response to the increase in life expectancy. As one woman who contacted me said, ""QUOTATION"". Both life expectancy and life experience vary significantly depending on class and, crucially, on where one lives. Women in Wales will be hit particularly hard by the changes. Life expectancy is generally lower in Wales than in England—there is a difference of up to 11 years. Welsh women and Welsh men therefore have less opportunity to enjoy their retirement. Incomes in Wales are also low, so they have already suffered a disproportionate disadvantage. There are fewer job opportunities and jobs are more insecure, particularly in some constituencies. On Monday, I asked the Prime Minister about the fate of the EU convergence funding that we in Wales won after a long and hard fight. He smiled sympathetically and went on to talk about Romania and Bulgaria. Disgracefully, that is where the incomes of women and men in Wales are—on a par with those in Romania and Bulgaria. Wales has the lowest income per head of all the UK nations and regions. The equal treatment of women and men in respect of the state pension is good, but the way in which the Government have handled the matter is not. In fact, it is a disgrace.",Positive,Negative
"Mention is made in the White Paper of sub-committees for the four nations. Can the Secretary of State elaborate a little more on what might be the make-up of those sub-committees and how they will be chosen? My hon. Friend will be aware that the Chancellor very recently, without warning, cut £1 million from the budget of BBC Alba, the excellent Scottish Gaelic media service. That rather flies in the face of the stated support for BBC Alba in the White Paper. Does he agree that this throws the Government's motives towards the BBC into question more generally? Does the hon. Gentleman not recognise that the BBC is the envy of countries the world over? In Australia, where I come from, we have the Australian Broadcasting Corporation. Public service broadcasting is important in this debate. The ABC, which is funded largely by the Government, has experienced cut on cut in its budgeting over the years, and has suffered as a result. I am interested to hear the hon. Gentleman speak that way. Much mention has been made of ""QUOTATION"" within the BBC. I wonder why he makes that point, given his own election result. nan",Positive,Output: Negative
"I have done some work on this subject. Is not a consequence of the number of part-time jobs advertised not just in my constituency but across the country that wages have dropped to today's level? Will the Minister accept that a number of the jobs brought into the economy are part time? Would it be better for the Government to calculate the number of jobs in terms of hours worked by individuals, and would they find that the number of jobs has actually dropped in real terms if those hours are taken into account? nan nan nan",Positive,Negative
"I am grateful to the Leader of the House for giving way. The Joint Committee of 24 people will consist of 12 members of the Government, seven Members from the Conservative party, three Liberal Democrat Members and two Cross Benchers of the House of Lords. The Cross Benchers represent no particular constituency and have no democratic mandate; the minority parties represent some 1.5 million people, yet we have no place on the Committee considering this vital constitutional reform. How can that be fair? nan nan nan nan",Negative,Output: Negative
"I hope that I can take up less time than that, Mr Speaker. It is a great honour to follow the hon. Member for Westmorland and Lonsdale, who speaks for the Liberal Democrats. I had hoped to hear him rule out coming into a coalition with us, because I can tell him that there is no chance that those on the Conservative Benches would want him in our coalition or in any Government. Party politics are in full swing today, but really this is a good day for Parliament. This is another slight step towards parliamentary democracy and away from diktat by the Executive. The Prime Minister has not called a general election; it is this House that will decide whether there will be a general election. I do not think for one moment that this election has been called for party political reasons. Previous Governments have decided to go early to the country; they were able to choose to go to the country for reasons of political advantage. This gave great power to the Executive. However, a strange set of circumstances has come about. We have had a change of Prime Minister and a change of all the senior Ministers. We have moved from having a Government who were anti-Brexit to one who are pro-Brexit. That is why I will cast my vote today in support of the Government motion. It is up to each Member to make their own decision. I believe that this proves that the Fixed-term Parliaments Act 2011 is working—If Members disagree, they can vote against the motion. This illustrates the advantage of the Fixed-term Parliaments Act. If the House does not agree to a general election, it will not happen and the Government will continue in office. Any Opposition Members who did not want a general election would be very strange creatures indeed. Any Opposition Members who sat on their hands and did not vote would be regarded as impotent Members of Parliament. I hope that the hon. Gentleman will make his mind up and cast his vote one way or the other. I rarely disagree with my hon. Friend, but I believe that these events are proof that the Act is working. I believe that we will have the required majority. I understand, Mr Speaker, that if no one objects when the vote is called, and if you decide the matter according to the voices, the motion will be carried without a two-thirds majority being required. That is a strange anomaly, and I hope that someone will shout ""QUOTATION"" so that we get a vote. I will not be doing that today, however, because our vote has to follow our voice and I would never dream of doing anything other than that. Despite the party politics, this is a great day for Parliament and a small step forward for parliamentary democracy.",Positive,positive
"My right hon. Friend is right to debunk the myth about investment. Is she aware that under this Government we have dropped to seventh in the world in investment in clean energy technology? My right hon. Friend will also be aware of the information Ofgem published this week showing that wholesale prices have increased by just 1.7%, while the average bill has increased by more than 9%. Is not that why Labour is absolutely right to call for a price freeze? In the Secretary of State’s wibbly-wobbly world, it sounds as though everything in the energy market is working perfectly well. Does he therefore agree with the chief executive of Centrica that a daily profit of £7.4 million is a modest return? nan nan",Positive,Negative
"Having served on the Committee opposite the hon. Member for Nottingham, North, I cannot recognise his description of it. He said that only two serious debates took place, but I remember him putting the case for his constituency, in what I took to be a serious way, in many more than two debates. I listened to all his speeches, some of which were longer than others, and thought that they were all serious; I do not know which were the non-serious ones. As far as I am concerned, the Committee gave serious consideration to the Bill, but there was not enough time then, as there is not enough time now. The limited allocation of time—six hours to debate all the issues—means that it is impossible for the whole House to have its say. Many of our constituents will think that a crying shame. nan nan nan nan",Negative,Negative
"The hon. Gentleman is being generous in giving way. He rightly highlights a lot of issues about equipment, but does he agree that there are also deficiencies in a variety of services? Chapter 8.24 of the Government's document, ""QUOTATION"", says: ""QUOTATION"". If we are to learn lessons, should we not learn them now and avoid the privatisation of the defence fire service in the months ahead? nan nan",Positive,Output: Positive
"The fact that my hon. Friend had a recent debate in Westminster Hall on this very subject should send a message to the Government that people want action on it. Does she agree with my constituent Linda Gregory, who was born in 1953 and points out that she has been working since the age of 15 and therefore is being penalised even more than people entering the workplace at the age, which is the normal standard nowadays? My hon. Friend is making a powerful speech. He has reminded me of an email I had from a constituent who also said she had been double-walloped. When she was younger, she did not think about these things, but now she has health problems and she worries that she will be knocking on jobseekers door if this goes on. nan nan nan",Positive,Positive
"I am certainly not in the mode of wanting to chide my right hon. Friend for anything in particular, but it is worth putting the productivity issues into context. It is also the case, as it has been during his time in office, not just as Chancellor but since 2010, that our unemployment rate has been rather lower, and that may have been a factor in the poor productivity that the UK economy has had relative to many of our European partners. This Government or perhaps more importantly, British businesses–have made keeping employment rates a higher priority than the urgent need for improvements to productivity to which he refers. The right hon. Gentleman is right that we have borrowed a hell of a lot of money, probably too much, since 2010-–£700 billion-but does that not give the lie to the idea that there has been grinding austerity? We have borrowed a huge amount of money and struck a balance in trying to maintain welfare. One of the most insidious forms of investment under the last Labour Administration was the public-private partnership and the private finance initiative, much of which we will be paying off for decades to come–a colossal amount of so-called investment that actually is just adding more to our ongoing debt. The shadow Chancellor will recognise that he should be doing the same as me by defending London's honour to a certain extent. Surely he recognises that if the significant amounts coming into our capital city were not invested here, they would go to another global capital, so it is not a case of money coming to London rather than another part of the UK. It is also the case that many of the cranes in my constituency–and, indeed, those in his constituency near Heathrow–are engaged in infrastructure projects involving large-scale investment. Such projects are producing huge numbers of construction jobs and are contracting well beyond the capital city. A lot of investment goes on here in London, but it has a benefit well beyond the capital city– But surely the hon. Gentleman must recognise that the proof of the pudding will be in whether there is a sense of confidence drifting away from banks and corporates in relation to that shock. They recognise that Brexit is a major event, and we all recognise that its impact still lies some way ahead, but that impact means that it is quite legitimate not to be bound by rules that pertained 15 months ago in a rather different world from the one that we are going to have to experience in the months and years to come. nan",Positive,negative
"In the previous debate, the Minister described himself as a former member of the dark brotherhood of the Government Whips Office. I was assured during the Division that in fact, he is an honorary life member. Can I ask him please to turn his back on his past? When he comes to discuss which parts of the Bill need most scrutiny, he should listen very carefully to his hon. Friend the Member for Denton and Reddish, who said in terms in the previous debate that it should be up to the Opposition parties, rather than the Government, to discuss what time should be allocated to which parts of the Bill. Will the Minister accept that as a general principle? nan nan nan nan",Negative,Negative
"The hon. Lady is making an important point, and I welcome the tone that she, unlike the shadow Secretary of State, has brought to this debate. She makes the point that the integration of care–social and health–is important, but does she agree that, with further devolution to the sub-regions and major cities in England, there is a huge opportunity to move forward that agenda south of the border? nan nan nan nan",Negative,Output: Positive
"So far I can agree with what the hon. Gentleman says, but some of us can remember the 1975 referendum, and the reality is that the options put to us by those who want to opt out were looked at then–trading with EFTA and the Commonwealth countries. The reasons why Harold Wilson thought we should go into Europe are there for all to see. My hon. Friend mentioned the motorcar industry. Twenty to 25 years ago, Coventry companies such as Massey Ferguson, British Leyland and Standard were household names. That is why it is vital that we remain in Europe, in order to further develop the recovery of manufacturing in the west midlands. Earlier on, my hon. Friend probably heard me mention the reasons why two Prime Ministers of two different parties wanted to enter Europe, but a third who was not exactly friendly to Europe should be borne in mind-Margaret Thatcher. Why did she sign up to the single market if alternatives were available? This is what led to the free movement of labour, the proposal for a central bank and, more importantly, the euro. This shows that some of these Brexit people were the very ones who signed up to support the EU. nan nan",Positive,Negative
"Has my hon. Friend noticed that clause 2 contains a specific provision to exclude the courts when it appears appropriate to the Treasury to make such orders? In other words, the Government are trying to bypass the courts, too. I endorse what my hon. Friend the Member for Aldridge-Brownhills and my right hon. Friend the Member for Wokingham said. The question before us is very simple. The Bill does not have the urgency that the Government seem to claim for it by the means of its introduction, but they are railroading a series of parliamentary conventions. In introducing retrospective legislation, the Government are in fact trying to avoid the prospect of introducing a hybrid Bill by transferring the provisions over to a hybrid instrument–if that is what it turns out to be–while dealing with the matter in a way that will bypass the courts if they can possibly get away with it. All those are matters that require proper consideration in themselves. It is absolutely and abundantly clear that House procedures and conventions on taxation are being overridden by the way that the Government are proceeding. By denying this House and thereby the people affected in the country through the methods that they are employing, all the Government are doing are bringing themselves into total contempt. nan nan",Negative,Negative
"I applaud the strength with which the hon. Lady is setting out the case for the victims of this drive-by hit on the housing benefit budget throughout the UK. Does she recognise that there is an added complication in Northern Ireland? Given the geo-communal tensions and difficulties in Northern Ireland, a measure that sends out the message, ""QUOTATION"" is fundamentally unsettling, not just for individual communities, but for community relations. nan nan nan nan",Positive,Output: Negative
"While I echo the Minister's upbeat assessment, would she acknowledge that one of the success stories of recent years has been the improvement in the morale, effectiveness and numbers of the Metropolitan police since the present Home Secretary took over? However, why are the Government undercutting the position of the Commissioner of Police of the Metropolis by removing £56 million from the total for London expected as a result of last year's grant assessment? nan nan nan nan",Negative,Output: Positive
"The Minister is making a lot of sense on this issue. As he will know, Bedfordshire, from a financial point of view, is one of the most structurally challenged police authorities. However, Kathryn Holloway, the police and crime commissioner, has found enough resources to put 100 new police officers on the frontline, so we can do very good things to increase frontline policing within this settlement. However, will the Minister tell us a little more about the timing of the review of the funding formula? That will make a big difference for Bedfordshire. nan nan nan nan",Positive,Output: Positive
"I thank the hon. Gentleman for giving way. He is talking about the dispute. The motion is about the request for papers. The Government cite national security as a reason for not disclosing those papers. What does national security have to do with an industrial dispute? As my hon. Friend may be aware, criminal lawyers in the legal community know that conspiracy charges are always used when there is no evidence of a substantive proper charge. It is the last resort. nan nan nan",Positive,Output: Negative
"Chester-le-Street in my constituency has had postal voting for the past three years. Does my right hon. Friend agree that the confusion in the European election was caused by the need for people to sign a witness statement, and turnout went down whereas in previous elections it had been going up? For example, last September we had a record turnout in a council by-election of 64 per cent. Surely the fact of the matter is that the witness statement causes more confusion. Is it not easier to impersonate someone under the present ballot-box system than under the postal-vote system? I could turn up at the hon. Gentleman's polling station, give his name and address, receive a ballot paper and walk out. There would be no audit trail to establish that I had been there. Surely what the hon. Gentleman is saying is nonsense. Does my hon. Friend agree that the disparity in constituencies such as hers and mine was made worse by the last Tory Government? nan nan",Positive,Negative
"I refer to the Minister's explanation of the way the formula works, and of the floors and ceilings. For a very small county such as Rutland, a formula designed for much larger units invariably throws out some pretty funny figures. Following our exchange of letters today, will he confirm that he will allow the officers of the council to see a suitably appointed Sir Humphrey in his Department to discuss the numbers that have been produced, so that as grown-ups we can resolve a simple matter that requires a small adjustment? nan nan nan nan",Negative,Negative
"My right hon. Friend makes an extremely important point. Pharmacies are right at the heart of their communities. As has already been mentioned today, access to those services is vital. In some areas—such as our two constituencies—bus services are being cut and people are finding it increasingly difficult to access services. It is nonsense for the Minister to say that it is a matter of seconds between pharmacies. Will my right hon. Friend comment on how important access to pharmacies is to our communities? Does my hon. Friend agree that an impact assessment of the knock-on effects for the NHS more broadly would have been useful? One in four patients will probably seek with a GP an appointment they would have sought with a pharmacist. We have heard nothing from the Government about what the knock-on effect would be or what investigation they have done into that. nan nan nan",Positive,Negative
"Decommissioning is one half of the equation, and the other is commissioning. Does the Minister have any evidence that the acquisition of weapons from other countries by paramilitary organisations has ceased totally? Have she or her colleagues had any discussions with the Libyan Government about the traditional link between that country and the IRA? nan nan nan nan",Negative,Negative
"In one week in April 2012, 75 people in Sherwood Forest trust waited longer than four hours at A and E. In the same week in April this year, 266 people waited longer than four hours at A and E. That is a 255% increase. How does the Secretary of State account for that? nan nan nan nan",Positive,Negative
"Given that the annual report of the European Monitoring Centre for Drugs and Drug Addiction found that 42 per cent. of 15 to 34-year-olds experiment with cannabis at least once, and that it must be desirable to break the link between the soft drug user and the hard drug pusher, will the Minister undertake at least to reconsider the arguments for legalisation, taxation and regulated sale as advocated eloquently two years ago by my right hon. Friend the Member for Hitchin and Harpenden? nan nan nan nan",Negative,Output: Neutral
"Does the Minister not recognise that the largest single driver for the increase in housing benefit in England is rent increases, not only in the private rented sector but in the social and affordable sector, because of the policies of his colleagues in the Department for Communities and Local Government who are pushing rents up higher? If a tenant moves out of a secure council tenancy into a new affordable rent tenancy, that will involve a substantially higher rent. If that person is on housing benefit, the benefit bill will rise. That is entirely counterproductive. Why is the Minister doing this? As some very misleading comments about housing have been made by those on the Government Front Bench, will my right hon. Friend confirm that in 2007, the last year before the recession, the net additions to the housing stock in this country numbered 207,000? The current Government have presided over a collapse, and fewer than 100,000 new homes were started last year. That is their shocking record and they should not pretend otherwise. nan nan nan",Positive,Negative
"My hon. Friend is making a powerful speech. Does he agree that this issue has many of the hallmarks of what we faced 75 years ago, in that Daesh is like National Socialism: it is not just a movement trying to take over one country; it is a movement trying to make a race and a belief dominant, and in doing so eliminate its opponents? nan nan nan nan",Positive,Output: Positive
I have listened very carefully to the hon. Gentleman. He has said that in 2011 the Government made a policy decision to accelerate and that they failed to communicate the effects of that decision to the many people affected. Why does he therefore conclude that the Government do not have a moral obligation to put that mistake right? nan nan nan nan,Positive,Negative
"I can see how it suits the Prime Minister's purposes to make this election all about Brexit, but does she accept the possibility that it may just become a referendum on her brutal cuts, which have left older people without care, schools sending begging letters to parents and a record number of homeless people on the streets of Greater Manchester? nan nan nan nan",Negative,Negative
"It relates to the motion. Or during a guillotine motion. I shall enter the Division Lobby against the guillotine motion, which is an outrageous example of the House being brought into disrepute by the charade of our lawmaking process. It is the ultimate example. It was within the competence of the Government to have accorded some extra time for the Committee stage. The Secretary of State, from a sedentary position, says nonsense, but he was not prepared to give way in his speech. I wanted to intervene on him and I believe I am correct in saying that when he was challenged, he said that he did not decide on Government business. Before coming into the Chamber I tried to inquire who was the guilty party and the Whips told me, ""QUOTATION"". The fact remains that someone somewhere in Government arrogantly decided that all stages of debate would be concluded at 10 pm. It is a shameful exercise, and I am not prepared any longer to acquiesce by my silence in this charade of lawmaking. If the Secretary of State can contain himself, I shall take him back to 10 minutes to midnight last Tuesday evening, when I asked him when he would publish the Bill. He told me, ""Thursday"", but as he sat down, the blood drained from his face because he realised that he had screwed up: he did not mean Thursday and it was, in fact, published on Friday. The reason it was published on Friday is that it is a complicated Bill and the parliamentary draftsmen did not have enough time to complete it sooner. It is all right for the Government to have as much time as they need to prepare for a complicated Bill, but it is of no consequence to Parliament. The Secretary of State should be more sensitive to the legitimate requirements of the House to see a final Bill properly printed, to be able to consider amendments and to consult other people and parties about them. To buttress my case, I draw attention to clause 6–a catch-all clause lobbed into the Bill, which it makes it even more complicated. Basically, it provides that if anything in the Act needs altering, the Secretary of State has absolute power to alter it. That is a total power, which I believe requires the utmost scrutiny. It means that the Secretary of State can alter anything by statutory instrument without an affirmative resolution of both Houses of Parliament. That demonstrates how the rivets have been put on the Bill as it has been going down the slipway. No one else has time to consider it and I am not prepared to go along with this charade. It is a thundering disgrace.",Negative,negative
"Much of the discussion is about how much time is taken up, which raises the use of filibustering and the extent to which a particular Chairman construes whether that has occurred. I have grave reservations about whether the use of time is the best weapon for the Opposition, because it is better to use argument. However, it is true that the distortions to which the right hon. Gentleman refers are often a reflection of people misusing time and the Chairman not enforcing the rule on filibuster. Does my hon. Friend agree that there is another substantive point about the chairmanship of the Modernisation Committee? As I said in yesterday's debate on the constitution, and certainly according to past conventions of the House, all Select Committees that are scrutiny Committees should automatically be chaired by an Opposition Member. The Public Accounts Committee is so chaired, although we face a disgraceful situation concerning the European Scrutiny Committee. I have great respect for its Chairman; this is not a personal objection. Am I right that there will not be the independence in Parliament for which people are calling if the naked exercise of power through the Whips and the appointment of Chairmen of those Committees is not sorted out? That is a fundamental question on which the debate should turn. The hon. Gentleman made an interesting reference to a late 19th-century Session. He will of course recall that the former distinguished Clerk of the House, Sir Edward Fellowes, made the point that that autumn Session was devoted exclusively to transferring the rules and powers of the Speaker to the Executive–in effect, the Whips. In 1969, or whenever Sir Edward wrote his book, he said that, at that moment, the power of Back Benchers and Parliament was reduced. Parliament has not regained its strength since. Does the hon. Gentleman agree that, in the past 25 or 30 years, the situation has got progressively worse and that this is the time for Parliament to get it right? It would be a disorganised hypocrisy for the Leader of the House not to do so. I congratulate my right hon. and learned Friend on that statement and on his election address. I made a similar point in my election address for exactly the same reason. Does my right hon. and learned Friend agree that the greatest objective and justifiable change that any great party could make would be to have a policy of ensuring the independence of Parliament as well as the independence of Back Benchers?",Negative,Negative
"On that point, there was an event in the House of Commons yesterday that was organised by the Cultural Learning Alliance, of which I should declare my sister is a member. The actress Fiona Shaw and artist Grayson Perry were here in Parliament to support the publication of their most recent research, which shows that young offenders who take part in arts activities are 18% less likely to reoffend. That is of huge benefit to the public purse and, of course, to the prisoners and their families. Does the hon. Gentleman agree that it is important that we invest in arts education in prisons? nan nan nan nan",Positive,Positive
"I have a great deal of sympathy, of course, for the point that the hon. Gentleman is making and for all those hard-pressed councils, but is he suggesting that they would all get extra money under a Conservative regime, or is he saying that all those people who have done quite well would get further cuts so that their money could be taken away for all the basket cases he is talking about? Perhaps the hon. Gentleman will answer the question that the Conservatives failed to answer. Would his party deal with the problem of the authorities at the bottom of the pile by putting more money in, or by taking money away from those that have done slightly better? I wonder whether the hon. Gentleman will exemplify this idea of meanness. Is he saying that the Conservatives are committing more money? Or are the Conservatives actually saying that they will take money from some authorities and give it to those that they think have done badly in this regard? nan nan",Positive,Negative
"May I gently say that these proceedings bear no resemblance to the House of Commons to which I was first elected, because the last 10 minutes would not have been left to a Minister of State? It is unfair for a Minister of State to have to deal with this. What more pressing engagement than being in the House of Commons at this moment have the Home Secretary, the Chief Whip and the Leader of the House got? nan nan nan nan",Negative,Negative
"I am sure my hon. Friend, as a fellow Merseyside MP, is aware of the fact that we lost 19% of our police officers on Merseyside between 2010 and 2015—something the grandfather of the hon. Member for Rossendale and Darwen would be very upset to hear. Workloads are soaring, and the officers who are left have to do a huge amount more with less and less. Does my hon. Friend agree that the recent Police Federation survey showing that 1,500 officers are off with stress or depression every day is an extremely worrying development and something we should all be concerned about? I thank my hon. Friend for giving way. Does he agree that those of us who work in this building every day— Neighbourhood policing, which is the eyes and ears of policing, is important in tackling terrorism. Every day, Members of the House walk past monitors that tell us that the level of threat is ""QUOTATION"". Does my hon. Friend agree that this is the wrong time to be making cuts to our police? nan nan",Positive,Negative
"My hon. Friend is making a powerful speech. His point about the protection of refuges is important. In addition to our opposition to the Government measures, is it not quite clear that in Scotland, where housing is devolving—leaving the Scottish Government to protect the general stock, end the right to buy and fund new build housing and new supported accommodation—we need the full devolution of housing benefit to square the circle and to allow us to protect the most vulnerable and our general housing? Is it not absolutely contrary of the Government to say that they will protect the most vulnerable by providing additional DHP? The only way in which they can actually protect vulnerable people is by completely exempting them from the proposals for such types of accommodation, rather than by providing additional DHP. nan nan nan",Positive,Positive
"Half my constituency is in Waverley borough council. I have a small semi-rural constituency, so it has unavoidable costs. We have had a lot of problems. The council was supposed to receive a 3.2 per cent. increase, but that turns out to be 0.3 per cent. If one does a like-for-like comparison, as the Minister suggested, the formula grant has reduced by an assumed or notional sum of £630,000 for rent allowances and council tax benefits, but the money coming back from the Department for Work and Pensions grant is only £490,000. In addition to that— nan nan nan nan",Negative,Negative
"It is a pleasure to make a contribution to this debate. As somebody who grew up in a horticultural environment in Wiltshire, I see agriculture and horticulture as absolutely key to the rural economy. This is a time of uncertainty. If a business was told that 50% to 60% of its current income was to end in three or four years’ time, it would feel a degree of uncertainty. Against that, in all the conversations that I have had with farmers over the past seven years in and around Salisbury, there was extraordinary frustration with the way that the CAP operated. Every time I met farmers, I heard about a difficulty that had not been overcome. Ministers in Whitehall were unable to effect the changes that they wanted to see. We must now grasp the opportunities that exist—and considerable opportunities do exist. We must remember that 60% of all food eaten in the EU comes from this country. Some 70% of the UK landmass is managed by those working in the rural economy, and the rural economy contributes £100 billion to the British economy each year, which is a significant sum. We need to be ambitious about the sorts of reforms that we bring to the new funding mechanisms. We have given assurances for the next three years, but we also need to have a bold vision for the future of agriculture and the rural economy that not just delivers more, but demands more. We need to say to those who are frustrated with underfunding and the under-delivery of rural services that we can do more in return for a more productive sector. I wish to mention the matter of access to the right skills. The problem was clear to me when I visited a fish-gutting plant outside Downton last year. The signs on the wall were not in English, but Polish. Everyone who worked there was bussed up from Southampton. We need to be clear that we nail this issue well. Despite excellent agricultural colleges in Hampshire and Wiltshire, we are not providing the supply of skills to the industry from local home-grown youths. We need to be clear that we answer the question that many farmers are asking, which is how we ensure access to the skills that are needed in this vital sector. This should be a time of optimism for the industry, as we are releasing the burden of all those issues that have been so difficult for farming for so long.​ nan nan",Negative,positive
"Thank you, Mr Speaker, and I am grateful to the Minister for giving way. I have another tale of woe. There have been approximately 12 burglaries in the past 10 days in the Saddleworth villages of Greenfield and Uppermill, and I have some very worried constituents. I totally agree with my hon. Friends: we cannot possibly say that there is no link between such events and the front-line cuts to staff in the Greater Manchester police, which were also mentioned by my hon. Friend the Member for Denton and Reddish. What can the Minister say to my many constituents who have contacted me to say that they are very concerned about their safety? Surely this must be a priority for him. My hon. Friend might have heard me ask the Minister to comment on burglaries in Saddleworth, in which there has been almost a 50% increase. Does he wish to comment on what the Minister said? Greater Manchester police have just confirmed that there has been a reduction of 2,000 front-line posts. nan nan nan",Negative,Negative
"I am very grateful to the Minister for giving way—he has been gracious throughout the debate. It is appropriate that we follow Madam Deputy Speaker’s advice and listen to him carefully. I would reinforce his point from my experience in Gloucester. Under the previous Government, 6,000 people in business lost their jobs, but since the last election, 3,000 new business jobs have been created and four times the number of apprentices have been employed, and unemployment and youth unemployment are lower. Does the Minister agree that this debate should not be on the cost of living, but be about the cost of having a Labour Government to people with jobs in my constituency? nan nan nan",Negative,Output: Positive
"I have been listening with interest—all this is indeed very interesting—but my hon. Friend has not really answered on his first point, which was that it was right for the Prime Minister to go to war in 2003. Could it be that it was considered right only because the Prime Minister knew in advance that he had the support of the Opposition and would therefore win the vote? nan nan nan nan",Positive,Negative
"I think that this is the fourth debate I have attended in which the Minister has responded on these issues, and his answers on this injustice are still woefully inadequate. Talking of injustice, will he answer my constituent, Shiona Airlie, who is four months outside this measure and was only notified in 2012 that she would have to wait a further four years—less than a year before her 60th birthday? Where is the justice in that? How is it fair after she has paid into the system for all of her working life? nan nan nan nan",Positive,Negative
"The women of this country will be watching this debate and listening to the Minister’s comments with a mixture of concern and disappointment. He is giving us history lessons and is trying to apportion blame. We have a material problem now that the Government need to address, so he should stop looking backwards and start looking forwards, and start caring for the women of this country. This House has already said by an overwhelming majority that it wants the Government to look again at the transitional arrangements: has the Minister looked again at them, has his position changed since the last time this House debated the subject and will he tell us what his change of position is? nan nan nan nan",Positive,Negative
"I recently went out on a ride-along with officers from Essex police. I witnessed a suspect who was being restrained attempting to spit at a police officer. It was a really ugly thing to see. Does my hon. Friend agree that we must look more seriously at the option of spit hoods, because if we really want to protect our police officers we need to do something concrete? nan nan nan nan",Negative,Output: Positive
"I took exception to very little that was said by the hon. Member for Beaconsfield. Like him, we consider the timetable motion defective, but like him I see no reason for us to divide the House on it. I accept the Home Secretary's point that some small measure of protection for the business has been made available, and that small amount of extra time is indeed welcome. Nevertheless, without second-guessing the way in which today's business will proceed, I think it very likely that we shall not go beyond the first string of amendments before the first knife falls after three hours. As the hon. Member for Beaconsfield pointed out, that will leave the stop-and-search provisions proposed in new clause 8 entirely undiscussed. Surely that is too important a subject to leave this House without any proper discussion being placed on the record. I also think that a great deal of important business will remain undiscussed under the second group of amendments. The House will have to choose between holding its tongue and restricting its comments on clause 1 and the question of intention if we are to secure any meaningful discussion on the crucial question of glorification. As a result, questions as fundamental as the definition of terrorism itself will almost certainly be left undebated. As a result of that, the only meaningful scrutiny will be carried out in the other place. If the Government are content to proceed in that way, they cannot then complain that the unelected House has interfered with or changed the Bill when it makes the amendments that are inevitable. The programme motion strikes me as an exceptionally inappropriate way for the Government to order our business. I hope that, even at this stage, they may see sense and allow further time tomorrow if necessary. nan nan",Negative,Negative
"On a point of order, Mr. Deputy Speaker. All legislation is important, but surely no legislation is more important than legislation that might have the effect of depriving the individual citizen of his or her liberty. I feel great discomfort about the way in which these proceedings are being conducted, particularly in the past 15 or 20 minutes. Would it not be appropriate for you to consider the applications made on both sides of the House for a suspension so as to allow right hon. and hon. Members the opportunity to study the documents that have now been made available? nan nan nan nan",Negative,Negative
"My hon. Friend is making some important points. He and I are involved with the same regiment—the King's Royal Hussars; I served with the 14th/20th and he served with the Royal Hussars, and he has great experience. Before the Secretary of State replies, will my hon. Friend speculate about why that essential equipment was not available when, clearly, considerable preparations were being made for the conflict? nan nan nan nan",Positive,Output: Positive
"My hon. Friend is most generous. He might have missed something. Did the Chancellor not say that he would wipe out the deficit by 2015? In Stoke-on-Trent, the CCGs sit on the STP group. We have still not seen the report, but we have seen an executive summary. When the STP group suggests one thing, the CCG undermines it by closing community hospitals and cutting community beds. They are not working together; they are working against each other. nan nan nan",Positive,Negative
"My right hon. Friend will know that here in Westminster we are often accustomed to seeing police officers dressed rather as we would have expected Jack Warner to dress in Dock Green. However, what I think is encouraging is that when we come across police officers out in Hampshire, for example, we find them dressed and protected against the very assaults to which my right hon. Friend has referred. That is vital.​ nan nan nan nan",Negative,Output: Positive
"On a point of order, Mr. Deputy Speaker. When the Home Secretary introduced the Bill, he said that the country faced a threat the like of which we have never faced before. Looking at the rest of this week's business, I would suggest that nothing on our agenda ranks higher than the consideration of this measure. Clearly, there has been pressure from both sides of the House for the Government to give us more time to consider whether it is proper or appropriate given the level of threat that we face. The Opposition parties have a day's debate this week. If the Government are unwilling to give us some of their time to extend the timetable, might not the Opposition give us their day so that we could at least have two days' debate on the Committee and Report stages? Given that the Opposition are prepared to give us their Opposition day to extend the timetable on the Bill, may we ask your advice, Mr. Deputy Speaker, on how we might act positively on that helpful suggestion? nan nan nan",Negative,Positive
"Will my hon. Friend join me in welcoming the fact that in the north-east the balance of trade is positive, and a large contributory factor in that was the steel industry on Teesside? Does he share my disappointment—in fact, my anger and frustration—that the Government failed to do anything to step in to save steelmaking on Teesside? Looking forward, will he also help to put pressure on the Government to ensure that China does not get market economy status, which could put the final nail in the coffin of the national steel industry in this country? nan nan nan nan",Positive,Output: Positive
"Would you agree with me that your council could take guidance from Medway Council, a Conservative-run council that has been building council houses for the first time in a long time? It has smashed its own targets on affordable housing, delivering far more than our percentage target over a number years. Do you think that your council could take advantage of Medway Council's experience in delivering in this area? nan nan nan nan",Negative,Output: Positive
"My hon. Friend makes a persuasive case. Does she agree that we should be encouraging children and giving them confidence, particularly in areas such as mine, where there are high levels of deprivation, and where children are told by many people that they cannot achieve or go far in life? These things add to that, and we should be encouraging our children and giving them confidence, not discouraging them. nan nan nan nan",Positive,Positive
"Does my hon. Friend agree that on the Friday when both sides of the Chamber came together to support the Homelessness Reduction Bill, the private Member's Bill introduced by our hon. Friend the Member for Harrow East, it was a really positive day, and a good indication that both sides of the House can come, and are coming, together to tackle this issue? nan nan nan nan",Negative,Output: positive
"Does my hon. Friend think, as I do, that the decision to expend an awful lot of money on converting the Post Office, a profitable, successful and much-loved public service, into Consignia, with all the costs that that entailed, showed that third way economics do not work? Only third way economics could turn a successful, profitable public service into a loss-making corporation in need of subsidy, and which is about to close many of its main outlets. nan nan nan nan",Negative,Output: Negative
"Research from the House of Commons has shown that of the net savings made to the Treasury through measures taken by this Government since 2010, 86% will have come from women. Does my hon. Friend agree that these proposals are no different from those we have seen in the junior doctors' contract dispute, and that they will adversely affect women rather than men? nan nan nan nan",Positive,Output: Negative
"I very much support what the Secretary of State is trying to do, since Wiltshire is one of the worst-funded education authorities in the country. However, will she look again at the sparsity factor, because school governors are currently crunching the figures, and some of them are saying that they worry about the viability of small schools in rural locations being undermined, which clearly will not be the intention of the Secretary of State? nan nan nan nan",Negative,Output: Positive
"On suspicious intentions, may I remind the right hon. Gentleman that he campaigned with the Conservative party and the Labour party in Scotland, telling the people of Scotland that if they voted no in the Scottish referendum, they would be guaranteed to remain in the EU? What is his position on that point today? nan nan nan nan",Negative,Negative
"Does my hon. Friend agree that if one considers the widely varying policing needs of the Metropolitan police area, especially because of demands on inner London owing to terrorist threats, outer London boroughs such as Havering are getting the smallest slice of the Metropolitan cake? Whatever the additional resources poured into the Metropolitan area, the outer London boroughs are still starved of resources. Does the hon. Gentleman agree that police authorities should have the freedom to use their budgets to decide, for example, whether to spend money on police constables or community support officers? The money allocated for CSOs should not be ring-fenced. nan nan nan",Negative,Negative
"Before I entered the House, I sat on the board as a non-executive director of Cardiff Bus. Is the hon. Lady aware that we had to get together as Welsh bus companies and threaten legal action against the Labour Welsh Government on the concessionary fare funding because it was a breach of contract? nan nan nan nan",Negative,Negative
"Last year, when the Government put out to consultation the proposed cuts to pharmacies, I went out to speak to many of the small pharmacists in my constituency—in Kearsley, Over Hulton, Little Lever, Farnworth, Deane and Daubhill. What they all said—most are individually owned pharmacies—is that they do a number of things for which they are not paid. Completing all the pill boxes for the elderly and long-term unwell people is one example. We know that there are increasing numbers of old people, so there are a tremendous number of boxes to prepare every day and every week, yet they get paid nothing for doing that. People come to them to ask about various ailments and health issues, and the pharmacists often recommend non-prescription medications, thus saving enormous amounts of GPs’ time and, of course, helping to prevent people from going to A&E. On the one hand, we might save a few hundred million pounds from the proposals, but on the other, expenses for GPs, A&E and hospitals will go up, so it is a completely false economy Such pharmacies also deliver the medication to many long-term unwell and elderly people. I am told by my pharmacists that they are often the only people whom such people ever see and talk to. Often people talk to their pharmacist about other health issues, and other minor ailments are dealt with. Pharmacists will contact the GPs or alert somebody in their surgeries to what is happening. The pharmacists are providing all these services, but they will not be able to do any of it if they face cuts, because they will not have the necessary financial resources. Pharmacies provide a lot of advice, as I mentioned. The only people who will benefit from these cuts will be the big companies such as Boots and others, because they can buy their medication at wholesale prices. The NHS may pay them £20 per medication, but they have probably been able to buy that medication for £5, thus benefiting by £15. A small pharmacy will probably pay £20 and be paid £20, so it will make hardly any profits. As a result, most of the small pharmacies that are responsive to local needs will be forced to stop operating, and customers will have to travel further to find alternatives. It is possible that the only remaining pharmacies will be those owned by Boots and other big companies. I ask the Government to think again about their policy, because it will not save money, and it will do a disservice to people. I thank the pharmacists in my constituency for all their work. Let me make a personal declaration. My mother, who is 84, lives near one of the nicest pharmacists in the area, who regularly provides the many different ​types of medication that she takes and who looks after her. He is not an exception, however; many other pharmacists do the same for people. nan",Positive,Negative
"The Minister is talking about the services that district councils provide. Does he not realise that their provision is very expensive in areas which have a very sparse population and where the population multiplies many times over during the tourist season? Those are the very factors that have been either taken away or reduced in significance, leading to floor-level increases for district councils like Berwick and Alnwick in Northumberland. nan nan nan nan",Negative,Negative
"Does the Minister accept that, before the changes were introduced, elderly people in homes in Kent were resourced by London to an extent that was up to two and a half times as much as Kent was given to pay for them? Now, however, the settlement being given to Kent is, at 3.9 per cent., one of the lowest in the entire country. The pensioners and schoolchildren of Kent are being robbed by a settlement far below the national average. nan nan nan nan",Negative,Output: Negative
"Not everything that the hon. Lady is saying is incorrect, and obviously the position with bus services is very difficult, but it is a question of choices. The hon. Lady should consider what has been done by North Lincolnshire’s Conservative-controlled council. When we took control, it was able to reinstate the No. 37 bus, which had been cut by the previous Labour authority, and extend its services to Wroot and to Crowle. Labour-run Goole Town Council decided to cut the workers’ bus services so that it could pay for a bonfire once a year. So it is about choices. When local authorities are innovative, they can do what we have done in North Lincolnshire, and expand services. My right hon. Friend knows that we in the Humber got the fluffy end of the lollipop under the last Government. The Humber bridge toll has been halved and we have got rail electrification and a number of road projects. On the subject of the cost of bus passes, will he acknowledge the incredible work done by Conservative North Lincolnshire Council, which reversed the 500% increase in the price of post-16 bus passes, cutting the cost from £180 under the Labour party to £30 under the Conservatives? nan nan nan",Negative,Positive
