text,ner_tags,response
The United Kingdom welcomed that agreement and the opportunity it offered for restoring stability in Ukraine .,b-claim i-claim i-claim i-claim i-claim i-claim i-claim i-claim i-claim i-claim i-claim i-claim i-claim i-claim i-claim i-claim i-claim,The <claim>The United Kingdom welcomed that agreement</claim> and the <premise>opportunity it offered for restoring stability in Ukraine</premise>.
"Based on the United Nations principle of collective self - defence , we have called on many countries and organizations for assistance .",b-premise i-premise i-premise i-premise i-premise i-premise i-premise i-premise i-premise i-premise i-premise i-premise i-premise i-premise i-premise i-premise i-premise i-premise i-premise i-premise i-premise i-premise i-premise,"Based on the United Nations principle of collective self - defence , <premise>we have called on many countries and organizations for assistance</premise>."
"Nonetheless , the crisis in eastern Ukraine is not merely a matter of public order but a political issue that must be resolved through genuine dialogue with all Ukrainian parties , with a view to ensuring sustainable peace and equal rights for all , including the Russian - speaking minority .",b-claim i-claim i-claim i-claim i-claim i-claim i-claim i-claim i-claim i-claim i-claim i-claim i-claim i-claim i-claim i-claim i-claim i-claim i-claim i-claim i-claim i-claim i-claim i-claim i-claim i-claim i-claim i-claim i-claim i-claim i-claim i-claim i-claim i-claim i-claim i-claim i-claim i-claim i-claim i-claim i-claim i-claim i-claim i-claim i-claim i-claim i-claim i-claim i-claim i-claim i-claim,"Nonetheless , the crisis in eastern Ukraine is not merely a matter of public order but a <claim>political issue that must be resolved through genuine dialogue with all Ukrainian parties , with a view to ensuring sustainable peace and equal rights for all , including the Russian - speaking minority</claim>."
It has been claimed that Ukraine is building up its military presence and resorting to militarization .,b-premise i-premise i-premise i-premise i-premise i-premise i-premise i-premise i-premise i-premise i-premise i-premise i-premise i-premise i-premise i-premise i-premise,It has been <claim>claimed</claim> that Ukraine is building up its military presence and resorting to militarization .
We hae to let it work .,b-claim i-claim i-claim i-claim i-claim i-claim i-claim,We <premise>hae to let it work</premise>.
"Had the separatists respected and carried out the Geneva statement , had they not taken up arms against their own State in the first place , none of that would be happening .",b-premise i-premise i-premise i-premise i-premise i-premise i-premise i-premise i-premise i-premise i-premise i-premise i-premise i-premise i-premise i-premise i-premise i-premise i-premise i-premise i-premise i-premise i-premise i-premise i-premise i-premise o o o o o o o,"Had the <premise>separatists respected and carried out the Geneva statement</premise>, had they not taken up arms against their own State in the first place , <claim>none of that would be happening</claim>."
"Just today , pro - Russian separatists armed with baseball bats , stormed the Government buildings in Luhansk , seizing control of the centre of municipal activity in one of the largest cities in eastern Ukraine .",b-premise i-premise i-premise i-premise i-premise i-premise i-premise i-premise i-premise i-premise i-premise i-premise i-premise i-premise i-premise i-premise i-premise i-premise i-premise i-premise i-premise i-premise i-premise i-premise i-premise i-premise i-premise i-premise i-premise i-premise i-premise i-premise i-premise i-premise i-premise i-premise i-premise,"Just today , <premise>pro - Russian separatists armed with baseball bats , stormed the Government buildings in Luhansk , seizing control of the centre of municipal activity in one of the largest cities in eastern Ukraine</premise>."
That is completely unacceptable .,b-claim i-claim i-claim i-claim i-claim,<claim>That is completely unacceptable</claim>.
"In sum , all of the problems that the United Nations , and the Security Council in particular , were created to address , are frozen .",b-claim i-claim i-claim i-claim i-claim i-claim i-claim i-claim i-claim i-claim i-claim i-claim i-claim i-claim i-claim i-claim i-claim i-claim i-claim i-claim i-claim i-claim i-claim i-claim i-claim i-claim i-claim,"In sum , all of the <premise>problems that the United Nations , and the Security Council in particular , were created to address</premise> , are frozen ."
"We take a generally positive view of cooperation between the United Nations and the OSCE in the field , for example , through the OSCE Mission in Kosovo .",b-claim i-claim i-claim i-claim i-claim i-claim i-claim i-claim i-claim i-claim i-claim i-claim i-claim i-claim i-claim i-claim i-claim i-claim i-claim i-claim i-claim i-claim i-claim i-claim i-claim i-claim i-claim i-claim i-claim,"We take a <claim>generally positive view of cooperation between the United Nations and the OSCE in the field</claim>, <premise>for example , through the OSCE Mission in Kosovo</premise>."
The country has become a threat to international peace and security .,b-claim i-claim i-claim i-claim i-claim i-claim i-claim i-claim i-claim i-claim i-claim o,The country has become a <claim>threat to international peace and security</claim>.
"After numerous calls for the de - escalation of the crisis , the situation has become more complex for the diverse Ukrainian community .",b-premise i-premise i-premise i-premise i-premise i-premise i-premise i-premise i-premise i-premise i-premise i-premise i-premise i-premise i-premise i-premise i-premise i-premise i-premise i-premise i-premise i-premise i-premise i-premise,"After numerous calls for the <claim>de-escalation of the crisis</claim>, the <premise>situation has become more complex for the diverse Ukrainian community</premise>."
So much for Russia 's claims that it is not a party to this conflict .,b-premise i-premise i-premise i-premise i-premise i-premise i-premise i-premise i-premise i-premise i-premise i-premise i-premise i-premise i-premise i-premise,So much for <claim>Russia 's claims that it is not a party to this conflict</claim>.
Any attempt by the parties to resume the fighting flouts international efforts aimed at reaching a lasting and peaceful solution to the conflict .,b-premise i-premise i-premise i-premise i-premise i-premise i-premise i-premise i-premise i-premise i-premise i-premise i-premise i-premise i-premise i-premise i-premise i-premise i-premise i-premise i-premise i-premise i-premise i-premise,Any attempt by the parties to resume the fighting <premise>flouts international efforts aimed at reaching a lasting and peaceful solution to the conflict</premise>.
In Donbas they were attacked with bullets and shells .,b-premise i-premise i-premise i-premise i-premise i-premise i-premise i-premise i-premise i-premise,In Donbas they were <premise>attacked with bullets and shells</premise>.
"Moscow must make clear to the militant authorities that that effort will hinder the peace process and that the results of that illegal vote , organized in violation of Ukrainian legislation , will never be recognized .",b-claim i-claim i-claim i-claim i-claim i-claim i-claim i-claim i-claim i-claim i-claim i-claim i-claim i-claim i-claim i-claim i-claim i-claim i-claim i-claim i-claim i-claim i-claim i-claim i-claim i-claim i-claim i-claim i-claim i-claim i-claim i-claim i-claim i-claim i-claim i-claim i-claim,"Moscow must make clear to the militant authorities that <premise>that effort will hinder the peace process</premise> and <premise>that the results of that illegal vote , organized in violation of Ukrainian legislation , will never be recognized</premise>."
"Such elections would be illegal , would contravene the Minsk agreements , and would present a significant obstacle to a lasting peace in Ukraine .",o o o o o o b-premise i-premise i-premise i-premise i-premise o o o o o o o o o o o o o o,"Such elections would be <claim>illegal</claim>, would contravene the Minsk agreements, and would present a <claim>significant obstacle to a lasting peace in Ukraine</claim>."
"Yet , rather than observe the ceasefire , the separatists have taken advantage of the agreed - upon pause in the fighting to try and expand their territory beyond Minsk lines .",o o o o o o o o b-claim i-claim i-claim i-claim i-claim i-claim i-claim i-claim i-claim i-claim i-claim i-claim i-claim i-claim i-claim i-claim i-claim i-claim i-claim i-claim i-claim i-claim i-claim i-claim,"Yet , rather than observe the <claim>ceasefire</claim> , the separatists have taken advantage of the agreed - upon pause in the fighting to try and expand their territory beyond Minsk lines ."
"Nearby , three bodies were recently pulled from a river , each showing unmistakable signs of physical abuse ; one has been identified as a local politician , another as a 19 year - old pro - unity student activist .",b-premise i-premise i-premise i-premise i-premise i-premise i-premise i-premise i-premise i-premise i-premise i-premise i-premise i-premise i-premise i-premise i-premise i-premise i-premise i-premise i-premise i-premise i-premise i-premise i-premise i-premise i-premise i-premise i-premise i-premise i-premise i-premise i-premise i-premise i-premise i-premise i-premise i-premise i-premise i-premise i-premise,"Nearby , <premise>three bodies were recently pulled from a river , each showing unmistakable signs of physical abuse</premise> ; <claim>one has been identified as a local politician , another as a 19 year - old pro - unity student activist</claim>."
Let us not forget that such protests were a prelude to the annexation of Crimea .,b-claim i-claim i-claim i-claim i-claim i-claim i-claim i-claim i-claim i-claim i-claim i-claim i-claim i-claim i-claim i-claim,Let us not forget that <premise>such protests were a prelude to the annexation of Crimea</premise>.
The Ukrainian film director Oleg Sentsov is also being illegally held captive .,b-premise i-premise i-premise i-premise i-premise i-premise i-premise i-premise i-premise i-premise i-premise i-premise i-premise,The Ukrainian film director Oleg Sentsov is also being illegally held captive <claim></claim>.
The work being done there is vital to the beleaguered residents of Marinka and to all Ukrainians in the eastern part of the country .,b-claim i-claim i-claim i-claim i-claim i-claim i-claim i-claim i-claim i-claim i-claim i-claim i-claim i-claim i-claim i-claim i-claim i-claim i-claim i-claim i-claim i-claim i-claim i-claim i-claim,The <claim>The work being done there is vital to the beleaguered residents of Marinka and to all Ukrainians in the eastern part of the country</claim>.
Russia has chosen not to uphold its commitments and pursue this path to restoring stability .,b-claim i-claim i-claim i-claim i-claim i-claim i-claim i-claim i-claim i-claim i-claim i-claim i-claim i-claim i-claim i-claim,Russia has chosen not to uphold its commitments and <claim>pursue this path to restoring stability</claim>.
"We are witnessing well - armed , well - trained personnel , using military weapons , who are intent on armed provocation .",b-claim i-claim i-claim i-claim i-claim i-claim i-claim i-claim i-claim i-claim i-claim i-claim i-claim i-claim i-claim i-claim i-claim i-claim i-claim i-claim i-claim i-claim i-claim,"We are witnessing <premise>well - armed , well - trained personnel , using military weapons</premise>, <claim>who are intent on armed provocation</claim>."
"It must control its border with Ukraine and prevent the flow of weapons , equipment and fighters from Russia into Ukraine .",b-claim i-claim i-claim i-claim i-claim i-claim i-claim i-claim i-claim i-claim i-claim i-claim i-claim i-claim i-claim i-claim i-claim i-claim i-claim i-claim i-claim i-claim,"<claim>It must control its border with Ukraine and prevent the flow of weapons , equipment and fighters from Russia into Ukraine</claim>."
That is false ; additional images released on 11 April show clearly that the build - up started in early March of this year .,o o o o b-premise i-premise i-premise i-premise i-premise i-premise i-premise i-premise i-premise i-premise i-premise i-premise i-premise i-premise i-premise i-premise i-premise i-premise i-premise i-premise i-premise,That is <claim>false</claim> ; <premise>additional images released on 11 April show clearly that the build - up started in early March of this year</premise>.
"The illegal movement of cargo from the territory of the Russian Federation through the State border , which the Russian delegation today characterized as humanitarian aid , to the civilians of the Donetsk and Luhansk regions , is also a matter of deep concern to Ukraine .",b-claim i-claim i-claim i-claim i-claim i-claim i-claim i-claim i-claim i-claim i-claim i-claim i-claim i-claim i-claim i-claim i-claim i-claim i-claim i-claim i-claim i-claim i-claim i-claim i-claim i-claim i-claim i-claim i-claim i-claim i-claim i-claim i-claim i-claim i-claim i-claim i-claim i-claim i-claim i-claim i-claim i-claim i-claim i-claim i-claim i-claim i-claim,"The <claim>The illegal movement of cargo from the territory of the Russian Federation through the State border , which the Russian delegation today characterized as humanitarian aid , to the civilians of the Donetsk and Luhansk regions , is also a matter of deep concern to Ukraine</claim>."
Mr. Churkin ( Russian Federation ) ( spoke in Russian ): The Russian Federation is seriously concerned about the escalation of the situation in Ukraine .,o o o o o o o o o o o b-claim i-claim i-claim i-claim i-claim i-claim i-claim i-claim i-claim i-claim i-claim i-claim i-claim i-claim i-claim,Mr. Churkin ( Russian Federation ) ( spoke in Russian ): <claim>The Russian Federation is seriously concerned about the escalation of the situation in Ukraine</claim>.
"Why , in one case , when it was a question of preparations to storm the residence of the President of Ukraine , the call was that under no circumstances should force be used , while in the current situation , it is to encourage the insane military actions that Turchynov 's decree talks about ?",b-claim i-claim i-claim i-claim i-claim i-claim i-claim i-claim i-claim i-claim i-claim i-claim i-claim i-claim i-claim i-claim i-claim i-claim i-claim i-claim i-claim i-claim i-claim i-claim i-claim i-claim i-claim i-claim i-claim i-claim i-claim i-claim i-claim i-claim i-claim i-claim i-claim i-claim i-claim i-claim i-claim i-claim i-claim i-claim i-claim i-claim i-claim i-claim i-claim i-claim i-claim i-claim i-claim i-claim i-claim i-claim,"Why , in one case , when it was a question of preparations to storm the residence of the President of Ukraine , the <claim>call was that under no circumstances should force be used</claim>, while in the current situation , it is to <claim>encourage the insane military actions that Turchynov 's decree talks about</claim>?"
"On the same day , a second convoy of trucks , three of which carried radio - location stations , illegally crossed the border .",b-premise i-premise i-premise i-premise i-premise i-premise i-premise i-premise i-premise i-premise i-premise i-premise i-premise i-premise i-premise i-premise i-premise i-premise i-premise i-premise i-premise i-premise i-premise i-premise i-premise,"On the same day , a second convoy of trucks , <premise>three of which carried radio - location stations</premise>, <claim>illegally crossed the border</claim>."
"As others have already mentioned , just yesterday peaceful demonstrators in favour of the unity of the Ukraine were violently attacked by armed pro - Russian gangs armed with clubs and baseball bats in the city of Donetsk .",b-premise i-premise i-premise i-premise i-premise i-premise i-premise i-premise i-premise i-premise i-premise i-premise i-premise i-premise i-premise i-premise i-premise i-premise i-premise i-premise i-premise i-premise i-premise i-premise i-premise i-premise i-premise i-premise i-premise i-premise i-premise i-premise i-premise i-premise i-premise i-premise i-premise i-premise i-premise,"As others have already mentioned , <premise>just yesterday peaceful demonstrators in favour of the unity of the Ukraine were violently attacked by armed pro - Russian gangs armed with clubs and baseball bats in the city of Donetsk</premise>."
Investigators must immediately be granted access to the crash site and the black boxes must be handed over to independent authorities in order to prevent the evidence being tampered with .,b-claim i-claim i-claim i-claim i-claim i-claim i-claim i-claim i-claim i-claim o o o o o o o o o o o o o o o o o o o o o,Investigators must immediately be granted access to the crash site and the black boxes must be handed over to independent authorities <claim>in order to prevent the evidence being tampered with</claim>.
"The question of outside support in terms of recruitment , supplies of materials and training can not be avoided .",b-claim i-claim i-claim i-claim i-claim i-claim i-claim i-claim i-claim i-claim i-claim i-claim i-claim i-claim i-claim i-claim i-claim i-claim i-claim i-claim,"The question of outside support in terms of recruitment , supplies of materials and training can not be avoided ."
"The plan would seek to legitimize territorial gains made by separatists since September , as well as Russian personnel and military equipment on the territory of Ukraine .",b-premise i-premise i-premise i-premise i-premise i-premise i-premise i-premise i-premise i-premise i-premise i-premise i-premise i-premise i-premise i-premise i-premise i-premise i-premise i-premise i-premise i-premise i-premise i-premise i-premise i-premise i-premise i-premise,"The <claim>The plan would seek to legitimize territorial gains made by separatists since September</claim>, <premise>as well as Russian personnel and military equipment on the territory of Ukraine</premise>."
Threats and sanctions have again replaced dialogue and negotiation .,b-claim i-claim i-claim i-claim i-claim i-claim i-claim i-claim i-claim o,Threats and sanctions have again replaced <claim>dialogue and negotiation</claim>.
It has initiated a process of constitutional reform aimed at decentralizing power .,b-premise i-premise i-premise i-premise i-premise i-premise i-premise i-premise i-premise i-premise i-premise i-premise i-premise,It has initiated a process of constitutional reform <claim>aimed at decentralizing power</claim>.
"We all understand that there are legitimate complaints in south - eastern Ukraine , borne out of decades of mismanagement and corruption and misrule , including the rule of the previous President , Yanukovych , who fled the country in disgrace .",b-claim i-claim i-claim i-claim i-claim i-claim i-claim i-claim i-claim i-claim i-claim i-claim i-claim i-claim i-claim i-claim i-claim i-claim i-claim i-claim i-claim i-claim i-claim i-claim i-claim i-claim i-claim i-claim i-claim i-claim i-claim i-claim i-claim i-claim i-claim i-claim i-claim i-claim i-claim i-claim i-claim i-claim,"We all understand that <premise>there are legitimate complaints in south - eastern Ukraine , borne out of decades of mismanagement and corruption and misrule , including the rule of the previous President , Yanukovych , who fled the country in disgrace</premise>."
"As a participant in the Geneva international discussions along with the OSCE and the United Nations , the United States remains committed to working with the parties and the other Chairs to improve the security and humanitarian situation for all residents of Georgia affected by the conflict .",o o o o o o o o o o o o o o o o o b-claim i-claim i-claim i-claim i-claim i-claim i-claim i-claim i-claim i-claim i-claim i-claim i-claim i-claim i-claim i-claim i-claim i-claim i-claim i-claim i-claim i-claim i-claim i-claim i-claim i-claim i-claim i-claim i-claim i-claim i-claim,"As a participant in the Geneva international discussions along with the OSCE and the United Nations , the <claim>The United States remains committed to working with the parties and the other Chairs to improve the security and humanitarian situation for all residents of Georgia affected by the conflict</claim>."
"Every day during the month of July , we have observed such violations , including the shooting - down of Ukrainian jets .",b-claim i-claim i-claim i-claim i-claim i-claim i-claim i-claim i-claim i-claim i-claim i-claim i-claim i-claim i-claim i-claim i-claim i-claim i-claim i-claim i-claim i-claim i-claim,"Every day during the month of July , we have observed <premise>such violations , including the shooting - down of Ukrainian jets</premise>."
Those purported elections can have no legitimacy .,b-claim i-claim i-claim i-claim i-claim i-claim i-claim i-claim,<claim>Those purported elections can have no legitimacy</claim>.
The line should not be renegotiated because the separatists have gained additional territory through repeated ceasefire violations since September .,b-claim i-claim i-claim i-claim i-claim i-claim o o o o o o o o o o o o o o,The line should not be <claim>renegotiated</claim> because the <premise>the separatists have gained additional territory through repeated ceasefire violations since September</premise>.
"The flight was transmiting its assigned transponder code , corresponding with its flight plan , and flight tracking data was publicly available on the Internet .",b-premise i-premise i-premise i-premise i-premise i-premise i-premise i-premise i-premise i-premise i-premise i-premise i-premise i-premise i-premise i-premise i-premise i-premise i-premise i-premise i-premise i-premise i-premise i-premise i-premise i-premise,"The flight was transmiting its assigned transponder code , <premise>corresponding with its flight plan</premise> , and flight tracking data was publicly available on the Internet ."
There should be no confusion that can not be resolved with a GPS .,b-claim i-claim i-claim i-claim i-claim i-claim i-claim i-claim i-claim i-claim i-claim i-claim i-claim i-claim,<claim>There should be no confusion that can not be resolved with a GPS</claim>.
"For some time , various parties , including China , have worked actively to promote peace and facilitate negotiations .",b-claim i-claim i-claim i-claim i-claim i-claim i-claim i-claim i-claim i-claim i-claim i-claim i-claim i-claim i-claim i-claim i-claim i-claim i-claim i-claim,"For some time , various parties , including China , have <premise>worked actively to promote peace and facilitate negotiations</premise>."
"It is clear that the events of recent days are yet another attempt by Kyiv to resolve the internal political conflict militarily , which will definitely lead to exacerbating the crisis of the State of Ukraine and numerous civilian casualties .",o o o o b-premise i-premise i-premise i-premise i-premise i-premise i-premise i-premise i-premise i-premise i-premise i-premise i-premise i-premise i-premise i-premise i-premise i-premise o o o o o o o o o o o o o o o o o o o,"It is <claim>clear that the events of recent days are yet another attempt by Kyiv to resolve the internal political conflict militarily</claim>, <premise>which will definitely lead to exacerbating the crisis of the State of Ukraine and numerous civilian casualties</premise>."
"From the very beginning of the crisis , we have warned that last winter 's events in Ukraine - which were encouraged by crude external interference that led to a coup d'etat - could open a deep division of the country that could be overcome only through national dialogue with the participation of all regions , political powers and ethnic groups and respect for their interests and rights .",b-premise i-premise i-premise i-premise i-premise i-premise i-premise i-premise i-premise i-premise i-premise i-premise i-premise i-premise i-premise i-premise i-premise i-premise i-premise i-premise i-premise i-premise i-premise i-premise i-premise i-premise i-premise i-premise i-premise i-premise i-premise i-premise i-premise i-premise i-premise i-premise i-premise i-premise i-premise i-premise i-premise i-premise i-premise i-premise i-premise i-premise i-premise i-premise i-premise i-premise i-premise i-premise i-premise i-premise i-premise i-premise i-premise i-premise i-premise i-premise i-premise i-premise i-premise i-premise i-premise i-premise i-premise i-premise i-premise,"From the very beginning of the crisis , we have warned that <premise>last winter 's events in Ukraine - which were encouraged by crude external interference that led to a coup d'etat - could open a deep division of the country</premise> <claim>that could be overcome only through national dialogue with the participation of all regions , political powers and ethnic groups and respect for their interests and rights</claim>."
Every day the attacks are ever more deadly .,b-claim i-claim i-claim i-claim i-claim i-claim i-claim i-claim i-claim,<claim>Every day the attacks are ever more deadly</claim>.
"How can they afford modern tanks , each of which costs at least $ 4 million ?",b-premise i-premise i-premise i-premise i-premise i-premise i-premise i-premise i-premise i-premise i-premise i-premise i-premise i-premise i-premise i-premise i-premise,"How can they afford <premise>modern tanks , each of which costs at least $ 4 million</premise> ?"
The conflict in Ukraine is not an internal affair .,b-premise i-premise i-premise i-premise i-premise i-premise i-premise i-premise i-premise i-premise,The conflict in Ukraine is not an <claim>internal affair</claim>.
We consider it to be the Security Council 's duty to find a proper and peaceful solution to this crisis .,b-claim i-claim i-claim i-claim i-claim i-claim i-claim i-claim i-claim i-claim i-claim i-claim i-claim i-claim i-claim i-claim i-claim i-claim i-claim i-claim i-claim,We consider it to be the <claim>Security Council 's duty to find a proper and peaceful solution to this crisis</claim>.
"Beyond Ukraine , we should not lose sight of the Council 's need to work closely with the Austrian chairmanship of the OSCE in resolving other issues affecting the region and in helping to protect fundamental rights and freedoms .",b-claim i-claim i-claim i-claim i-claim i-claim i-claim i-claim i-claim i-claim i-claim i-claim i-claim i-claim i-claim i-claim i-claim i-claim i-claim i-claim i-claim i-claim i-claim i-claim i-claim i-claim i-claim i-claim i-claim i-claim i-claim i-claim i-claim i-claim i-claim i-claim i-claim i-claim i-claim i-claim,"Beyond Ukraine , we should not lose sight of the <claim>Council 's need to work closely with the Austrian chairmanship of the OSCE in resolving other issues affecting the region and in helping to protect fundamental rights and freedoms</claim>."
The Russian leadership has done nothing to publicly dissociate itself from the armed separatists and provocateurs or to urge them to immediately lay down their arms and release captured administrative buildings .,b-premise i-premise i-premise i-premise i-premise i-premise i-premise i-premise i-premise i-premise i-premise i-premise i-premise i-premise i-premise i-premise i-premise i-premise i-premise i-premise i-premise i-premise i-premise i-premise i-premise i-premise i-premise i-premise i-premise i-premise i-premise i-premise,The Russian leadership has done nothing to <premise>publicly dissociate itself from the armed separatists and provocateurs or to urge them to immediately lay down their arms and release captured administrative buildings</premise>.
We take very seriously all credible information about any crimes committed on the territory of Ukraine .,b-claim i-claim i-claim i-claim i-claim i-claim i-claim i-claim i-claim i-claim i-claim i-claim i-claim i-claim i-claim i-claim i-claim,We take very seriously all <premise>credible information about any crimes committed on the territory of Ukraine</premise>.
The international community will judge the good faith of the parties not on mere statements but on concrete and verifiable actions that prove their genuine commitment to de - escalation .,b-premise i-premise i-premise i-premise i-premise i-premise i-premise i-premise i-premise i-premise i-premise i-premise i-premise i-premise i-premise i-premise i-premise i-premise i-premise i-premise i-premise i-premise i-premise i-premise i-premise i-premise i-premise i-premise i-premise i-premise i-premise,The international community will judge the <claim>good faith of the parties</claim> not on mere statements but on <premise>concrete and verifiable actions that prove their genuine commitment to de - escalation</premise>.
"It is true that the people in Washington , DC , to whom we did not send the letter , have already poisoned it for the European Union , calling it economic blackmail .",b-claim i-claim i-claim i-claim i-claim i-claim i-claim i-claim i-claim i-claim i-claim i-claim i-claim i-claim i-claim i-claim i-claim i-claim i-claim i-claim i-claim i-claim i-claim i-claim i-claim i-claim i-claim i-claim i-claim i-claim i-claim i-claim i-claim i-claim,"It is true that the <premise>people in Washington , DC , to whom we did not send the letter , have already poisoned it for the European Union , calling it economic blackmail</premise>."
"It included 19 unmarked Kamaz trucks , each towing a howitzer artillery piece and carrying personnel in green uniforms without insignia ; 15 Kraz troop carriers ; 6 fuel tankers ; and an unmarked Bronetransporter armoured personnel carrier .",b-premise i-premise i-premise i-premise i-premise i-premise i-premise i-premise i-premise i-premise i-premise i-premise i-premise i-premise i-premise i-premise i-premise i-premise i-premise i-premise i-premise i-premise i-premise i-premise i-premise i-premise i-premise i-premise i-premise i-premise i-premise i-premise i-premise i-premise i-premise i-premise i-premise i-premise i-premise,"It included 19 unmarked Kamaz trucks , each towing a howitzer artillery piece and carrying personnel in green uniforms without insignia ; 15 Kraz troop carriers ; 6 fuel tankers ; and an unmarked Bronetransporter armoured personnel carrier ."
"As is well known , in the OSCE not a single State or bloc of States can freeze matters of common interest and of paramount importance for European security .",o o o o o b-premise i-premise i-premise i-premise i-premise i-premise i-premise i-premise i-premise i-premise i-premise i-premise i-premise i-premise i-premise i-premise i-premise i-premise i-premise i-premise i-premise i-premise i-premise i-premise i-premise,"As is well known , <premise>in the OSCE not a single State or bloc of States can freeze matters of common interest and of paramount importance for European security</premise>."
"We believe that the 5 + 2 talks can play an important role in resolving the conflict , but any 5 + 2 meeting must deliver concrete results .",b-premise i-premise i-premise i-premise i-premise i-premise i-premise i-premise i-premise i-premise i-premise i-premise i-premise i-premise i-premise i-premise i-premise o o o o o o o o o o o o,"We believe that <premise>the 5 + 2 talks can play an important role in resolving the conflict</premise>, but any <claim>5 + 2 meeting must deliver concrete results</claim>."
"Sadly , as the Council well knows , that system is seldom left unchallenged , so it is incumbent upon both organizations to work closely together to advance peace and security , and in doing so to uphold the Charter of the United Nations and the Helsinki principles .",o o o o o o o o o o o o o o o b-claim i-claim i-claim i-claim i-claim i-claim i-claim i-claim i-claim i-claim i-claim i-claim i-claim i-claim i-claim i-claim i-claim i-claim i-claim i-claim i-claim i-claim i-claim i-claim i-claim i-claim i-claim i-claim i-claim i-claim i-claim i-claim i-claim i-claim,"Sadly , as the <premise>the Council well knows</premise> , that system is seldom left unchallenged , so <claim>it is incumbent upon both organizations to work closely together to advance peace and security</claim> , and in doing so <claim>to uphold the Charter of the United Nations and the Helsinki principles</claim> ."
"We are concerned by the European Council 's report on abuse in Ukrainian prisons , and we urge the Government to conduct thorough , impartial investigations into its findings , as well as to develop a plan to address them .",o o o o o o o o o o o o o o o o b-claim i-claim i-claim i-claim i-claim i-claim i-claim i-claim i-claim i-claim i-claim i-claim i-claim i-claim i-claim i-claim i-claim i-claim i-claim i-claim i-claim i-claim i-claim i-claim i-claim,"We are <premise>concerned by the European Council 's report on abuse in Ukrainian prisons</premise>, and we <claim>urge the Government to conduct thorough , impartial investigations into its findings , as well as to develop a plan to address them</claim>."
"We continue to support the scheduled 25 May elections , which will enable the people of Ukraine to choose their leaders freely and fairly .",b-claim i-claim i-claim i-claim i-claim i-claim i-claim i-claim i-claim o o o o o o o o o o o o o o o o,"We continue to support the <claim>scheduled 25 May elections</claim>, <premise>which will enable the people of Ukraine to choose their leaders freely and fairly</premise>."
"To conclude , Australia continues to call on Russia to meet its Geneva commitments , to allow Ukraine 's elections on 25 May to proceed without interference or obstruction , which is the right of every sovereign nation , and to exercise its influence over separatist activists in Ukraine towards those ends .",o o o o o o o o o o o o o o o o o o o o o o o o o o o o o o o o o o o o o o o o b-claim i-claim i-claim i-claim i-claim i-claim i-claim i-claim i-claim i-claim i-claim i-claim i-claim,"To conclude , Australia continues to call on Russia to meet its Geneva commitments , <claim>to allow Ukraine 's elections on 25 May to proceed without interference or obstruction , which is the right of every sovereign nation</claim>, and <claim>to exercise its influence over separatist activists in Ukraine towards those ends</claim>."
"Australia , along with our Dutch and Malaysian partners , remains committed to returning to the crash site when conditions are safe to do so and to doing all that it can to bring to justice those responsible for the downing of Flight MH-17 and the murder of all those on board .",b-claim i-claim i-claim i-claim i-claim i-claim i-claim i-claim i-claim i-claim i-claim i-claim i-claim i-claim i-claim i-claim i-claim i-claim i-claim i-claim i-claim i-claim i-claim i-claim i-claim i-claim i-claim i-claim i-claim i-claim i-claim i-claim i-claim i-claim i-claim i-claim i-claim i-claim i-claim i-claim i-claim i-claim i-claim i-claim i-claim i-claim i-claim i-claim i-claim i-claim i-claim i-claim i-claim,"Australia , along with our Dutch and Malaysian partners , remains <claim>committed to returning to the crash site when conditions are safe to do so and to doing all that it can to bring to justice those responsible for the downing of Flight MH-17 and the murder of all those on board</claim>."
"But without a genuine engagement from Russia , this plan will obviously come to nothing .",b-claim i-claim i-claim i-claim i-claim i-claim i-claim i-claim i-claim i-claim i-claim i-claim i-claim i-claim i-claim i-claim,"But without a <premise>genuine engagement from Russia</premise>, this plan will obviously come to nothing."
"Jordan would like to express its deep concern about the most recent developments in Sloviansk in the east of Ukraine , in addition to the spillover violence in other regions of the country , including in Odessa .",b-premise i-premise i-premise i-premise i-premise i-premise i-premise i-premise i-premise i-premise i-premise i-premise i-premise i-premise i-premise i-premise i-premise i-premise i-premise i-premise i-premise i-premise i-premise i-premise i-premise i-premise i-premise i-premise i-premise i-premise i-premise i-premise i-premise i-premise i-premise i-premise i-premise i-premise,"Jordan would like to express its <claim>deep concern about the most recent developments in Sloviansk in the east of Ukraine</claim>, <premise>in addition to the spillover violence in other regions of the country , including in Odessa</premise>."
"The Ukrainians did not want a political settlement ; they wanted a military one , so they get what they get .",b-premise i-premise i-premise i-premise i-premise i-premise i-premise i-premise o o o o o o o o o o o o o o,"The Ukrainians did not want a political settlement <premise>; they wanted a military one <premise>, so they get what they get <claim>."
It is time for the international community to stand as one to ensure that those responsible for that tragic crime are held to account and to make every effort to bring to an end the violence and destabilization in Ukraine .,b-claim i-claim i-claim i-claim i-claim i-claim i-claim i-claim i-claim i-claim i-claim i-claim i-claim i-claim i-claim i-claim i-claim i-claim i-claim i-claim i-claim i-claim i-claim i-claim i-claim i-claim i-claim i-claim i-claim i-claim i-claim i-claim i-claim i-claim i-claim i-claim i-claim i-claim i-claim i-claim i-claim,It is time for the international community to stand as one to ensure that <claim>those responsible for that tragic crime are held to account</claim> and to make every effort to <claim>bring to an end the violence and destabilization in Ukraine</claim>.
"First they stopped paying pensions and social benefits , and then imposed a blockade on humanitarian assistance .",b-premise i-premise i-premise i-premise i-premise i-premise i-premise i-premise i-premise i-premise i-premise i-premise i-premise i-premise i-premise i-premise i-premise i-premise,"First they <premise>stopped paying pensions and social benefits</premise>, and then <premise>imposed a blockade on humanitarian assistance</premise>."
"In order to ensure the proper protection of civil rights and to eliminate the remnants of the totalitarian economy and the injustices of Yanukovych 's rule , Ukraine needs comprehensive reforms .",o o o o o o o o o o o o o o o o o o o o o o o o o o o b-claim i-claim i-claim i-claim i-claim,"In order to ensure the proper protection of civil rights and to eliminate the remnants of the totalitarian economy and the injustices of Yanukovych 's rule , <claim>Ukraine needs comprehensive reforms</claim>."
"Immediately after the February uprising , Kyiv began to call dissenters "" bandits "" and "" terrorists "" , and then "" subhumans "" and "" insects "" .",b-premise i-premise i-premise i-premise i-premise i-premise i-premise i-premise i-premise i-premise i-premise i-premise i-premise i-premise i-premise i-premise i-premise i-premise i-premise i-premise i-premise i-premise i-premise i-premise i-premise i-premise i-premise i-premise i-premise,"Immediately after the February uprising , <claim>Kyiv began to call dissenters "" bandits "" and "" terrorists "" , and then "" subhumans "" and "" insects ""</claim>."
I will mention just one such report .,b-premise i-premise i-premise i-premise i-premise i-premise i-premise i-premise,I will mention just one such <premise>report</premise>.
"He uses the terms "" bandits "" and "" terrorists "" .",b-premise i-premise i-premise i-premise i-premise i-premise i-premise i-premise i-premise i-premise i-premise i-premise,"He uses the terms ""<premise> bandits </premise>"" and ""<premise> terrorists </premise>""."
"A persistent focus , in particular at the OSCE and in the Security Council , on security and a peaceful resolution is needed to discourage Russia from future provocations and escalations and to force it to implement in full the commitments undertaken .",b-claim i-claim i-claim i-claim i-claim i-claim i-claim i-claim i-claim i-claim i-claim i-claim i-claim i-claim i-claim i-claim i-claim i-claim i-claim i-claim i-claim i-claim i-claim i-claim i-claim i-claim i-claim i-claim i-claim i-claim i-claim i-claim i-claim i-claim i-claim i-claim i-claim i-claim i-claim i-claim i-claim i-claim i-claim,"A persistent focus , in particular at the OSCE and in the Security Council , on security and a peaceful resolution is <claim>needed to discourage Russia from future provocations and escalations and to force it to implement in full the commitments undertaken</claim>."
"1 do think it would be good to conclude this meeting with such a statement , not asking every delegation what it is going to declare but rather make ajoint statement calling for a swift halt to all violence .",o o o o o o o o o o o o o o o o o o o o o o o o o o o o o o o o o o o o o o o o,"1 do think it would be <claim>good to conclude this meeting with such a statement</claim>, not asking every delegation what it is going to declare but rather <claim>make a joint statement calling for a swift halt to all violence</claim>."
"We also reiterate our position that those responsible for the downing of Flight MH - l7 , as well as those who have obstructed access to its crash site and interfered with the investigation , must be brought to account .",b-claim i-claim i-claim i-claim i-claim i-claim i-claim i-claim i-claim i-claim i-claim i-claim i-claim i-claim i-claim i-claim i-claim i-claim i-claim i-claim i-claim i-claim i-claim i-claim i-claim i-claim i-claim i-claim i-claim i-claim i-claim i-claim i-claim i-claim i-claim i-claim i-claim i-claim i-claim i-claim i-claim,"We also reiterate our <claim>position that those responsible for the downing of Flight MH - l7 , as well as those who have obstructed access to its crash site and interfered with the investigation , must be brought to account</claim>."
There are now no illegally armed protesters on Maidan Square and no armed self - defence groups patrolling the streets of Kyiv .,b-premise i-premise i-premise i-premise i-premise i-premise i-premise i-premise i-premise i-premise i-premise i-premise i-premise i-premise i-premise i-premise i-premise i-premise i-premise i-premise i-premise i-premise o,There are now no <premise>illegally armed protesters on Maidan Square</premise> and <premise>no armed self - defence groups patrolling the streets of Kyiv</premise>.
"We welcome the positive steps taken by Ukraine to fulfil the commitments set out in the Geneva statement adopted on 17 April by Ukraine , Russia , the European Union and the United States .",b-claim i-claim i-claim i-claim i-claim i-claim i-claim i-claim i-claim i-claim i-claim i-claim i-claim i-claim i-claim i-claim i-claim i-claim i-claim i-claim i-claim i-claim i-claim i-claim i-claim i-claim i-claim i-claim i-claim i-claim i-claim i-claim i-claim i-claim i-claim,"We welcome the <claim>positive steps taken by Ukraine to fulfil the commitments set out in the Geneva statement adopted on 17 April by Ukraine , Russia , the European Union and the United States</claim>."
These thugs have refused to implement the Geneva agreement that was intended to restore the Ukrainian State on its territory .,b-claim i-claim i-claim i-claim i-claim i-claim i-claim i-claim i-claim i-claim i-claim i-claim i-claim i-claim i-claim i-claim i-claim i-claim i-claim i-claim i-claim,These thugs have refused to implement the Geneva agreement that was intended to restore the Ukrainian State on its territory <claim>.
"The first falsehood is that the Ukrainians are carrying out a large - scale , uncontrolled , violent attack on unarmed civilians .",b-claim i-claim i-claim i-claim i-claim i-claim i-claim i-claim i-claim i-claim i-claim i-claim i-claim i-claim i-claim i-claim i-claim i-claim i-claim i-claim i-claim i-claim i-claim,"The first falsehood is that <claim>The Ukrainians are carrying out a large - scale , uncontrolled , violent attack on unarmed civilians</claim>."
We look forward to their assessment of the situation and we fully support their work .,o o o o o o o o o o b-claim i-claim i-claim i-claim i-claim o,We look forward to their assessment of the situation and <claim>we fully support their work</claim>.
The anti - terrorist forces in Ukraine have been repeatedly shelled from the territory of Russia .,b-premise i-premise i-premise i-premise i-premise i-premise i-premise i-premise i-premise i-premise i-premise i-premise i-premise i-premise i-premise i-premise i-premise,The <premise>The anti - terrorist forces in Ukraine have been repeatedly shelled from the territory of Russia</premise>.
"The Minister of Internal Affairs and Security Services has continued implementing a nationwide campaign to seize illegal arms from the population , and more than 6,000 weapons have been handed over recently .",b-premise i-premise i-premise i-premise i-premise i-premise i-premise i-premise i-premise i-premise i-premise i-premise i-premise i-premise i-premise i-premise i-premise i-premise i-premise i-premise i-premise i-premise i-premise i-premise i-premise i-premise i-premise i-premise i-premise i-premise i-premise i-premise i-premise,"The <claim>The Minister of Internal Affairs and Security Services has continued implementing a nationwide campaign to seize illegal arms from the population</claim>, and <premise>more than 6,000 weapons have been handed over recently</premise>."
The carnage must end .,b-claim i-claim i-claim i-claim i-claim,<claim>The carnage must end</claim>.
We are working hard in the OSCE .,b-claim i-claim i-claim i-claim i-claim i-claim i-claim i-claim,We are working hard in the <claim>OSCE</claim>.
"On 12 March , the intelligence group of the Russian armed forces that infiltrated the Herson territory from Crimea was detained at the control point .",b-premise i-premise i-premise i-premise i-premise i-premise i-premise i-premise i-premise i-premise i-premise i-premise i-premise i-premise i-premise i-premise i-premise i-premise i-premise i-premise i-premise i-premise i-premise i-premise i-premise i-premise,"On 12 March , the intelligence group of the Russian armed forces that infiltrated the Herson territory from Crimea was detained at the control point ."
"Despite growing provocations , the Ukrainian authorities have taken a number of concrete steps to follow up on the Geneva statement .",b-claim i-claim i-claim i-claim i-claim i-claim i-claim i-claim i-claim i-claim i-claim i-claim i-claim i-claim i-claim i-claim i-claim i-claim i-claim i-claim i-claim i-claim,"Despite growing provocations , the Ukrainian authorities have taken a number of <claim>concrete steps to follow up on the Geneva statement</claim>."
"The international community should continue to support the diplomatic efforts of all the parties concerned to arrive at a political settlement of the Ukrainian issue so as to collectively restore peace , stability and development in Ukraine as soon as possible .",b-claim i-claim i-claim i-claim i-claim i-claim i-claim i-claim i-claim i-claim i-claim i-claim i-claim i-claim i-claim i-claim i-claim i-claim i-claim i-claim i-claim i-claim i-claim i-claim i-claim i-claim i-claim i-claim i-claim i-claim i-claim i-claim i-claim i-claim i-claim i-claim i-claim i-claim i-claim i-claim i-claim i-claim,"The international community should continue to support the <claim>diplomatic efforts of all the parties concerned to arrive at a political settlement of the Ukrainian issue so as to collectively restore peace , stability and development in Ukraine as soon as possible</claim>."
It should also seek to satisfy the reasonable concerns of all parties and achieve a balance of interests among them .,b-claim i-claim i-claim i-claim i-claim i-claim i-claim i-claim i-claim i-claim i-claim i-claim i-claim i-claim i-claim i-claim i-claim i-claim i-claim i-claim i-claim,It should also seek to satisfy the <premise>reasonable concerns of all parties</premise> and <claim>achieve a balance of interests among them</claim>.
"However , that requires genuine commitment of a kind we have not yet seen from Russia .",o o b-claim i-claim i-claim i-claim i-claim i-claim i-claim i-claim i-claim i-claim i-claim i-claim i-claim i-claim i-claim,"However , that <claim>requires genuine commitment of a kind we have not yet seen from Russia</claim>."
The Government is ready to consider the significant empowerment of local authorities in Ukraine .,b-premise i-premise i-premise i-premise i-premise i-premise i-premise i-premise i-premise i-premise i-premise i-premise i-premise i-premise i-premise,The <claim>The Government is ready to consider the significant empowerment of local authorities in Ukraine</claim>.
"A video of the kidnapping , as well as audio recordings of phone conversations intercepted by Ukraine 's Security Service , provided sufficient proof that terrorist leaders , notably the self - proclaimed mayor of Sloviansk , Vyacheslav Ponomaryov , and the military commander of the terrorists , the Russian agent Igor Strelkov , were involved in the murder .",b-premise i-premise i-premise i-premise i-premise i-premise i-premise i-premise i-premise i-premise i-premise i-premise i-premise i-premise i-premise i-premise i-premise i-premise i-premise i-premise i-premise i-premise i-premise i-premise i-premise i-premise i-premise i-premise i-premise i-premise i-premise i-premise i-premise i-premise i-premise i-premise i-premise i-premise i-premise i-premise i-premise i-premise i-premise i-premise i-premise i-premise i-premise i-premise i-premise i-premise i-premise i-premise i-premise i-premise i-premise i-premise i-premise i-premise i-premise i-premise,"A video of the kidnapping , as well as audio recordings of phone conversations intercepted by Ukraine 's Security Service , provided <claim>sufficient proof that terrorist leaders , notably the self - proclaimed mayor of Sloviansk , Vyacheslav Ponomaryov , and the military commander of the terrorists , the Russian agent Igor Strelkov , were involved in the murder</claim>."
It is in the interests of all of us .,b-premise i-premise i-premise i-premise i-premise i-premise i-premise i-premise i-premise i-premise,<claim>It is in the interests of all of us</claim>.
How else can we interpret yet another blatant example of the double standards wielded by the United States ?,b-claim i-claim i-claim i-claim i-claim i-claim i-claim i-claim i-claim i-claim i-claim i-claim i-claim i-claim i-claim i-claim i-claim i-claim i-claim,<claim>How else can we interpret yet another blatant example of the double standards wielded by the United States</claim> ?
"Following the shelling of a public transport stop in Donetsk , which was clearly carried out by Ukrainian forces , for a day we had to swat away unconstructive amendments by a number of delegations .",b-premise i-premise i-premise i-premise i-premise i-premise i-premise i-premise i-premise i-premise i-premise i-premise i-premise i-premise i-premise i-premise i-premise i-premise i-premise i-premise i-premise i-premise i-premise i-premise i-premise i-premise i-premise i-premise i-premise i-premise i-premise i-premise i-premise i-premise i-premise i-premise,"Following the shelling of a public transport stop in Donetsk , which was clearly carried out by Ukrainian forces , <claim>for a day we had to swat away unconstructive amendments by a number of delegations</claim>."
"( spoke in French ) As Ambassador Araud said , this is truly a final cry of warning .",o o o o o b-premise i-premise i-premise i-premise i-premise i-premise i-premise i-premise i-premise i-premise i-premise i-premise i-premise i-premise,"( spoke in French ) <claim>As Ambassador Araud said , this is truly a final cry of warning</claim>."
"It is necessary and it is something Kyiv has to do , and should be doing actively while involving all the regions and populations , because it affects the lives of the entire population of Ukraine .",b-claim i-claim i-claim i-claim i-claim i-claim i-claim i-claim i-claim i-claim i-claim i-claim i-claim i-claim i-claim i-claim i-claim i-claim i-claim i-claim i-claim i-claim i-claim i-claim i-claim i-claim i-claim i-claim i-claim i-claim i-claim i-claim i-claim i-claim i-claim i-claim o,"It is <claim>necessary</claim> and it is <claim>something Kyiv has to do</claim>, and should be doing actively while involving all the regions and populations, <premise>because it affects the lives of the entire population of Ukraine</premise>."
"The Russian side accused the armed forces of Ukraine of shelling on Russian territory on 28 June , namely , Mine No .",o o o o o o o o o o o o o o o o o o o o o o o,"The Russian side accused the armed forces of Ukraine of <premise>shelling on Russian territory on 28 June , namely , Mine No</premise>."
"We know that Zakharchenko said these things because he was filmed when he said them and quoted by the official Russian news agency , Tass .",b-premise i-premise i-premise i-premise i-premise i-premise i-premise i-premise i-premise i-premise i-premise i-premise i-premise i-premise i-premise i-premise i-premise i-premise i-premise i-premise i-premise i-premise i-premise i-premise i-premise i-premise,"We know that <premise>Zakharchenko said these things because he was filmed when he said them and quoted by the official Russian news agency , Tass</premise>."
The separatists are not pressing their case peacefully .,b-claim i-claim i-claim i-claim i-claim i-claim i-claim i-claim i-claim,The <claim>The separatists are not pressing their case peacefully</claim>.
"But in Sloviansk and other eastern cities , we continue to see , encouraged by Russia , heavily armed paramilitary forces armed with automatic rifles and rocket - propelled grenades .",b-claim i-claim i-claim i-claim i-claim i-claim i-claim i-claim i-claim i-claim i-claim i-claim i-claim i-claim i-claim i-claim i-claim i-claim i-claim i-claim i-claim i-claim i-claim i-claim i-claim i-claim i-claim i-claim i-claim i-claim i-claim,"But in Sloviansk and other eastern cities , we continue to see , <premise>encouraged by Russia</premise>, heavily armed paramilitary forces armed with automatic rifles and rocket - propelled grenades ."
"We call on Russia , the European Union and the United States to meet together in the Geneva format in order to send a clear and consolidated message as well as strong impetus to the parties concerned to strictly adhere to the letter and spirit of the Minsk agreements .",b-claim i-claim i-claim i-claim i-claim i-claim i-claim i-claim i-claim i-claim i-claim i-claim i-claim i-claim i-claim i-claim i-claim i-claim i-claim o o o o o o o o o o o o o o o o o o o o o o o o o o o o o o o,"We call on <claim>Russia , the European Union and the United States to meet together in the Geneva format in order to send a clear and consolidated message as well as strong impetus to the parties concerned to strictly adhere to the letter and spirit of the Minsk agreements</claim>."
"As the first attempts to bring military pressure to bear on the south - east led to the defection of some Ukrainian military to the side of the protesters , today the sub - units are staffed by those from the west of the country .",b-claim i-claim i-claim i-claim i-claim i-claim i-claim i-claim i-claim i-claim i-claim i-claim i-claim i-claim i-claim i-claim i-claim i-claim i-claim i-claim i-claim i-claim i-claim i-claim i-claim i-claim i-claim i-claim i-claim i-claim i-claim i-claim i-claim i-claim i-claim i-claim i-claim i-claim i-claim i-claim i-claim i-claim i-claim i-claim i-claim i-claim,"As the first attempts to bring military pressure to bear on the south - east led to the defection of some Ukrainian military to the side of the protesters , <claim>today the sub - units are staffed by those from the west of the country</claim>."
"The sequence is first and foremost based on the implementation of the ceasefire , which unfortunately did not take place .",b-claim i-claim i-claim i-claim i-claim i-claim i-claim i-claim i-claim i-claim i-claim i-claim i-claim i-claim i-claim i-claim i-claim i-claim i-claim i-claim i-claim,"The sequence is first and foremost based on the <premise>implementation of the ceasefire</premise>, which unfortunately did not take place."
We still observe those troops near our borders .,b-premise i-premise i-premise i-premise i-premise i-premise i-premise i-premise i-premise,We still observe <premise>those troops near our borders</premise>.
"In conclusion , let me reiterate that the Security Council , the only world body in charge of maintaining international peace and security , must work towards restoring its own unity in order to be able to defend the unity , sovereignty and territorial integrity of a States Members of the United Nations , while addressing the interests of the countries of the region .",o o o b-claim i-claim i-claim i-claim i-claim i-claim i-claim i-claim i-claim i-claim i-claim i-claim i-claim i-claim i-claim i-claim i-claim i-claim i-claim i-claim i-claim i-claim i-claim i-claim i-claim i-claim i-claim i-claim i-claim i-claim i-claim i-claim i-claim i-claim i-claim i-claim i-claim i-claim i-claim i-claim i-claim i-claim i-claim i-claim i-claim i-claim i-claim i-claim i-claim i-claim i-claim i-claim i-claim i-claim i-claim i-claim i-claim i-claim i-claim i-claim i-claim o,"In conclusion , <claim>let me reiterate that the Security Council , the only world body in charge of maintaining international peace and security , must work towards restoring its own unity in order to be able to defend the unity , sovereignty and territorial integrity of a States Members of the United Nations , while addressing the interests of the countries of the region</claim>."
"It is dangerous because separatists continue to harass , threaten and intimidate the impartial monitors deployed by the OSCE , - monitors who serve on behalf of the international community .",o o o o b-premise i-premise i-premise i-premise i-premise i-premise i-premise i-premise i-premise i-premise i-premise i-premise i-premise i-premise i-premise i-premise i-premise i-premise i-premise i-premise i-premise i-premise i-premise i-premise i-premise i-premise o,"It is <claim>dangerous</claim> <premise>because separatists continue to harass , threaten and intimidate the impartial monitors deployed by the OSCE , - monitors who serve on behalf of the international community</premise>."
"We can not look on while small groups of armed people , headed up , inter alia , by agents from the Russian Federation , seize State buildings and take weapons to hand out .",o o o o o o b-premise i-premise i-premise i-premise i-premise i-premise i-premise i-premise i-premise i-premise i-premise i-premise i-premise i-premise i-premise i-premise i-premise i-premise i-premise i-premise i-premise i-premise i-premise i-premise i-premise i-premise i-premise i-premise i-premise,"We can not look on while <premise>small groups of armed people , headed up , inter alia , by agents from the Russian Federation , seize State buildings and take weapons to hand out</premise>."
"I wish to touch on two points : the central role of the OSCE in our efforts to put an end to the Ukrainian crisis , and the priority challenges on which the OSCE should , in a more general manner , be concentrating its efforts .",b-claim i-claim i-claim i-claim i-claim i-claim i-claim i-claim i-claim i-claim i-claim i-claim i-claim i-claim i-claim i-claim i-claim i-claim i-claim i-claim i-claim i-claim i-claim i-claim i-claim i-claim i-claim i-claim i-claim i-claim i-claim i-claim i-claim i-claim i-claim i-claim i-claim i-claim i-claim i-claim i-claim i-claim i-claim i-claim i-claim i-claim i-claim,"I wish to touch on two points : the <claim>central role of the OSCE in our efforts to put an end to the Ukrainian crisis</claim>, and the <claim>priority challenges on which the OSCE should , in a more general manner , be concentrating its efforts</claim>."
"The international monitoring and mediation efforts of the United Nations , OSCE and other regional bodies must be fully supported , guaranteed safety and security , and allowed full freedom of access on all of Ukraine 's territory .",b-claim i-claim i-claim i-claim i-claim i-claim i-claim i-claim i-claim i-claim i-claim i-claim i-claim i-claim i-claim i-claim i-claim i-claim i-claim i-claim i-claim i-claim i-claim i-claim i-claim i-claim i-claim i-claim i-claim i-claim i-claim i-claim i-claim i-claim i-claim i-claim i-claim i-claim i-claim,"The international monitoring and mediation efforts of the <claim>United Nations , OSCE and other regional bodies must be fully supported</claim> , <premise>guaranteed safety and security</premise> , and <claim>allowed full freedom of access on all of Ukraine 's territory</claim>."
"The Organization for Security and Cooperation in Europe observers , detained on 25 April , are still being held hostage a week later .",b-premise i-premise i-premise i-premise i-premise i-premise i-premise i-premise i-premise i-premise i-premise i-premise i-premise i-premise i-premise i-premise i-premise i-premise i-premise i-premise i-premise i-premise i-premise i-premise,"The <claim>The Organization for Security and Cooperation in Europe observers , detained on 25 April , are still being held hostage a week later</claim>."
"We have also witnessed continued and extreme provocations , including military manoeuvres on the Russian side of the Ukrainian border and reported multiple violations of Ukrainian air space by Russian military aircraft .",b-premise i-premise i-premise i-premise i-premise i-premise i-premise i-premise i-premise i-premise i-premise i-premise i-premise i-premise i-premise i-premise i-premise i-premise i-premise i-premise i-premise i-premise i-premise i-premise i-premise i-premise i-premise i-premise i-premise i-premise i-premise i-premise i-premise,"We have also witnessed <premise>continued and extreme provocations , including military manoeuvres on the Russian side of the Ukrainian border and reported multiple violations of Ukrainian air space by Russian military aircraft</premise>."
The movement of persons and goods is limited along the lines of engagement .,b-premise i-premise i-premise i-premise i-premise i-premise i-premise i-premise i-premise i-premise i-premise i-premise i-premise i-premise,The movement of persons and goods is <claim>limited along the lines of engagement</claim>.
"To quote the self - proclaimed people 's mayor of Sloviansk , Vyacheslav Ponomarev , "" We will take all necessary measures so that elections do not take place in the south - east "" .",b-premise i-premise i-premise i-premise i-premise i-premise i-premise i-premise i-premise i-premise i-premise i-premise i-premise i-premise i-premise i-premise i-premise i-premise i-premise i-premise i-premise i-premise i-premise i-premise i-premise i-premise i-premise i-premise i-premise i-premise i-premise i-premise i-premise i-premise i-premise i-premise,"To quote the self - proclaimed people 's mayor of Sloviansk , Vyacheslav Ponomarev , <claim> "" We will take all necessary measures so that elections do not take place in the south - east "" </claim>."
The principles of State responsibility make it very clear that a State bears international responsibility for acts undertaken by informal actors whom it engages on its behalf .,b-premise i-premise i-premise i-premise i-premise i-premise i-premise i-premise i-premise i-premise i-premise i-premise i-premise i-premise i-premise i-premise i-premise i-premise i-premise i-premise i-premise i-premise i-premise i-premise i-premise i-premise i-premise i-premise,The principles of State responsibility make it very clear that <premise>a State bears international responsibility for acts undertaken by informal actors whom it engages on its behalf</premise>.
He said that Ukraine demands that terrorist saboteurs and all those who have taken up arms in our country lay down their weapons and surrender their hostages and occupied administrative buildings .,o o o b-claim i-claim i-claim i-claim i-claim i-claim i-claim i-claim i-claim i-claim i-claim i-claim i-claim i-claim i-claim i-claim i-claim i-claim i-claim i-claim i-claim i-claim i-claim i-claim i-claim i-claim i-claim i-claim i-claim,He said that <claim>Ukraine demands that terrorist saboteurs and all those who have taken up arms in our country lay down their weapons and surrender their hostages and occupied administrative buildings</claim>.
And on 16 July they claimed credit for the downing of a Ukrainian fighter jet .,b-premise i-premise i-premise i-premise i-premise i-premise i-premise i-premise i-premise i-premise i-premise i-premise i-premise i-premise i-premise i-premise,And on 16 July they <claim>claimed credit for the downing of a Ukrainian fighter jet</claim>.
Their lives were cut off in the middle of a crisis on which this very Council has been unable to take action since it began in February .,b-premise i-premise i-premise i-premise i-premise i-premise i-premise i-premise i-premise i-premise i-premise i-premise i-premise i-premise i-premise i-premise i-premise i-premise i-premise i-premise i-premise i-premise i-premise i-premise i-premise i-premise i-premise i-premise,Their lives were cut off in the middle of a crisis on which this very <claim>Council has been unable to take action since it began in February</claim>.
"As a permanent member of the Security Council , Russia should know better than to exploit the name of peacekeeping to cover up its aggressive expansionist aims .",b-claim i-claim i-claim i-claim i-claim i-claim i-claim i-claim i-claim i-claim i-claim i-claim i-claim i-claim i-claim i-claim i-claim i-claim i-claim i-claim i-claim i-claim i-claim i-claim i-claim i-claim i-claim i-claim,"As a permanent member of the Security Council , <claim>Russia should know better than to exploit the name of peacekeeping to cover up its aggressive expansionist aims</claim>."
The scale of Russian hypocrisy is breathtaking .,b-claim i-claim i-claim i-claim i-claim i-claim i-claim i-claim,The scale of <premise>Russian hypocrisy is breathtaking</premise>.
"Their human rights , such as the freedoms of expression , religion , conscience and movement , are routinely flouted .",b-premise i-premise i-premise i-premise i-premise i-premise i-premise i-premise i-premise i-premise i-premise i-premise i-premise i-premise i-premise i-premise i-premise i-premise i-premise i-premise i-premise,"Their <premise>human rights , such as the freedoms of expression , religion , conscience and movement ,</premise> are routinely flouted."
But the whole world now knows that they were not .,b-claim i-claim i-claim i-claim i-claim i-claim i-claim i-claim i-claim i-claim i-claim,But the whole world now knows that <claim>they were not</claim>.
We also fully support the Secretary - General 's good offices and diplomatic initiatives .,b-claim i-claim i-claim i-claim i-claim i-claim i-claim i-claim i-claim i-claim i-claim i-claim i-claim i-claim i-claim,We also fully <claim>support the Secretary - General 's good offices and diplomatic initiatives</claim>.
"After all , in sin , it is only the first step that bears a cost , as the moralists say .",b-premise i-premise i-premise i-premise i-premise i-premise i-premise i-premise i-premise i-premise i-premise i-premise i-premise i-premise i-premise i-premise i-premise i-premise i-premise i-premise i-premise i-premise,"After all , in sin , it is only the <premise>first step that bears a cost</premise> , as the moralists say ."
Their reporting is indispensable to get the facts straight .,b-premise i-premise i-premise i-premise i-premise i-premise i-premise i-premise i-premise i-premise,<claim>Their reporting is indispensable to get the facts straight</claim>.
The OSCE monitoring mission must be able to fulfil its role in the implementation of the Geneva statement .,b-claim i-claim i-claim i-claim i-claim i-claim i-claim i-claim i-claim i-claim i-claim i-claim i-claim i-claim i-claim i-claim i-claim i-claim i-claim,The OSCE monitoring mission <claim>must be able to fulfil its role in the implementation of the Geneva statement</claim>.
Another army helicopter was also damaged .,b-premise i-premise i-premise i-premise i-premise i-premise i-premise,<claim>Another army helicopter was also damaged</claim>.
"Russia has not provided that type of air- defence system to separatists to date , suggesting that Russian forces were protecting the convoy .",b-premise i-premise i-premise i-premise i-premise i-premise i-premise i-premise i-premise i-premise i-premise i-premise i-premise i-premise o o o o o o o o o o,"Russia has not provided that type of air- defence system to separatists to date , <premise>suggesting that Russian forces were protecting the convoy</premise>."
We call on both sides to immediately de - escalate the fighting and respect the terms of the ceasefire agreement reached at the Minsk peace talks .,b-claim i-claim i-claim i-claim i-claim i-claim i-claim i-claim i-claim i-claim i-claim i-claim i-claim i-claim i-claim i-claim i-claim i-claim i-claim i-claim i-claim i-claim i-claim i-claim i-claim i-claim i-claim,We call on both sides to immediately <claim>de-escalate the fighting and respect the terms of the ceasefire agreement reached at the Minsk peace talks</claim>.
"It is quite clear that we are not acting fairly here , because a statement condemning what happened in Mariupol would have been adopted injust a few minutes , just as we adopted a statement condemning what took place in Volnovakha , which we immediately agreed to .",b-claim i-claim i-claim i-claim i-claim i-claim i-claim i-claim i-claim i-claim i-claim o o o o o o o o o o o o o o o o o o o o o o o o o o o o o o o o o o o o o,"It is quite clear that we are not acting fairly here , <claim>because a statement condemning what happened in Mariupol would have been adopted in</claim> a few minutes , <premise>just as we adopted a statement condemning what took place in Volnovakha , which we immediately agreed to</premise>."
"Yet Russia continues to deny that fact , despite the fact that its attempts at deception turned to farce only yesterday when Russian television station NTV broadcast footage of an armoured personnel carrier at the head of a column in Donetsk bearing markings from the Russian city of Ryazan .",b-claim i-claim i-claim i-claim i-claim i-claim i-claim o o o o o o o o o o o o o o o o o o o o o o o o o o o o o o o o o o o o o o o o o o o,"Yet Russia continues to <claim>deny that fact</claim>, <premise>despite the fact that its attempts at deception turned to farce only yesterday when Russian television station NTV broadcast footage of an armoured personnel carrier at the head of a column in Donetsk bearing markings from the Russian city of Ryazan</premise>."
"The commitment of the OSCE to ensuring security for local elections in Donbas will also be necessary , on the basis of arrangements yet to be determined .",b-claim i-claim i-claim i-claim i-claim i-claim i-claim i-claim i-claim i-claim i-claim i-claim i-claim i-claim i-claim i-claim i-claim i-claim i-claim i-claim i-claim i-claim i-claim i-claim i-claim i-claim i-claim i-claim,"The <claim>The commitment of the OSCE to ensuring security for local elections in Donbas will also be necessary</claim>, <premise>on the basis of arrangements yet to be determined</premise>."
We applaud the courage and dedication of the Monitoring Mission 's unarmed monitors and strongly support efforts to ensure their safety in carrying out their critical mission .,b-claim i-claim i-claim i-claim i-claim i-claim i-claim i-claim i-claim i-claim i-claim i-claim i-claim i-claim i-claim i-claim i-claim i-claim i-claim i-claim i-claim i-claim i-claim i-claim i-claim i-claim i-claim i-claim,We applaud the <claim>courage and dedication of the Monitoring Mission 's unarmed monitors</claim> and <claim>strongly support efforts to ensure their safety in carrying out their critical mission</claim>.
"Separatists initially claimed responsibility for shooting down a military transport plane , and posted videos that are now being connected to the Malaysia Airlines crash .",b-premise i-premise i-premise i-premise i-premise i-premise i-premise i-premise i-premise i-premise i-premise i-premise i-premise i-premise i-premise i-premise i-premise i-premise i-premise i-premise i-premise i-premise i-premise i-premise i-premise i-premise,"Separatists initially <claim>claimed responsibility for shooting down a military transport plane</claim>, and posted videos that are now being connected to the Malaysia Airlines crash ."
"United Nations States Members should respect that process , and there should not be any influence exerted by outside forces .",o o o o o o o o o o b-claim i-claim i-claim i-claim i-claim i-claim i-claim i-claim i-claim i-claim i-claim,"United Nations States Members should <claim>respect that process</claim>, and there should not be any <premise>influence exerted by outside forces</premise>."
"The Council has just issued a press statement calling for investigation , accountability and immediate access to the crash site .",b-premise i-premise i-premise i-premise i-premise i-premise i-premise i-premise i-premise i-premise i-premise i-premise i-premise i-premise i-premise i-premise i-premise i-premise i-premise i-premise i-premise,"The <claim>The Council has just issued a press statement</claim> <premise>calling for investigation , accountability and immediate access to the crash site</premise>."
We have not heard any expression of Russia 's firm intention to withdraw its troops from Ukraine or its readiness to cooperate with Ukraine in establishing effective control over the State border .,b-premise i-premise i-premise i-premise i-premise i-premise i-premise i-premise i-premise i-premise i-premise i-premise i-premise i-premise i-premise i-premise i-premise i-premise i-premise i-premise i-premise i-premise i-premise i-premise i-premise i-premise i-premise i-premise i-premise i-premise i-premise i-premise i-premise,We have not heard any <claim>expression of Russia 's firm intention to withdraw its troops from Ukraine or its readiness to cooperate with Ukraine in establishing effective control over the State border</claim>.
There can be no strategic stability without a set of common rules to frame military competition .,b-premise i-premise i-premise i-premise i-premise i-premise i-premise i-premise i-premise i-premise i-premise i-premise i-premise i-premise i-premise i-premise i-premise,There can be no <claim>strategic stability</claim> <premise>without a set of common rules to frame military competition</premise>.
"Contrary to Russia 's claims , Ukraine is demonstrating its commitment to implementing the Minsk agreements .",b-premise i-premise i-premise i-premise i-premise o o o o o o o o o o o o,"Contrary to <premise>Russia 's claims</premise>, <claim>Ukraine is demonstrating its commitment to implementing the Minsk agreements</claim>."
"On the eve of 13 April , authorities in Kyiv launched an "" anti - terror "" operation to reclaim Sloviansk , a day after it was overrun by pro - separatist activists , whom the United Nations human rights monitors on the ground have described as well - armed and well - organized militiamen .",b-premise i-premise i-premise i-premise i-premise i-premise i-premise i-premise i-premise i-premise i-premise i-premise i-premise i-premise i-premise i-premise i-premise i-premise i-premise i-premise i-premise i-premise i-premise i-premise i-premise i-premise i-premise i-premise i-premise i-premise i-premise i-premise i-premise i-premise i-premise i-premise i-premise i-premise i-premise i-premise i-premise i-premise i-premise i-premise i-premise i-premise i-premise i-premise i-premise i-premise i-premise i-premise i-premise i-premise i-premise i-premise,"On the eve of 13 April , authorities in Kyiv launched an <claim>"" anti - terror "" operation to reclaim Sloviansk</claim>, <premise>a day after it was overrun by pro - separatist activists</premise>, whom the United Nations human rights monitors on the ground have described as well - armed and well - organized militiamen ."
We have raised our concern several times here in the Chamber that Russian nationals are directly participating in destabilizing the situation in eastern Ukraine .,o o o o o o o o o o o o b-claim i-claim i-claim i-claim i-claim i-claim i-claim i-claim i-claim i-claim i-claim i-claim i-claim,We have raised our concern several times here in the Chamber that <premise>Russian nationals are directly participating in destabilizing the situation in eastern Ukraine</premise>.
"Our expectation is that Russia , as a permanent member of the Security Council and as a party to the Minsk agreements , will work to restore peace and security in Ukraine by respecting the outcome of the elections and by supporting the forthcoming local elections held under Ukrainian law .",b-claim i-claim i-claim i-claim i-claim i-claim i-claim i-claim i-claim i-claim i-claim i-claim i-claim i-claim i-claim i-claim i-claim i-claim i-claim i-claim i-claim i-claim i-claim i-claim i-claim i-claim i-claim i-claim i-claim i-claim i-claim i-claim i-claim i-claim i-claim i-claim i-claim i-claim i-claim i-claim i-claim i-claim i-claim i-claim i-claim i-claim i-claim i-claim i-claim i-claim i-claim,"Our expectation is that Russia , as a <claim>permanent member of the Security Council and as a party to the Minsk agreements</claim>, <premise>will work to restore peace and security in Ukraine by respecting the outcome of the elections and by supporting the forthcoming local elections held under Ukrainian law</premise>."
"Until the Kyiv party of war understands that force alone can not resolve the conflict , and that multiple - launch rocket systems , tactical ballistic missiles , phosphorous and cluster munitions , and renewed mobilizations will not help it , such incidents will occur over and over again .",o o o o o o o o o o o o o o o o o o o o o o o o o o o o o o o o o o o o o o o o o b-claim i-claim i-claim i-claim i-claim i-claim i-claim i-claim i-claim,"Until the <claim>Kyiv party of war understands that force alone can not resolve the conflict</claim>, and that <premise>multiple - launch rocket systems , tactical ballistic missiles , phosphorous and cluster munitions , and renewed mobilizations will not help it</premise>, <claim>such incidents will occur over and over again</claim>."
We welcome the significant contribution that the OSCE continues to make in supporting the maintenance of international peace and security as one of the largest regional security organizations .,b-claim i-claim i-claim i-claim i-claim i-claim i-claim i-claim i-claim i-claim i-claim i-claim i-claim i-claim i-claim i-claim i-claim i-claim i-claim i-claim i-claim i-claim i-claim i-claim i-claim i-claim i-claim i-claim i-claim,We welcome the <claim>significant contribution that the OSCE continues to make in supporting the maintenance of international peace and security</claim> as one of the largest regional security organizations .
"Furthermore , amnesty was offered to all militants who laid down arms and returned to seeking a peaceful solution to existing issues .",o o b-premise i-premise i-premise i-premise i-premise i-premise i-premise i-premise i-premise i-premise i-premise i-premise i-premise i-premise i-premise i-premise i-premise i-premise i-premise i-premise i-premise,"Furthermore , <premise>amnesty was offered to all militants who laid down arms and returned to seeking a peaceful solution to existing issues</premise>."
All foreign military personnel must leave the territory of Ukraine .,b-premise i-premise i-premise i-premise i-premise i-premise i-premise i-premise i-premise i-premise i-premise,<claim>All foreign military personnel must leave the territory of Ukraine</claim>.
Mr. Sergeyev ( Ukraine ): I too do not want to continue this dialogue because it is going nowhere .,o o o o o o o o o o o o o o o b-premise i-premise i-premise i-premise o,Mr. Sergeyev ( Ukraine ): <claim>I too do not want to continue this dialogue</claim> <premise>because it is going nowhere</premise>.
"A couple of days ago , we expressed support for the Secretary - General 's initiatives and called for stepping up international mediation efforts .",o o o o o o b-premise i-premise i-premise i-premise i-premise i-premise i-premise i-premise i-premise i-premise i-premise i-premise i-premise i-premise i-premise i-premise i-premise i-premise i-premise,"A couple of days ago , we <premise>expressed support for the Secretary - General 's initiatives</premise> and <claim>called for stepping up international mediation efforts</claim>."
"Lastly , as Iunderstand it , the Ukrainian representative asked me here and now to an answer the question why several hundred units and vast amounts of Russian military equipment are being concentrated on the Ukrainian border .",o o o o o o b-premise i-premise i-premise i-premise i-premise i-premise i-premise i-premise i-premise i-premise i-premise i-premise i-premise i-premise i-premise i-premise i-premise i-premise i-premise i-premise i-premise i-premise i-premise i-premise i-premise i-premise i-premise i-premise i-premise i-premise i-premise i-premise,"Lastly , as Iunderstand it , the Ukrainian representative asked me here and now to an answer the question <claim>why several hundred units and vast amounts of Russian military equipment are being concentrated on the Ukrainian border</claim>."
"Separatist guards kept their guns pointed at the monitors during the exchange , the monitors said , even though the team posed no threat and , mercifully , had no camera .",b-premise i-premise i-premise i-premise i-premise i-premise i-premise i-premise i-premise i-premise i-premise i-premise i-premise i-premise i-premise i-premise i-premise i-premise i-premise i-premise i-premise i-premise i-premise i-premise i-premise i-premise i-premise i-premise i-premise i-premise i-premise i-premise,"Separatist guards kept their guns pointed at the monitors during the exchange , the monitors said , <claim>even though the team posed no threat and , mercifully , had no camera</claim>."
We have seen no constructive attempts to discuss the real reasons for the Ukrainian internal conflict and try to find a way out of the current situation .,b-claim i-claim i-claim i-claim i-claim i-claim i-claim i-claim i-claim i-claim i-claim i-claim i-claim i-claim i-claim i-claim i-claim i-claim i-claim i-claim i-claim i-claim i-claim i-claim i-claim i-claim i-claim i-claim,We have seen no <premise>constructive attempts to discuss the real reasons for the Ukrainian internal conflict and try to find a way out of the current situation</premise>.
"China supports any effort that will help the parties to engage in dialogue and consultations leading to a political settlement of the crisis , and we will continue to play an active and constructive role in seeking a political settlement of the question of Ukraine .",o o o o o o o o o o o o o o o o o o o o o o o o b-claim i-claim i-claim i-claim i-claim i-claim i-claim i-claim i-claim i-claim i-claim i-claim i-claim i-claim i-claim i-claim i-claim i-claim i-claim i-claim i-claim o,"China supports <premise>any effort that will help the parties to engage in dialogue and consultations leading to a political settlement of the crisis</premise>, and we will continue to play an active and constructive role in seeking a political settlement of the question of Ukraine."
We are not going to let the Crimea scenario be repeated in eastern Ukraine .,b-claim i-claim i-claim i-claim i-claim i-claim i-claim i-claim i-claim i-claim i-claim i-claim i-claim i-claim i-claim,<claim>We are not going to let the Crimea scenario be repeated in eastern Ukraine</claim>.
The OSCE 's role in facilitating humanitarian work has been critical to alleviating the suffering caused by four years of aggression .,b-claim i-claim i-claim i-claim i-claim i-claim i-claim i-claim i-claim i-claim i-claim i-claim i-claim i-claim i-claim i-claim i-claim i-claim i-claim i-claim i-claim i-claim,The OSCE 's role in facilitating humanitarian work has been <claim>critical to alleviating the suffering caused by four years of aggression</claim>.
"Despite the fact that , in line with the Minsk agreements , the airport was to have been given to the militias , the matter has not been resolved peacefully because of disputes in other areas of the engagement line .",o o o o o o o o o o o o o o o o o o o o o o o b-claim i-claim i-claim i-claim i-claim i-claim i-claim o o o o o o o o o o o,"Despite the fact that , in line with the Minsk agreements , the airport was to have been given to the militias , <claim>the matter has not been resolved peacefully</claim> <premise>because of disputes in other areas of the engagement line</premise>."
"Still , neither Ukraine nor the OSCE has received any kind of explanation .",o o b-premise i-premise i-premise i-premise i-premise i-premise i-premise i-premise i-premise i-premise i-premise i-premise,"Still , neither <premise>Ukraine nor the OSCE has received any kind of explanation</premise>."
Yet Russia has done nothing to restore Ukrainian Government control over the international border .,b-claim i-claim i-claim i-claim i-claim i-claim i-claim i-claim i-claim i-claim i-claim i-claim i-claim i-claim i-claim,<claim>Yet Russia has done nothing to restore Ukrainian Government control over the international border</claim>.
We firmly reject all of Russia 's attempts to validate its intentions and threats to use armed forces or to send so - called Russian peacekeepers into Ukraine .,b-claim i-claim i-claim i-claim i-claim i-claim i-claim i-claim i-claim i-claim i-claim i-claim i-claim i-claim i-claim i-claim i-claim i-claim i-claim i-claim i-claim i-claim i-claim i-claim i-claim i-claim i-claim i-claim i-claim,We firmly <claim>reject all of Russia 's attempts to validate its intentions and threats to use armed forces or to send so - called Russian peacekeepers into Ukraine</claim>.
"The Secretary - General further appeals for direct and constructive dialogue between the parties , and between Kyiv and Moscow , to de - escalate the situation and address all differences .",b-claim i-claim i-claim i-claim i-claim i-claim i-claim i-claim i-claim i-claim i-claim i-claim i-claim i-claim i-claim i-claim i-claim i-claim i-claim i-claim i-claim i-claim i-claim i-claim i-claim i-claim i-claim i-claim i-claim i-claim i-claim i-claim,"The Secretary - General further appeals for <premise>direct and constructive dialogue between the parties , and between Kyiv and Moscow , to de - escalate the situation and address all differences</premise>."
"First , the leaders of the self - defence formations made different statements the day before yesterday .",b-premise i-premise i-premise i-premise i-premise i-premise i-premise i-premise i-premise i-premise i-premise i-premise i-premise i-premise i-premise i-premise i-premise i-premise,"First , the <premise>leaders of the self - defence formations made different statements the day before yesterday</premise>."
"Russia negotiated a peace plan , then systematically undermined it at every step .",b-claim i-claim i-claim i-claim i-claim i-claim i-claim i-claim i-claim i-claim i-claim i-claim i-claim o,"Russia <claim>negotiated a peace plan</claim>, then systematically <premise>undermined it at every step</premise>."
That is why we call on Russia to engage constructively in that endeavour and to bring its influence to bear on the illegal armed groups to lay down their arms and engage in dialogue .,o o o b-claim i-claim i-claim i-claim i-claim i-claim i-claim i-claim i-claim i-claim i-claim i-claim i-claim i-claim i-claim i-claim i-claim i-claim i-claim i-claim i-claim i-claim i-claim i-claim i-claim i-claim i-claim i-claim i-claim i-claim i-claim i-claim,That is why we call on <claim>Russia to engage constructively in that endeavour and to bring its influence to bear on the illegal armed groups to lay down their arms and engage in dialogue</claim>.
"From promoting peaceful resolutions to conflicts to working with Governments on the rule of law and anti - corruption , the OSCE plays a key role in strengthening security and stability , addressing humanitarian needs of conflict- afflicted populations and promoting good governance in the region .",b-premise i-premise i-premise i-premise i-premise i-premise i-premise i-premise i-premise i-premise i-premise i-premise i-premise i-premise i-premise i-premise i-premise i-premise i-premise i-premise o o o o o o o o o o o o o o o o o o o o o o o o o o o,"From <claim>promoting peaceful resolutions to conflicts to working with Governments on the rule of law and anti - corruption</claim>, the OSCE plays a <claim>key role in strengthening security and stability</claim>, <premise>addressing humanitarian needs of conflict- afflicted populations</premise> and <claim>promoting good governance in the region</claim>."
We still expect the same commitment to the Minsk agreements on the part of the Russian side .,b-claim i-claim i-claim i-claim i-claim i-claim i-claim i-claim i-claim i-claim i-claim i-claim i-claim i-claim i-claim i-claim i-claim i-claim,We still expect the same <claim>commitment to the Minsk agreements on the part of the Russian side</claim>.
The use of armed force that we are now witnessing in eastern Ukraine to impose one set of views on the peaceful majority is therefore entirely without justification .,b-premise i-premise i-premise i-premise i-premise i-premise i-premise i-premise i-premise i-premise i-premise i-premise i-premise i-premise i-premise i-premise i-premise i-premise i-premise i-premise i-premise i-premise i-premise i-premise i-premise i-premise i-premise i-premise i-premise,The use of armed force that we are now witnessing in eastern Ukraine to impose one set of views on the peaceful majority is therefore <claim>entirely without justification</claim>.
But maybe he should not wait for 21 April .,b-premise i-premise i-premise i-premise i-premise i-premise i-premise i-premise i-premise i-premise,But maybe he should not wait for <claim>21 April</claim>.
That is a dangerous escalation of an already dangerous situation .,b-claim i-claim i-claim i-claim i-claim i-claim i-claim i-claim i-claim i-claim i-claim,<claim>That is a dangerous escalation of an already dangerous situation</claim>.
But de - escalation implies that Russia will calm the armed groups it is equipping and training ; that it will see that the OSCE observers are freed - having still not publicly condemned their capture in the first place - and open negotiations with Ukraine ; that free elections will be held on 25 May under international supervision in order to give the Kyiv authorities indisputable legitimacy ; and that negotiations begin between Russia and Ukraine .,o o o o o o o o o o o o o o o o o o b-claim i-claim i-claim i-claim i-claim i-claim i-claim i-claim i-claim i-claim i-claim i-claim i-claim i-claim i-claim i-claim i-claim i-claim i-claim i-claim i-claim i-claim i-claim i-claim i-claim i-claim i-claim i-claim o o o o o o o o o o o o o o o o o o o o o o o o o o o o o o o o,But de - escalation <claim>implies that Russia will calm the armed groups it is equipping and training</claim> ; <claim>that it will see that the OSCE observers are freed - having still not publicly condemned their capture in the first place - and open negotiations with Ukraine</claim> ; <claim>that free elections will be held on 25 May under international supervision in order to give the Kyiv authorities indisputable legitimacy</claim> ; and <claim>that negotiations begin between Russia and Ukraine</claim>.
"That aggression is aimed at forcing my Government to change its constitutional and territorial order , thereby undermining the territorial integrity and political sovereignty of Ukraine .",b-claim i-claim i-claim i-claim i-claim i-claim i-claim i-claim i-claim i-claim i-claim i-claim i-claim i-claim i-claim i-claim i-claim i-claim i-claim i-claim i-claim i-claim i-claim i-claim i-claim i-claim i-claim,"That aggression is aimed at forcing my Government to change its constitutional and territorial order , <premise>thereby undermining the territorial integrity and political sovereignty of Ukraine</premise>."
"If we are to respond to them effectively , we must continue to strengthen the OSCE , and with it the Security Council 's cooperation .",b-claim i-claim i-claim i-claim i-claim i-claim i-claim i-claim i-claim i-claim i-claim i-claim i-claim i-claim i-claim i-claim i-claim i-claim i-claim i-claim i-claim i-claim i-claim i-claim i-claim i-claim,"If we are to respond to them effectively , we must continue to strengthen the <claim>OSCE</claim> , and with it the <premise>Security Council 's cooperation</premise>."
We commend the Ukrainian authorities in that regard .,b-claim i-claim i-claim i-claim i-claim i-claim i-claim i-claim i-claim,We <premise>commend the Ukrainian authorities in that regard</premise>.
"We are still restrained in calling for the Council 's full recognition that Russia is the aggressor , but that can not last long .",b-claim i-claim i-claim i-claim i-claim i-claim i-claim i-claim i-claim i-claim i-claim i-claim i-claim i-claim i-claim i-claim i-claim i-claim i-claim i-claim i-claim i-claim i-claim i-claim i-claim,"We are still restrained in <premise>calling for the Council 's full recognition that Russia is the aggressor</premise>, but that can not last long."
"Despite the best efforts ofthe OSCE , whose work has been exemplary despite the challenges presented , only two checkpoints are currently monitored on the Russian side , leaving hundreds of kilometres free for the flow of weapons and personnel into Ukraine .",b-premise i-premise i-premise i-premise i-premise i-premise i-premise i-premise i-premise i-premise i-premise i-premise i-premise i-premise i-premise i-premise i-premise i-premise i-premise i-premise i-premise i-premise i-premise i-premise i-premise i-premise i-premise i-premise i-premise i-premise i-premise i-premise i-premise i-premise i-premise i-premise i-premise i-premise i-premise i-premise i-premise i-premise i-premise,"Despite the best efforts ofthe OSCE , <premise>whose work has been exemplary despite the challenges presented</premise>, <claim>only two checkpoints are currently monitored on the Russian side</claim>, <premise>leaving hundreds of kilometres free for the flow of weapons and personnel into Ukraine</premise>."
"Finally , we urge the parties to seek a peaceful solution to this crisis through direct political dialogue , exercise restraint and refrain from unilateral actions that could increase tensions .",b-claim i-claim i-claim i-claim i-claim i-claim i-claim i-claim i-claim i-claim i-claim i-claim i-claim i-claim i-claim i-claim i-claim i-claim i-claim i-claim i-claim i-claim i-claim i-claim i-claim i-claim i-claim i-claim i-claim i-claim i-claim,"Finally , we urge the parties to <claim>seek a peaceful solution to this crisis through direct political dialogue</claim>, <premise>exercise restraint and refrain from unilateral actions that could increase tensions</premise>."
"Those responsible for such deplorable acts against the civilian population must be held accountable , and we emphasize the absolute necessity for an objective investigation of the facts that will see that those responsible are brought to justice .",o o o o o o o o o o o o o o o o b-claim i-claim i-claim i-claim i-claim i-claim i-claim i-claim i-claim i-claim i-claim i-claim i-claim i-claim i-claim i-claim i-claim i-claim i-claim i-claim i-claim i-claim i-claim,"Those responsible for such deplorable acts against the civilian population <claim>must be held accountable</claim>, and we <premise>emphasize the absolute necessity for an objective investigation of the facts that will see that those responsible are brought to justice</premise>."
"In that letter , I drew the attention of the Council to the dangerously deteriorating security situation in the eastern part of Ukraine , which threatens our territorial integrity and shows a tendency to transform into a "" frozen conflict "" , and thus continues to be a challenge to peace and stability in the whole of Europe and beyond .",o o o o o o o o o o o o o o o o o o o o o o o o b-premise i-premise i-premise i-premise i-premise i-premise i-premise i-premise i-premise i-premise i-premise i-premise i-premise i-premise i-premise i-premise i-premise o o o o o o o o o o o o o o o o o o o o,"In that letter , I drew the attention of the <premise>Council to the dangerously deteriorating security situation in the eastern part of Ukraine , which threatens our territorial integrity and shows a tendency to transform into a "" frozen conflict "" , and thus continues to be a challenge to peace and stability in the whole of Europe and beyond</premise>."
"While the humanitarian needs in the region have not diminished and remain dire , the armed separatists have been gaining ground with each new convoy .",b-claim i-claim i-claim i-claim i-claim i-claim i-claim i-claim i-claim i-claim i-claim i-claim i-claim i-claim i-claim i-claim i-claim i-claim i-claim i-claim i-claim i-claim i-claim i-claim i-claim i-claim,"While the humanitarian needs in the region have not diminished and remain dire , <claim>the armed separatists have been gaining ground with each new convoy</claim>."
Our policy is based on firmness and openness to dialogue .,b-claim i-claim i-claim i-claim i-claim i-claim i-claim i-claim i-claim i-claim i-claim,Our policy is based on <claim>firmness and openness to dialogue</claim>.
"Defendants are not given lawyers and their judges are whatever members of the community show up , who vote by a simple show of hands .",b-premise i-premise i-premise i-premise i-premise i-premise i-premise i-premise i-premise i-premise i-premise i-premise i-premise i-premise i-premise i-premise i-premise i-premise i-premise i-premise i-premise i-premise i-premise i-premise i-premise i-premise,"Defendants are not given lawyers and their judges are <premise>whatever members of the community show up , who vote by a simple show of hands</premise>."
"Yet hundreds of Russian troops still remain on the territory of Ukraine , as do thousands of so - called volunteers , in flagrant violation of the protocol .",b-claim i-claim i-claim i-claim i-claim i-claim i-claim i-claim i-claim i-claim i-claim i-claim i-claim i-claim i-claim i-claim i-claim i-claim i-claim i-claim i-claim i-claim i-claim i-claim i-claim i-claim i-claim i-claim i-claim,"Yet hundreds of Russian troops still remain on the territory of Ukraine , as do thousands of so - called volunteers , in <claim>flagrant violation of the protocol</claim>."
What context possibly justifies a massive offensive against a civilian - populated town ?,b-claim i-claim i-claim i-claim i-claim i-claim i-claim i-claim i-claim i-claim i-claim i-claim i-claim i-claim,<claim>What context possibly justifies a massive offensive against a civilian - populated town</claim>?
"Among this , we have heard the usual pattern of Russian denials and misinformation .",b-premise i-premise i-premise i-premise i-premise i-premise i-premise i-premise i-premise i-premise i-premise i-premise i-premise i-premise i-premise,"Among this , we have heard the <premise>usual pattern of Russian denials and misinformation</premise>."
This is yet again a gross distortion of the facts .,b-claim i-claim i-claim i-claim i-claim i-claim i-claim i-claim i-claim i-claim i-claim,This is yet again a <claim>gross distortion of the facts</claim>.
The crisis in Ukraine is rooted in a complex situation that is both historical and contemporary .,b-premise i-premise i-premise i-premise i-premise i-premise i-premise i-premise i-premise i-premise i-premise i-premise i-premise i-premise i-premise i-premise i-premise,The <premise>The crisis in Ukraine is rooted in a complex situation that is both historical and contemporary</premise>.
"It is urgent that the increasing humanitarian needs in south - eastern Ukraine be addressed , as the Office for the Coordination of Humanitarian Affairs and other United Nations agencies have pointed out .",b-claim i-claim i-claim i-claim i-claim i-claim i-claim i-claim i-claim i-claim i-claim i-claim i-claim i-claim i-claim i-claim i-claim i-claim i-claim i-claim i-claim i-claim i-claim i-claim i-claim i-claim i-claim i-claim i-claim i-claim i-claim i-claim i-claim i-claim,"It is urgent that the <claim>increasing humanitarian needs in south - eastern Ukraine be addressed</claim>, as the <premise>the Office for the Coordination of Humanitarian Affairs and other United Nations agencies have pointed out</premise>."
"In that context , we believe that the work of the OSCE should now focus on the following issues .",o o o o b-claim i-claim i-claim i-claim i-claim i-claim i-claim i-claim i-claim i-claim i-claim i-claim i-claim i-claim i-claim i-claim,"In that context , we <claim>believe that the work of the OSCE should now focus on the following issues</claim>."
"I would like to return to a question that has been already raised : What would a country do if a group of people in one of its towns decided to break away and declare themselves above the country 's laws and Constitution , arm themselves illegally and attack local Government , administrative and justice buildings and take hostages and practice enforced disappearances , beatings and killings ?",o o o o o o o o o o o o o o b-premise i-premise i-premise i-premise i-premise i-premise i-premise i-premise i-premise i-premise i-premise i-premise i-premise i-premise i-premise i-premise i-premise i-premise i-premise i-premise i-premise i-premise i-premise i-premise i-premise i-premise i-premise i-premise i-premise i-premise i-premise i-premise i-premise i-premise i-premise i-premise i-premise i-premise i-premise i-premise i-premise i-premise i-premise i-premise i-premise i-premise i-premise i-premise i-premise i-premise i-premise i-premise i-premise i-premise,"I would like to return to a question that has been already raised : <claim>What would a country do if a group of people in one of its towns decided to break away and declare themselves above the country's laws and Constitution , arm themselves illegally and attack local Government , administrative and justice buildings and take hostages and practice enforced disappearances , beatings and killings ?</claim>"
The reason lies with our Western partners .,b-premise i-premise i-premise i-premise i-premise i-premise i-premise i-premise,<claim>The reason lies with our Western partners</claim>.
"First , I have said , and I repeat , that of course the ceasefire and the normalization of the situation are the key tasks , but they require trust .",b-claim i-claim i-claim i-claim i-claim i-claim i-claim i-claim i-claim i-claim i-claim i-claim i-claim i-claim i-claim i-claim i-claim i-claim i-claim i-claim i-claim i-claim i-claim i-claim i-claim i-claim i-claim i-claim i-claim i-claim i-claim,"First , I have said , and I repeat , that of course the <claim>ceasefire and the normalization of the situation are the key tasks</claim>, but they require <premise>trust</premise>."
"They are professional forces carrying weapons - Russian - made weapons , as it happens - and carrying out sophisticated , coordinated military operations across a substantial number of eastern Ukrainian cities .",b-premise i-premise i-premise i-premise i-premise i-premise i-premise i-premise i-premise i-premise i-premise i-premise i-premise i-premise i-premise i-premise i-premise i-premise i-premise i-premise i-premise i-premise i-premise i-premise i-premise i-premise i-premise i-premise i-premise i-premise i-premise i-premise i-premise,"They are professional forces <premise>carrying weapons - Russian - made weapons , as it happens -</premise> and <premise>carrying out sophisticated , coordinated military operations across a substantial number of eastern Ukrainian cities</premise>."
We once again call for an end to the Russian occupation and attempted annexation of the peninsula .,b-claim i-claim i-claim i-claim i-claim i-claim i-claim i-claim i-claim i-claim i-claim i-claim i-claim i-claim i-claim i-claim i-claim i-claim,We once again call for <claim>an end to the Russian occupation and attempted annexation of the peninsula</claim>.
"Regrettably , our goodwill has not been reciprocated .",o o b-claim i-claim i-claim i-claim i-claim i-claim i-claim,"Regrettably , our goodwill has not been <claim>reciprocated</claim>."
Yet Russian- backed separatists have fired on OSCE monitoring drones and used jamming signals to interfere with its team members ' electronics using equipment supplied by Moscow .,b-claim i-claim i-claim i-claim i-claim i-claim i-claim i-claim i-claim i-claim i-claim i-claim i-claim i-claim i-claim i-claim i-claim i-claim i-claim i-claim i-claim i-claim i-claim i-claim i-claim i-claim i-claim i-claim,Yet <claim>Russian- backed separatists have fired on OSCE monitoring drones and used jamming signals to interfere with its team members' electronics</claim> <premise>using equipment supplied by Moscow</premise>.
It is the reality .,b-claim i-claim i-claim i-claim i-claim,<claim>It is the reality</claim>.
"Countries are interdependent , and their security is interconnected .",b-premise i-premise i-premise i-premise i-premise i-premise i-premise i-premise i-premise i-premise,"Countries are interdependent , and their security is <claim>interconnected</claim>."
"My Government condemns all attempts to destroy Ukraine 's independence , sovereignty and territorial integrity , and firmly rejects all Russian attempts to validate its intentions and threats to use armed forces or to send Russian Federation peacekeepers into Ukraine 's territory .",b-claim i-claim i-claim i-claim i-claim i-claim i-claim i-claim i-claim i-claim i-claim i-claim i-claim i-claim i-claim i-claim i-claim i-claim i-claim i-claim i-claim i-claim i-claim i-claim i-claim i-claim i-claim i-claim i-claim i-claim i-claim i-claim i-claim i-claim i-claim i-claim i-claim i-claim i-claim i-claim i-claim i-claim i-claim,"My Government <claim>condemns all attempts to destroy Ukraine 's independence , sovereignty and territorial integrity</claim>, and <claim>firmly rejects all Russian attempts to validate its intentions and threats to use armed forces or to send Russian Federation peacekeepers into Ukraine 's territory</claim>."
"It is quite clear that we are not acting fairly here , because a statement condemning what happened in Mariupol would have been adopted injust a few minutes , just as we adopted a statement condemning what took place in Volnovakha , which we immediately agreed to .",o o o o o o o o o o o o o b-premise i-premise i-premise i-premise i-premise i-premise i-premise i-premise i-premise i-premise i-premise i-premise i-premise i-premise i-premise i-premise i-premise i-premise i-premise i-premise i-premise i-premise i-premise i-premise i-premise i-premise i-premise i-premise i-premise i-premise i-premise i-premise i-premise i-premise i-premise,"It is quite clear that we are not acting fairly here , <claim>because a statement condemning what happened in Mariupol would have been adopted in</claim> a few minutes , <premise>just as we adopted a statement condemning what took place in Volnovakha , which we immediately agreed to</premise>."
It is time for the current Government to start seriously addressing issues of socioeconomic development because a lot of that discontent is based on the socioeconomic concerns of the population .,b-claim i-claim i-claim i-claim i-claim i-claim i-claim i-claim i-claim i-claim i-claim i-claim i-claim i-claim i-claim o o o o o o o o o o o o o o o o,It is time for the current Government to start seriously addressing issues of socioeconomic development <claim>because a lot of that discontent is based on the socioeconomic concerns of the population</claim>.
"What is unfortunate is that throughout this entire conflict our Western colleagues have spent all their time accusing the self - defence formations of inhuman crimes , while they fully justify the actions of the Kyiv authorities .",o o o o o b-claim i-claim i-claim i-claim i-claim i-claim i-claim i-claim i-claim i-claim i-claim i-claim i-claim i-claim i-claim i-claim i-claim i-claim i-claim i-claim i-claim i-claim i-claim i-claim i-claim i-claim i-claim i-claim i-claim i-claim i-claim i-claim i-claim,"What is <claim>unfortunate</claim> is that throughout this entire conflict our Western colleagues have spent all their time <premise>accusing the self - defence formations of inhuman crimes</premise>, <claim>while they fully justify the actions of the Kyiv authorities</claim>."
The blood of Ukrainians has been shed for one undivided sovereign Ukraine .,b-premise i-premise i-premise i-premise i-premise i-premise i-premise i-premise i-premise i-premise i-premise i-premise i-premise,The <premise>The blood of Ukrainians has been shed</premise> for <claim>one undivided sovereign Ukraine</claim>.
"Ukrainians have the right for those elections to be free , fair and transparent .",b-premise i-premise i-premise i-premise i-premise i-premise i-premise i-premise i-premise i-premise i-premise i-premise i-premise i-premise i-premise,"Ukrainians have the <claim>right for those elections to be free , fair and transparent</claim>."
"The United States calls for unrestricted access for the OSCE Mission to Moldova throughout the country , including the Transnistrian region , so that it can perform its activities and fulfil its mandate .",b-claim i-claim i-claim i-claim i-claim i-claim i-claim i-claim i-claim i-claim i-claim i-claim i-claim i-claim i-claim i-claim i-claim i-claim i-claim i-claim i-claim i-claim i-claim i-claim i-claim i-claim i-claim i-claim i-claim i-claim i-claim i-claim i-claim i-claim,"The United States <claim>calls for unrestricted access for the OSCE Mission to Moldova throughout the country</claim>, including the Transnistrian region , <premise>so that it can perform its activities and fulfil its mandate</premise>."
"What is most urgent now is for all parties to be calm and exercise restraint so as to avoid any further escalation of the conflict or confrontation , to bring about a ceasefire and stop the violence in eastern Ukraine and to implement comprehensively the Minsk agreement reached in September .",b-claim i-claim i-claim i-claim i-claim i-claim i-claim i-claim i-claim i-claim i-claim i-claim i-claim i-claim i-claim i-claim i-claim i-claim i-claim i-claim i-claim i-claim i-claim i-claim i-claim i-claim i-claim i-claim i-claim i-claim i-claim i-claim i-claim i-claim i-claim i-claim i-claim i-claim i-claim i-claim i-claim i-claim i-claim i-claim i-claim i-claim i-claim i-claim i-claim i-claim i-claim,"What is most urgent now is for all parties to be calm and exercise restraint so as to avoid any further escalation of the conflict or confrontation , to bring about a ceasefire and stop the violence in eastern Ukraine and to implement comprehensively the Minsk agreement reached in September ."
"On 8 November , the Mission observed a convoy of more than 40 unmarked military vehicles moving west on the outskirts of Donetsk .",b-premise i-premise i-premise i-premise i-premise i-premise i-premise i-premise i-premise i-premise i-premise i-premise i-premise i-premise i-premise i-premise i-premise i-premise i-premise i-premise i-premise i-premise i-premise i-premise,"On 8 November , the Mission observed a <claim>convoy of more than 40 unmarked military vehicles moving west on the outskirts of Donetsk</claim>."
The United States fully supports the OSCE 's comprehensive approach to addressing critical security challenges .,b-claim i-claim i-claim i-claim i-claim i-claim i-claim i-claim i-claim i-claim i-claim i-claim i-claim i-claim i-claim i-claim,The <claim>The United States fully supports the OSCE 's comprehensive approach to addressing critical security challenges</claim>.
The Russian delegation keeps saying that the Russian armed forces and military equipment have never crossed the borders of Ukraine .,b-premise i-premise i-premise i-premise i-premise i-premise i-premise i-premise i-premise i-premise i-premise i-premise i-premise i-premise i-premise i-premise i-premise i-premise i-premise i-premise i-premise,The Russian delegation keeps saying that <premise>The Russian armed forces and military equipment have never crossed the borders of Ukraine</premise>.
"To tackle the crisis at its roots , both the current situation and the historical facts must be considered , taking into account the legitimate rights , interests and demands of the various regions and ethnic communities of Ukraine and the legitimate concerns of all the parties concerned , with a view to achieving a balance ofinterests for all .",b-claim i-claim i-claim i-claim i-claim i-claim i-claim i-claim i-claim i-claim i-claim i-claim i-claim i-claim i-claim i-claim i-claim i-claim i-claim i-claim i-claim i-claim i-claim i-claim i-claim i-claim i-claim i-claim i-claim i-claim i-claim i-claim i-claim i-claim i-claim i-claim i-claim i-claim i-claim i-claim i-claim i-claim i-claim i-claim i-claim i-claim i-claim i-claim i-claim i-claim i-claim i-claim i-claim i-claim i-claim i-claim i-claim i-claim i-claim i-claim,"To tackle the crisis at its roots , <claim>both the current situation and the historical facts must be considered</claim> , <premise>taking into account the legitimate rights , interests and demands of the various regions and ethnic communities of Ukraine and the legitimate concerns of all the parties concerned</premise> , with a view to achieving a balance of interests for all ."
"On 27 January , we made clear that we condemned the use of violence to seize Government buildings , such as the takeover of a Ministry of Justice building that took place over the past cople of days and of a public exhibition hall that weekend , and continued to reiterate our call for all protesters and Government forces to refrain from violence and the destruction of property .",b-premise i-premise i-premise i-premise i-premise i-premise i-premise i-premise i-premise i-premise i-premise i-premise i-premise i-premise i-premise i-premise i-premise i-premise i-premise i-premise i-premise i-premise i-premise i-premise i-premise i-premise i-premise i-premise i-premise i-premise i-premise i-premise i-premise i-premise i-premise i-premise i-premise i-premise i-premise i-premise i-premise i-premise i-premise i-premise i-premise i-premise o o o o o o o o o o o o o o o o o o o o o o o,"On 27 January , we made clear that <claim>we condemned the use of violence to seize Government buildings</claim>, such as the takeover of a Ministry of Justice building that took place over the past cople of days and of a public exhibition hall that weekend , and <premise>continued to reiterate our call for all protesters and Government forces to refrain from violence and the destruction of property</premise>."
"Those facts , which come to us through the waves of images on the Internet , are the same as the ones that Russia labelled a month ago as spontaneous demonstrations by local self - defence groups .",b-premise i-premise i-premise i-premise i-premise i-premise i-premise i-premise i-premise i-premise i-premise i-premise i-premise i-premise i-premise i-premise i-premise i-premise i-premise i-premise i-premise i-premise i-premise i-premise i-premise i-premise i-premise i-premise i-premise i-premise i-premise i-premise i-premise i-premise i-premise i-premise i-premise i-premise,"Those facts , which come to us through the waves of images on the Internet , are the same as the ones that Russia <claim>labelled a month ago as spontaneous demonstrations by local self - defence groups</claim>."
"In addition to scrupulously observing a ceasefire , of particular importance is the withdrawal of armed groups , military equipment , combatants and illegal mercenaries , as well as securing the border between Ukraine and Russia and its permanent monitoring with OSCE verification .",o o o o o o o o b-claim i-claim i-claim i-claim i-claim i-claim i-claim i-claim i-claim i-claim i-claim i-claim i-claim i-claim i-claim i-claim i-claim i-claim i-claim i-claim i-claim i-claim i-claim i-claim i-claim i-claim i-claim i-claim i-claim i-claim i-claim i-claim i-claim i-claim i-claim i-claim,"In addition to scrupulously observing a ceasefire , <claim>of particular importance is the withdrawal of armed groups , military equipment , combatants and illegal mercenaries , as well as securing the border between Ukraine and Russia and its permanent monitoring with OSCE verification</claim>."
"Instead , Russia chose to continue to put the blame on Ukraine , the only side that is actually taking some steps - at gunpoint - to implement the Geneva statement .",b-claim i-claim i-claim i-claim i-claim i-claim i-claim i-claim i-claim i-claim i-claim i-claim i-claim i-claim i-claim i-claim i-claim i-claim i-claim i-claim i-claim i-claim i-claim i-claim i-claim i-claim i-claim i-claim i-claim i-claim i-claim i-claim,"Instead , <claim>Russia chose to continue to put the blame on Ukraine</claim> , the only side that is actually taking some steps - at gunpoint - to implement the Geneva statement ."
"I recall that the conflict in Transnistria could have been settled back in 2005 ifWashington , D.C. , had not intervened at the last moment , convincing Chisinau not to sign the prepared agreement .",o o o b-claim i-claim i-claim i-claim i-claim i-claim i-claim i-claim i-claim i-claim i-claim i-claim i-claim i-claim i-claim i-claim i-claim i-claim i-claim i-claim i-claim i-claim i-claim i-claim i-claim i-claim i-claim i-claim i-claim i-claim i-claim i-claim,"I recall that the conflict in Transnistria could have been settled back in 2005 if<premise>Washington , D.C. , had not intervened at the last moment , convincing Chisinau not to sign the prepared agreement</premise>."
The current situation is dangerous .,b-claim i-claim i-claim i-claim i-claim i-claim,<claim>The current situation is dangerous</claim>.
We also stand with international law and norms and the fundamental principle that borders are not suggestions .,b-claim i-claim i-claim i-claim i-claim i-claim i-claim i-claim i-claim i-claim i-claim i-claim i-claim i-claim i-claim i-claim i-claim i-claim,We also stand with <premise>international law and norms and the fundamental principle that borders are not suggestions</premise>.
We furthermore recall that in Minsk all parties agreed to allow the Organization for Security and Cooperation in Europe ( OSCE ) to monitor and verify the ceasefire .,b-premise i-premise i-premise i-premise i-premise i-premise i-premise i-premise i-premise i-premise i-premise i-premise i-premise i-premise i-premise i-premise i-premise i-premise i-premise i-premise i-premise i-premise i-premise i-premise i-premise i-premise i-premise i-premise i-premise,We furthermore recall that in Minsk all parties agreed to allow the <premise>the Organization for Security and Cooperation in Europe ( OSCE ) to monitor and verify the ceasefire</premise>.
"When the 25 February agreement was reached , we supported it .",b-claim i-claim i-claim i-claim i-claim i-claim i-claim i-claim i-claim i-claim i-claim i-claim,"When the 25 February agreement was reached , <premise>we supported it</premise>."
"We call once again for the full implementation of the Minsk memorandum and protocol , and for the immediate restoration of the ceasefire .",b-claim i-claim i-claim i-claim i-claim i-claim i-claim i-claim i-claim i-claim i-claim i-claim i-claim i-claim i-claim i-claim i-claim i-claim i-claim i-claim i-claim i-claim i-claim i-claim,"We call once again for the <claim>full implementation of the Minsk memorandum and protocol</claim>, and for the <claim>immediate restoration of the ceasefire</claim>."
Instability is frozen .,b-premise i-premise i-premise i-premise,<claim>Instability is frozen</claim>.
"For the past three years , the people there have lived in fear , subject to the daily unrelenting dangers that have become the norm on the front line in eastern Ukraine .",b-premise i-premise i-premise i-premise i-premise i-premise i-premise i-premise i-premise i-premise i-premise i-premise i-premise i-premise i-premise i-premise i-premise i-premise i-premise i-premise i-premise i-premise i-premise i-premise i-premise i-premise i-premise i-premise i-premise i-premise i-premise i-premise i-premise,"For the past three years , the people there have lived in fear , <premise>subject to the daily unrelenting dangers that have become the norm on the front line in eastern Ukraine</premise>."
"Since 5 September , Ukrainian forces and civilians have been shelled over 2,800 times .",b-premise i-premise i-premise i-premise i-premise i-premise i-premise i-premise i-premise i-premise i-premise i-premise i-premise i-premise i-premise,"Since 5 September , <premise>Ukrainian forces and civilians have been shelled over 2,800 times</premise>."
Life is slowly returning to normal in areas freed from the illegal insurgents .,b-premise i-premise i-premise i-premise i-premise i-premise i-premise i-premise i-premise i-premise i-premise i-premise i-premise i-premise,Life is slowly returning to normal in areas <claim>freed from the illegal insurgents</claim>.
"He stated : ( spoke in English ) "" Those not involved in shooting at Ukrainian law enforcement officers and who will surrender their weapons and leave State administrative buildings will be released from prosecution . "" ( spoke in Russian ) Why do they not call their people and tell them to come back , sit down around the negotiating table and decide together how we can establish good neighbourly relations ?",o o o o o o o o o o o o o o o o o o o o o o o o o o o o o o o o o o o o o o o o o o b-premise i-premise i-premise i-premise i-premise i-premise i-premise i-premise i-premise i-premise i-premise i-premise i-premise i-premise i-premise i-premise i-premise i-premise i-premise i-premise i-premise i-premise i-premise i-premise i-premise i-premise i-premise i-premise i-premise i-premise i-premise,"He stated : ( spoke in English ) <claim>"" Those not involved in shooting at Ukrainian law enforcement officers and who will surrender their weapons and leave State administrative buildings will be released from prosecution . ""</claim> ( spoke in Russian ) <premise>Why do they not call their people and tell them to come back , sit down around the negotiating table and decide together how we can establish good neighbourly relations ?</premise>"
The recently proposed draft agreement on alliance and integration between the Russian Federation and the surrogate republic of Abkhazia is nothing else than a de facto annexation of an integral part of Georgia .,b-premise i-premise i-premise i-premise i-premise i-premise i-premise i-premise i-premise i-premise i-premise i-premise i-premise i-premise i-premise i-premise i-premise i-premise i-premise i-premise i-premise i-premise i-premise i-premise i-premise i-premise i-premise i-premise i-premise i-premise i-premise i-premise i-premise i-premise,The <claim>The recently proposed draft agreement on alliance and integration between the Russian Federation and the surrogate republic of Abkhazia is nothing else than a de facto annexation of an integral part of Georgia</claim>.
"Then , too , officials from the Russian Federation spoke early on in the crisis and disclaimed any intention of occupying or invading .",b-premise i-premise i-premise i-premise i-premise i-premise i-premise i-premise i-premise i-premise i-premise i-premise i-premise i-premise i-premise i-premise i-premise i-premise i-premise i-premise i-premise i-premise i-premise i-premise,"Then , too , <premise>officials from the Russian Federation spoke early on in the crisis and disclaimed any intention of occupying or invading</premise>."
We fully stand behind the efforts to de - escalate the situation .,b-claim i-claim i-claim i-claim i-claim i-claim i-claim i-claim i-claim i-claim i-claim i-claim i-claim,We fully stand behind the <claim>efforts to de - escalate the situation</claim>.
"I would like to remind the Council that , during the several months of crises preceding the overthrow of the lawful administration between 21 and 25 February , our Western colleagues never once called for a halt to the violence perpetrated in Kyiv and other regions of Ukraine against the lawful authorities .",o o o o o o o o o o o o o o o o o o o o o o o o o o o o b-claim i-claim i-claim i-claim i-claim i-claim i-claim i-claim i-claim i-claim i-claim i-claim i-claim i-claim i-claim i-claim i-claim i-claim i-claim i-claim i-claim i-claim i-claim i-claim i-claim,"I would like to remind the Council that , during the several months of crises preceding the overthrow of the lawful administration between 21 and 25 February , <premise>our Western colleagues never once called for a halt to the violence perpetrated in Kyiv and other regions of Ukraine against the lawful authorities</premise>."
"In eastern Ukraine , armed groups are gradually seizing the cities .",b-premise i-premise i-premise i-premise i-premise i-premise i-premise i-premise i-premise i-premise i-premise i-premise,"In eastern Ukraine , <premise>armed groups are gradually seizing the cities</premise>."
"While our invitation to deploy a United Nations international peacekeeping operation remains on the table , enhancing the OSCE capacities on the ground and reinforcing them with a special police mission under the auspices of the OSCE could become an effective tool in bringing peace to Donbas .",o o o o o o o o o o o o o o o o b-claim i-claim i-claim i-claim i-claim i-claim i-claim i-claim i-claim i-claim i-claim i-claim i-claim i-claim i-claim i-claim i-claim i-claim i-claim i-claim i-claim i-claim i-claim i-claim i-claim i-claim i-claim i-claim i-claim i-claim i-claim i-claim,"While our invitation to deploy a <claim>United Nations international peacekeeping operation remains on the table</claim>, <premise>enhancing the OSCE capacities on the ground and reinforcing them with a special police mission under the auspices of the OSCE could become an effective tool in bringing peace to Donbas</premise>."
"We base this on the fact that the parties themselves have the primary responsibility for implementing the practical solutions to stabilize the situation - demining , rehabilitation of infrastructure , exchange of prisoners and so on .",b-premise i-premise i-premise i-premise i-premise i-premise i-premise i-premise i-premise i-premise i-premise i-premise i-premise i-premise i-premise i-premise i-premise i-premise i-premise i-premise i-premise i-premise i-premise i-premise i-premise i-premise i-premise i-premise i-premise i-premise i-premise i-premise i-premise i-premise i-premise i-premise i-premise,"We base this on the <premise>fact that the parties themselves have the primary responsibility for implementing the practical solutions to stabilize the situation</premise> - demining , rehabilitation of infrastructure , exchange of prisoners and so on ."
It must actively work to de - escalate tensions and use its considerable influence with separatist groups in Ukraine to that end .,b-claim i-claim i-claim i-claim i-claim i-claim i-claim i-claim i-claim i-claim i-claim i-claim i-claim i-claim i-claim i-claim i-claim i-claim i-claim i-claim i-claim i-claim i-claim,It must actively work to de - escalate tensions and <premise>use its considerable influence with separatist groups in Ukraine to that end</premise>.
"If Russia thinks peacekeeping forces are required in Ukraine , it should come to the Security Council and seek United Nations peacekeepers .",b-claim i-claim i-claim i-claim i-claim i-claim i-claim i-claim i-claim i-claim i-claim i-claim i-claim i-claim i-claim i-claim i-claim i-claim i-claim i-claim i-claim i-claim i-claim,"If Russia thinks <claim>peacekeeping forces are required in Ukraine</claim>, it should come to the Security Council and seek United Nations peacekeepers."
"Last , but not least , Russia must refrain from any actions aimed at undermining the 25 May presidential elections in Ukraine .",o o o o o o b-claim i-claim i-claim i-claim i-claim i-claim i-claim i-claim i-claim i-claim i-claim i-claim i-claim i-claim i-claim i-claim i-claim,"Last , but not least , <claim>Russia must refrain from any actions aimed at undermining the 25 May presidential elections in Ukraine</claim>."
"We encourage the authorities in Kyiv to continue their efforts for cooler heads to prevail , enter into a constructive dialogue and reassure people about their place in Ukraine .",b-claim i-claim i-claim i-claim i-claim i-claim i-claim i-claim i-claim i-claim i-claim i-claim i-claim i-claim i-claim i-claim i-claim i-claim i-claim i-claim i-claim i-claim i-claim i-claim i-claim i-claim i-claim i-claim i-claim i-claim,"We <claim>encourage the authorities in Kyiv to continue their efforts for cooler heads to prevail</claim>, <premise>enter into a constructive dialogue and reassure people about their place in Ukraine</premise>."
"With respect to upholding the Vital importance of the democracy and human rights pillar in the work of the OSCE , although a multidimensional approach has always been at the heart of the OSCE 's work , we are nevertheless concerned at the increasing tendency on the part of certain members to politicize or even reject consideration of issues related to the human dimension .",b-premise i-premise i-premise i-premise i-premise i-premise i-premise i-premise i-premise i-premise i-premise i-premise i-premise i-premise i-premise i-premise i-premise i-premise i-premise i-premise i-premise i-premise i-premise i-premise i-premise i-premise i-premise i-premise i-premise i-premise i-premise i-premise i-premise i-premise i-premise i-premise i-premise o o o o o o o o o o o o o o o o o o o o o o o o o o o o,"With respect to upholding the <claim>Vital importance of the democracy and human rights pillar in the work of the OSCE</claim>, <premise>although a multidimensional approach has always been at the heart of the OSCE 's work</premise>, <claim>we are nevertheless concerned at the increasing tendency on the part of certain members to politicize or even reject consideration of issues related to the human dimension</claim>."
"Russia , by contrast , continues to supply separatists with weapons and material , including multiple rocket launchers and artillery , continues to maintain several hundred of its forces in Ukrainian territory and , in yet another ominous reminder of the tactics it used to shape the frozen conflicts in Moldova and Georgia , is handing out passports to individuals in separatist - held areas .",b-claim i-claim i-claim i-claim i-claim i-claim i-claim i-claim i-claim i-claim i-claim i-claim i-claim i-claim i-claim i-claim i-claim i-claim i-claim i-claim o o o o o o o o o o o o o o o o o o o o o o o o o o o o o o o o o o o o o o o o o o o o o o,"Russia , by contrast , <claim>continues to supply separatists with weapons and material , including multiple rocket launchers and artillery , continues to maintain several hundred of its forces in Ukrainian territory</claim> and , in yet another ominous reminder of the tactics it used to shape the frozen conflicts in Moldova and Georgia , <premise>is handing out passports to individuals in separatist - held areas</premise>."
"The Donetsk airport has come under attacks from artillery and arms fire four times in the past 24 hours , and in the past day Ukrainian positions have been shelled near Debaltseve , Avdiyivka , Hirske and Krasnohorivka .",b-premise i-premise i-premise i-premise i-premise i-premise i-premise i-premise i-premise i-premise i-premise i-premise i-premise i-premise i-premise i-premise i-premise i-premise i-premise i-premise i-premise i-premise i-premise i-premise i-premise i-premise i-premise i-premise i-premise i-premise i-premise i-premise i-premise i-premise i-premise i-premise i-premise i-premise i-premise,"The Donetsk airport has come under attacks from artillery and arms fire four times in the past 24 hours , and in the past day <claim>Ukrainian positions have been shelled near Debaltseve , Avdiyivka , Hirske and Krasnohorivka</claim>."
Their rights are not being threatened .,b-premise i-premise i-premise i-premise i-premise i-premise i-premise,<claim>Their rights are not being threatened</claim>.
And at the beginning of in July there were again airstrikes in Luhansk .,b-premise i-premise i-premise i-premise i-premise i-premise i-premise i-premise i-premise i-premise i-premise i-premise i-premise i-premise,And at the beginning of in July there were again <premise>airstrikes in Luhansk</premise>.
"Of course , the Ukrainian Government must abide by international norms , even as it defends its land and its people .",b-premise i-premise i-premise i-premise i-premise i-premise i-premise i-premise i-premise i-premise i-premise i-premise i-premise i-premise i-premise i-premise i-premise i-premise i-premise i-premise i-premise i-premise,"<claim>the Ukrainian Government must abide by international norms</claim>, even as it defends its land and its people."
"We know that weapons , equipment and logistical support have been systematically provided to armed separatist groups by Russia , including up to 100 man - portable air defence systems and 15 to 25 main battle tanks , not to mention artillery pieces , rocket launchers and other armoured vehicles .",b-premise i-premise i-premise i-premise i-premise i-premise i-premise i-premise i-premise i-premise i-premise i-premise i-premise i-premise i-premise i-premise i-premise i-premise i-premise i-premise i-premise i-premise i-premise i-premise i-premise i-premise i-premise i-premise i-premise i-premise i-premise i-premise i-premise i-premise i-premise i-premise i-premise i-premise i-premise i-premise i-premise i-premise i-premise i-premise i-premise i-premise i-premise i-premise i-premise i-premise i-premise,"We know that <premise>weapons , equipment and logistical support have been systematically provided to armed separatist groups by Russia , including up to 100 man - portable air defence systems and 15 to 25 main battle tanks , not to mention artillery pieces , rocket launchers and other armoured vehicles</premise>."
We call upon all players to help the Ukrainian authorities in their efforts to guarantee success on the political transition process and to start a comprehensive and direct dialogue with all linguistic groups .,b-claim i-claim i-claim i-claim i-claim i-claim i-claim i-claim i-claim i-claim i-claim i-claim i-claim i-claim i-claim i-claim i-claim i-claim i-claim i-claim i-claim i-claim i-claim i-claim i-claim i-claim i-claim i-claim i-claim i-claim i-claim i-claim i-claim i-claim,We call upon all players to help the Ukrainian authorities in their efforts to <claim>guarantee success on the political transition process</claim> <premise>and to start a comprehensive and direct dialogue with all linguistic groups</premise>.
This is not about zero - sum game politics ; it is about restoring stability to Ukraine and to the wider region and allowing all the people of Ukraine to determine their own future .,o o o o o o o o o o b-premise i-premise i-premise i-premise i-premise i-premise i-premise i-premise i-premise i-premise i-premise i-premise i-premise i-premise i-premise i-premise i-premise i-premise i-premise i-premise i-premise i-premise i-premise i-premise i-premise,This is not about zero - sum game politics ; it is about <claim>restoring stability to Ukraine and to the wider region and allowing all the people of Ukraine to determine their own future</claim>.
"If Russia is serious about peace , it should follow through on Minsk , to which it had agreed more than four months ago .",b-claim i-claim i-claim i-claim i-claim i-claim i-claim i-claim i-claim i-claim i-claim i-claim i-claim i-claim i-claim i-claim i-claim i-claim i-claim i-claim i-claim i-claim i-claim i-claim i-claim,"If Russia is serious about <claim>peace</claim>, it should follow through on Minsk, to which it had agreed more than four months ago."
We reiterate our support for the efforts that the Secretary - General and the United Nations continue to undertake to resolve the situation in Ukraine .,b-claim i-claim i-claim i-claim i-claim i-claim i-claim i-claim i-claim i-claim i-claim i-claim i-claim i-claim i-claim i-claim i-claim i-claim i-claim i-claim i-claim i-claim i-claim i-claim i-claim i-claim,We reiterate our <claim>support for the efforts that the Secretary - General and the United Nations continue to undertake to resolve the situation in Ukraine</claim>.
Ukraine has taken belated and highly cautious actions against those who are determined to carve it up and parcel it out .,b-premise i-premise i-premise i-premise i-premise i-premise i-premise i-premise i-premise i-premise i-premise i-premise i-premise i-premise i-premise i-premise i-premise i-premise i-premise i-premise i-premise i-premise,Ukraine has taken <premise>belated and highly cautious actions against those who are determined to carve it up and parcel it out</premise>.
"We call on Russia to work immediately to reduce tensions , stop its destabilization and withdraw its forces from the provocative posture they have assumed on Ukraine 's border .",b-claim i-claim i-claim i-claim i-claim i-claim i-claim i-claim i-claim i-claim i-claim i-claim i-claim i-claim i-claim i-claim i-claim i-claim i-claim i-claim i-claim i-claim i-claim i-claim i-claim i-claim i-claim i-claim i-claim i-claim,"We call on Russia to work immediately to <premise>reduce tensions</premise> , <premise>stop its destabilization</premise> and <premise>withdraw its forces from the provocative posture they have assumed on Ukraine 's border</premise>."
"In fact , the Party of Regions , which represents the rest of the east of the country , was excluded from the process .",o o o b-premise i-premise i-premise i-premise i-premise i-premise i-premise i-premise i-premise i-premise i-premise i-premise i-premise i-premise i-premise i-premise i-premise i-premise i-premise i-premise i-premise i-premise,"In fact , the <claim>Party of Regions , which represents the rest of the east of the country , was excluded from the process</claim>."
"Having trampled the principle of the territorial integrity of States , the same can be done to the principle of non - interference in the internal affairs of States .",o o o o o o o o o o o b-claim i-claim i-claim i-claim i-claim i-claim i-claim i-claim i-claim i-claim i-claim i-claim i-claim i-claim i-claim i-claim i-claim i-claim i-claim,"Having trampled the <claim>principle of the territorial integrity of States</claim>, the <premise>the same can be done to the principle of non - interference in the internal affairs of States</premise>."
"According to our sources , in the Donetsk region there are already about 10 cases of politically motivated kidnappings of people who were later transported to Kyiv by the special services .",o o o o o b-premise i-premise i-premise i-premise i-premise i-premise i-premise i-premise i-premise i-premise i-premise i-premise i-premise i-premise i-premise i-premise i-premise i-premise i-premise i-premise i-premise i-premise i-premise i-premise i-premise i-premise i-premise,"According to our sources , in the Donetsk region there are already about 10 <premise>cases of politically motivated kidnappings of people who were later transported to Kyiv by the special services</premise>."
Our citizens have been killed and wounded .,b-premise i-premise i-premise i-premise i-premise i-premise i-premise i-premise,Our citizens have been <premise>killed and wounded</premise>.
Rebels and all active stakeholders in Ukraine should refrain from racist or hate speech .,b-claim i-claim i-claim i-claim i-claim i-claim i-claim i-claim i-claim i-claim i-claim i-claim i-claim i-claim i-claim,Rebels and all active stakeholders in Ukraine should <claim>refrain from racist or hate speech</claim>.
The current situation is dangerous .,b-claim i-claim i-claim i-claim i-claim i-claim,<claim>The current situation is dangerous</claim>.
"Let us not forget that in August and September , Russia sent three unchecked humanitarian aid convoys into Ukraine in clear breach of Ukraine 's sovereignty , without inspection by the Ukrainian authorities and without coordination with the International Committee of the Red Cross .",o o o o o o o o o o b-premise i-premise i-premise i-premise i-premise i-premise i-premise i-premise i-premise i-premise i-premise i-premise i-premise i-premise i-premise i-premise i-premise i-premise i-premise i-premise i-premise i-premise i-premise i-premise i-premise i-premise i-premise i-premise i-premise i-premise i-premise i-premise i-premise i-premise i-premise,"Let us not forget that in August and September , <premise>Russia sent three unchecked humanitarian aid convoys into Ukraine in clear breach of Ukraine 's sovereignty , without inspection by the Ukrainian authorities and without coordination with the International Committee of the Red Cross</premise>."
We reject all attempts by Russia to blame the Government of Ukraine for allegedly failing to implement the agreements .,b-claim i-claim i-claim i-claim i-claim i-claim i-claim i-claim i-claim i-claim i-claim i-claim i-claim i-claim i-claim i-claim i-claim i-claim i-claim i-claim,We reject all attempts by Russia to blame the <claim>Government of Ukraine for allegedly failing to implement the agreements</claim>.
"We are ready to cooperate constructively with the Italian chairship of the OSCE and we share its desire to strengthen multilateralism for peace , security , stability and cooperation among the States of the region .",o o o o o o o o o o o o o o b-claim i-claim i-claim i-claim i-claim i-claim i-claim i-claim i-claim i-claim i-claim i-claim i-claim i-claim i-claim i-claim i-claim i-claim i-claim i-claim i-claim i-claim,"We are ready to cooperate constructively with the Italian chairship of the OSCE and we share its desire to <claim>strengthen multilateralism for peace , security , stability and cooperation among the States of the region</claim>."
"In the extremely difficult circumstances which now confront it , the Ukrainian Government is striving to take forward a programme of democratization and inclusive constitutional and economic reform that aims to correct the long period of misgovernment and corruption that preceded it .",b-premise i-premise i-premise i-premise i-premise i-premise i-premise i-premise i-premise o o o o o o o o o o o o o o o o o o o o o o o o o o o o o o o o o o,"In the extremely difficult circumstances which now confront it , the Ukrainian Government is striving to take forward a <claim>programme of democratization and inclusive constitutional and economic reform that aims to correct the long period of misgovernment and corruption that preceded it</claim>."
"We demand that Russia , as the temporary occupier of Crimea , stop violating the rights of our citizens .",b-claim i-claim i-claim i-claim i-claim i-claim i-claim i-claim i-claim i-claim i-claim i-claim i-claim i-claim i-claim i-claim i-claim i-claim i-claim i-claim,"We demand that <claim>Russia , as the temporary occupier of Crimea , stop violating the rights of our citizens</claim>."
"We remain prepared to roll back sanctions if the fighting stops , the border is closed , the foreign forces and equipment are withdrawn and hostages are released .",b-claim i-claim i-claim i-claim i-claim i-claim i-claim i-claim i-claim i-claim i-claim i-claim i-claim i-claim i-claim i-claim i-claim i-claim i-claim i-claim i-claim i-claim i-claim i-claim i-claim i-claim i-claim i-claim i-claim,"We remain <claim>prepared to roll back sanctions</claim> if <premise>the fighting stops , the border is closed , the foreign forces and equipment are withdrawn and hostages are released</premise>."
The attack would not have been possible without the military support of Russia and its supply of multiple - launch Grad and Uragan rocket systems to the separatists .,b-premise i-premise i-premise i-premise i-premise i-premise i-premise i-premise i-premise i-premise i-premise i-premise i-premise i-premise i-premise i-premise i-premise i-premise i-premise i-premise i-premise i-premise i-premise i-premise i-premise i-premise i-premise i-premise i-premise,The attack would not have been possible without the <premise>military support of Russia and its supply of multiple - launch Grad and Uragan rocket systems to the separatists</premise>.
"It is surprising that wherever Washington , DC , turns its gaze f be it Iraq , Libya , Syria , Ukraine , everywhere - we see destabilization , crises and bloodshed .",b-premise i-premise i-premise i-premise i-premise i-premise i-premise i-premise i-premise i-premise i-premise i-premise i-premise i-premise i-premise i-premise i-premise i-premise i-premise i-premise i-premise i-premise i-premise i-premise i-premise i-premise i-premise i-premise i-premise i-premise i-premise i-premise i-premise,"It is surprising that <premise>wherever Washington , DC , turns its gaze f be it Iraq , Libya , Syria , Ukraine , everywhere - we see destabilization , crises and bloodshed</premise>."
"For our part , we are directly interested in normalizing the situation in Ukraine as soon as possible , and we are doing everything we can to facilitate that .",o o o o o o o o o o o o o o o o o o o o b-claim i-claim i-claim i-claim i-claim i-claim i-claim i-claim i-claim i-claim,"For our part , we are <claim>directly interested in normalizing the situation in Ukraine as soon as possible</claim>, and we are <premise>doing everything we can to facilitate that</premise>."
"With each passing day , more civilians are killed and maimed .",b-premise i-premise i-premise i-premise i-premise i-premise i-premise i-premise i-premise i-premise i-premise i-premise,"<premise>With each passing day , more civilians are killed and maimed .</premise>"
Peaceful protesters do not take their morning walks armed with heavy weapons and automatic weapons .,b-claim i-claim i-claim i-claim i-claim i-claim i-claim i-claim i-claim i-claim i-claim i-claim i-claim i-claim i-claim i-claim,<claim>Peaceful protesters do not take their morning walks armed with heavy weapons and automatic weapons</claim>.
"The cooperation between the United Nations and regional and subregional organizations should , while steadfastly upholding the purposes and principles of the Charter of the United Nations , seek vigorously to promote dialogue and consultation aimed at addressing regional and hot - spot issues , actively engage in preventive diplomacy , resolve disputes through peaceful means and defuse conflicts .",b-claim i-claim i-claim i-claim i-claim i-claim i-claim i-claim i-claim i-claim i-claim i-claim i-claim i-claim i-claim i-claim i-claim i-claim i-claim i-claim i-claim i-claim i-claim i-claim i-claim i-claim i-claim i-claim i-claim i-claim i-claim i-claim i-claim i-claim i-claim i-claim i-claim i-claim i-claim i-claim i-claim i-claim i-claim i-claim i-claim i-claim i-claim i-claim i-claim i-claim i-claim i-claim i-claim i-claim i-claim i-claim i-claim i-claim i-claim i-claim,"The cooperation between the United Nations and regional and subregional organizations should , while <claim>steadfastly upholding the purposes and principles of the Charter of the United Nations</claim>, <claim>seek vigorously to promote dialogue and consultation aimed at addressing regional and hot - spot issues</claim>, <claim>actively engage in preventive diplomacy</claim>, <claim>resolve disputes through peaceful means</claim> and <claim>defuse conflicts</claim>."
"It is real , you understand ? "" The intent here could not be more clear - it is to prevent Ukraine 's return to normality .",o o o o o o o o b-claim i-claim i-claim i-claim i-claim i-claim i-claim i-claim i-claim i-claim i-claim i-claim i-claim i-claim i-claim i-claim i-claim i-claim i-claim,"It is real , you understand ? ""<claim> The intent here could not be more clear - it is to prevent Ukraine 's return to normality </claim>."""
"In pursuit of its own narrow self - interests , Russia has instigated a brutal insurgency in the Donbas region that has led to the loss of numerous lives , including the passengers of Flight MH - l7 , shot down by a separatist missile .",b-premise i-premise i-premise i-premise i-premise i-premise i-premise i-premise i-premise o o o o o o o o o o o o o o o o o o o o o o o o o o o o o o o o o o o o o,"In pursuit of its own narrow self - interests , <claim>Russia has instigated a brutal insurgency in the Donbas region that has led to the loss of numerous lives , including the passengers of Flight MH - l7 , shot down by a separatist missile</claim>."
"The tragedy only underscores the urgency and the determination with which we insist that Russia immediately take concrete steps to de - escalate the situation in Ukraine , support a sustainable ceasefire and follow the path towards peace that the Ukrainian Government has consistently offered .",o o o o o o o o o o o o o o b-claim i-claim i-claim i-claim i-claim i-claim i-claim i-claim i-claim i-claim i-claim i-claim i-claim i-claim i-claim i-claim i-claim i-claim i-claim i-claim i-claim i-claim i-claim i-claim i-claim i-claim i-claim i-claim i-claim i-claim i-claim i-claim,"The <claim>The tragedy only underscores the urgency and the determination with which we insist that Russia immediately take concrete steps to de - escalate the situation in Ukraine , support a sustainable ceasefire and follow the path towards peace that the Ukrainian Government has consistently offered</claim>."
"Rather than assisting its neighbours in rebuilding their country after the fall of a deeply corrupt regime that left the nation on the verge of bankruptcy , Russia has instead sought to destabilize the country further in pursuit of its narrow interests .",b-premise i-premise i-premise i-premise i-premise i-premise i-premise i-premise i-premise i-premise i-premise i-premise i-premise i-premise i-premise i-premise i-premise i-premise i-premise i-premise i-premise i-premise i-premise i-premise i-premise i-premise i-premise i-premise i-premise i-premise i-premise i-premise i-premise i-premise i-premise i-premise i-premise i-premise i-premise i-premise i-premise i-premise i-premise,"Rather than assisting its neighbours in rebuilding their country after the fall of a deeply corrupt regime that left the nation on the verge of bankruptcy , <claim>Russia has instead sought to destabilize the country further in pursuit of its narrow interests</claim>."
The recent meeting between President Putin and President Poroshenko during the Asia - Europe summit has opened a promising vista .,b-claim i-claim i-claim i-claim i-claim i-claim i-claim i-claim i-claim i-claim i-claim i-claim i-claim i-claim i-claim i-claim i-claim i-claim i-claim i-claim i-claim,The recent meeting between President Putin and President Poroshenko during the Asia - Europe summit has opened a <claim>a promising vista</claim>.
"As Mr. Feltman said , the continuation of those actions runs counter to the letter and spirit of the Geneva agreement signed in April .",o o o o o b-premise i-premise i-premise i-premise i-premise i-premise i-premise i-premise i-premise i-premise i-premise i-premise i-premise i-premise i-premise i-premise i-premise i-premise i-premise i-premise,"As Mr. Feltman said , the <premise>continuation of those actions runs counter to the letter and spirit of the Geneva agreement signed in April</premise>."
"Regarding what one colleague said , that Russia is refusing to implement the 17 April Geneva statement , I would repeat that Russia would never refuse to implement any useful document agreed upon during the crisis , including the 21 February agreement .",o o o o o o o o o o o o o o o o o o b-claim i-claim i-claim i-claim i-claim i-claim i-claim i-claim i-claim i-claim i-claim i-claim i-claim i-claim i-claim i-claim i-claim i-claim i-claim i-claim i-claim i-claim i-claim i-claim i-claim,"Regarding what one colleague said , that <claim>Russia is refusing to implement the 17 April Geneva statement</claim>, <premise>I would repeat that Russia would never refuse to implement any useful document agreed upon during the crisis</premise>, including the 21 February agreement ."
Intercepted telephone conversations between the terrorist leaders and their coordinator - Russian military intelligence colonel Vasili Geranin - confirm that terrorists are behind this crime .,b-premise i-premise i-premise i-premise i-premise i-premise i-premise i-premise i-premise i-premise i-premise i-premise i-premise i-premise i-premise i-premise i-premise o o o o o o o o o,Intercepted telephone conversations between the terrorist leaders and their coordinator - <premise>Russian military intelligence colonel Vasili Geranin - confirm that terrorists are behind this crime</premise>.
"If militants and Russia had complied with the Minsk agreements , this tragedy - the most dreadful since the beginning of the Russian aggression - would not have happened .",o o o o o o o o o o o b-claim i-claim i-claim i-claim i-claim i-claim i-claim i-claim i-claim i-claim i-claim i-claim i-claim i-claim i-claim i-claim i-claim i-claim i-claim,"<premise>If militants and Russia had complied with the Minsk agreements</premise>, <claim>this tragedy - the most dreadful since the beginning of the Russian aggression - would not have happened</claim>."
"If the Minsk agreements are to succeed , all parties must live up to one hundred per cent of their commitments .",o o o o o o o o b-claim i-claim i-claim i-claim i-claim i-claim i-claim i-claim i-claim i-claim i-claim i-claim i-claim i-claim,"<claim>If the Minsk agreements are to succeed</claim>, <premise>all parties must live up to one hundred per cent of their commitments</premise>."
"Those who killed the passengers of Flight MH - l7 , those who killed priests and those who killed civilians are terrorists and they would be considered terrorists anywhere , whatever their nationality or the threat they represent .",b-premise i-premise i-premise i-premise i-premise i-premise i-premise i-premise i-premise i-premise i-premise i-premise i-premise i-premise i-premise i-premise i-premise i-premise i-premise i-premise i-premise i-premise i-premise i-premise i-premise i-premise i-premise i-premise i-premise i-premise i-premise i-premise i-premise i-premise i-premise i-premise i-premise i-premise i-premise,"Those who killed the passengers of Flight MH - l7 , <premise>those who killed priests and those who killed civilians</premise> are terrorists and <claim>they would be considered terrorists anywhere , whatever their nationality or the threat they represent</claim>."
"They do not enjoy widespread support , and the numbers of genuine protestors on the streets pale in comparison to the crowds of hundreds of thousands who protested against the former regime .",b-premise i-premise i-premise i-premise i-premise i-premise i-premise i-premise i-premise i-premise i-premise i-premise i-premise i-premise i-premise i-premise i-premise i-premise i-premise i-premise i-premise i-premise i-premise i-premise i-premise i-premise i-premise i-premise i-premise i-premise i-premise i-premise i-premise,"They do not enjoy <claim>widespread support</claim>, and the <premise>the numbers of genuine protestors on the streets pale in comparison to the crowds of hundreds of thousands who protested against the former regime</premise>."
"Ukraine has always presented facts and figures , confirmed not only by other national competent authorities , but also by many independent observers and missions of international organizations on the ground .",b-premise i-premise i-premise i-premise i-premise i-premise i-premise i-premise i-premise i-premise i-premise i-premise i-premise i-premise i-premise i-premise i-premise i-premise i-premise i-premise i-premise i-premise i-premise i-premise i-premise i-premise i-premise i-premise i-premise i-premise i-premise i-premise,"Ukraine has always presented <premise>facts and figures</premise> , confirmed not only by other national competent authorities , but also by many independent observers and missions of international organizations on the ground ."
But it is important that everyone 's voice is heard .,b-premise i-premise i-premise i-premise i-premise i-premise i-premise i-premise i-premise i-premise i-premise,But it is <claim>important that everyone 's voice is heard</claim>.
"Beyond the Ukrainian case , we can not accept the persistence of frozen conflicts in various parts of the European continent , whether in Nagorno Karabakh , Transnistria or the separatist territories of Georgia .",o o o o o b-premise i-premise i-premise i-premise i-premise i-premise i-premise i-premise i-premise i-premise i-premise i-premise i-premise i-premise i-premise i-premise i-premise i-premise i-premise i-premise i-premise i-premise i-premise i-premise i-premise i-premise i-premise i-premise i-premise i-premise,"Beyond the Ukrainian case , we can not accept the <claim>the persistence of frozen conflicts in various parts of the European continent</claim> , whether in Nagorno Karabakh , Transnistria or the separatist territories of Georgia ."
"On 10 March , a representative of the Russian Federation military intelligence service was detained in Donetsk .",b-premise i-premise i-premise i-premise i-premise i-premise i-premise i-premise i-premise i-premise i-premise i-premise i-premise i-premise i-premise i-premise i-premise i-premise,"On 10 March , a <premise>a representative of the Russian Federation military intelligence service was detained in Donetsk</premise>."
"However , after discussing Ukraine here about 30 times , the question arises as to how well - aligned the declarations are with the situation in the country .",o o b-premise i-premise i-premise i-premise i-premise i-premise i-premise o o o o o o o o o o o o o o o o o o o o,"However , after discussing Ukraine here about 30 times , <claim>the question arises as to how well - aligned the declarations are with the situation in the country</claim>."
"As a participant in the Geneva international discussions , the United States looks forward to continuing our work with the OSCE to find a peaceful resolution that guarantees Georgia 's sovereignty and territorial integrity within its internationally recognized borders .",b-premise i-premise i-premise i-premise i-premise i-premise i-premise i-premise i-premise o o o o o o o o o o o o o o o o o o o o o o o o o o o o o o o,"As a participant in the Geneva international discussions , the <claim>United States looks forward to continuing our work with the OSCE to find a peaceful resolution that guarantees Georgia 's sovereignty and territorial integrity within its internationally recognized borders</claim>."
Russian actions in Ukraine cast a shadow over efforts to build confidence and security across OSCE States .,b-premise i-premise i-premise i-premise i-premise i-premise i-premise i-premise i-premise i-premise i-premise i-premise i-premise i-premise i-premise i-premise i-premise i-premise,Russian actions in Ukraine <premise>cast a shadow over efforts to build confidence and security across OSCE States</premise>.
"It is the choice of the Ukrainian people who a year ago showed clearly that they have had enough of corruption , enough of cronyism , enough of kleptocracy .",b-premise i-premise i-premise i-premise i-premise i-premise i-premise i-premise i-premise i-premise i-premise i-premise i-premise i-premise i-premise i-premise i-premise i-premise i-premise i-premise i-premise i-premise i-premise i-premise i-premise i-premise i-premise i-premise i-premise i-premise,"It is the <claim>choice of the Ukrainian people who a year ago showed clearly that they have had enough of corruption , enough of cronyism , enough of kleptocracy</claim>."
"However , no one in Kyiv is conducting funeral marches .",b-claim i-claim i-claim i-claim i-claim i-claim i-claim i-claim i-claim i-claim i-claim,"However , no one in Kyiv is conducting <claim>funeral marches</claim>."
We will doubtless hear Russian claims that it is the actions of the Ukrainian Government that are destabilizing the south and east of the country .,b-premise i-premise i-premise i-premise i-premise i-premise i-premise i-premise i-premise i-premise i-premise i-premise i-premise i-premise i-premise i-premise i-premise i-premise i-premise i-premise i-premise i-premise i-premise i-premise i-premise i-premise,We will doubtless hear <claim>Russian claims that it is the actions of the Ukrainian Government that are destabilizing the south and east of the country</claim>.
The perpetrators must be brought to justice ; they must not be sheltered by any State Member of the United Nations .,b-claim i-claim i-claim i-claim i-claim i-claim i-claim o o o o o o o o o o o o o o o,The perpetrators <claim>must be brought to justice</claim> ; <premise>they must not be sheltered by any State Member of the United Nations</premise>.
"Instead , Russia strongly supports illegal militant groups operating in the eastern region of Ukraine , endangering civilians , seizing hostages and creating an atmosphere of terror and violence .",o o o o o o o o o o o o o o o o b-premise i-premise i-premise i-premise i-premise i-premise i-premise i-premise i-premise i-premise i-premise i-premise i-premise i-premise,"<claim>Instead , Russia strongly supports illegal militant groups operating in the eastern region of Ukraine , endangering civilians , seizing hostages and creating an atmosphere of terror and violence</claim>."
"No one in the Council can deny the fact that the attack on Mariupol , like last week 's on a bus near Volnovakha , came from the Russian - backed separatists .",b-claim i-claim i-claim i-claim i-claim i-claim i-claim i-claim i-claim i-claim i-claim i-claim i-claim i-claim i-claim i-claim i-claim i-claim i-claim i-claim i-claim i-claim i-claim i-claim i-claim i-claim i-claim i-claim i-claim i-claim i-claim i-claim i-claim,"No one in the Council can deny <premise>the fact that the attack on Mariupol , like last week 's on a bus near Volnovakha , came from the Russian - backed separatists</premise>."
The strengthening of the military presence of the separatists and the proliferation of troop movements have raised fears of renewed fighting on a larger scale .,b-premise i-premise i-premise i-premise i-premise i-premise i-premise i-premise i-premise i-premise i-premise i-premise i-premise i-premise i-premise i-premise i-premise i-premise i-premise i-premise i-premise i-premise i-premise i-premise i-premise i-premise,The <premise>The strengthening of the military presence of the separatists and the proliferation of troop movements</premise> <claim>have raised fears of renewed fighting on a larger scale</claim>.
"If he is really talking about a political settlement , there is a need to demand and ensure that Ukraine adopt the laws that were supposed to be adopted under the package .",b-claim i-claim i-claim i-claim i-claim i-claim i-claim i-claim i-claim i-claim i-claim i-claim i-claim i-claim i-claim i-claim i-claim i-claim i-claim i-claim i-claim i-claim i-claim i-claim i-claim i-claim i-claim i-claim i-claim i-claim i-claim i-claim i-claim,"If he is really talking about a <claim>political settlement</claim>, <premise>there is a need to demand and ensure that Ukraine adopt the laws that were supposed to be adopted under the package</premise>."
"These agreements remain a good basis forbringing about an end to the crisis based on three principles : respect for the ceasefire , monitoring of the eastern border of Ukraine , and political discussions for the purposes of finding a lasting solution .",b-claim i-claim i-claim i-claim i-claim i-claim i-claim i-claim i-claim i-claim i-claim i-claim i-claim i-claim i-claim i-claim i-claim i-claim i-claim i-claim i-claim i-claim i-claim i-claim i-claim i-claim i-claim i-claim i-claim i-claim i-claim i-claim i-claim i-claim i-claim i-claim i-claim i-claim i-claim i-claim i-claim i-claim i-claim,"These agreements remain a good basis for<claim>bringing about an end to the crisis</claim> based on<premise>three principles : respect for the ceasefire , monitoring of the eastern border of Ukraine , and political discussions for the purposes of finding a lasting solution</premise>."
"In the challenging strategic environment that Europe is facing today , Austria knows that it can count on our full support to implement its programme of work , which is centred appropriately on the themes of security , conflict resolution and combating radicalization and terrorism .",o o o o o o o o o o o b-claim i-claim i-claim i-claim i-claim i-claim i-claim i-claim i-claim i-claim i-claim i-claim i-claim i-claim i-claim i-claim i-claim i-claim i-claim i-claim i-claim i-claim i-claim i-claim i-claim i-claim i-claim i-claim i-claim i-claim i-claim i-claim i-claim i-claim i-claim,"In the challenging strategic environment that Europe is facing today , <claim>Austria knows that it can count on our full support to implement its programme of work</claim>, which is <premise>centred appropriately on the themes of security , conflict resolution and combating radicalization and terrorism</premise>."
"We welcome the readiness of the chairmanship to exercise leadership in performing its functions , which is so urgently needed in these turbulent times for the OSCE community .",b-claim i-claim i-claim i-claim i-claim i-claim i-claim i-claim i-claim i-claim i-claim i-claim i-claim i-claim i-claim i-claim i-claim i-claim i-claim i-claim i-claim i-claim i-claim i-claim i-claim i-claim i-claim i-claim i-claim,"We welcome the <claim>readiness of the chairmanship to exercise leadership in performing its functions</claim>, <premise>which is so urgently needed in these turbulent times for the OSCE community</premise>."
"All relevant parties , including the OSCE , have made positive efforts in this process .",b-premise i-premise i-premise i-premise i-premise i-premise i-premise i-premise i-premise i-premise i-premise i-premise i-premise i-premise i-premise i-premise,"All relevant parties , including the OSCE , have made <premise>positive efforts in this process</premise>."
"It is particularly crucial that all parties fully respect human rights law and international humanitarian law , respect the rights of all minorities and ensure that all actions are strictly within international law .",b-claim i-claim i-claim i-claim i-claim i-claim i-claim i-claim i-claim i-claim i-claim i-claim i-claim i-claim i-claim i-claim i-claim i-claim i-claim i-claim i-claim i-claim i-claim i-claim i-claim i-claim i-claim i-claim i-claim i-claim i-claim i-claim i-claim o,"It is particularly crucial that <premise>all parties fully respect human rights law and international humanitarian law</premise> , <premise>respect the rights of all minorities</premise> and <claim>ensure that all actions are strictly within international law</claim> ."
"In that regard , we call for all parties to the Geneva statement to implement their commitments .",o o o o b-claim i-claim i-claim i-claim i-claim i-claim i-claim i-claim i-claim i-claim i-claim i-claim i-claim i-claim,"In that regard , we call for <claim>all parties to the Geneva statement to implement their commitments</claim>."
This demonstrates a pattern of Russian interference in the domestic affairs of its neighbours and a blatant disregard for their sovereignty and territorial integrity .,b-claim i-claim i-claim i-claim i-claim i-claim i-claim i-claim i-claim i-claim i-claim i-claim i-claim i-claim i-claim i-claim i-claim i-claim i-claim i-claim i-claim i-claim i-claim i-claim i-claim,This demonstrates a pattern of <premise>Russian interference in the domestic affairs of its neighbours</premise> and <claim>a blatant disregard for their sovereignty and territorial integrity</claim>.
"It is necessary to continue on the path of seeking a political and diplomatic solution to the Ukrainian crisis , in which the conflicting parties commit to working on achieving a firm and lasting peace .",b-claim i-claim i-claim i-claim i-claim i-claim i-claim i-claim i-claim i-claim i-claim i-claim i-claim i-claim i-claim i-claim i-claim i-claim i-claim i-claim i-claim i-claim i-claim i-claim i-claim i-claim i-claim i-claim i-claim i-claim i-claim i-claim i-claim i-claim i-claim i-claim,"It is necessary to continue on the path of seeking a <claim>a political and diplomatic solution to the Ukrainian crisis</claim>, <premise>in which the conflicting parties commit to working on achieving a firm and lasting peace</premise>."
"However , we will not yield to Russia 's attempts to compel implicit international recognition of the ring leaders of illegal entities in the Donbas by inviting them to this meeting .",o o b-premise i-premise i-premise i-premise i-premise i-premise i-premise i-premise i-premise i-premise i-premise i-premise i-premise i-premise i-premise i-premise i-premise i-premise i-premise i-premise i-premise i-premise i-premise i-premise i-premise i-premise i-premise i-premise i-premise i-premise,"However , we will not yield to Russia 's attempts to <premise>compel implicit international recognition of the ring leaders of illegal entities in the Donbas by inviting them to this meeting</premise>."
I should like to recall that the irreversible political changes that took place in the Caucasus in 2008 happened as a result of the aggression that Georgian politicians carried out against southern Ossetia .,b-claim i-claim i-claim i-claim i-claim i-claim i-claim i-claim i-claim i-claim i-claim i-claim i-claim i-claim i-claim i-claim i-claim i-claim i-claim o o o o o o o o o o o o o o o,I should like to recall that the <premise>irreversible political changes that took place in the Caucasus in 2008 happened as a result of the aggression that Georgian politicians carried out against southern Ossetia</premise>.
"Kyiv does not understand that we are now able to attack on three fronts at once . ""   And then hours before the tragedy , he said : "" Today the offensive against Mariupol begins .",b-premise i-premise i-premise i-premise i-premise i-premise i-premise i-premise i-premise i-premise i-premise i-premise i-premise i-premise i-premise i-premise i-premise i-premise o o o o o o o o o o o o o o o o o o o,"Kyiv does not understand that <premise>we are now able to attack on three fronts at once</premise>. ""   And then hours before the tragedy , he said : "" <claim>Today the offensive against Mariupol begins</claim>."
"All available information , including the independent preliminary investigation report of the Dutch Safety Board , is consistent with the assessment that Flight MH - l7 was shot down by a surface - to- air missile fired from a location under the control of Russian - backed separatists .",b-premise i-premise i-premise i-premise i-premise i-premise i-premise i-premise i-premise i-premise i-premise i-premise i-premise i-premise i-premise i-premise i-premise i-premise i-premise i-premise i-premise i-premise i-premise i-premise i-premise i-premise i-premise i-premise i-premise i-premise i-premise i-premise i-premise i-premise i-premise i-premise i-premise i-premise i-premise i-premise i-premise i-premise i-premise i-premise i-premise i-premise i-premise i-premise i-premise,"All available information , including the independent preliminary investigation report of the Dutch Safety Board , is <claim>consistent with the assessment that Flight MH - l7 was shot down by a surface - to- air missile fired from a location under the control of Russian - backed separatists</claim>."
"Nevertheless , Kyiv has confirmed its commitment to continuing to observe the ceasefire regime in line with the Minsk agreements , and called on all involved in the process to swiftly resume settlement efforts .",o o b-claim i-claim i-claim i-claim i-claim i-claim i-claim i-claim i-claim i-claim i-claim i-claim i-claim i-claim i-claim i-claim i-claim i-claim i-claim i-claim i-claim i-claim i-claim i-claim i-claim i-claim i-claim i-claim i-claim i-claim i-claim i-claim i-claim,"Nevertheless , Kyiv has confirmed its <claim>its commitment to continuing to observe the ceasefire regime in line with the Minsk agreements</claim>, and <premise>called on all involved in the process to swiftly resume settlement efforts</premise>."
"The attack was just not another refusal of the separatist leadership to abide by the commitments made at Minsk ; it was a provocative and reckless escalation that , as the Secretary - General has made clear , could constitute a violation of international humanitarian law .",b-claim i-claim i-claim i-claim i-claim i-claim i-claim i-claim i-claim i-claim i-claim i-claim i-claim i-claim i-claim i-claim i-claim i-claim i-claim o o o o o o o o o o o o o o o o o o o o o o o o o o o o,"The attack was just not another <claim>refusal of the separatist leadership to abide by the commitments made at Minsk</claim> ; it was a <claim>provocative and reckless escalation that , as the Secretary - General has made clear , could constitute a violation of international humanitarian law</claim>."
We can not indulge in their impunity .,b-claim i-claim i-claim i-claim i-claim i-claim i-claim i-claim,<claim>We can not indulge in their impunity</claim>.
Resolution 2202 ( 2015 ) enshrined the Minsk agreements as the basis for settling the situation in Ukraine .,b-premise i-premise i-premise i-premise i-premise i-premise i-premise i-premise i-premise i-premise i-premise i-premise i-premise i-premise i-premise i-premise i-premise i-premise i-premise,Resolution 2202 ( 2015 ) enshrined the <premise>the Minsk agreements as the basis for settling the situation in Ukraine</premise>.
"We believe , however , that the Ukrainian people and the international community will not judge us on the number of public briefings we organize in the Council or the toughness of our statements , but on our political will and how we use our influence to effectively help Ukrainians resolve the crisis in their country .",b-claim i-claim i-claim i-claim i-claim i-claim i-claim i-claim i-claim i-claim i-claim i-claim i-claim i-claim i-claim i-claim i-claim i-claim i-claim i-claim i-claim i-claim i-claim i-claim i-claim i-claim i-claim i-claim i-claim i-claim i-claim i-claim i-claim i-claim i-claim i-claim i-claim i-claim i-claim i-claim i-claim i-claim i-claim i-claim i-claim i-claim i-claim i-claim i-claim i-claim i-claim i-claim i-claim i-claim i-claim i-claim i-claim,"We believe , however , that <premise>the Ukrainian people and the international community will not judge us on the number of public briefings we organize in the Council or the toughness of our statements</premise>, but on <claim>our political will and how we use our influence to effectively help Ukrainians resolve the crisis in their country</claim>."
"Unfortunately , we are deeply concerned that the scenario that is prepared for eastern Ukraine might be similar to the one implemented by Russia in Abkhazia .",o o b-claim i-claim i-claim i-claim i-claim i-claim i-claim i-claim i-claim i-claim i-claim i-claim i-claim i-claim i-claim i-claim i-claim i-claim i-claim i-claim i-claim i-claim i-claim i-claim i-claim,"Unfortunately , we are <premise>deeply concerned that the scenario that is prepared for eastern Ukraine might be similar to the one implemented by Russia in Abkhazia</premise>."
"In the most difficult of political and economic circumstances , Ukraine 's acting President Turchinov has decided to prepare a law on decentralization , granting more powers to the regions .",o o o o o o o o o o b-premise i-premise i-premise i-premise i-premise i-premise i-premise i-premise i-premise i-premise i-premise i-premise i-premise i-premise i-premise i-premise i-premise i-premise i-premise i-premise i-premise,"In the most difficult of political and economic circumstances , <premise>Ukraine 's acting President Turchinov has decided to prepare a law on decentralization</premise>, <claim>granting more powers to the regions</claim>."
That has not happened .,b-premise i-premise i-premise i-premise i-premise,<claim>That has not happened .</claim>
The OSCE is an important partner of the United Nations .,b-claim i-claim i-claim i-claim i-claim i-claim i-claim i-claim i-claim i-claim i-claim,The <claim>The OSCE is an important partner of the United Nations</claim>.
"Many of us have seen the ghastly images of the 13 January attack on a passenger bus , which was struck while waiting at a Ukrainian security checkpoint at Volnovakha .",b-premise i-premise i-premise i-premise i-premise i-premise i-premise i-premise i-premise i-premise i-premise i-premise i-premise i-premise i-premise i-premise i-premise i-premise i-premise i-premise i-premise i-premise i-premise i-premise i-premise i-premise i-premise i-premise i-premise i-premise i-premise,"Many of us have seen the <premise>ghastly images of the 13 January attack on a passenger bus</premise>, which was struck while waiting at a Ukrainian security checkpoint at Volnovakha."
It has submitted to Parliament a draft law on amnesty for protesters who surrender their weapons .,b-premise i-premise i-premise i-premise i-premise i-premise i-premise i-premise i-premise i-premise i-premise i-premise i-premise i-premise i-premise i-premise i-premise,It has submitted to Parliament a draft law on amnesty for protesters who surrender their weapons <premise>.</premise>
"In fact , Russia continues to fund , to coordinate and to fuel the heavily armed separatist movement .",o o o b-premise i-premise i-premise i-premise i-premise i-premise i-premise i-premise i-premise i-premise i-premise i-premise i-premise i-premise i-premise i-premise,"In fact , <premise>Russia continues to fund , to coordinate and to fuel the heavily armed separatist movement</premise>."
"We prepared a plan for economic renewal and growth , including plans for the economic revival of the Donbas region , and have called for a donor conference later this year .",b-premise i-premise i-premise i-premise i-premise i-premise i-premise i-premise i-premise i-premise i-premise i-premise i-premise i-premise i-premise i-premise i-premise i-premise i-premise i-premise i-premise i-premise i-premise i-premise i-premise i-premise i-premise i-premise i-premise i-premise i-premise i-premise,"We prepared a <claim>a plan for economic renewal and growth</claim>, including <premise>plans for the economic revival of the Donbas region</premise>, and have called for a donor conference later this year."
Doing so is important for each of these key challenges to security in Europe .,b-premise i-premise i-premise i-premise i-premise i-premise i-premise i-premise i-premise i-premise i-premise i-premise i-premise i-premise i-premise,<claim>Doing so is important for each of these key challenges to security in Europe</claim>.
"It is one of the few provisions of the Minsk agreement that contains a very specific timeframe , for apparent humanitarian reasons , that is , within five days of the withdrawal of heavy weapons from the contact line .",b-premise i-premise i-premise i-premise i-premise i-premise i-premise i-premise i-premise i-premise i-premise i-premise i-premise i-premise i-premise i-premise i-premise i-premise i-premise i-premise i-premise i-premise i-premise i-premise i-premise i-premise i-premise i-premise i-premise i-premise i-premise i-premise i-premise i-premise i-premise i-premise i-premise i-premise i-premise i-premise,"It is one of the few provisions of the Minsk agreement that contains a <premise>very specific timeframe , for apparent humanitarian reasons , that is , within five days of the withdrawal of heavy weapons from the contact line</premise>."
"Hundreds of Russian regular forces and special forces continue to operate on Ukrainian territory , in clear violation of Ukraine 's sovereignty and territorial integrity .",b-claim i-claim i-claim i-claim i-claim i-claim i-claim i-claim i-claim i-claim i-claim i-claim i-claim i-claim i-claim i-claim i-claim i-claim i-claim i-claim i-claim i-claim i-claim i-claim i-claim i-claim,"Hundreds of Russian regular forces and special forces continue to operate on Ukrainian territory , in clear violation of <claim>Ukraine 's sovereignty and territorial integrity</claim>."
"Given this tragedy and the already chaotic situation , France requests that all efforts be brought forth to shed light on the circumstances that led to the tragedy .",b-premise i-premise i-premise i-premise i-premise i-premise i-premise i-premise o o o o o o o o o o o o o o o o o o o o o,"Given this tragedy and the already chaotic situation , <claim>France requests that all efforts be brought forth to shed light on the circumstances that led to the tragedy</claim>."
"Bandera gave indiscriminate orders to execute his opponents on a massive scale , in particular on grounds of nationality .",b-premise i-premise i-premise i-premise i-premise i-premise i-premise i-premise i-premise i-premise i-premise i-premise i-premise i-premise i-premise i-premise i-premise i-premise i-premise i-premise,"Bandera gave <premise>indiscriminate orders to execute his opponents on a massive scale</premise>, <claim>in particular on grounds of nationality</claim>."
"A large exhibition of confiscated modern weapons , seized by the Ukrainian military forces from terrorist groups , took place in Kyiv a few days ago .",b-premise i-premise i-premise i-premise i-premise i-premise i-premise i-premise i-premise i-premise i-premise i-premise i-premise i-premise i-premise i-premise i-premise i-premise i-premise i-premise i-premise i-premise i-premise i-premise i-premise i-premise i-premise,"A large exhibition of confiscated modern weapons , <premise>seized by the Ukrainian military forces from terrorist groups</premise> , took place in Kyiv a few days ago ."
"There is increasing credible information that that was conducted by separatist militia groups , acting with the assistance of others .",b-premise i-premise i-premise i-premise i-premise i-premise i-premise i-premise i-premise i-premise i-premise i-premise i-premise i-premise i-premise i-premise i-premise i-premise i-premise i-premise i-premise,"There is <premise>increasing credible information that that was conducted by separatist militia groups , acting with the assistance of others</premise>."
We urge Russia to become part of this collective international effort .,b-claim i-claim i-claim i-claim i-claim i-claim i-claim i-claim i-claim i-claim i-claim i-claim,We urge <claim>Russia to become part of this collective international effort</claim>.
"In particular , we must remember our commitment to non - interference in the internal affairs of States , whether militarily , politically or economically .",o o o b-claim i-claim i-claim i-claim i-claim i-claim i-claim i-claim i-claim i-claim i-claim i-claim i-claim i-claim i-claim i-claim i-claim i-claim i-claim i-claim i-claim i-claim i-claim,"In particular , we must remember our <claim>commitment to non - interference in the internal affairs of States</claim> , whether militarily , politically or economically ."
"Even today , as a it tries to lawfully restore order , Ukrainian security forces are operating in a cautious and restrained manner .",b-premise i-premise i-premise i-premise i-premise i-premise i-premise i-premise i-premise i-premise i-premise i-premise i-premise i-premise i-premise i-premise i-premise i-premise i-premise i-premise i-premise i-premise i-premise i-premise,"Even today , as a <premise>it tries to lawfully restore order</premise> , Ukrainian security forces are operating in a cautious and restrained manner ."
"There can be no security without respect to human dignity , the rule of law and fundamental human rights .",b-claim i-claim i-claim i-claim i-claim i-claim i-claim i-claim i-claim i-claim i-claim i-claim i-claim i-claim i-claim i-claim i-claim i-claim i-claim i-claim,"There can be no security without <premise>respect to human dignity , the rule of law and fundamental human rights</premise>."
"In the area of international security information , the OSCE complements the global United Nations efforts to develop confidence - building measures through the use of information and communications technologies .",b-claim i-claim i-claim i-claim i-claim i-claim i-claim i-claim i-claim i-claim i-claim i-claim i-claim i-claim i-claim i-claim i-claim i-claim i-claim i-claim i-claim i-claim i-claim i-claim i-claim i-claim i-claim i-claim i-claim i-claim i-claim,"In the area of international security information , the <claim>OSCE complements the global United Nations efforts to develop confidence - building measures through the use of information and communications technologies</claim>."
"Despite Zakharchenko 's statements , Russia continues to try to play the international community for the fool and blame the violence on the Ukrainians .",b-claim i-claim i-claim i-claim i-claim i-claim i-claim i-claim i-claim i-claim i-claim i-claim i-claim i-claim i-claim i-claim i-claim i-claim i-claim i-claim i-claim i-claim i-claim i-claim i-claim,"Despite <premise>Zakharchenko 's statements</premise>, <claim>Russia continues to try to play the international community for the fool and blame the violence on the Ukrainians</claim>."
Russia will try to solve them in a systematic way .,b-claim i-claim i-claim i-claim i-claim i-claim i-claim i-claim i-claim i-claim i-claim,Russia will try to solve them in a <claim>systematic way</claim>.
"We are seeing continued occupation of Government buildings by well - armed and coordinated paramilitary groups , including , today , the occupation of Government buildings in Lugansk .",b-premise i-premise i-premise i-premise i-premise i-premise i-premise i-premise i-premise i-premise i-premise i-premise i-premise i-premise i-premise i-premise i-premise i-premise i-premise i-premise i-premise i-premise i-premise i-premise i-premise i-premise i-premise i-premise i-premise,"We are seeing continued occupation of Government buildings by well - armed and coordinated paramilitary groups , including , today , the <claim>occupation of Government buildings in Lugansk</claim>."
"The Russian economy is already paying a heavy price for that action , and any further actions can only inevitably lead to even greater consequences for Russia .",b-premise i-premise i-premise i-premise i-premise i-premise i-premise i-premise i-premise i-premise i-premise i-premise o o o o o o o o o o o o o o o o,"The Russian economy is already paying a heavy <premise>price for that action</premise>, and any further actions can only inevitably lead to even greater <claim>consequences for Russia</claim>."
"Ukrainian and foreign journalists are being systematically kidnapped , while Russian journalists are allowed to operate in the areas controlled by the illegal armed groups .",b-premise i-premise i-premise i-premise i-premise i-premise i-premise i-premise i-premise i-premise i-premise i-premise i-premise i-premise i-premise i-premise i-premise i-premise i-premise i-premise i-premise i-premise i-premise i-premise i-premise i-premise,"Ukrainian and foreign journalists are being systematically kidnapped , <premise>while Russian journalists are allowed to operate in the areas controlled by the illegal armed groups</premise>."
"But the topic today does involve calling once again for the armed groups to cease their violence and demanding that they halt unilateral actions and their violations and trampling of human rights , which do nothing but deepen the crisis and worsen the situation , especially for the civilian population and for the innocent .",o o o o o o o o o o o o o o o o o o o o o o o o o o o o o o o o o b-premise i-premise i-premise i-premise i-premise i-premise i-premise i-premise i-premise i-premise i-premise i-premise i-premise i-premise i-premise i-premise i-premise i-premise i-premise i-premise i-premise i-premise,"But the topic today does involve <claim>calling once again for the armed groups to cease their violence and demanding that they halt unilateral actions and their violations and trampling of human rights</claim>, <premise>which do nothing but deepen the crisis and worsen the situation</premise>, especially for the civilian population and for the innocent ."
"At Minsk , all sides agreed to permanent monitoring at the Ukrainian - Russian State border and the creation of a security zone along the border .",b-premise i-premise i-premise i-premise i-premise i-premise i-premise i-premise i-premise i-premise i-premise i-premise i-premise i-premise i-premise i-premise i-premise i-premise i-premise i-premise i-premise i-premise i-premise i-premise i-premise i-premise i-premise,"At Minsk , all sides agreed to <premise>permanent monitoring at the Ukrainian - Russian State border</premise> and the creation of a security zone along the border ."
"Only by all parties fully implementing the Minsk accords and resuming serious diplomatic discussions , in the context of the trilateral contact group , can there be a positive outcome to this crisis .",b-premise i-premise i-premise i-premise i-premise i-premise i-premise i-premise i-premise i-premise i-premise i-premise i-premise i-premise o o o o o o o o o o o o o o o o o o o o,"<claim>Only by all parties fully implementing the Minsk accords and resuming serious diplomatic discussions , in the context of the trilateral contact group , can there be a positive outcome to this crisis</claim>."
We expressed our readiness to provide the OSCE with our surveillance capabilities .,b-claim i-claim i-claim i-claim i-claim i-claim i-claim i-claim i-claim i-claim i-claim i-claim i-claim,We expressed our readiness to provide the <claim>OSCE with our surveillance capabilities</claim>.
"Let me recall Bandera 's words : "" I will kill every Pole from 16 to 60 years of age "" .",b-premise i-premise i-premise i-premise i-premise i-premise i-premise i-premise i-premise i-premise i-premise i-premise i-premise i-premise i-premise i-premise i-premise i-premise i-premise i-premise i-premise i-premise,"Let me recall Bandera 's words : ""<claim> I will kill every Pole from 16 to 60 years of age </claim>."""
Why are these facts not being talked about ?,b-premise i-premise i-premise i-premise i-premise i-premise i-premise i-premise i-premise,<claim>Why are these facts not being talked about ?</claim>
"To that end , three clear steps must be taken .",b-claim i-claim i-claim i-claim i-claim i-claim i-claim i-claim i-claim i-claim i-claim,"<claim>To that end , three clear steps must be taken</claim>."
A transparent and independent comprehensive international investigation must be completed as soon as possible .,b-claim i-claim i-claim i-claim i-claim i-claim i-claim i-claim i-claim i-claim i-claim i-claim i-claim i-claim i-claim,<claim>A transparent and independent comprehensive international investigation must be completed as soon as possible</claim>.
"From the very beginning , we have said that the crisis in Ukraine had to be resolved politically .",b-claim i-claim i-claim i-claim i-claim i-claim i-claim i-claim i-claim i-claim i-claim i-claim i-claim i-claim i-claim i-claim i-claim i-claim i-claim,"<premise>From the very beginning , we have said that the crisis in Ukraine had to be resolved politically</premise>."
Women 's participation in all aspects of peacebuilding and sustaining peace must be ensured .,b-claim i-claim i-claim i-claim i-claim i-claim i-claim i-claim i-claim i-claim i-claim i-claim i-claim i-claim i-claim,<claim>Women 's participation in all aspects of peacebuilding and sustaining peace must be ensured</claim>.
The human stakes of what is happening in Ukraine are extremely high .,b-claim i-claim i-claim i-claim i-claim i-claim i-claim i-claim i-claim i-claim i-claim i-claim i-claim,The human stakes of what is happening in Ukraine are <claim>extremely high</claim>.
"The situation should encourage its 57 members to abandon political posturing and rediscover the spirit of Helsinki , which , more than 40 years ago , gave rise to a common vision of security in Europe .",b-premise i-premise i-premise i-premise i-premise i-premise i-premise i-premise i-premise i-premise i-premise i-premise i-premise i-premise i-premise i-premise i-premise i-premise i-premise i-premise i-premise i-premise i-premise i-premise i-premise i-premise i-premise i-premise i-premise i-premise i-premise i-premise i-premise i-premise i-premise i-premise i-premise,"The situation should encourage its 57 members to abandon political posturing and rediscover the spirit of Helsinki , which , more than 40 years ago , gave rise to a <claim>a common vision of security in Europe</claim>."
"In this difficult time we are grateful for the support shown by the United Nations , members of this Council , the European Union and the members of international community who have stood up for the Charter of the United Nations and the principles of this Organization .",b-premise i-premise i-premise i-premise i-premise i-premise i-premise i-premise i-premise i-premise i-premise i-premise i-premise i-premise i-premise i-premise i-premise i-premise i-premise i-premise i-premise i-premise i-premise i-premise i-premise i-premise i-premise i-premise i-premise i-premise i-premise i-premise i-premise i-premise i-premise i-premise i-premise i-premise i-premise i-premise i-premise i-premise i-premise i-premise i-premise i-premise i-premise i-premise,"In this difficult time we are <claim>grateful for the support shown by the United Nations , members of this Council , the European Union and the members of international community who have stood up for the Charter of the United Nations and the principles of this Organization</claim>."
"There can be no excuse for abuses committed by anyone fighting in eastern Ukraine , and all such accusations should be fully investigated as soon as the security conditions allow .",b-premise i-premise i-premise i-premise i-premise i-premise i-premise i-premise i-premise i-premise i-premise i-premise i-premise i-premise i-premise i-premise i-premise i-premise i-premise i-premise i-premise i-premise i-premise i-premise i-premise i-premise i-premise i-premise i-premise i-premise i-premise,"There can be no <claim>excuse for abuses committed by anyone fighting in eastern Ukraine</claim>, and <premise>all such accusations should be fully investigated as soon as the security conditions allow</premise>."
"The efforts of the international community must be channeled through the host Government , which has primary responsibility for aiding and protecting its people .",b-claim i-claim i-claim i-claim i-claim i-claim i-claim i-claim i-claim i-claim i-claim i-claim i-claim o o o o o o o o o o o o,"The efforts of the international community must be <claim>be channeled through the host Government</claim>, <premise>which has primary responsibility for aiding and protecting its people</premise>."
"On the OSCE monitors in Sloviansk , they were requested by the Kyiv Government , and as such were responsible for their security .",b-premise i-premise i-premise i-premise i-premise i-premise i-premise i-premise i-premise i-premise i-premise i-premise i-premise i-premise i-premise i-premise i-premise i-premise i-premise i-premise i-premise i-premise i-premise i-premise,"On the OSCE monitors in Sloviansk , <premise>they were requested by the Kyiv Government</premise> , and as such <claim>were responsible for their security</claim>."
"As we said yesterday during our debate on conflicts in Europe ( see S / PV.7886 ) , dialogue and negotiation remain the only way to find a durable and diplomatic solution to some of those conflicts and extremely delicate issues of peace and security affecting States members of the OSCE .",o o o o o o o o o o o o o o o o o o b-premise i-premise i-premise i-premise i-premise i-premise i-premise i-premise i-premise i-premise i-premise i-premise i-premise i-premise i-premise i-premise i-premise i-premise i-premise i-premise i-premise i-premise i-premise i-premise i-premise i-premise i-premise i-premise i-premise i-premise i-premise i-premise i-premise i-premise,"As we said yesterday during our debate on conflicts in Europe ( see S / PV.7886 ) , <premise>dialogue and negotiation remain the only way to find a durable and diplomatic solution to some of those conflicts and extremely delicate issues of peace and security affecting States members of the OSCE</premise>."
"The OSCE has entered into its fifth decade of existence , having accumulated considerable international experience and created its own mechanisms .",b-premise i-premise i-premise i-premise i-premise i-premise i-premise i-premise i-premise i-premise i-premise i-premise i-premise i-premise i-premise i-premise i-premise i-premise i-premise i-premise i-premise i-premise,"The OSCE has entered into its fifth decade of existence , <premise>having accumulated considerable international experience and created its own mechanisms</premise>."
China will continue to adopt a fair and objective approach and actively participate in any proposal or initiative that will reduce tension and promote a political solution .,b-claim i-claim i-claim i-claim i-claim i-claim i-claim i-claim i-claim i-claim i-claim i-claim i-claim i-claim i-claim i-claim i-claim i-claim i-claim i-claim i-claim i-claim i-claim i-claim i-claim i-claim i-claim i-claim,China will continue to adopt a <claim>a fair and objective approach</claim> and <premise>actively participate in any proposal or initiative that will reduce tension and promote a political solution</premise>.
"The United Kingdom is gravely concerned by events in eastern Ukraine , which have escalated over the past 48 hours , with armed men seizing control of Government buildings and erecting checkpoints and barricades in six different cities .",o o o o o o o o o o o o o o o o o o o o o b-premise i-premise i-premise i-premise i-premise i-premise i-premise i-premise i-premise i-premise i-premise i-premise i-premise i-premise i-premise i-premise i-premise i-premise,"The United Kingdom is <claim>gravely concerned by events in eastern Ukraine</claim>, <premise>which have escalated over the past 48 hours</premise>, with armed men seizing control of Government buildings and erecting checkpoints and barricades in six different cities."
The priority now must be to remain on the path of dialogue and to continue the implementation of the agreements .,b-claim i-claim i-claim i-claim i-claim i-claim i-claim i-claim i-claim i-claim i-claim i-claim i-claim i-claim i-claim i-claim i-claim i-claim i-claim i-claim i-claim,The priority now must be to remain on the path of dialogue and to continue the implementation of the agreements <claim></claim>
The current election campaign is especially characterized by bad faith and cynicism .,b-claim i-claim i-claim i-claim i-claim i-claim i-claim i-claim i-claim i-claim i-claim i-claim i-claim,The current election campaign is especially characterized by <premise>bad faith and cynicism</premise>.
Rwanda remains of the View that military action will only worsen the already tense situation .,b-premise i-premise i-premise i-premise i-premise i-premise i-premise i-premise i-premise i-premise i-premise i-premise i-premise i-premise i-premise i-premise,Rwanda remains of the <claim>View that military action will only worsen the already tense situation</claim>.
"However , it is not just Ukraine that will suffer from a scenario where the likelihood of further bloodshed and violent clashes grows by the hour .",o o b-premise i-premise i-premise i-premise i-premise i-premise i-premise i-premise i-premise i-premise i-premise i-premise i-premise i-premise i-premise i-premise i-premise i-premise i-premise i-premise i-premise i-premise i-premise i-premise i-premise,"However , it is not just <claim>Ukraine that will suffer from a scenario where the likelihood of further bloodshed and violent clashes grows by the hour</claim>."
"On Saturday and Sunday in Mariupol , separatist groups attacked residential neighbourhoods with rockets , killing nearly 30 civilians and instilling terror among the population .",b-premise i-premise i-premise i-premise i-premise i-premise i-premise i-premise i-premise i-premise i-premise i-premise i-premise i-premise i-premise i-premise i-premise i-premise i-premise i-premise i-premise i-premise i-premise i-premise i-premise i-premise,"On Saturday and Sunday in Mariupol , <premise>separatist groups attacked residential neighbourhoods with rockets , killing nearly 30 civilians and instilling terror among the population</premise>."
"We continued to provide humanitarian relief , working in close partnership with United Nations agencies and other international organizations , and the new law , adopted on Monday , on the temporary status of internally displaced persons will further facilitate our humanitarian efforts .",b-premise i-premise i-premise i-premise i-premise i-premise i-premise i-premise i-premise i-premise i-premise i-premise i-premise i-premise i-premise i-premise i-premise i-premise i-premise i-premise i-premise i-premise i-premise i-premise i-premise i-premise i-premise i-premise i-premise i-premise i-premise i-premise i-premise i-premise i-premise i-premise i-premise i-premise i-premise i-premise i-premise i-premise i-premise i-premise,"We continued to provide humanitarian relief , working in close partnership with United Nations agencies and other international organizations , and the <claim>the new law , adopted on Monday , on the temporary status of internally displaced persons will further facilitate our humanitarian efforts</claim>."
"By opting to recognize the illegal and illegitimate so - called elections in certain areas of Donbas , Russia has chosen time and again to violate the norms of international law and fundamental OSCE principles and commitments .",b-premise i-premise i-premise i-premise i-premise i-premise i-premise i-premise i-premise i-premise i-premise i-premise i-premise i-premise i-premise i-premise i-premise o o o o o o o o o o o o o o o o o o o o o,"By opting to recognize the <claim>the illegal and illegitimate so - called elections in certain areas of Donbas</claim>, <premise>Russia has chosen time and again to violate the norms of international law and fundamental OSCE principles and commitments</premise>."
"We also value the vital role that the OSCE plays in risk reduction in the region , and we welcome the launch of the structured dialogue .",b-claim i-claim i-claim i-claim i-claim i-claim i-claim i-claim i-claim i-claim i-claim i-claim i-claim i-claim i-claim i-claim i-claim i-claim i-claim i-claim i-claim i-claim i-claim i-claim i-claim i-claim i-claim,"We also value the <premise>vital role that the OSCE plays in risk reduction in the region</premise>, and we welcome the launch of the structured dialogue."
They have even issued a special medal of honour .,b-premise i-premise i-premise i-premise i-premise i-premise i-premise i-premise i-premise i-premise,They have even issued a <claim>special medal of honour</claim>.
"Nothing can take the place of direct , substantive dialogue between Kyiv and Moscow to find a diplomatic solution to the Ukraine crisis .",b-claim i-claim i-claim i-claim i-claim i-claim i-claim i-claim i-claim i-claim i-claim i-claim i-claim i-claim i-claim i-claim i-claim i-claim i-claim i-claim i-claim i-claim i-claim i-claim,"Nothing can take the place of <premise>direct , substantive dialogue between Kyiv and Moscow</premise> to find a <claim>diplomatic solution to the Ukraine crisis</claim>."
But that only points to the need for painstaking work and good - faith international support for the negotiations with a view to ensuring the full implementation of what the representatives of Ukraine and the armed groups agreed to in Minsk .,b-claim i-claim i-claim i-claim i-claim i-claim i-claim i-claim i-claim i-claim i-claim i-claim i-claim i-claim i-claim i-claim i-claim i-claim i-claim i-claim i-claim i-claim i-claim i-claim i-claim i-claim i-claim i-claim i-claim i-claim i-claim i-claim i-claim i-claim i-claim i-claim i-claim i-claim i-claim i-claim i-claim i-claim,But that only points to the <claim>the need for painstaking work and good - faith international support for the negotiations with a view to ensuring the full implementation of what the representatives of Ukraine and the armed groups agreed to in Minsk</claim>.
The Right Sector and those who say the demonstrators should be killed are not bandits ; they are simply the political elite of Kyiv .,b-claim i-claim i-claim i-claim i-claim i-claim i-claim i-claim i-claim i-claim i-claim i-claim i-claim i-claim i-claim i-claim i-claim i-claim i-claim i-claim i-claim i-claim i-claim i-claim i-claim,The <claim>The Right Sector and those who say the demonstrators should be killed are not bandits</claim> ; <premise>they are simply the political elite of Kyiv</premise>.
The rest of us are deeply and sincerely concerned by that instability .,b-premise i-premise i-premise i-premise i-premise i-premise i-premise i-premise i-premise i-premise i-premise i-premise i-premise,The rest of us are <premise>deeply and sincerely concerned by that instability</premise>.
"Italy can count on our full support in addressing the priorities of its chairpersonship , which include conflicts in Europe , particularly Ukraine , challenges in the Mediterranean , transnational threats and , above all , respect for human rights - the keystone of peace and international security .",b-claim i-claim i-claim i-claim i-claim i-claim i-claim i-claim i-claim i-claim i-claim i-claim i-claim i-claim i-claim i-claim i-claim i-claim i-claim i-claim i-claim i-claim i-claim i-claim i-claim i-claim i-claim i-claim i-claim i-claim i-claim i-claim i-claim i-claim i-claim i-claim i-claim i-claim i-claim i-claim i-claim i-claim i-claim i-claim i-claim i-claim i-claim i-claim i-claim,"Italy can count on our full support in addressing the priorities of its chairpersonship , which include <premise>conflicts in Europe , particularly Ukraine , challenges in the Mediterranean , transnational threats and , above all , respect for human rights</premise> - the keystone of peace and international security ."
This offensive is made in Moscow .,b-claim i-claim i-claim i-claim i-claim i-claim i-claim,This offensive is made in <premise>Moscow</premise>.
Those separatists are not engaged in peaceful protest on behalf of their rights .,b-claim i-claim i-claim i-claim i-claim i-claim i-claim i-claim i-claim i-claim i-claim i-claim i-claim i-claim,<claim>Those separatists are not engaged in peaceful protest on behalf of their rights</claim>.
Dozens of people who politically opposed Kyiv have disappeared .,b-premise i-premise i-premise i-premise i-premise i-premise i-premise i-premise i-premise i-premise,<claim>Dozens of people who politically opposed Kyiv have disappeared</claim>.
"It is high time for Kyiv to fulfil the obligations it undertook in Geneva , particularly given that it now has representative partners in the negotiations .",b-claim i-claim i-claim i-claim i-claim i-claim i-claim i-claim i-claim i-claim i-claim i-claim i-claim i-claim o o o o o o o o o o o o o,"It is high time for <claim>Kyiv to fulfil the obligations it undertook in Geneva</claim>, <premise>particularly given that it now has representative partners in the negotiations</premise>."
"At the same time , it is essential for Ukraine to respect its international obligations and for its forces to always act in a proportionate and restrained manner .",o o o o o b-claim i-claim i-claim i-claim i-claim i-claim i-claim i-claim i-claim i-claim i-claim i-claim i-claim i-claim i-claim i-claim i-claim i-claim i-claim i-claim i-claim i-claim i-claim i-claim,"At the same time , <claim>it is essential for Ukraine to respect its international obligations</claim> and for its forces to always act in a proportionate and restrained manner ."
"We encourage Minister Kurz 's support for the efforts of the Special Monitoring Mission in Ukraine to facilitate the resolution of the conflict in Donbas , which was started by Russia .",b-claim i-claim i-claim i-claim i-claim i-claim i-claim i-claim i-claim i-claim i-claim i-claim i-claim i-claim i-claim i-claim i-claim i-claim i-claim i-claim i-claim i-claim i-claim i-claim i-claim i-claim i-claim i-claim i-claim i-claim i-claim i-claim,"We encourage <claim>Minister Kurz 's support for the efforts of the Special Monitoring Mission in Ukraine to facilitate the resolution of the conflict in Donbas</claim>, <premise>which was started by Russia</premise>."
"In addition , the separatists continue to make direct threats against the Mission itself .",o o o b-claim i-claim i-claim i-claim i-claim i-claim i-claim i-claim i-claim i-claim i-claim i-claim,"In addition , the <claim>separatists continue to make direct threats against the Mission itself</claim>."
"Those include protecting fundamental freedoms , which continue to come under growing pressure in some OSCE States , addressing the need for greater military transparency and tackling the protracted conflicts that continue to blight the lives of people across the OSCE region , most notably in Georgia .",b-premise i-premise i-premise i-premise i-premise i-premise i-premise i-premise i-premise i-premise i-premise i-premise i-premise i-premise i-premise i-premise i-premise i-premise i-premise i-premise i-premise i-premise i-premise i-premise i-premise i-premise i-premise i-premise i-premise i-premise i-premise i-premise i-premise i-premise i-premise i-premise i-premise i-premise i-premise i-premise i-premise i-premise i-premise i-premise i-premise i-premise i-premise i-premise,"Those include <claim>protecting fundamental freedoms</claim>, <premise>which continue to come under growing pressure in some OSCE States</premise>, <claim>addressing the need for greater military transparency</claim> and <claim>tackling the protracted conflicts that continue to blight the lives of people across the OSCE region</claim>, most notably in Georgia."
It is important that the Council continue to pay the closest attention to the situation in Ukraine and insist on further progress towards the implementation of the Minsk agreements .,b-claim i-claim i-claim i-claim i-claim i-claim i-claim i-claim i-claim i-claim i-claim i-claim i-claim i-claim i-claim i-claim i-claim i-claim i-claim i-claim i-claim i-claim i-claim i-claim i-claim i-claim i-claim i-claim i-claim i-claim,It is <claim>important that the Council continue to pay the closest attention to the situation in Ukraine and insist on further progress towards the implementation of the Minsk agreements</claim>.
"The international dimensions of the conflict in Ukraine are known to us all , including the families in Australia still grieving the loss of their loved ones on Flight MH-17 .",b-claim i-claim i-claim i-claim i-claim i-claim i-claim i-claim i-claim i-claim i-claim i-claim i-claim o o o o o o o o o o o o o o o o o o,"The international dimensions of the conflict in Ukraine are known to us all , including the families in Australia still grieving the loss of their loved ones on Flight MH-17 <premise>."
"In order to slow down the flow of weapons and fighters that cross through the Russian - Ukrainian border on a daily basis , we call for negotiations between Ukraine , Russia and the OSCE in order to allow the rapid deployment of a monitoring mission at the border .",o o o o o o o o o o o o o o o o o o o o o o o o b-claim i-claim i-claim i-claim i-claim i-claim i-claim i-claim i-claim i-claim i-claim i-claim i-claim i-claim i-claim i-claim i-claim i-claim i-claim i-claim i-claim i-claim i-claim i-claim i-claim i-claim,"In order to slow down the flow of weapons and fighters that cross through the Russian - Ukrainian border on a daily basis , <claim>we call for negotiations between Ukraine , Russia and the OSCE in order to allow the rapid deployment of a monitoring mission at the border</claim>."
Those attacks have occurred since the agreement in Minsk and after the ceasefire went into effect .,b-premise i-premise i-premise i-premise i-premise i-premise i-premise i-premise i-premise i-premise i-premise i-premise i-premise i-premise i-premise i-premise i-premise,Those attacks have occurred since the <premise>agreement in Minsk</premise> and after the ceasefire went into effect .
"With winter approaching , the displaced populations will be in a seriously precarious situation .",o o o o b-claim i-claim i-claim i-claim i-claim i-claim i-claim i-claim i-claim i-claim o,"With winter approaching , the <premise>displaced populations will be in a seriously precarious situation</premise>."
"The living conditions ofpeople living in areas affected by the hostilities continue to deteriorate , and the number of internally displaced persons has steadily increased .",b-premise i-premise i-premise i-premise i-premise i-premise i-premise i-premise i-premise i-premise i-premise i-premise i-premise i-premise o o o o o o o o o o o o,"The <premise>The living conditions ofpeople living in areas affected by the hostilities continue to deteriorate</premise>, and the <premise>the number of internally displaced persons has steadily increased</premise>."
Lay down weapons .,b-premise i-premise i-premise i-premise,<claim>Lay down weapons</claim>.
Those weapons have also been seen in the hands of Russian troops in Crimea .,b-premise i-premise i-premise i-premise i-premise i-premise i-premise i-premise i-premise i-premise i-premise i-premise i-premise i-premise i-premise,Those weapons have also been seen in the hands of <premise>Russian troops in Crimea</premise>.
"Unfortunately , the calls by the members of the Council , the Secretary - General and the international community on all parties to seek to calm the situation , exhibit the greatest of self - control and to contribute to constructive dialogue have not been heeded .",o o b-claim i-claim i-claim i-claim i-claim i-claim i-claim i-claim i-claim i-claim i-claim i-claim i-claim i-claim i-claim i-claim i-claim i-claim i-claim i-claim i-claim i-claim i-claim i-claim i-claim i-claim i-claim i-claim i-claim i-claim i-claim i-claim i-claim i-claim i-claim i-claim i-claim i-claim i-claim i-claim i-claim i-claim i-claim i-claim i-claim,"Unfortunately , the calls by the members of the Council , the Secretary - General and the international community on all parties to seek to calm the situation , <claim>exhibit the greatest of self - control and to contribute to constructive dialogue</claim> have not been heeded ."
Attempts to change the facts on the ground are completely contrary to dialogue and peaceful resolution .,b-premise i-premise i-premise i-premise i-premise i-premise i-premise i-premise i-premise i-premise i-premise i-premise i-premise i-premise i-premise i-premise i-premise,<claim>Attempts to change the facts on the ground are completely contrary to dialogue and peaceful resolution</claim>.
"Furthermore , while Ukraine has put a draft law to the Ukrainian Parliament that would provide amnesty for protestors who vacate Government buildings and lay down their weapons , Russia has not rescinded the order by the Russian Parliament to authorize the use of military force in Ukraine and will not condemn the widely reported abuses by pro - Russian armed groups in southern and eastern Ukraine .",o o b-premise i-premise i-premise i-premise i-premise i-premise i-premise i-premise i-premise i-premise i-premise i-premise i-premise i-premise i-premise i-premise i-premise i-premise i-premise i-premise i-premise i-premise i-premise i-premise i-premise i-premise i-premise o o o o o o o o o o o o o o o o o o o o o o o o o o o o o o o o o o o o o o o,"Furthermore , while <claim>Ukraine has put a draft law to the Ukrainian Parliament that would provide amnesty for protestors who vacate Government buildings and lay down their weapons</claim> , <claim>Russia has not rescinded the order by the Russian Parliament to authorize the use of military force in Ukraine</claim> and <claim>will not condemn the widely reported abuses by pro - Russian armed groups in southern and eastern Ukraine</claim>."
"However , to launch such a dialogue process and move towards a solution , it is crucial to create conditions conducive to negotiation , build confidence among the various communities and provide assurances to all Ukrainians throughout Ukraine that their main concerns will be addressed , with full respect for Ukraine 's right to see to its internal affairs .",o o o o o o o o o o o o o o b-claim i-claim i-claim i-claim i-claim i-claim i-claim i-claim i-claim i-claim i-claim i-claim i-claim i-claim i-claim i-claim i-claim i-claim i-claim i-claim i-claim i-claim i-claim i-claim i-claim i-claim i-claim i-claim i-claim i-claim i-claim i-claim i-claim i-claim i-claim i-claim i-claim i-claim i-claim i-claim i-claim i-claim i-claim i-claim i-claim i-claim,"However , to launch such a dialogue process and move towards a solution , it is <claim>crucial to create conditions conducive to negotiation , build confidence among the various communities and provide assurances to all Ukrainians throughout Ukraine that their main concerns will be addressed , with full respect for Ukraine 's right to see to its internal affairs</claim>."
"We reiterate our call to all parties , in particular armed groups , to show restraint and discipline , calm the situation and make intensive , serious and sincere efforts to prevent a further worsening of the situation , which would be dire for all concerned .",b-claim i-claim i-claim i-claim i-claim i-claim i-claim i-claim i-claim i-claim i-claim i-claim i-claim i-claim i-claim i-claim i-claim i-claim i-claim i-claim i-claim i-claim i-claim i-claim i-claim i-claim i-claim i-claim i-claim i-claim i-claim i-claim i-claim i-claim i-claim i-claim i-claim i-claim i-claim i-claim i-claim i-claim i-claim i-claim i-claim i-claim i-claim,"We reiterate our <claim>call to all parties , in particular armed groups , to show restraint and discipline , calm the situation and make intensive , serious and sincere efforts to prevent a further worsening of the situation , which would be dire for all concerned</claim>."
"That is the only meaningful path to long - term peace in Ukraine , and until it is taken , the sanctions against Russia must remain in place .",b-premise i-premise i-premise i-premise i-premise i-premise i-premise i-premise i-premise i-premise i-premise i-premise i-premise i-premise i-premise i-premise i-premise i-premise i-premise i-premise i-premise i-premise i-premise i-premise i-premise i-premise i-premise i-premise i-premise,"<claim>That is the only meaningful path to long - term peace in Ukraine</claim>, and until it is taken , the <premise>sanctions against Russia must remain in place</premise>."
"The Russian Federation has publicly stated on several occasions that it would be "" forced to act "" if Kyiv were to employ force against demonstrators in the East .",b-premise i-premise i-premise i-premise i-premise i-premise i-premise i-premise i-premise i-premise i-premise i-premise i-premise i-premise i-premise i-premise i-premise i-premise i-premise i-premise i-premise i-premise i-premise i-premise i-premise i-premise i-premise i-premise i-premise i-premise,"The Russian Federation has publicly stated on several occasions that it would be <claim> "" forced to act ""</claim> if Kyiv were to employ force against demonstrators in the East ."
Sooner or later the Russian Federation will be brought to justice for that particular crime of aggression against Ukraine .,o o o b-claim i-claim i-claim i-claim i-claim i-claim i-claim i-claim i-claim i-claim i-claim i-claim i-claim i-claim i-claim i-claim i-claim,<claim>Sooner or later the Russian Federation will be brought to justice for that particular crime of aggression against Ukraine</claim>.
"And yet , in spite of the obvious , Russia continues to blame Ukraine for ceasefire violations , including the Mariupol attack .",o o o o o o o o o b-claim i-claim i-claim i-claim i-claim i-claim i-claim i-claim i-claim i-claim i-claim i-claim i-claim i-claim,"And yet , in spite of the <premise>the obvious</premise> , Russia continues to blame Ukraine for ceasefire violations , including the Mariupol attack ."
France remains and will remain fully mobilized to achieving a peaceful settlement .,b-claim i-claim i-claim i-claim i-claim i-claim i-claim i-claim i-claim i-claim i-claim i-claim i-claim,France remains and will remain <claim>fully mobilized to achieving a peaceful settlement</claim>.
"We keep meeting on Ukraine because , despite countless commitments made to the international community to de - escalate - here in the Council and in Geneva , Minsk , Berlin , Normandy and elsewhere - Russia continues to choose a path of escalation and obfuscation .",o o o o o o o o o o o o o o o o o o o o o o o o o o o o o o o o o o o o b-claim i-claim i-claim i-claim i-claim i-claim i-claim i-claim i-claim i-claim i-claim,"We keep meeting on Ukraine because , <premise>despite countless commitments made to the international community to de - escalate - here in the Council and in Geneva , Minsk , Berlin , Normandy and elsewhere - Russia continues to choose a path of escalation and obfuscation</premise>."
"How could the militias in the east be convinced to disarm or vacate buildings if they have been surrounded , as has happened in Sloviansk , by subdivisions of the Ukrainian armed forces and the so - called National Guard , comprised of fighters from the Right Sector .",b-claim i-claim i-claim i-claim i-claim i-claim i-claim i-claim i-claim i-claim i-claim i-claim i-claim i-claim o o o o o o o o o o o o o o o o o o o o o o o o o o o o o o o o o o o,"How could the militias in the east be convinced to disarm or vacate buildings if they have been surrounded , as has happened in Sloviansk , by subdivisions of the Ukrainian armed forces and the so - called National Guard , <premise>comprised of fighters from the Right Sector</premise>."
"The very next day , the Ukrainian brass stepped up artillery and bomb strikes against the cities of Donbas , resulting in the deaths of dozens of civilians , including women , children and the elderly .",b-premise i-premise i-premise i-premise i-premise i-premise i-premise i-premise i-premise i-premise i-premise i-premise i-premise i-premise i-premise i-premise i-premise i-premise i-premise i-premise i-premise i-premise i-premise i-premise i-premise i-premise i-premise i-premise i-premise i-premise i-premise i-premise i-premise i-premise i-premise i-premise i-premise,"The very next day , the Ukrainian brass <claim>stepped up artillery and bomb strikes against the cities of Donbas</claim>, <premise>resulting in the deaths of dozens of civilians , including women , children and the elderly</premise>."
"In terms of what I said in my earlier statement about the cause of the downing of the aircraft , what I said was that all the apparent evidence that has been produced so far , while not conclusive , is consistent with the initial assessment that that event , that atrocity , was consistent with a surface - to - air missile from the areas and in the terms that I mentioned .",o o o o o o o o o o o o o o o o o o o o o o o o o b-claim i-claim i-claim i-claim i-claim i-claim i-claim i-claim i-claim i-claim i-claim i-claim i-claim i-claim i-claim i-claim i-claim i-claim i-claim i-claim i-claim i-claim i-claim i-claim i-claim i-claim i-claim i-claim i-claim i-claim i-claim i-claim i-claim i-claim i-claim i-claim i-claim i-claim i-claim i-claim i-claim i-claim i-claim i-claim i-claim i-claim i-claim i-claim i-claim,"In terms of what I said in my earlier statement about the cause of the downing of the aircraft , <premise>what I said was that all the apparent evidence that has been produced so far , while not conclusive , is consistent with the initial assessment that that event , that atrocity , was consistent with a surface - to - air missile from the areas and in the terms that I mentioned</premise>."
"It is evident that the uncontrolled segment of the Ukrainian - Russian border makes the impact of all international efforts on de - escalation very limited , as replenishments to the illegal armed groups with weapons and manpower from Russia continue .",b-premise i-premise i-premise i-premise i-premise i-premise i-premise i-premise i-premise i-premise i-premise i-premise i-premise i-premise i-premise i-premise i-premise i-premise i-premise i-premise i-premise i-premise i-premise i-premise i-premise i-premise i-premise i-premise i-premise i-premise i-premise i-premise i-premise i-premise i-premise i-premise i-premise i-premise i-premise i-premise i-premise i-premise,"It is evident that the <claim>uncontrolled segment of the Ukrainian - Russian border makes the impact of all international efforts on de - escalation very limited</claim>, <premise>as replenishments to the illegal armed groups with weapons and manpower from Russia continue</premise>."
"The situation of confrontation was artificially created with the aim of weakening and destroying Ukraine itself . "" Within a short period of time , approximately one and half months , the Ukrainian Government has done everything possible to avoid confrontation through an inclusive approach to each and every region .",o o o o o o o o o o o o o o o o o o o o o o o o o o o o o o o b-claim i-claim i-claim i-claim i-claim i-claim i-claim i-claim i-claim i-claim i-claim i-claim i-claim i-claim i-claim i-claim i-claim i-claim i-claim i-claim,"The <claim>The situation of confrontation was artificially created with the aim of weakening and destroying Ukraine itself</claim>. <premise>"" Within a short period of time , approximately one and half months , the Ukrainian Government has done everything possible to avoid confrontation through an inclusive approach to each and every region </premise>."
My colleague from the United Kingdom rushed to say that the protesters in the south - east participated in that crime .,b-premise i-premise i-premise i-premise i-premise i-premise i-premise i-premise i-premise i-premise i-premise i-premise i-premise i-premise i-premise i-premise i-premise i-premise i-premise i-premise i-premise i-premise,My colleague from the United Kingdom <premise>rushed to say that the protesters in the south - east participated in that crime</premise>.
Ukraine has a democratic Constitution and is implementing a process of reform .,b-premise i-premise i-premise i-premise i-premise i-premise i-premise i-premise i-premise i-premise i-premise i-premise i-premise,Ukraine has a <premise>democratic Constitution</premise> and is implementing a process of reform.
"But even as we work to build a better future , we continue to make it absolutely clear that all crimes , particularly those relating to violations of human rights and fundamental freedoms , must be fully investigated , and those responsible brought to justice .",b-claim i-claim i-claim i-claim i-claim i-claim i-claim i-claim i-claim i-claim i-claim i-claim i-claim i-claim i-claim i-claim i-claim i-claim i-claim i-claim i-claim i-claim i-claim i-claim i-claim i-claim i-claim i-claim i-claim i-claim i-claim i-claim i-claim i-claim i-claim i-claim i-claim i-claim i-claim i-claim i-claim i-claim i-claim i-claim i-claim i-claim,"But even as we work to build a <claim>a better future</claim>, we continue to make it <premise>absolutely clear that all crimes, particularly those relating to violations of human rights and fundamental freedoms, must be fully investigated, and those responsible brought to justice</premise>."
"Last week , Human Rights Watch published a report suggesting that the Ukrainian armed forces may have used cluster munitions in Donetsk .",b-premise i-premise i-premise i-premise i-premise i-premise i-premise i-premise i-premise i-premise i-premise i-premise i-premise i-premise i-premise i-premise i-premise i-premise i-premise i-premise i-premise i-premise i-premise,"Last week , <premise>Human Rights Watch published a report suggesting that the Ukrainian armed forces may have used cluster munitions in Donetsk</premise>."
"Russia refuses to grant Ukrainian consular access to Mr. Sentsov because , since he is a resident of Crimea , they now falsely claim , without his permission , that he is a Russian citizen , in a grave violation of his rights as a citizen of Ukraine , as well as contrary to Ukrainian legislation and internationally recognized legal standards .",b-claim i-claim i-claim i-claim i-claim i-claim i-claim o o o o o o o o o o o o o o o o o o o o o o o o o o o o o o o o o o o o o o o o o o o o o o o o o o o o o o o,"Russia refuses to grant Ukrainian consular access to Mr. Sentsov <premise>because , since he is a resident of Crimea , they now falsely claim , without his permission , that he is a Russian citizen , in a grave violation of his rights as a citizen of Ukraine , as well as contrary to Ukrainian legislation and internationally recognized legal standards</premise>."
"On 24 January , when protesters occupied some regional administration buildings , we reiterated our call for all protesters and Government forces to refrain from violence and the destruction of property .",b-premise i-premise i-premise i-premise i-premise i-premise i-premise i-premise i-premise i-premise i-premise i-premise i-premise i-premise i-premise i-premise i-premise i-premise i-premise i-premise i-premise i-premise i-premise i-premise i-premise i-premise i-premise i-premise i-premise i-premise i-premise i-premise,"On 24 January , when protesters occupied some regional administration buildings , <premise>we reiterated our call for all protesters and Government forces to refrain from violence and the destruction of property</premise>."
Two officers have been killed and seven wounded .,b-premise i-premise i-premise i-premise i-premise i-premise i-premise i-premise i-premise,<claim>Two officers have been killed and seven wounded</claim>.
"In this difficult context , we can not afford to let down our guard .",b-premise i-premise i-premise i-premise i-premise i-premise i-premise i-premise i-premise i-premise i-premise i-premise i-premise i-premise i-premise,"In this difficult context , <claim>we can not afford to let down our guard</claim>."
"The rocket attacks on Mariupol , which left 30 people dead and more than 100 injured , including women and children , serve to illustrate this point .",b-premise i-premise i-premise i-premise i-premise i-premise i-premise i-premise i-premise i-premise i-premise i-premise i-premise i-premise i-premise i-premise i-premise i-premise i-premise i-premise i-premise i-premise i-premise i-premise i-premise i-premise i-premise i-premise,"The rocket attacks on Mariupol , which left 30 people dead and more than 100 injured , including women and children , <premise>serve to illustrate this point</premise>."
"We call on Russia commit to de - escalation and to condemn , along with the rest of the Council , the attempts at destabilization carried out by armed groups in eastern Ukraine .",b-claim i-claim i-claim i-claim i-claim i-claim i-claim i-claim i-claim i-claim i-claim i-claim i-claim i-claim i-claim i-claim i-claim i-claim i-claim i-claim i-claim i-claim i-claim i-claim i-claim i-claim i-claim i-claim i-claim i-claim i-claim i-claim i-claim i-claim,"We call on Russia <claim>commit to de - escalation and to condemn</claim>, along with the rest of the Council , the <premise>attempts at destabilization carried out by armed groups in eastern Ukraine</premise>."
The ministerial meeting held in Munich on Saturday made it possible to agree on specific commitments aimed at fostering a rapid improvement in the situation on the ground .,b-premise i-premise i-premise i-premise i-premise i-premise i-premise i-premise i-premise i-premise i-premise i-premise i-premise i-premise i-premise i-premise i-premise i-premise i-premise i-premise i-premise i-premise i-premise i-premise i-premise i-premise i-premise i-premise i-premise,The ministerial meeting held in Munich on Saturday made it possible to agree on <premise>specific commitments aimed at fostering a rapid improvement in the situation on the ground</premise>.
The Permanent Representative of the Russian Federation has asserted that Russia has a legal basis to intervene in Ukraine in accordance with the right of self - defence under Article 51 of the Charter of the United Nations .,b-premise i-premise i-premise i-premise i-premise i-premise i-premise i-premise i-premise i-premise i-premise i-premise i-premise i-premise i-premise i-premise i-premise i-premise i-premise i-premise i-premise i-premise i-premise i-premise i-premise i-premise i-premise i-premise i-premise i-premise i-premise i-premise i-premise i-premise i-premise i-premise i-premise i-premise i-premise,The Permanent Representative of the Russian Federation has asserted that <premise>Russia has a legal basis to intervene in Ukraine in accordance with the right of self - defence under Article 51 of the Charter of the United Nations</premise>.
"Time and again , we have called on the Security Council to finally exercise its responsibilities under the Charter of the United Nations so as to prevent these terrorist groups from committing their crimes .",b-premise i-premise i-premise i-premise i-premise i-premise i-premise i-premise i-premise i-premise i-premise i-premise i-premise i-premise i-premise i-premise i-premise i-premise i-premise i-premise i-premise i-premise i-premise i-premise i-premise i-premise i-premise i-premise i-premise i-premise i-premise i-premise i-premise i-premise i-premise,"Time and again , we have <premise>called on the Security Council to finally exercise its responsibilities under the Charter of the United Nations</premise> <claim>so as to prevent these terrorist groups from committing their crimes</claim>."
"China commends the OSCE for its efforts and welcomes the priorities defined by the German chairmanship for enhancing dialogue , rebuilding mutual trust and restoring security .",b-claim i-claim i-claim i-claim i-claim i-claim i-claim i-claim i-claim i-claim i-claim i-claim i-claim i-claim i-claim i-claim i-claim i-claim i-claim i-claim i-claim i-claim i-claim i-claim i-claim i-claim i-claim,"China <claim>commends the OSCE for its efforts</claim> and <claim>welcomes the priorities defined by the German chairmanship for enhancing dialogue , rebuilding mutual trust and restoring security</claim>."
That support is based on their cynical geopolitical calculations that have nothing to do with the interests of the Ukrainian people .,b-premise i-premise i-premise i-premise i-premise i-premise i-premise i-premise i-premise i-premise i-premise i-premise i-premise i-premise i-premise i-premise i-premise i-premise i-premise i-premise i-premise i-premise,That support is based on <premise>their cynical geopolitical calculations that have nothing to do with the interests of the Ukrainian people</premise>.
"In these complex realities , it is more important than ever to strengthen multilateral cooperation , including through international organizations .",o o o o o b-claim i-claim i-claim i-claim i-claim i-claim i-claim i-claim i-claim i-claim i-claim i-claim i-claim i-claim i-claim i-claim,"In these complex realities , it is more important than ever to <claim>strengthen multilateral cooperation</claim> , including through international organizations ."
The representative of the Russian Federation claims that Ukraine will not respond to President Putin 's latest proposal .,b-premise i-premise i-premise i-premise i-premise i-premise i-premise i-premise i-premise i-premise i-premise i-premise i-premise i-premise i-premise i-premise i-premise i-premise i-premise,The representative of the Russian Federation <claim>claims</claim> that Ukraine will not respond to President Putin 's latest proposal .
"The United States strongly supports the OSCE 's efforts to support a peaceful resolution of long - standing conflicts , such as its mission to broker a comprehensive settlement to the Transnistria conflict by facilitating direct dialogue between the sides and by supporting confidence - building measures .",b-claim i-claim i-claim i-claim i-claim i-claim i-claim i-claim i-claim i-claim i-claim i-claim i-claim i-claim i-claim i-claim i-claim i-claim i-claim o o o o o o o o o o o o o o o o o o o o o o o o o o o o o,"The <claim>The United States strongly supports the OSCE 's efforts to support a peaceful resolution of long - standing conflicts</claim>, <premise>such as its mission to broker a comprehensive settlement to the Transnistria conflict by facilitating direct dialogue between the sides and by supporting confidence - building measures</premise>."
"It has no plural , unlike the word "" lie "" , and in the context of that silenced truth , it would seem logical that the strengthened rebel positions the OSCE monitors have seen are in areas that are under constant attack by the armed forces .",b-premise i-premise i-premise i-premise i-premise i-premise i-premise i-premise i-premise i-premise i-premise i-premise i-premise i-premise i-premise i-premise i-premise i-premise i-premise i-premise o o o o o o o o o o o o o o o o o o o o o o o o o o o o,"It has no plural , unlike the word "" lie "" , and in the context of that silenced truth , <claim>it would seem logical that the strengthened rebel positions the OSCE monitors have seen are in areas that are under constant attack by the armed forces</claim>."
"We know who is behind that ; indeed , the only entity in the area capable of those coordinated , professional military actions is Russia .",b-premise i-premise i-premise i-premise i-premise i-premise o o o o o o o o o o o o o o o o o o o o,"We know who is behind that ; indeed , the only entity in the area capable of those coordinated , professional military actions is <claim>Russia</claim>."
"If , as Russia claims , it truly cares about the people of the Donbas region , it should end the fighting that it started , withdraw its military personnel and weapons and cease its support for the separatists .",b-claim i-claim i-claim i-claim i-claim i-claim i-claim i-claim i-claim i-claim i-claim i-claim i-claim i-claim i-claim i-claim i-claim i-claim i-claim i-claim i-claim i-claim i-claim i-claim i-claim i-claim i-claim i-claim i-claim i-claim i-claim i-claim i-claim i-claim i-claim i-claim i-claim i-claim i-claim i-claim,"<claim>If , as Russia claims , it truly cares about the people of the Donbas region , it should end the fighting that it started , withdraw its military personnel and weapons and cease its support for the separatists .</claim>"
That has led to the illegal occupation of the Autonomous Republic of Crimea and the city of Sevastopol and the plunging of the Donbas region into a bloody conflict .,b-claim i-claim i-claim i-claim i-claim i-claim i-claim i-claim i-claim i-claim i-claim i-claim i-claim i-claim i-claim i-claim i-claim i-claim i-claim i-claim i-claim i-claim i-claim i-claim i-claim i-claim i-claim i-claim i-claim i-claim,That has led to the <premise>illegal occupation of the Autonomous Republic of Crimea and the city of Sevastopol</premise> and the <premise>plunging of the Donbas region into a bloody conflict</premise>.
"In order to strengthen the OSCE 's utility and preserve its function as a primary forum for an open dialogue on core European security concerns , we strongly support the continuation of its structured dialogue on current and future challenges and risks .",b-premise i-premise i-premise i-premise i-premise i-premise i-premise i-premise i-premise i-premise i-premise i-premise i-premise i-premise i-premise i-premise i-premise i-premise i-premise i-premise i-premise i-premise i-premise i-premise i-premise o o o o o o o o o o o o o o o o o o,"In order to strengthen the <claim>the OSCE 's utility and preserve its function as a primary forum for an open dialogue on core European security concerns</claim>, <premise>we strongly support the continuation of its structured dialogue on current and future challenges and risks</premise>."
"To the Russians , Mariupol and Debaltsevo may just be strategic chess pieces in their effort to move the line of territory that they control , but these cities are also home to hundreds ofthousands okarainian civilians .",o o o o o o o o o o o o o o o o o o o o o o o o o o o b-premise i-premise i-premise i-premise i-premise i-premise i-premise i-premise i-premise i-premise i-premise,"To the Russians , <claim> Mariupol and Debaltsevo may just be strategic chess pieces in their effort to move the line of territory that they control </claim>, but <premise> these cities are also home to hundreds of thousands of Ukrainian civilians </premise>."
The Russian military has maintained a forward presence in eastern Ukraine since the ceasefire took effect .,b-claim i-claim i-claim i-claim i-claim i-claim i-claim i-claim i-claim i-claim i-claim i-claim i-claim i-claim i-claim i-claim i-claim,The Russian military has maintained a <claim>forward presence in eastern Ukraine since the ceasefire took effect</claim>.
We all know what they are .,b-premise i-premise i-premise i-premise i-premise i-premise i-premise,We all know what they are <premise></premise>.
A political solution is the only way out of the crisis in Ukraine .,b-claim i-claim i-claim i-claim i-claim i-claim i-claim i-claim i-claim i-claim i-claim i-claim i-claim i-claim,<claim>A political solution is the only way out of the crisis in Ukraine</claim>.
"That is unacceptable , but unfortunately we have recently seen it being pushed by certain members of the Security Council .",b-claim i-claim i-claim o o o o o o o o o o o o o o o o o o,"That is <claim>unacceptable</claim>, but unfortunately we have recently seen it being pushed by <premise>certain members of the Security Council</premise>."
"Despite the fact that , in line with the Minsk agreements , the airport was to have been given to the militias , the matter has not been resolved peacefully because of disputes in other areas of the engagement line .",o o o o o b-premise i-premise i-premise i-premise i-premise i-premise i-premise i-premise i-premise i-premise i-premise i-premise i-premise i-premise i-premise i-premise i-premise o o o o o o o o o o o o o o o o o o o,"Despite the fact that , in line with the Minsk agreements , the airport was to have been given to the militias , <claim>the matter has not been resolved peacefully</claim> <premise>because of disputes in other areas of the engagement line</premise>."
"As per the Minsk agreements , it must also withdraw its equipment , weapons and troops from Ukrainian territory and seal its borders to the movement of arms and mercenaries into the separatist - held areas .",b-premise i-premise i-premise i-premise i-premise o o o o o o o o o o o o o o o o o o o o o o o o o o o o o o o o,"As per the Minsk agreements , <claim>it must also withdraw its equipment , weapons and troops from Ukrainian territory and seal its borders to the movement of arms and mercenaries into the separatist - held areas</claim>."
Conflict prevention is an issue on which we deem it not only possible but also urgent to make headway together .,b-premise i-premise i-premise i-premise i-premise i-premise i-premise i-premise i-premise i-premise i-premise i-premise i-premise i-premise i-premise i-premise i-premise i-premise i-premise i-premise i-premise,Conflict prevention is an issue on which we deem it not only <claim>possible</claim> but also <claim>urgent to make headway together</claim>.
"The first point is that we agreed in Minsk on an immediate bilateral ceasefire and the withdrawal of illegal armed groups , military equipment and fighters and mercenaries from the territory of Ukraine .",b-premise i-premise i-premise i-premise i-premise i-premise i-premise i-premise i-premise i-premise i-premise i-premise i-premise i-premise i-premise i-premise i-premise i-premise i-premise i-premise i-premise i-premise i-premise i-premise i-premise i-premise i-premise i-premise i-premise i-premise i-premise i-premise i-premise i-premise,"The first point is that <premise>we agreed in Minsk on an immediate bilateral ceasefire and the withdrawal of illegal armed groups , military equipment and fighters and mercenaries from the territory of Ukraine</premise>."
We note the contribution of Berlin to the preliminary agreement on 12 February in Vienna of the additional list of confidence - building measures in the use of information and computer technologies .,b-premise i-premise i-premise i-premise i-premise i-premise i-premise i-premise i-premise i-premise i-premise i-premise i-premise i-premise i-premise i-premise i-premise i-premise i-premise i-premise i-premise i-premise i-premise i-premise i-premise i-premise i-premise i-premise i-premise i-premise i-premise i-premise i-premise,We note the <premise>contribution of Berlin to the preliminary agreement on 12 February in Vienna of the additional list of confidence - building measures in the use of information and computer technologies</premise>.
"It is essential that they be implemented as soon as possible , and we count on the unanimous support of the Council in that respect .",b-claim i-claim i-claim i-claim i-claim i-claim i-claim i-claim i-claim i-claim i-claim o o o o o o o o o o o o o o o,"It is <claim>essential that they be implemented as soon as possible</claim>, and <premise>we count on the unanimous support of the Council in that respect</premise>."
The international community can not watch another crisis slip out of its hands .,b-premise i-premise i-premise i-premise i-premise i-premise i-premise i-premise i-premise i-premise i-premise i-premise i-premise i-premise,<claim>The international community can not watch another crisis slip out of its hands</claim>.
"We should support the Ukrainian authorities in organizing elections , under the best of conditions , that ensure that everyone is represented .",b-claim i-claim i-claim i-claim i-claim i-claim i-claim i-claim i-claim i-claim i-claim i-claim i-claim i-claim i-claim i-claim i-claim i-claim i-claim i-claim i-claim i-claim i-claim,"We should support the Ukrainian authorities in organizing elections , under the best of conditions , <claim>that ensure that everyone is represented</claim>."
The Minsk agreement is an encouraging development that provides an avenue for de - escalating tension in eastern Ukraine .,b-premise i-premise i-premise i-premise i-premise i-premise i-premise i-premise i-premise i-premise i-premise i-premise i-premise i-premise i-premise i-premise i-premise i-premise i-premise i-premise,The Minsk agreement is an <claim>encouraging development</claim> that provides an <premise>avenue for de - escalating tension in eastern Ukraine</premise>.
The Mariupol incident confirms that the situation in eastern Ukraine is now on a disastrous downward spiral .,b-premise i-premise i-premise i-premise i-premise i-premise i-premise i-premise i-premise i-premise i-premise i-premise i-premise i-premise i-premise i-premise i-premise i-premise,The <claim>The Mariupol incident confirms that the situation in eastern Ukraine is now on a disastrous downward spiral</claim>.
"We proposed tripartite talks among Ukraine , the European Union and Russia at the start ofthe crisis on the political confrontation that focused on whether Ukraine should sign an association agreement with the European Union .",b-premise i-premise i-premise i-premise i-premise i-premise i-premise i-premise i-premise i-premise i-premise i-premise i-premise i-premise i-premise i-premise i-premise i-premise i-premise i-premise i-premise i-premise i-premise i-premise i-premise i-premise i-premise i-premise i-premise i-premise i-premise i-premise i-premise i-premise i-premise i-premise,"We proposed <claim>tripartite talks among Ukraine , the European Union and Russia</claim> at the start of the crisis on the political confrontation that focused on whether Ukraine should sign an association agreement with the European Union ."
But the most striking and infuriating thing is that the demands of the people of eastern Ukraine are basically fairly simple .,b-premise i-premise i-premise i-premise i-premise i-premise i-premise i-premise i-premise i-premise i-premise i-premise i-premise i-premise i-premise i-premise i-premise i-premise i-premise i-premise i-premise i-premise,But the most striking and infuriating thing is that <premise>the demands of the people of eastern Ukraine are basically fairly simple</premise>.
"At a meeting of the OSCE Permanent Council on 22 October , Russia single - handedly blocked the extension of the OSCE Observer Mission 's activities along the entire border .",o o o o o o o o o o o o b-premise i-premise i-premise i-premise i-premise i-premise i-premise i-premise i-premise i-premise i-premise i-premise i-premise i-premise i-premise i-premise i-premise i-premise i-premise,"At a meeting of the OSCE Permanent Council on 22 October , <claim>Russia single - handedly blocked the extension of the OSCE Observer Mission 's activities along the entire border</claim>."
That is a crucial aspect of the Minsk protocol .,b-premise i-premise i-premise i-premise i-premise i-premise i-premise i-premise i-premise i-premise,<claim>That is a crucial aspect of the Minsk protocol</claim>.
"I am referring to the political reforms , national reconciliation and economic development .",b-premise i-premise i-premise i-premise i-premise i-premise i-premise i-premise i-premise i-premise i-premise i-premise i-premise i-premise,"I am referring to the <premise>political reforms</premise> , <premise>national reconciliation</premise> and <premise>economic development</premise> ."
"If indeed Russian - backed separatists were behind this attack on a civilian airliner , they and their backers would have good reason to cover up evidence of their crime .",b-premise i-premise i-premise i-premise i-premise i-premise i-premise i-premise i-premise i-premise i-premise i-premise i-premise i-premise i-premise i-premise i-premise i-premise i-premise i-premise i-premise i-premise i-premise i-premise i-premise i-premise i-premise i-premise i-premise i-premise i-premise,"If indeed <premise>Russian - backed separatists were behind this attack on a civilian airliner</premise>, <claim>they and their backers would have good reason to cover up evidence of their crime</claim>."
"Russia may have the power to instigate fear , to spread lies and to sow discord , violence and disarray across its border .",b-claim i-claim i-claim i-claim i-claim i-claim i-claim i-claim i-claim i-claim i-claim i-claim i-claim i-claim i-claim i-claim i-claim i-claim i-claim i-claim i-claim i-claim i-claim i-claim,"Russia may have the <claim>power to instigate fear , to spread lies and to sow discord , violence and disarray across its border</claim>."
We have a lot of proof of its direct and indirect aggression in Ukraine .,b-premise i-premise i-premise i-premise i-premise i-premise i-premise i-premise i-premise i-premise i-premise i-premise i-premise i-premise i-premise,We have a lot of <premise>proof of its direct and indirect aggression in Ukraine</premise>.
"There has been a lack of progress in the investigation into the deaths of people on the "" Maidan "" and the tragedies in Odessa and Mariupol , as well as attempts to meddle with or conceal evidence .",b-premise i-premise i-premise i-premise i-premise i-premise i-premise i-premise i-premise i-premise i-premise i-premise i-premise i-premise i-premise i-premise i-premise i-premise i-premise i-premise i-premise i-premise i-premise i-premise i-premise i-premise i-premise i-premise i-premise i-premise i-premise i-premise i-premise i-premise i-premise i-premise i-premise i-premise i-premise,"There has been a <premise>lack of progress in the investigation into the deaths of people on the "" Maidan "" and the tragedies in Odessa and Mariupol , as well as attempts to meddle with or conceal evidence</premise>."
"In recent days , we have witnessed a drastic deterioration in the situation in eastern Ukraine , with frequent clashes and attacks that have caused heavy casualties among civilians , including women and children .",o o o o o o o o o o o o o o o o o b-premise i-premise i-premise i-premise i-premise i-premise i-premise i-premise i-premise i-premise i-premise i-premise i-premise i-premise i-premise i-premise i-premise i-premise,"In recent days , we have witnessed a <premise>a drastic deterioration in the situation in eastern Ukraine</premise> , with frequent clashes and attacks that have caused heavy casualties among civilians , including women and children ."
"This is a time for sorrow , reflection and an urgent search for the truth behind the incident to determine those responsible .",b-claim i-claim i-claim i-claim i-claim i-claim i-claim i-claim i-claim i-claim i-claim i-claim i-claim i-claim i-claim i-claim i-claim i-claim i-claim i-claim i-claim i-claim i-claim,"This is a time for <claim>sorrow , reflection and an urgent search for the truth behind the incident to determine those responsible</claim>."
"China 's position on the question of Ukraine remains objective , impartial and responsible .",b-claim i-claim i-claim i-claim i-claim i-claim i-claim i-claim i-claim i-claim i-claim i-claim i-claim i-claim i-claim,"China 's position on the question of Ukraine remains <claim>objective , impartial and responsible</claim>."
"All sides , including Russia and the separatists it supports , must honour the commitments they agreed to on 5 September in Minsk .",b-claim i-claim i-claim i-claim i-claim i-claim i-claim i-claim i-claim i-claim i-claim i-claim i-claim i-claim i-claim i-claim i-claim i-claim i-claim i-claim i-claim i-claim i-claim i-claim,"All sides , including Russia and the separatists it supports , must <claim>honour the commitments they agreed to on 5 September in Minsk</claim>."
"Another notorious character , the Russian commando Igor Girkin - who is also known as Strelkov and who played a big role in stoking war in eastern Ukraine - recently boasted to the press about having started the war by crossing the border with his squad , saying that if it had not been for them , there would have been no separatism in eastern Ukraine .",o o o o b-premise i-premise i-premise i-premise i-premise i-premise i-premise i-premise i-premise i-premise i-premise i-premise i-premise i-premise i-premise i-premise i-premise i-premise i-premise i-premise i-premise i-premise i-premise i-premise i-premise i-premise i-premise i-premise i-premise i-premise i-premise i-premise i-premise i-premise i-premise i-premise i-premise i-premise i-premise i-premise i-premise i-premise i-premise i-premise i-premise i-premise i-premise i-premise i-premise i-premise i-premise i-premise i-premise i-premise i-premise i-premise i-premise i-premise i-premise i-premise i-premise i-premise i-premise,"Another notorious character , the Russian commando Igor Girkin - who is also known as Strelkov and who played a big role in stoking war in eastern Ukraine - recently boasted to the press about having started the war by crossing the border with his squad , <claim>saying that if it had not been for them , there would have been no separatism in eastern Ukraine</claim>."
"Last week again , from 75 to 115 shelling attacks on Ukrainian positions took place every day .",b-premise i-premise i-premise i-premise i-premise i-premise i-premise i-premise i-premise i-premise i-premise i-premise i-premise i-premise i-premise i-premise i-premise i-premise,"Last week again , from <premise>75 to 115 shelling attacks on Ukrainian positions took place every day</premise>."
"At Minsk , all sides committed to immediately free all hostages and illegally held persons .",b-premise i-premise i-premise i-premise i-premise i-premise i-premise i-premise i-premise i-premise i-premise i-premise i-premise i-premise i-premise i-premise,"At Minsk , all sides <premise>committed to immediately free all hostages and illegally held persons</premise>."
They are illegal under the Constitution and Ukrainian law .,b-premise i-premise i-premise i-premise i-premise i-premise i-premise i-premise i-premise i-premise,<claim>They are illegal under the Constitution and Ukrainian law</claim>.
"Then history and geography can bring about an inevitable and desirable reconciliation between a democratic , peaceful and independent Ukraine and a Russian Federation that will renounce its dangerous nationalist illusions .",b-claim i-claim i-claim i-claim i-claim i-claim i-claim i-claim i-claim i-claim i-claim i-claim i-claim i-claim i-claim i-claim i-claim i-claim i-claim i-claim i-claim i-claim i-claim i-claim i-claim i-claim i-claim i-claim i-claim i-claim i-claim i-claim,"Then <premise>history and geography can bring about an inevitable and desirable reconciliation between a democratic , peaceful and independent Ukraine and a Russian Federation that will renounce its dangerous nationalist illusions</premise>."
"It is with the help of such odious characters that Moscow is "" fighting Fascism "" in Ukraine .",b-premise i-premise i-premise i-premise i-premise i-premise i-premise i-premise i-premise i-premise i-premise i-premise i-premise i-premise i-premise i-premise i-premise i-premise i-premise,"It is with the help of such odious characters that Moscow is <claim>"" fighting Fascism ""</claim> in Ukraine ."
"However , despite the overall decrease in violence , fighting has continued to flare up in Donetsk with daily reports of shelling and skirmishes threatening to derail a fragile ceasefire .",o o b-premise i-premise i-premise i-premise i-premise i-premise o o o o o o o o o o o o o o o o o o o o o o o,"However , despite the overall decrease in violence , <premise>fighting has continued to flare up in Donetsk with daily reports of shelling and skirmishes</premise> <claim>threatening to derail a fragile ceasefire</claim>."
Eastern European States are given the choice to be either with the West or with the East .,b-premise i-premise i-premise i-premise i-premise i-premise i-premise i-premise i-premise i-premise i-premise i-premise i-premise i-premise i-premise i-premise i-premise i-premise,<claim>Eastern European States are given the choice to be either with the West or with the East</claim>.
"On 9 May , Victory Day in the Great Patriotic War , in Mariupol , civilians were shot .",b-premise i-premise i-premise i-premise i-premise i-premise i-premise i-premise i-premise i-premise i-premise i-premise i-premise i-premise i-premise i-premise i-premise i-premise i-premise,"On 9 May , <claim>Victory Day in the Great Patriotic War</claim> , in Mariupol , civilians were shot ."
"A convoy of nine tanks - four T-72s and five T-64s - heading west was observed by the Mission on Saturday , 8 November .",b-premise i-premise i-premise i-premise i-premise i-premise i-premise i-premise i-premise i-premise i-premise i-premise i-premise i-premise i-premise i-premise i-premise i-premise i-premise i-premise i-premise i-premise i-premise i-premise i-premise,"A convoy of nine tanks - four T-72s and five T-64s - <premise>heading west was observed by the Mission on Saturday , 8 November</premise>."
