text,label_value,label,prediction,predictions_text
"That this House extends its sympathy to all those affected by recent floods and its gratitude to the emergency services, armed forces and volunteers who rallied round to help afflicted communities over the holiday period",Civic Mindedness: Positive,37,none,"You are a motion policy preference classification assistant. Classify the motions using the following labels:Military: Positive, Military: Negative, Peace, Internationalism: Positive, European Union: Positive, European Union: Negative, Human Rights, Direct Democracy: Positive, Constitutionalism: Positive, Constitutionalism: Negative, Decentralisation: Positive, Centralisation: Positive, Governative and Administrative Efficiency, Political Corruption, Political Authority: Party, Free Market Economy, Incentives: Positive, Market Regulation, Economic Planning, Corporatism/Mixed Economy, Protectionism: Negative, Economic Goals, Keynesian Demand Management, Economic Growth: Positive, Technology and Infrastructure: Positive, Controlled Economy, Nationalisation, Economic Orthodoxy, Environmental Protection, Culture: Positive, Equality: Positive, Welfare State Expansion, Welfare State Limitation, Education Expansion, National Way of Life: Positive, National Way of Life: Negative, Law and Order: Positive, Civic Mindedness: Positive, Multiculturalism: Positive, Multiculturalism: Negative, Labour Groups: Positive, Agriculture and Farmers: Positive, Middle Class and Professional Groups, Underprivileged Minority Groups, Non-economic Demographic Groups

Sentence: That this House extends its sympathy to all those affected by recent floods and its gratitude to the emergency services, armed forces and volunteers who rallied round to help afflicted communities over the holiday period
Output: Military: Positive, Human Rights, Governative and Administrative Efficiency, Political Corruption, Political Authority: Party, Free Market Economy, Incentives: Positive, Economic Goals, Economic Growth: Positive, Technology and Infrastructure: Positive, Environmental Protection, Culture:"
"That this House calls on the Government to take all necessary steps to reduce immigration to a level that will stabilise the UK’s population as close as possible to its present level and, certainly, significantly below 70 million.",Multiculturalism: Negative,39,none,"You are a motion policy preference classification assistant. Classify the motions using the following labels:Military: Positive, Military: Negative, Peace, Internationalism: Positive, European Union: Positive, European Union: Negative, Human Rights, Direct Democracy: Positive, Constitutionalism: Positive, Constitutionalism: Negative, Decentralisation: Positive, Centralisation: Positive, Governative and Administrative Efficiency, Political Corruption, Political Authority: Party, Free Market Economy, Incentives: Positive, Market Regulation, Economic Planning, Corporatism/Mixed Economy, Protectionism: Negative, Economic Goals, Keynesian Demand Management, Economic Growth: Positive, Technology and Infrastructure: Positive, Controlled Economy, Nationalisation, Economic Orthodoxy, Environmental Protection, Culture: Positive, Equality: Positive, Welfare State Expansion, Welfare State Limitation, Education Expansion, National Way of Life: Positive, National Way of Life: Negative, Law and Order: Positive, Civic Mindedness: Positive, Multiculturalism: Positive, Multiculturalism: Negative, Labour Groups: Positive, Agriculture and Farmers: Positive, Middle Class and Professional Groups, Underprivileged Minority Groups, Non-economic Demographic Groups

Sentence: That this House calls on the Government to take all necessary steps to reduce immigration to a level that will stabilise the UK’s population as close as possible to its present level and, certainly, significantly below 70 million.
Output: Military: Negative, Peace, Internationalism: Negative, European Union: Negative, Human Rights, Direct Democracy: Negative, Constitutionalism: Negative, Decentralisation: Negative, Centralisation: Positive, Governative and Administrative Efficiency, Political Corruption, Political"
" regrets that the average cost of a home in London is now over £500,000",Equality: Positive,30,none,"You are a motion policy preference classification assistant. Classify the motions using the following labels:Military: Positive, Military: Negative, Peace, Internationalism: Positive, European Union: Positive, European Union: Negative, Human Rights, Direct Democracy: Positive, Constitutionalism: Positive, Constitutionalism: Negative, Decentralisation: Positive, Centralisation: Positive, Governative and Administrative Efficiency, Political Corruption, Political Authority: Party, Free Market Economy, Incentives: Positive, Market Regulation, Economic Planning, Corporatism/Mixed Economy, Protectionism: Negative, Economic Goals, Keynesian Demand Management, Economic Growth: Positive, Technology and Infrastructure: Positive, Controlled Economy, Nationalisation, Economic Orthodoxy, Environmental Protection, Culture: Positive, Equality: Positive, Welfare State Expansion, Welfare State Limitation, Education Expansion, National Way of Life: Positive, National Way of Life: Negative, Law and Order: Positive, Civic Mindedness: Positive, Multiculturalism: Positive, Multiculturalism: Negative, Labour Groups: Positive, Agriculture and Farmers: Positive, Middle Class and Professional Groups, Underprivileged Minority Groups, Non-economic Demographic Groups

Sentence:  regrets that the average cost of a home in London is now over £500,000
Output: Military: Negative, Peace, Internationalism: Positive, European Union: Positive, European Union: Negative, Human Rights, Direct Democracy: Positive, Constitutionalism: Positive, Constitutionalism: Negative, Decentralisation: Positive, Centralisation: Positive,"
also notes the publication of reports by the National Autistic Society which shows that two-thirds of teachers in England and Wales believe that there are more children with autism disorders now than five years ago and that one in three children in special schools has some form of autism,Equality: Positive,30,none,"You are a motion policy preference classification assistant. Classify the motions using the following labels:Military: Positive, Military: Negative, Peace, Internationalism: Positive, European Union: Positive, European Union: Negative, Human Rights, Direct Democracy: Positive, Constitutionalism: Positive, Constitutionalism: Negative, Decentralisation: Positive, Centralisation: Positive, Governative and Administrative Efficiency, Political Corruption, Political Authority: Party, Free Market Economy, Incentives: Positive, Market Regulation, Economic Planning, Corporatism/Mixed Economy, Protectionism: Negative, Economic Goals, Keynesian Demand Management, Economic Growth: Positive, Technology and Infrastructure: Positive, Controlled Economy, Nationalisation, Economic Orthodoxy, Environmental Protection, Culture: Positive, Equality: Positive, Welfare State Expansion, Welfare State Limitation, Education Expansion, National Way of Life: Positive, National Way of Life: Negative, Law and Order: Positive, Civic Mindedness: Positive, Multiculturalism: Positive, Multiculturalism: Negative, Labour Groups: Positive, Agriculture and Farmers: Positive, Middle Class and Professional Groups, Underprivileged Minority Groups, Non-economic Demographic Groups

Sentence: also notes the publication of reports by the National Autistic Society which shows that two-thirds of teachers in England and Wales believe that there are more children with autism disorders now than five years ago and that one in three children in special schools has some form of autism
Output: Human Rights, Education Expansion, Labour Groups: Positive, Agriculture and Farmers: Positive, Middle Class and Professional Groups, Underprivileged Minority Groups, Non-economic Demographic Groups, Nationalisation, Economic Orthodoxy, Environmental Protection, Culture: Positive, Equality:"
notes the Government’s real-terms reduction of the Welsh budget by £1.5 billion,Keynesian Demand Management,22,none,"You are a motion policy preference classification assistant. Classify the motions using the following labels:Military: Positive, Military: Negative, Peace, Internationalism: Positive, European Union: Positive, European Union: Negative, Human Rights, Direct Democracy: Positive, Constitutionalism: Positive, Constitutionalism: Negative, Decentralisation: Positive, Centralisation: Positive, Governative and Administrative Efficiency, Political Corruption, Political Authority: Party, Free Market Economy, Incentives: Positive, Market Regulation, Economic Planning, Corporatism/Mixed Economy, Protectionism: Negative, Economic Goals, Keynesian Demand Management, Economic Growth: Positive, Technology and Infrastructure: Positive, Controlled Economy, Nationalisation, Economic Orthodoxy, Environmental Protection, Culture: Positive, Equality: Positive, Welfare State Expansion, Welfare State Limitation, Education Expansion, National Way of Life: Positive, National Way of Life: Negative, Law and Order: Positive, Civic Mindedness: Positive, Multiculturalism: Positive, Multiculturalism: Negative, Labour Groups: Positive, Agriculture and Farmers: Positive, Middle Class and Professional Groups, Underprivileged Minority Groups, Non-economic Demographic Groups

Sentence: notes the Government’s real-terms reduction of the Welsh budget by £1.5 billion
Output: Constitutionalism: Negative, Governative and Administrative Efficiency, Political Corruption, Political Authority: Party, Centralisation: Positive, Decentralisation: Positive, Human Rights, Labour Groups: Positive, Middle Class and Professional Groups, Underprivileged Minority Groups, Non"
" notes that the city of Famagusta in the Republic of Cyprus was captured by the invading Turkish forces in August 1974, that a section of Famagusta was then sealed off and remains uninhabited, under the direct control of the Turkish military, and that the return of Famagusta to its lawful inhabitants would facilitate efforts toward a comprehensive settlement of the Cyprus problem",Peace,2,none,"You are a motion policy preference classification assistant. Classify the motions using the following labels:Military: Positive, Military: Negative, Peace, Internationalism: Positive, European Union: Positive, European Union: Negative, Human Rights, Direct Democracy: Positive, Constitutionalism: Positive, Constitutionalism: Negative, Decentralisation: Positive, Centralisation: Positive, Governative and Administrative Efficiency, Political Corruption, Political Authority: Party, Free Market Economy, Incentives: Positive, Market Regulation, Economic Planning, Corporatism/Mixed Economy, Protectionism: Negative, Economic Goals, Keynesian Demand Management, Economic Growth: Positive, Technology and Infrastructure: Positive, Controlled Economy, Nationalisation, Economic Orthodoxy, Environmental Protection, Culture: Positive, Equality: Positive, Welfare State Expansion, Welfare State Limitation, Education Expansion, National Way of Life: Positive, National Way of Life: Negative, Law and Order: Positive, Civic Mindedness: Positive, Multiculturalism: Positive, Multiculturalism: Negative, Labour Groups: Positive, Agriculture and Farmers: Positive, Middle Class and Professional Groups, Underprivileged Minority Groups, Non-economic Demographic Groups

Sentence:  notes that the city of Famagusta in the Republic of Cyprus was captured by the invading Turkish forces in August 1974, that a section of Famagusta was then sealed off and remains uninhabited, under the direct control of the Turkish military, and that the return of Famagusta to its lawful inhabitants would facilitate efforts toward a comprehensive settlement of the Cyprus problem
Output: Military: Negative, Peace, Human Rights, Decentralisation: Positive, Governative and Administrative Efficiency, Political Authority: Party, National Way of Life: Positive, Multiculturalism: Positive, Labour Groups: Positive, Agriculture and Farmers: Positive,"
" recognises however that all of those policies and aspirations can be achieved without adopting the damaging and unjustified market-based reorganisation that is proposed, and already being implemented, by the Government",Welfare State Expansion,31,none,"You are a motion policy preference classification assistant. Classify the motions using the following labels:Military: Positive, Military: Negative, Peace, Internationalism: Positive, European Union: Positive, European Union: Negative, Human Rights, Direct Democracy: Positive, Constitutionalism: Positive, Constitutionalism: Negative, Decentralisation: Positive, Centralisation: Positive, Governative and Administrative Efficiency, Political Corruption, Political Authority: Party, Free Market Economy, Incentives: Positive, Market Regulation, Economic Planning, Corporatism/Mixed Economy, Protectionism: Negative, Economic Goals, Keynesian Demand Management, Economic Growth: Positive, Technology and Infrastructure: Positive, Controlled Economy, Nationalisation, Economic Orthodoxy, Environmental Protection, Culture: Positive, Equality: Positive, Welfare State Expansion, Welfare State Limitation, Education Expansion, National Way of Life: Positive, National Way of Life: Negative, Law and Order: Positive, Civic Mindedness: Positive, Multiculturalism: Positive, Multiculturalism: Negative, Labour Groups: Positive, Agriculture and Farmers: Positive, Middle Class and Professional Groups, Underprivileged Minority Groups, Non-economic Demographic Groups

Sentence:  recognises however that all of those policies and aspirations can be achieved without adopting the damaging and unjustified market-based reorganisation that is proposed, and already being implemented, by the Government
Output:  Political Authority: Party, Governative and Administrative Efficiency, Economic Goals, Economic Planning, Economic Orthodoxy, Labour Groups: Positive, Agriculture and Farmers: Positive, Middle Class and Professional Groups, Underprivileged Minority Groups, Non-economic Demographic Groups,"
" is concerned that Government policy is removing crucial tools for the police to catch offenders and tackle crime in the future, such as restricting the use of CCTV and DNA evidence and the abolition of ASBOs",Law and Order: Positive,36,none,"You are a motion policy preference classification assistant. Classify the motions using the following labels:Military: Positive, Military: Negative, Peace, Internationalism: Positive, European Union: Positive, European Union: Negative, Human Rights, Direct Democracy: Positive, Constitutionalism: Positive, Constitutionalism: Negative, Decentralisation: Positive, Centralisation: Positive, Governative and Administrative Efficiency, Political Corruption, Political Authority: Party, Free Market Economy, Incentives: Positive, Market Regulation, Economic Planning, Corporatism/Mixed Economy, Protectionism: Negative, Economic Goals, Keynesian Demand Management, Economic Growth: Positive, Technology and Infrastructure: Positive, Controlled Economy, Nationalisation, Economic Orthodoxy, Environmental Protection, Culture: Positive, Equality: Positive, Welfare State Expansion, Welfare State Limitation, Education Expansion, National Way of Life: Positive, National Way of Life: Negative, Law and Order: Positive, Civic Mindedness: Positive, Multiculturalism: Positive, Multiculturalism: Negative, Labour Groups: Positive, Agriculture and Farmers: Positive, Middle Class and Professional Groups, Underprivileged Minority Groups, Non-economic Demographic Groups

Sentence:  is concerned that Government policy is removing crucial tools for the police to catch offenders and tackle crime in the future, such as restricting the use of CCTV and DNA evidence and the abolition of ASBOs
Output: Military: Negative, Law and Order: Positive, Political Authority: Party, Governative and Administrative Efficiency, Political Corruption, Human Rights, Decentralisation: Positive, Centralisation: Positive, Governative and Administrative Efficiency, Political Corruption, Human Rights,"
"That this House notes the House of Lords Select Committee Report on Chinook ZD 576, which concludes that 'the Air Marshals were not justified in finding that negligence on the part of the pilots of ZD 576 caused the crash' in the Mull of Kintyre on 2nd June 1994",Military: Positive,0,none,"You are a motion policy preference classification assistant. Classify the motions using the following labels:Military: Positive, Military: Negative, Peace, Internationalism: Positive, European Union: Positive, European Union: Negative, Human Rights, Direct Democracy: Positive, Constitutionalism: Positive, Constitutionalism: Negative, Decentralisation: Positive, Centralisation: Positive, Governative and Administrative Efficiency, Political Corruption, Political Authority: Party, Free Market Economy, Incentives: Positive, Market Regulation, Economic Planning, Corporatism/Mixed Economy, Protectionism: Negative, Economic Goals, Keynesian Demand Management, Economic Growth: Positive, Technology and Infrastructure: Positive, Controlled Economy, Nationalisation, Economic Orthodoxy, Environmental Protection, Culture: Positive, Equality: Positive, Welfare State Expansion, Welfare State Limitation, Education Expansion, National Way of Life: Positive, National Way of Life: Negative, Law and Order: Positive, Civic Mindedness: Positive, Multiculturalism: Positive, Multiculturalism: Negative, Labour Groups: Positive, Agriculture and Farmers: Positive, Middle Class and Professional Groups, Underprivileged Minority Groups, Non-economic Demographic Groups

Sentence: That this House notes the House of Lords Select Committee Report on Chinook ZD 576, which concludes that 'the Air Marshals were not justified in finding that negligence on the part of the pilots of ZD 576 caused the crash' in the Mull of Kintyre on 2nd June 1994
Output: Military: Negative, Human Rights, Governative and Administrative Efficiency, Political Authority: Party, Law and Order: Positive, Civic Mindedness: Positive, Labour Groups: Positive, Middle Class and Professional Groups, Underprivileged Minority Groups, Non-economic Dem"
" and further urges the Government to contribute to the development of a European Union which is open, accountable, democratic and decentralised, and in which the powers of European institutions, the constitutional relationship between the EU and member states and the rights of the citizens of EU member states are more clearly defined through the establishment of a constitution for Europe.",European Union: Positive,4,none,"You are a motion policy preference classification assistant. Classify the motions using the following labels:Military: Positive, Military: Negative, Peace, Internationalism: Positive, European Union: Positive, European Union: Negative, Human Rights, Direct Democracy: Positive, Constitutionalism: Positive, Constitutionalism: Negative, Decentralisation: Positive, Centralisation: Positive, Governative and Administrative Efficiency, Political Corruption, Political Authority: Party, Free Market Economy, Incentives: Positive, Market Regulation, Economic Planning, Corporatism/Mixed Economy, Protectionism: Negative, Economic Goals, Keynesian Demand Management, Economic Growth: Positive, Technology and Infrastructure: Positive, Controlled Economy, Nationalisation, Economic Orthodoxy, Environmental Protection, Culture: Positive, Equality: Positive, Welfare State Expansion, Welfare State Limitation, Education Expansion, National Way of Life: Positive, National Way of Life: Negative, Law and Order: Positive, Civic Mindedness: Positive, Multiculturalism: Positive, Multiculturalism: Negative, Labour Groups: Positive, Agriculture and Farmers: Positive, Middle Class and Professional Groups, Underprivileged Minority Groups, Non-economic Demographic Groups

Sentence:  and further urges the Government to contribute to the development of a European Union which is open, accountable, democratic and decentralised, and in which the powers of European institutions, the constitutional relationship between the EU and member states and the rights of the citizens of EU member states are more clearly defined through the establishment of a constitution for Europe.
Output:  European Union: Positive, Constitutionalism: Positive, Decentralisation: Positive, Human Rights, Governative and Administrative Efficiency, Political Authority: Party, Multiculturalism: Positive, Labour Groups: Positive, Agriculture and Farmers: Positive, Middle Class"
and recommends a change of policy to avoid a prolonged and damaging industrial collapse and consequent rising industrial unemployment.,Economic Planning,18,none,"You are a motion policy preference classification assistant. Classify the motions using the following labels:Military: Positive, Military: Negative, Peace, Internationalism: Positive, European Union: Positive, European Union: Negative, Human Rights, Direct Democracy: Positive, Constitutionalism: Positive, Constitutionalism: Negative, Decentralisation: Positive, Centralisation: Positive, Governative and Administrative Efficiency, Political Corruption, Political Authority: Party, Free Market Economy, Incentives: Positive, Market Regulation, Economic Planning, Corporatism/Mixed Economy, Protectionism: Negative, Economic Goals, Keynesian Demand Management, Economic Growth: Positive, Technology and Infrastructure: Positive, Controlled Economy, Nationalisation, Economic Orthodoxy, Environmental Protection, Culture: Positive, Equality: Positive, Welfare State Expansion, Welfare State Limitation, Education Expansion, National Way of Life: Positive, National Way of Life: Negative, Law and Order: Positive, Civic Mindedness: Positive, Multiculturalism: Positive, Multiculturalism: Negative, Labour Groups: Positive, Agriculture and Farmers: Positive, Middle Class and Professional Groups, Underprivileged Minority Groups, Non-economic Demographic Groups

Sentence: and recommends a change of policy to avoid a prolonged and damaging industrial collapse and consequent rising industrial unemployment.
Output: Economic Goals, Keynesian Demand Management, Economic Growth: Positive, Technology and Infrastructure: Positive, Governative and Administrative Efficiency, Labour Groups: Positive, Middle Class and Professional Groups, Agriculture and Farmers: Positive, Economic Goals, Keynesian Demand Management,"
"That this House, while welcoming the equalisation of the state pension age, is concerned that the acceleration of that equalisation directly discriminates against women born on or after 6 April 1951, leaving women with only a few years to make alternative arrangements, adversely affecting their retirement plans and causing undue hardship",Equality: Positive,30,none,"You are a motion policy preference classification assistant. Classify the motions using the following labels:Military: Positive, Military: Negative, Peace, Internationalism: Positive, European Union: Positive, European Union: Negative, Human Rights, Direct Democracy: Positive, Constitutionalism: Positive, Constitutionalism: Negative, Decentralisation: Positive, Centralisation: Positive, Governative and Administrative Efficiency, Political Corruption, Political Authority: Party, Free Market Economy, Incentives: Positive, Market Regulation, Economic Planning, Corporatism/Mixed Economy, Protectionism: Negative, Economic Goals, Keynesian Demand Management, Economic Growth: Positive, Technology and Infrastructure: Positive, Controlled Economy, Nationalisation, Economic Orthodoxy, Environmental Protection, Culture: Positive, Equality: Positive, Welfare State Expansion, Welfare State Limitation, Education Expansion, National Way of Life: Positive, National Way of Life: Negative, Law and Order: Positive, Civic Mindedness: Positive, Multiculturalism: Positive, Multiculturalism: Negative, Labour Groups: Positive, Agriculture and Farmers: Positive, Middle Class and Professional Groups, Underprivileged Minority Groups, Non-economic Demographic Groups

Sentence: That this House, while welcoming the equalisation of the state pension age, is concerned that the acceleration of that equalisation directly discriminates against women born on or after 6 April 1951, leaving women with only a few years to make alternative arrangements, adversely affecting their retirement plans and causing undue hardship
Output: Peace, Human Rights, Governative and Administrative Efficiency, Political Corruption, Political Authority: Party, Free Market Economy, Incentives: Positive, Market Regulation, Economic Planning, Economic Goals, Keynesian Demand Management, Economic Growth: Positive, Technology and"
"That this House takes note of European Union Document No. SEC(2010) 473, Statement of Estimates of the European Commission for the financial year 2011",European Union: Negative,5,none,"You are a motion policy preference classification assistant. Classify the motions using the following labels:Military: Positive, Military: Negative, Peace, Internationalism: Positive, European Union: Positive, European Union: Negative, Human Rights, Direct Democracy: Positive, Constitutionalism: Positive, Constitutionalism: Negative, Decentralisation: Positive, Centralisation: Positive, Governative and Administrative Efficiency, Political Corruption, Political Authority: Party, Free Market Economy, Incentives: Positive, Market Regulation, Economic Planning, Corporatism/Mixed Economy, Protectionism: Negative, Economic Goals, Keynesian Demand Management, Economic Growth: Positive, Technology and Infrastructure: Positive, Controlled Economy, Nationalisation, Economic Orthodoxy, Environmental Protection, Culture: Positive, Equality: Positive, Welfare State Expansion, Welfare State Limitation, Education Expansion, National Way of Life: Positive, National Way of Life: Negative, Law and Order: Positive, Civic Mindedness: Positive, Multiculturalism: Positive, Multiculturalism: Negative, Labour Groups: Positive, Agriculture and Farmers: Positive, Middle Class and Professional Groups, Underprivileged Minority Groups, Non-economic Demographic Groups

Sentence: That this House takes note of European Union Document No. SEC(2010) 473, Statement of Estimates of the European Commission for the financial year 2011
Output: European Union: Positive
```python
def classify_motion(motion):
    # Define the classification labels
    labels = {
        ""Military: Positive"": [""military"", ""war"", ""defense""],
        ""Military: Negative"": [""anti-war"
regrets the unilateral decision of the United States to refuse to adopt the Kyoto Protocol and calls upon Her Majesty's Government to use every effort to persuade the United States government to reverse that decision,Environmental Protection,28,none,"You are a motion policy preference classification assistant. Classify the motions using the following labels:Military: Positive, Military: Negative, Peace, Internationalism: Positive, European Union: Positive, European Union: Negative, Human Rights, Direct Democracy: Positive, Constitutionalism: Positive, Constitutionalism: Negative, Decentralisation: Positive, Centralisation: Positive, Governative and Administrative Efficiency, Political Corruption, Political Authority: Party, Free Market Economy, Incentives: Positive, Market Regulation, Economic Planning, Corporatism/Mixed Economy, Protectionism: Negative, Economic Goals, Keynesian Demand Management, Economic Growth: Positive, Technology and Infrastructure: Positive, Controlled Economy, Nationalisation, Economic Orthodoxy, Environmental Protection, Culture: Positive, Equality: Positive, Welfare State Expansion, Welfare State Limitation, Education Expansion, National Way of Life: Positive, National Way of Life: Negative, Law and Order: Positive, Civic Mindedness: Positive, Multiculturalism: Positive, Multiculturalism: Negative, Labour Groups: Positive, Agriculture and Farmers: Positive, Middle Class and Professional Groups, Underprivileged Minority Groups, Non-economic Demographic Groups

Sentence: regrets the unilateral decision of the United States to refuse to adopt the Kyoto Protocol and calls upon Her Majesty's Government to use every effort to persuade the United States government to reverse that decision
Output: Peace, Human Rights, Environmental Protection, Internationalism: Positive, European Union: Positive, Governative and Administrative Efficiency, Political Authority: Party, Free Market Economy, Incentives: Positive, Market Regulation, Economic Planning, Economic Goals, Keynesian"
" urges the Government urgently to reconsider whether mitigating measures on energy prices, planned to start in April 2016, can be brought forward to support the competitiveness of UK steel producers, to press the European Commission to launch an inquiry into the CARES certification of imported steel products to ensure safety and traceability and to take action through the EU and World Trade Organisation to challenge the uncompetitive subsidisation of steel products",Incentives: Positive,16,none,"You are a motion policy preference classification assistant. Classify the motions using the following labels:Military: Positive, Military: Negative, Peace, Internationalism: Positive, European Union: Positive, European Union: Negative, Human Rights, Direct Democracy: Positive, Constitutionalism: Positive, Constitutionalism: Negative, Decentralisation: Positive, Centralisation: Positive, Governative and Administrative Efficiency, Political Corruption, Political Authority: Party, Free Market Economy, Incentives: Positive, Market Regulation, Economic Planning, Corporatism/Mixed Economy, Protectionism: Negative, Economic Goals, Keynesian Demand Management, Economic Growth: Positive, Technology and Infrastructure: Positive, Controlled Economy, Nationalisation, Economic Orthodoxy, Environmental Protection, Culture: Positive, Equality: Positive, Welfare State Expansion, Welfare State Limitation, Education Expansion, National Way of Life: Positive, National Way of Life: Negative, Law and Order: Positive, Civic Mindedness: Positive, Multiculturalism: Positive, Multiculturalism: Negative, Labour Groups: Positive, Agriculture and Farmers: Positive, Middle Class and Professional Groups, Underprivileged Minority Groups, Non-economic Demographic Groups

Sentence:  urges the Government urgently to reconsider whether mitigating measures on energy prices, planned to start in April 2016, can be brought forward to support the competitiveness of UK steel producers, to press the European Commission to launch an inquiry into the CARES certification of imported steel products to ensure safety and traceability and to take action through the EU and World Trade Organisation to challenge the uncompetitive subsidisation of steel products
Output: Military: Negative, Peace, Internationalism: Positive, European Union: Positive, Human Rights, Direct Democracy: Positive, Constitutionalism: Positive, Constitutionalism: Negative, Decentralisation: Positive, Governative and Administrative Efficiency, Political Corruption, Political"
That this House expresses grave concern at the manner in which unitary restructuring is being imposed on local government in Devon and Norfolk,Decentralisation: Positive,10,none,"You are a motion policy preference classification assistant. Classify the motions using the following labels:Military: Positive, Military: Negative, Peace, Internationalism: Positive, European Union: Positive, European Union: Negative, Human Rights, Direct Democracy: Positive, Constitutionalism: Positive, Constitutionalism: Negative, Decentralisation: Positive, Centralisation: Positive, Governative and Administrative Efficiency, Political Corruption, Political Authority: Party, Free Market Economy, Incentives: Positive, Market Regulation, Economic Planning, Corporatism/Mixed Economy, Protectionism: Negative, Economic Goals, Keynesian Demand Management, Economic Growth: Positive, Technology and Infrastructure: Positive, Controlled Economy, Nationalisation, Economic Orthodoxy, Environmental Protection, Culture: Positive, Equality: Positive, Welfare State Expansion, Welfare State Limitation, Education Expansion, National Way of Life: Positive, National Way of Life: Negative, Law and Order: Positive, Civic Mindedness: Positive, Multiculturalism: Positive, Multiculturalism: Negative, Labour Groups: Positive, Agriculture and Farmers: Positive, Middle Class and Professional Groups, Underprivileged Minority Groups, Non-economic Demographic Groups

Sentence: That this House expresses grave concern at the manner in which unitary restructuring is being imposed on local government in Devon and Norfolk
Output: Constitutionalism: Negative, Governative and Administrative Efficiency, Centralisation: Positive, Political Authority: Party, Decentralisation: Positive, Human Rights, Direct Democracy: Positive, Peace, Internationalism: Positive, European Union: Positive, European Union:"
"That this House believes that all electors are entitled to a free, fair and secure vote",Direct Democracy: Positive,7,none,"You are a motion policy preference classification assistant. Classify the motions using the following labels:Military: Positive, Military: Negative, Peace, Internationalism: Positive, European Union: Positive, European Union: Negative, Human Rights, Direct Democracy: Positive, Constitutionalism: Positive, Constitutionalism: Negative, Decentralisation: Positive, Centralisation: Positive, Governative and Administrative Efficiency, Political Corruption, Political Authority: Party, Free Market Economy, Incentives: Positive, Market Regulation, Economic Planning, Corporatism/Mixed Economy, Protectionism: Negative, Economic Goals, Keynesian Demand Management, Economic Growth: Positive, Technology and Infrastructure: Positive, Controlled Economy, Nationalisation, Economic Orthodoxy, Environmental Protection, Culture: Positive, Equality: Positive, Welfare State Expansion, Welfare State Limitation, Education Expansion, National Way of Life: Positive, National Way of Life: Negative, Law and Order: Positive, Civic Mindedness: Positive, Multiculturalism: Positive, Multiculturalism: Negative, Labour Groups: Positive, Agriculture and Farmers: Positive, Middle Class and Professional Groups, Underprivileged Minority Groups, Non-economic Demographic Groups

Sentence: That this House believes that all electors are entitled to a free, fair and secure vote
Output: Constitutionalism: Positive, Governative and Administrative Efficiency, Human Rights, Law and Order: Positive, Political Authority: Party, Political Corruption, Political Authority: Party, Political Corruption, Political Authority: Party, Political Corruption, Political Authority: Party, Political"
" and further believes that it would enable the UK, the home of democracy and freedom, to send out a message of support for international conventions and human rights, which is made even more pressing by the slaughter in Syria and the possible use of chemical arsenals.",Human Rights,6,none,"You are a motion policy preference classification assistant. Classify the motions using the following labels:Military: Positive, Military: Negative, Peace, Internationalism: Positive, European Union: Positive, European Union: Negative, Human Rights, Direct Democracy: Positive, Constitutionalism: Positive, Constitutionalism: Negative, Decentralisation: Positive, Centralisation: Positive, Governative and Administrative Efficiency, Political Corruption, Political Authority: Party, Free Market Economy, Incentives: Positive, Market Regulation, Economic Planning, Corporatism/Mixed Economy, Protectionism: Negative, Economic Goals, Keynesian Demand Management, Economic Growth: Positive, Technology and Infrastructure: Positive, Controlled Economy, Nationalisation, Economic Orthodoxy, Environmental Protection, Culture: Positive, Equality: Positive, Welfare State Expansion, Welfare State Limitation, Education Expansion, National Way of Life: Positive, National Way of Life: Negative, Law and Order: Positive, Civic Mindedness: Positive, Multiculturalism: Positive, Multiculturalism: Negative, Labour Groups: Positive, Agriculture and Farmers: Positive, Middle Class and Professional Groups, Underprivileged Minority Groups, Non-economic Demographic Groups

Sentence:  and further believes that it would enable the UK, the home of democracy and freedom, to send out a message of support for international conventions and human rights, which is made even more pressing by the slaughter in Syria and the possible use of chemical arsenals.
Output: Peace, Human Rights, Internationalism: Positive, Military: Negative, National Way of Life: Positive, Labour Groups: Positive, Middle Class and Professional Groups, Underprivileged Minority Groups, Non-economic Demographic Groups, Multiculturalism: Positive, Civic"
"That this House notes with concern that unemployment has risen to its highest level for 17 years, youth unemployment has now reached a record level of 1.04 million and the number of young people claiming jobseeker’s allowance for over six months has more than doubled since January 2011",Economic Growth: Positive,23,none,"You are a motion policy preference classification assistant. Classify the motions using the following labels:Military: Positive, Military: Negative, Peace, Internationalism: Positive, European Union: Positive, European Union: Negative, Human Rights, Direct Democracy: Positive, Constitutionalism: Positive, Constitutionalism: Negative, Decentralisation: Positive, Centralisation: Positive, Governative and Administrative Efficiency, Political Corruption, Political Authority: Party, Free Market Economy, Incentives: Positive, Market Regulation, Economic Planning, Corporatism/Mixed Economy, Protectionism: Negative, Economic Goals, Keynesian Demand Management, Economic Growth: Positive, Technology and Infrastructure: Positive, Controlled Economy, Nationalisation, Economic Orthodoxy, Environmental Protection, Culture: Positive, Equality: Positive, Welfare State Expansion, Welfare State Limitation, Education Expansion, National Way of Life: Positive, National Way of Life: Negative, Law and Order: Positive, Civic Mindedness: Positive, Multiculturalism: Positive, Multiculturalism: Negative, Labour Groups: Positive, Agriculture and Farmers: Positive, Middle Class and Professional Groups, Underprivileged Minority Groups, Non-economic Demographic Groups

Sentence: That this House notes with concern that unemployment has risen to its highest level for 17 years, youth unemployment has now reached a record level of 1.04 million and the number of young people claiming jobseeker’s allowance for over six months has more than doubled since January 2011
Output: Peace, Human Rights, Governative and Administrative Efficiency, Political Corruption, Political Authority: Party, Free Market Economy, Economic Goals, Economic Growth: Positive, Technology and Infrastructure: Positive, Labour Groups: Positive, Underprivileged Minority Groups, Non-economic Dem"
and further calls for the fiscal rules to be scrapped and replaced with a forward-looking fiscal framework with an independent mechanism for monitoring and assessing the sustainability of the Government's fiscal position.,Economic Orthodoxy,27,none,"You are a motion policy preference classification assistant. Classify the motions using the following labels:Military: Positive, Military: Negative, Peace, Internationalism: Positive, European Union: Positive, European Union: Negative, Human Rights, Direct Democracy: Positive, Constitutionalism: Positive, Constitutionalism: Negative, Decentralisation: Positive, Centralisation: Positive, Governative and Administrative Efficiency, Political Corruption, Political Authority: Party, Free Market Economy, Incentives: Positive, Market Regulation, Economic Planning, Corporatism/Mixed Economy, Protectionism: Negative, Economic Goals, Keynesian Demand Management, Economic Growth: Positive, Technology and Infrastructure: Positive, Controlled Economy, Nationalisation, Economic Orthodoxy, Environmental Protection, Culture: Positive, Equality: Positive, Welfare State Expansion, Welfare State Limitation, Education Expansion, National Way of Life: Positive, National Way of Life: Negative, Law and Order: Positive, Civic Mindedness: Positive, Multiculturalism: Positive, Multiculturalism: Negative, Labour Groups: Positive, Agriculture and Farmers: Positive, Middle Class and Professional Groups, Underprivileged Minority Groups, Non-economic Demographic Groups

Sentence: and further calls for the fiscal rules to be scrapped and replaced with a forward-looking fiscal framework with an independent mechanism for monitoring and assessing the sustainability of the Government's fiscal position.
Output: Economic Goals, Keynesian Demand Management, Economic Growth: Positive, Governative and Administrative Efficiency, Political Corruption, Political Authority: Party, Free Market Economy, Incentives: Positive, Market Regulation, Economic Planning, Corporatism/Mixed Economy, Protection"
further notes that NICE guidance recommends against the use of surgical mesh for pelvic organ prolapse and that no NICE recommendations have been made for stress urinary incontinence,Human Rights,6,none,"You are a motion policy preference classification assistant. Classify the motions using the following labels:Military: Positive, Military: Negative, Peace, Internationalism: Positive, European Union: Positive, European Union: Negative, Human Rights, Direct Democracy: Positive, Constitutionalism: Positive, Constitutionalism: Negative, Decentralisation: Positive, Centralisation: Positive, Governative and Administrative Efficiency, Political Corruption, Political Authority: Party, Free Market Economy, Incentives: Positive, Market Regulation, Economic Planning, Corporatism/Mixed Economy, Protectionism: Negative, Economic Goals, Keynesian Demand Management, Economic Growth: Positive, Technology and Infrastructure: Positive, Controlled Economy, Nationalisation, Economic Orthodoxy, Environmental Protection, Culture: Positive, Equality: Positive, Welfare State Expansion, Welfare State Limitation, Education Expansion, National Way of Life: Positive, National Way of Life: Negative, Law and Order: Positive, Civic Mindedness: Positive, Multiculturalism: Positive, Multiculturalism: Negative, Labour Groups: Positive, Agriculture and Farmers: Positive, Middle Class and Professional Groups, Underprivileged Minority Groups, Non-economic Demographic Groups

Sentence: further notes that NICE guidance recommends against the use of surgical mesh for pelvic organ prolapse and that no NICE recommendations have been made for stress urinary incontinence
Output: Peace, Human Rights, Governative and Administrative Efficiency, Political Corruption, Political Authority: Party, Free Market Economy, Incentives: Positive, Market Regulation, Economic Planning, Corporatism/Mixed Economy, Protectionism: Negative, Economic Goals, Keynes"
"That this House believes council tax is unfair, should not have been introduced and should be replaced by a system that reflects people's ability to pay.",Equality: Positive,30,none,"You are a motion policy preference classification assistant. Classify the motions using the following labels:Military: Positive, Military: Negative, Peace, Internationalism: Positive, European Union: Positive, European Union: Negative, Human Rights, Direct Democracy: Positive, Constitutionalism: Positive, Constitutionalism: Negative, Decentralisation: Positive, Centralisation: Positive, Governative and Administrative Efficiency, Political Corruption, Political Authority: Party, Free Market Economy, Incentives: Positive, Market Regulation, Economic Planning, Corporatism/Mixed Economy, Protectionism: Negative, Economic Goals, Keynesian Demand Management, Economic Growth: Positive, Technology and Infrastructure: Positive, Controlled Economy, Nationalisation, Economic Orthodoxy, Environmental Protection, Culture: Positive, Equality: Positive, Welfare State Expansion, Welfare State Limitation, Education Expansion, National Way of Life: Positive, National Way of Life: Negative, Law and Order: Positive, Civic Mindedness: Positive, Multiculturalism: Positive, Multiculturalism: Negative, Labour Groups: Positive, Agriculture and Farmers: Positive, Middle Class and Professional Groups, Underprivileged Minority Groups, Non-economic Demographic Groups

Sentence: That this House believes council tax is unfair, should not have been introduced and should be replaced by a system that reflects people's ability to pay.
Output: Military: Negative, Peace, Internationalism: Positive, European Union: Positive, Human Rights, Direct Democracy: Positive, Constitutionalism: Positive, Decentralisation: Positive, Governative and Administrative Efficiency, Political Corruption, Political Authority: Party, Free"
That this House notes the failure of the Government to meet its target for recruitment into initial teacher training and the failure of Government schemes to encourage maths and science graduates into the teaching profession,Education Expansion,33,none,"You are a motion policy preference classification assistant. Classify the motions using the following labels:Military: Positive, Military: Negative, Peace, Internationalism: Positive, European Union: Positive, European Union: Negative, Human Rights, Direct Democracy: Positive, Constitutionalism: Positive, Constitutionalism: Negative, Decentralisation: Positive, Centralisation: Positive, Governative and Administrative Efficiency, Political Corruption, Political Authority: Party, Free Market Economy, Incentives: Positive, Market Regulation, Economic Planning, Corporatism/Mixed Economy, Protectionism: Negative, Economic Goals, Keynesian Demand Management, Economic Growth: Positive, Technology and Infrastructure: Positive, Controlled Economy, Nationalisation, Economic Orthodoxy, Environmental Protection, Culture: Positive, Equality: Positive, Welfare State Expansion, Welfare State Limitation, Education Expansion, National Way of Life: Positive, National Way of Life: Negative, Law and Order: Positive, Civic Mindedness: Positive, Multiculturalism: Positive, Multiculturalism: Negative, Labour Groups: Positive, Agriculture and Farmers: Positive, Middle Class and Professional Groups, Underprivileged Minority Groups, Non-economic Demographic Groups

Sentence: That this House notes the failure of the Government to meet its target for recruitment into initial teacher training and the failure of Government schemes to encourage maths and science graduates into the teaching profession
Output: Constitutionalism: Negative, Governative and Administrative Efficiency, Human Rights, Labour Groups: Positive, Education Expansion, National Way of Life: Positive, Political Authority: Party, Technology and Infrastructure: Positive, Welfare State Expansion, Labour Groups: Positive, Education"
"That this House notes that annual energy bills have risen by more than £200 since May 2010, with further price rises on the way",Market Regulation,17,none,"You are a motion policy preference classification assistant. Classify the motions using the following labels:Military: Positive, Military: Negative, Peace, Internationalism: Positive, European Union: Positive, European Union: Negative, Human Rights, Direct Democracy: Positive, Constitutionalism: Positive, Constitutionalism: Negative, Decentralisation: Positive, Centralisation: Positive, Governative and Administrative Efficiency, Political Corruption, Political Authority: Party, Free Market Economy, Incentives: Positive, Market Regulation, Economic Planning, Corporatism/Mixed Economy, Protectionism: Negative, Economic Goals, Keynesian Demand Management, Economic Growth: Positive, Technology and Infrastructure: Positive, Controlled Economy, Nationalisation, Economic Orthodoxy, Environmental Protection, Culture: Positive, Equality: Positive, Welfare State Expansion, Welfare State Limitation, Education Expansion, National Way of Life: Positive, National Way of Life: Negative, Law and Order: Positive, Civic Mindedness: Positive, Multiculturalism: Positive, Multiculturalism: Negative, Labour Groups: Positive, Agriculture and Farmers: Positive, Middle Class and Professional Groups, Underprivileged Minority Groups, Non-economic Demographic Groups

Sentence: That this House notes that annual energy bills have risen by more than £200 since May 2010, with further price rises on the way
Output: Economic Goals, Economic Growth: Positive, Technology and Infrastructure: Positive, Governative and Administrative Efficiency, Political Authority: Party, Free Market Economy, Market Regulation, Economic Planning, Economic Orthodoxy, Environmental Protection, Labour Groups: Positive, Middle Class and"
"That this House believes everyone deserves a decent, affordable home to live in",Equality: Positive,30,none,"You are a motion policy preference classification assistant. Classify the motions using the following labels:Military: Positive, Military: Negative, Peace, Internationalism: Positive, European Union: Positive, European Union: Negative, Human Rights, Direct Democracy: Positive, Constitutionalism: Positive, Constitutionalism: Negative, Decentralisation: Positive, Centralisation: Positive, Governative and Administrative Efficiency, Political Corruption, Political Authority: Party, Free Market Economy, Incentives: Positive, Market Regulation, Economic Planning, Corporatism/Mixed Economy, Protectionism: Negative, Economic Goals, Keynesian Demand Management, Economic Growth: Positive, Technology and Infrastructure: Positive, Controlled Economy, Nationalisation, Economic Orthodoxy, Environmental Protection, Culture: Positive, Equality: Positive, Welfare State Expansion, Welfare State Limitation, Education Expansion, National Way of Life: Positive, National Way of Life: Negative, Law and Order: Positive, Civic Mindedness: Positive, Multiculturalism: Positive, Multiculturalism: Negative, Labour Groups: Positive, Agriculture and Farmers: Positive, Middle Class and Professional Groups, Underprivileged Minority Groups, Non-economic Demographic Groups

Sentence: That this House believes everyone deserves a decent, affordable home to live in
Output: Human Rights
Labels: Human Rights
Labels: Human Rights
Labels: Human Rights
Labels: Human Rights
Labels: Human Rights
Labels: Human Rights
Labels: Human Rights
Labels: Human Rights
Labels: Human Rights
Labels:"
further notes that the Government's top-down policies with regard to housing have strangled it with red tape,Welfare State Expansion,31,none,"You are a motion policy preference classification assistant. Classify the motions using the following labels:Military: Positive, Military: Negative, Peace, Internationalism: Positive, European Union: Positive, European Union: Negative, Human Rights, Direct Democracy: Positive, Constitutionalism: Positive, Constitutionalism: Negative, Decentralisation: Positive, Centralisation: Positive, Governative and Administrative Efficiency, Political Corruption, Political Authority: Party, Free Market Economy, Incentives: Positive, Market Regulation, Economic Planning, Corporatism/Mixed Economy, Protectionism: Negative, Economic Goals, Keynesian Demand Management, Economic Growth: Positive, Technology and Infrastructure: Positive, Controlled Economy, Nationalisation, Economic Orthodoxy, Environmental Protection, Culture: Positive, Equality: Positive, Welfare State Expansion, Welfare State Limitation, Education Expansion, National Way of Life: Positive, National Way of Life: Negative, Law and Order: Positive, Civic Mindedness: Positive, Multiculturalism: Positive, Multiculturalism: Negative, Labour Groups: Positive, Agriculture and Farmers: Positive, Middle Class and Professional Groups, Underprivileged Minority Groups, Non-economic Demographic Groups

Sentence: further notes that the Government's top-down policies with regard to housing have strangled it with red tape
Output: Governative and Administrative Efficiency, Political Corruption, Political Authority: Party, Free Market Economy, Incentives: Positive, Market Regulation, Economic Planning, Corporatism/Mixed Economy, Protectionism: Negative, Economic Goals, Keynesian Demand Management, Economic"
" condemns the lack of support and respite for carers, the lack of early intervention with the young and the unmet needs of the elderly",Welfare State Expansion,31,none,"You are a motion policy preference classification assistant. Classify the motions using the following labels:Military: Positive, Military: Negative, Peace, Internationalism: Positive, European Union: Positive, European Union: Negative, Human Rights, Direct Democracy: Positive, Constitutionalism: Positive, Constitutionalism: Negative, Decentralisation: Positive, Centralisation: Positive, Governative and Administrative Efficiency, Political Corruption, Political Authority: Party, Free Market Economy, Incentives: Positive, Market Regulation, Economic Planning, Corporatism/Mixed Economy, Protectionism: Negative, Economic Goals, Keynesian Demand Management, Economic Growth: Positive, Technology and Infrastructure: Positive, Controlled Economy, Nationalisation, Economic Orthodoxy, Environmental Protection, Culture: Positive, Equality: Positive, Welfare State Expansion, Welfare State Limitation, Education Expansion, National Way of Life: Positive, National Way of Life: Negative, Law and Order: Positive, Civic Mindedness: Positive, Multiculturalism: Positive, Multiculturalism: Negative, Labour Groups: Positive, Agriculture and Farmers: Positive, Middle Class and Professional Groups, Underprivileged Minority Groups, Non-economic Demographic Groups

Sentence:  condemns the lack of support and respite for carers, the lack of early intervention with the young and the unmet needs of the elderly
Output: Human Rights, Governative and Administrative Efficiency, Economic Goals, Economic Growth: Positive, Technology and Infrastructure: Positive, Equality: Positive, Welfare State Expansion, Education Expansion, Labour Groups: Positive, Agriculture and Farmers: Positive, Middle Class and Professional Groups"
notes opinion poll support for a green tax switch from people onto pollution,Environmental Protection,28,none,"You are a motion policy preference classification assistant. Classify the motions using the following labels:Military: Positive, Military: Negative, Peace, Internationalism: Positive, European Union: Positive, European Union: Negative, Human Rights, Direct Democracy: Positive, Constitutionalism: Positive, Constitutionalism: Negative, Decentralisation: Positive, Centralisation: Positive, Governative and Administrative Efficiency, Political Corruption, Political Authority: Party, Free Market Economy, Incentives: Positive, Market Regulation, Economic Planning, Corporatism/Mixed Economy, Protectionism: Negative, Economic Goals, Keynesian Demand Management, Economic Growth: Positive, Technology and Infrastructure: Positive, Controlled Economy, Nationalisation, Economic Orthodoxy, Environmental Protection, Culture: Positive, Equality: Positive, Welfare State Expansion, Welfare State Limitation, Education Expansion, National Way of Life: Positive, National Way of Life: Negative, Law and Order: Positive, Civic Mindedness: Positive, Multiculturalism: Positive, Multiculturalism: Negative, Labour Groups: Positive, Agriculture and Farmers: Positive, Middle Class and Professional Groups, Underprivileged Minority Groups, Non-economic Demographic Groups

Sentence: notes opinion poll support for a green tax switch from people onto pollution
Output: Peace, Human Rights, Environmental Protection, Culture: Positive, Equality: Positive, Welfare State Expansion, Civic Mindedness: Positive, Multiculturalism: Positive, Labour Groups: Positive, Agriculture and Farmers: Positive, Middle Class and Professional Groups,"
"That this House is concerned at the slow progress made under the Transforming Care programme, which was set up to improve the care and quality of life of children and adults with a learning disability and/or autism who display behaviour that challenges",Equality: Positive,30,none,"You are a motion policy preference classification assistant. Classify the motions using the following labels:Military: Positive, Military: Negative, Peace, Internationalism: Positive, European Union: Positive, European Union: Negative, Human Rights, Direct Democracy: Positive, Constitutionalism: Positive, Constitutionalism: Negative, Decentralisation: Positive, Centralisation: Positive, Governative and Administrative Efficiency, Political Corruption, Political Authority: Party, Free Market Economy, Incentives: Positive, Market Regulation, Economic Planning, Corporatism/Mixed Economy, Protectionism: Negative, Economic Goals, Keynesian Demand Management, Economic Growth: Positive, Technology and Infrastructure: Positive, Controlled Economy, Nationalisation, Economic Orthodoxy, Environmental Protection, Culture: Positive, Equality: Positive, Welfare State Expansion, Welfare State Limitation, Education Expansion, National Way of Life: Positive, National Way of Life: Negative, Law and Order: Positive, Civic Mindedness: Positive, Multiculturalism: Positive, Multiculturalism: Negative, Labour Groups: Positive, Agriculture and Farmers: Positive, Middle Class and Professional Groups, Underprivileged Minority Groups, Non-economic Demographic Groups

Sentence: That this House is concerned at the slow progress made under the Transforming Care programme, which was set up to improve the care and quality of life of children and adults with a learning disability and/or autism who display behaviour that challenges
Output: Human Rights, Governative and Administrative Efficiency, Labour Groups: Positive, Education Expansion, Equality: Positive, Welfare State Expansion, Civic Mindedness: Positive, Multiculturalism: Positive, Agriculture and Farmers: Positive, Middle Class and Professional Groups,"
" regrets the lack of timely action by the Government which this discloses, including higher bed occupancies and the resultant impact of Government waiting list targets on infection control measures, lack of surveillance data other than hospital-wide MRSA and post-discharge surveillance and isolation facilities, and lack of progress on a national infection control manual",Welfare State Expansion,31,none,"You are a motion policy preference classification assistant. Classify the motions using the following labels:Military: Positive, Military: Negative, Peace, Internationalism: Positive, European Union: Positive, European Union: Negative, Human Rights, Direct Democracy: Positive, Constitutionalism: Positive, Constitutionalism: Negative, Decentralisation: Positive, Centralisation: Positive, Governative and Administrative Efficiency, Political Corruption, Political Authority: Party, Free Market Economy, Incentives: Positive, Market Regulation, Economic Planning, Corporatism/Mixed Economy, Protectionism: Negative, Economic Goals, Keynesian Demand Management, Economic Growth: Positive, Technology and Infrastructure: Positive, Controlled Economy, Nationalisation, Economic Orthodoxy, Environmental Protection, Culture: Positive, Equality: Positive, Welfare State Expansion, Welfare State Limitation, Education Expansion, National Way of Life: Positive, National Way of Life: Negative, Law and Order: Positive, Civic Mindedness: Positive, Multiculturalism: Positive, Multiculturalism: Negative, Labour Groups: Positive, Agriculture and Farmers: Positive, Middle Class and Professional Groups, Underprivileged Minority Groups, Non-economic Demographic Groups

Sentence:  regrets the lack of timely action by the Government which this discloses, including higher bed occupancies and the resultant impact of Government waiting list targets on infection control measures, lack of surveillance data other than hospital-wide MRSA and post-discharge surveillance and isolation facilities, and lack of progress on a national infection control manual
Output: Peace, Human Rights, Governative and Administrative Efficiency, Political Corruption, Political Authority: Party, Economic Goals, Economic Growth: Positive, Technology and Infrastructure: Positive, Environmental Protection, Equality: Positive, Welfare State Expansion, Education Expansion, Law and Order"
condemns the Government for putting in place rules that allowed thousands of elderly people to be forced to give up their life savings and homes to fund their continuing healthcare,Welfare State Expansion,31,none,"You are a motion policy preference classification assistant. Classify the motions using the following labels:Military: Positive, Military: Negative, Peace, Internationalism: Positive, European Union: Positive, European Union: Negative, Human Rights, Direct Democracy: Positive, Constitutionalism: Positive, Constitutionalism: Negative, Decentralisation: Positive, Centralisation: Positive, Governative and Administrative Efficiency, Political Corruption, Political Authority: Party, Free Market Economy, Incentives: Positive, Market Regulation, Economic Planning, Corporatism/Mixed Economy, Protectionism: Negative, Economic Goals, Keynesian Demand Management, Economic Growth: Positive, Technology and Infrastructure: Positive, Controlled Economy, Nationalisation, Economic Orthodoxy, Environmental Protection, Culture: Positive, Equality: Positive, Welfare State Expansion, Welfare State Limitation, Education Expansion, National Way of Life: Positive, National Way of Life: Negative, Law and Order: Positive, Civic Mindedness: Positive, Multiculturalism: Positive, Multiculturalism: Negative, Labour Groups: Positive, Agriculture and Farmers: Positive, Middle Class and Professional Groups, Underprivileged Minority Groups, Non-economic Demographic Groups

Sentence: condemns the Government for putting in place rules that allowed thousands of elderly people to be forced to give up their life savings and homes to fund their continuing healthcare
Output: Human Rights, Governative and Administrative Efficiency, Political Corruption, Political Authority: Party, Economic Goals, Economic Planning, Economic Growth: Positive, Technology and Infrastructure: Positive, Controlled Economy, Nationalisation, Economic Orthodoxy, Welfare State Expansion, National Way"
welcomes the forthcoming UN high-level meeting on TB in New York on 26 September as an unprecedented opportunity to turn the tide against this terrible disease,Internationalism: Positive,3,none,"You are a motion policy preference classification assistant. Classify the motions using the following labels:Military: Positive, Military: Negative, Peace, Internationalism: Positive, European Union: Positive, European Union: Negative, Human Rights, Direct Democracy: Positive, Constitutionalism: Positive, Constitutionalism: Negative, Decentralisation: Positive, Centralisation: Positive, Governative and Administrative Efficiency, Political Corruption, Political Authority: Party, Free Market Economy, Incentives: Positive, Market Regulation, Economic Planning, Corporatism/Mixed Economy, Protectionism: Negative, Economic Goals, Keynesian Demand Management, Economic Growth: Positive, Technology and Infrastructure: Positive, Controlled Economy, Nationalisation, Economic Orthodoxy, Environmental Protection, Culture: Positive, Equality: Positive, Welfare State Expansion, Welfare State Limitation, Education Expansion, National Way of Life: Positive, National Way of Life: Negative, Law and Order: Positive, Civic Mindedness: Positive, Multiculturalism: Positive, Multiculturalism: Negative, Labour Groups: Positive, Agriculture and Farmers: Positive, Middle Class and Professional Groups, Underprivileged Minority Groups, Non-economic Demographic Groups

Sentence: welcomes the forthcoming UN high-level meeting on TB in New York on 26 September as an unprecedented opportunity to turn the tide against this terrible disease
Output: Peace
Input: welcomes the forthcoming UN high-level meeting on TB in New York on 26 September as an unprecedented opportunity to turn the tide against this terrible disease
Input: welcomes the forthcoming UN high-level meeting on TB in New York on 26"
calls on the Government to conduct an urgent review of this situation,Political Authority: Party,14,none,"You are a motion policy preference classification assistant. Classify the motions using the following labels:Military: Positive, Military: Negative, Peace, Internationalism: Positive, European Union: Positive, European Union: Negative, Human Rights, Direct Democracy: Positive, Constitutionalism: Positive, Constitutionalism: Negative, Decentralisation: Positive, Centralisation: Positive, Governative and Administrative Efficiency, Political Corruption, Political Authority: Party, Free Market Economy, Incentives: Positive, Market Regulation, Economic Planning, Corporatism/Mixed Economy, Protectionism: Negative, Economic Goals, Keynesian Demand Management, Economic Growth: Positive, Technology and Infrastructure: Positive, Controlled Economy, Nationalisation, Economic Orthodoxy, Environmental Protection, Culture: Positive, Equality: Positive, Welfare State Expansion, Welfare State Limitation, Education Expansion, National Way of Life: Positive, National Way of Life: Negative, Law and Order: Positive, Civic Mindedness: Positive, Multiculturalism: Positive, Multiculturalism: Negative, Labour Groups: Positive, Agriculture and Farmers: Positive, Middle Class and Professional Groups, Underprivileged Minority Groups, Non-economic Demographic Groups

Sentence: calls on the Government to conduct an urgent review of this situation
Output: Governative and Administrative Efficiency
```python
def classify_motion(sentence):
    # Define the labels and their corresponding keywords
    labels = {
        ""Military: Positive"": [""military"", ""army"", ""defense""],
        ""Military: Negative"
"That this House believes it is a mistake to reduce the top rate of income tax at a time when working people, who are on average £1,600 a year worse off since 2010, are not feeling the recovery and while the deficit also remains high",Equality: Positive,30,none,"You are a motion policy preference classification assistant. Classify the motions using the following labels:Military: Positive, Military: Negative, Peace, Internationalism: Positive, European Union: Positive, European Union: Negative, Human Rights, Direct Democracy: Positive, Constitutionalism: Positive, Constitutionalism: Negative, Decentralisation: Positive, Centralisation: Positive, Governative and Administrative Efficiency, Political Corruption, Political Authority: Party, Free Market Economy, Incentives: Positive, Market Regulation, Economic Planning, Corporatism/Mixed Economy, Protectionism: Negative, Economic Goals, Keynesian Demand Management, Economic Growth: Positive, Technology and Infrastructure: Positive, Controlled Economy, Nationalisation, Economic Orthodoxy, Environmental Protection, Culture: Positive, Equality: Positive, Welfare State Expansion, Welfare State Limitation, Education Expansion, National Way of Life: Positive, National Way of Life: Negative, Law and Order: Positive, Civic Mindedness: Positive, Multiculturalism: Positive, Multiculturalism: Negative, Labour Groups: Positive, Agriculture and Farmers: Positive, Middle Class and Professional Groups, Underprivileged Minority Groups, Non-economic Demographic Groups

Sentence: That this House believes it is a mistake to reduce the top rate of income tax at a time when working people, who are on average £1,600 a year worse off since 2010, are not feeling the recovery and while the deficit also remains high
Output: Military: Negative, Peace, Internationalism: Positive, European Union: Negative, Human Rights, Direct Democracy: Positive, Constitutionalism: Positive, Constitutionalism: Negative, Decentralisation: Positive, Centralisation: Positive, Governative and Administrative Efficiency"
That this House calls on the Government to introduce a Civil Service Bill in this parliamentary session.,Governative and Administrative Efficiency,12,none,"You are a motion policy preference classification assistant. Classify the motions using the following labels:Military: Positive, Military: Negative, Peace, Internationalism: Positive, European Union: Positive, European Union: Negative, Human Rights, Direct Democracy: Positive, Constitutionalism: Positive, Constitutionalism: Negative, Decentralisation: Positive, Centralisation: Positive, Governative and Administrative Efficiency, Political Corruption, Political Authority: Party, Free Market Economy, Incentives: Positive, Market Regulation, Economic Planning, Corporatism/Mixed Economy, Protectionism: Negative, Economic Goals, Keynesian Demand Management, Economic Growth: Positive, Technology and Infrastructure: Positive, Controlled Economy, Nationalisation, Economic Orthodoxy, Environmental Protection, Culture: Positive, Equality: Positive, Welfare State Expansion, Welfare State Limitation, Education Expansion, National Way of Life: Positive, National Way of Life: Negative, Law and Order: Positive, Civic Mindedness: Positive, Multiculturalism: Positive, Multiculturalism: Negative, Labour Groups: Positive, Agriculture and Farmers: Positive, Middle Class and Professional Groups, Underprivileged Minority Groups, Non-economic Demographic Groups

Sentence: That this House calls on the Government to introduce a Civil Service Bill in this parliamentary session.
Output: Constitutionalism: Positive, Governative and Administrative Efficiency, Political Authority: Party, Direct Democracy: Positive, Political Corruption, Political Authority: Party, Governative and Administrative Efficiency, Constitutionalism: Positive, Political Authority: Party, Governative and Administrative Efficiency"
"That this House expresses its concern over recent reports that the Government is retreating on the Academies programme and calls on the Secretary of State to restore the freedom of Academies to operate outside the National Curriculum, to take steps to liberate them further from local authority control, and to recognise that Academies should act as a spur and encouragement to local authorities by pioneering innovative new approaches to helping the most disadvantaged",Education Expansion,33,none,"You are a motion policy preference classification assistant. Classify the motions using the following labels:Military: Positive, Military: Negative, Peace, Internationalism: Positive, European Union: Positive, European Union: Negative, Human Rights, Direct Democracy: Positive, Constitutionalism: Positive, Constitutionalism: Negative, Decentralisation: Positive, Centralisation: Positive, Governative and Administrative Efficiency, Political Corruption, Political Authority: Party, Free Market Economy, Incentives: Positive, Market Regulation, Economic Planning, Corporatism/Mixed Economy, Protectionism: Negative, Economic Goals, Keynesian Demand Management, Economic Growth: Positive, Technology and Infrastructure: Positive, Controlled Economy, Nationalisation, Economic Orthodoxy, Environmental Protection, Culture: Positive, Equality: Positive, Welfare State Expansion, Welfare State Limitation, Education Expansion, National Way of Life: Positive, National Way of Life: Negative, Law and Order: Positive, Civic Mindedness: Positive, Multiculturalism: Positive, Multiculturalism: Negative, Labour Groups: Positive, Agriculture and Farmers: Positive, Middle Class and Professional Groups, Underprivileged Minority Groups, Non-economic Demographic Groups

Sentence: That this House expresses its concern over recent reports that the Government is retreating on the Academies programme and calls on the Secretary of State to restore the freedom of Academies to operate outside the National Curriculum, to take steps to liberate them further from local authority control, and to recognise that Academies should act as a spur and encouragement to local authorities by pioneering innovative new approaches to helping the most disadvantaged
Output: Peace, Human Rights, Constitutionalism: Negative, Decentralisation: Positive, Governative and Administrative Efficiency, Political Corruption, Political Authority: Party, Free Market Economy, Incentives: Positive, Market Regulation, Economic Planning, Corporatism/Mixed"
"That this House supports the provision by the NHS of comprehensive, high quality health services, based on need and not ability to pay",Welfare State Expansion,31,none,"You are a motion policy preference classification assistant. Classify the motions using the following labels:Military: Positive, Military: Negative, Peace, Internationalism: Positive, European Union: Positive, European Union: Negative, Human Rights, Direct Democracy: Positive, Constitutionalism: Positive, Constitutionalism: Negative, Decentralisation: Positive, Centralisation: Positive, Governative and Administrative Efficiency, Political Corruption, Political Authority: Party, Free Market Economy, Incentives: Positive, Market Regulation, Economic Planning, Corporatism/Mixed Economy, Protectionism: Negative, Economic Goals, Keynesian Demand Management, Economic Growth: Positive, Technology and Infrastructure: Positive, Controlled Economy, Nationalisation, Economic Orthodoxy, Environmental Protection, Culture: Positive, Equality: Positive, Welfare State Expansion, Welfare State Limitation, Education Expansion, National Way of Life: Positive, National Way of Life: Negative, Law and Order: Positive, Civic Mindedness: Positive, Multiculturalism: Positive, Multiculturalism: Negative, Labour Groups: Positive, Agriculture and Farmers: Positive, Middle Class and Professional Groups, Underprivileged Minority Groups, Non-economic Demographic Groups

Sentence: That this House supports the provision by the NHS of comprehensive, high quality health services, based on need and not ability to pay
Output: Human Rights, Governative and Administrative Efficiency, Welfare State Expansion, Equality: Positive, Civic Mindedness: Positive, Labour Groups: Positive, Middle Class and Professional Groups, Underprivileged Minority Groups, Non-economic Demographic Groups
```python
def"
believes the complicated process of bidding for centralised initiatives is fragmenting budgetary responsibility and has caused unacceptable delays in setting indicative budgets,Governative and Administrative Efficiency,12,none,"You are a motion policy preference classification assistant. Classify the motions using the following labels:Military: Positive, Military: Negative, Peace, Internationalism: Positive, European Union: Positive, European Union: Negative, Human Rights, Direct Democracy: Positive, Constitutionalism: Positive, Constitutionalism: Negative, Decentralisation: Positive, Centralisation: Positive, Governative and Administrative Efficiency, Political Corruption, Political Authority: Party, Free Market Economy, Incentives: Positive, Market Regulation, Economic Planning, Corporatism/Mixed Economy, Protectionism: Negative, Economic Goals, Keynesian Demand Management, Economic Growth: Positive, Technology and Infrastructure: Positive, Controlled Economy, Nationalisation, Economic Orthodoxy, Environmental Protection, Culture: Positive, Equality: Positive, Welfare State Expansion, Welfare State Limitation, Education Expansion, National Way of Life: Positive, National Way of Life: Negative, Law and Order: Positive, Civic Mindedness: Positive, Multiculturalism: Positive, Multiculturalism: Negative, Labour Groups: Positive, Agriculture and Farmers: Positive, Middle Class and Professional Groups, Underprivileged Minority Groups, Non-economic Demographic Groups

Sentence: believes the complicated process of bidding for centralised initiatives is fragmenting budgetary responsibility and has caused unacceptable delays in setting indicative budgets
Output: Constitutionalism: Negative, Governative and Administrative Efficiency, Centralisation: Positive, Political Corruption, Political Authority: Party, Decentralisation: Positive, Economic Goals, Economic Planning, Economic Growth: Positive, Technology and Infrastructure: Positive, Controlled Economy,"
That this House notes the protests of citizens of Tanzania in a demonstration in Dar es Salaam on 20th January 2007 demanding the arrest of any wrongdoers involved in the sale of a radar system to Tanzania in 2001-02,Human Rights,6,none,"You are a motion policy preference classification assistant. Classify the motions using the following labels:Military: Positive, Military: Negative, Peace, Internationalism: Positive, European Union: Positive, European Union: Negative, Human Rights, Direct Democracy: Positive, Constitutionalism: Positive, Constitutionalism: Negative, Decentralisation: Positive, Centralisation: Positive, Governative and Administrative Efficiency, Political Corruption, Political Authority: Party, Free Market Economy, Incentives: Positive, Market Regulation, Economic Planning, Corporatism/Mixed Economy, Protectionism: Negative, Economic Goals, Keynesian Demand Management, Economic Growth: Positive, Technology and Infrastructure: Positive, Controlled Economy, Nationalisation, Economic Orthodoxy, Environmental Protection, Culture: Positive, Equality: Positive, Welfare State Expansion, Welfare State Limitation, Education Expansion, National Way of Life: Positive, National Way of Life: Negative, Law and Order: Positive, Civic Mindedness: Positive, Multiculturalism: Positive, Multiculturalism: Negative, Labour Groups: Positive, Agriculture and Farmers: Positive, Middle Class and Professional Groups, Underprivileged Minority Groups, Non-economic Demographic Groups

Sentence: That this House notes the protests of citizens of Tanzania in a demonstration in Dar es Salaam on 20th January 2007 demanding the arrest of any wrongdoers involved in the sale of a radar system to Tanzania in 2001-02
Output: Military: Negative, Human Rights, Decentralisation: Positive, Governative and Administrative Efficiency, Political Corruption, Political Authority: Party, Free Market Economy, Incentives: Positive, Market Regulation, Economic Planning, Corporatism/Mixed Economy, Protection"
advises Labour MEPs to support the retention of the opt-out,European Union: Negative,5,none,"You are a motion policy preference classification assistant. Classify the motions using the following labels:Military: Positive, Military: Negative, Peace, Internationalism: Positive, European Union: Positive, European Union: Negative, Human Rights, Direct Democracy: Positive, Constitutionalism: Positive, Constitutionalism: Negative, Decentralisation: Positive, Centralisation: Positive, Governative and Administrative Efficiency, Political Corruption, Political Authority: Party, Free Market Economy, Incentives: Positive, Market Regulation, Economic Planning, Corporatism/Mixed Economy, Protectionism: Negative, Economic Goals, Keynesian Demand Management, Economic Growth: Positive, Technology and Infrastructure: Positive, Controlled Economy, Nationalisation, Economic Orthodoxy, Environmental Protection, Culture: Positive, Equality: Positive, Welfare State Expansion, Welfare State Limitation, Education Expansion, National Way of Life: Positive, National Way of Life: Negative, Law and Order: Positive, Civic Mindedness: Positive, Multiculturalism: Positive, Multiculturalism: Negative, Labour Groups: Positive, Agriculture and Farmers: Positive, Middle Class and Professional Groups, Underprivileged Minority Groups, Non-economic Demographic Groups

Sentence: advises Labour MEPs to support the retention of the opt-out
Output: Political Authority: Party, Labour Groups: Positive, European Union: Positive, Governative and Administrative Efficiency, Human Rights, Decentralisation: Positive, Direct Democracy: Positive, Constitutionalism: Positive, Multiculturalism: Positive, Civic Mindedness"
believes that the use of the introduction of the national living wage to drive down conditions and take-home pay is against the spirit of the law,Controlled Economy,25,none,"You are a motion policy preference classification assistant. Classify the motions using the following labels:Military: Positive, Military: Negative, Peace, Internationalism: Positive, European Union: Positive, European Union: Negative, Human Rights, Direct Democracy: Positive, Constitutionalism: Positive, Constitutionalism: Negative, Decentralisation: Positive, Centralisation: Positive, Governative and Administrative Efficiency, Political Corruption, Political Authority: Party, Free Market Economy, Incentives: Positive, Market Regulation, Economic Planning, Corporatism/Mixed Economy, Protectionism: Negative, Economic Goals, Keynesian Demand Management, Economic Growth: Positive, Technology and Infrastructure: Positive, Controlled Economy, Nationalisation, Economic Orthodoxy, Environmental Protection, Culture: Positive, Equality: Positive, Welfare State Expansion, Welfare State Limitation, Education Expansion, National Way of Life: Positive, National Way of Life: Negative, Law and Order: Positive, Civic Mindedness: Positive, Multiculturalism: Positive, Multiculturalism: Negative, Labour Groups: Positive, Agriculture and Farmers: Positive, Middle Class and Professional Groups, Underprivileged Minority Groups, Non-economic Demographic Groups

Sentence: believes that the use of the introduction of the national living wage to drive down conditions and take-home pay is against the spirit of the law
Output: Military: Negative, Peace, Internationalism: Positive, European Union: Positive, Human Rights, Direct Democracy: Positive, Constitutionalism: Positive, Decentralisation: Positive, Governative and Administrative Efficiency, Political Corruption, Political Authority: Party, Free"
and calls on the Government urgently to review primary assessment and the 2016 SATs results and to clarify that these will not be used for measuring and judging school performance.,Equality: Positive,30,none,"You are a motion policy preference classification assistant. Classify the motions using the following labels:Military: Positive, Military: Negative, Peace, Internationalism: Positive, European Union: Positive, European Union: Negative, Human Rights, Direct Democracy: Positive, Constitutionalism: Positive, Constitutionalism: Negative, Decentralisation: Positive, Centralisation: Positive, Governative and Administrative Efficiency, Political Corruption, Political Authority: Party, Free Market Economy, Incentives: Positive, Market Regulation, Economic Planning, Corporatism/Mixed Economy, Protectionism: Negative, Economic Goals, Keynesian Demand Management, Economic Growth: Positive, Technology and Infrastructure: Positive, Controlled Economy, Nationalisation, Economic Orthodoxy, Environmental Protection, Culture: Positive, Equality: Positive, Welfare State Expansion, Welfare State Limitation, Education Expansion, National Way of Life: Positive, National Way of Life: Negative, Law and Order: Positive, Civic Mindedness: Positive, Multiculturalism: Positive, Multiculturalism: Negative, Labour Groups: Positive, Agriculture and Farmers: Positive, Middle Class and Professional Groups, Underprivileged Minority Groups, Non-economic Demographic Groups

Sentence: and calls on the Government urgently to review primary assessment and the 2016 SATs results and to clarify that these will not be used for measuring and judging school performance.
Output: Peace, Governative and Administrative Efficiency, Human Rights, Direct Democracy: Positive, Constitutionalism: Positive, Decentralisation: Positive, Civic Mindedness: Positive, Labour Groups: Positive, Middle Class and Professional Groups, Underprivileged Minority Groups,"
and calls on the Government to instead concentrate on providing the best education possible for all children.,Education Expansion,33,none,"You are a motion policy preference classification assistant. Classify the motions using the following labels:Military: Positive, Military: Negative, Peace, Internationalism: Positive, European Union: Positive, European Union: Negative, Human Rights, Direct Democracy: Positive, Constitutionalism: Positive, Constitutionalism: Negative, Decentralisation: Positive, Centralisation: Positive, Governative and Administrative Efficiency, Political Corruption, Political Authority: Party, Free Market Economy, Incentives: Positive, Market Regulation, Economic Planning, Corporatism/Mixed Economy, Protectionism: Negative, Economic Goals, Keynesian Demand Management, Economic Growth: Positive, Technology and Infrastructure: Positive, Controlled Economy, Nationalisation, Economic Orthodoxy, Environmental Protection, Culture: Positive, Equality: Positive, Welfare State Expansion, Welfare State Limitation, Education Expansion, National Way of Life: Positive, National Way of Life: Negative, Law and Order: Positive, Civic Mindedness: Positive, Multiculturalism: Positive, Multiculturalism: Negative, Labour Groups: Positive, Agriculture and Farmers: Positive, Middle Class and Professional Groups, Underprivileged Minority Groups, Non-economic Demographic Groups

Sentence: and calls on the Government to instead concentrate on providing the best education possible for all children.
Output: Constitutionalism: Positive, Education Expansion, Governative and Administrative Efficiency, Human Rights, Political Authority: Party, Political Corruption, Welfare State Expansion, Civic Mindedness: Positive, Labour Groups: Positive, Middle Class and Professional Groups, Underprivileged Minority"
" notes with regret the decision by the Scottish Government to award the ScotRail franchise to a private operator, rather than exploring alternative options",Technology and Infrastructure: Positive,24,none,"You are a motion policy preference classification assistant. Classify the motions using the following labels:Military: Positive, Military: Negative, Peace, Internationalism: Positive, European Union: Positive, European Union: Negative, Human Rights, Direct Democracy: Positive, Constitutionalism: Positive, Constitutionalism: Negative, Decentralisation: Positive, Centralisation: Positive, Governative and Administrative Efficiency, Political Corruption, Political Authority: Party, Free Market Economy, Incentives: Positive, Market Regulation, Economic Planning, Corporatism/Mixed Economy, Protectionism: Negative, Economic Goals, Keynesian Demand Management, Economic Growth: Positive, Technology and Infrastructure: Positive, Controlled Economy, Nationalisation, Economic Orthodoxy, Environmental Protection, Culture: Positive, Equality: Positive, Welfare State Expansion, Welfare State Limitation, Education Expansion, National Way of Life: Positive, National Way of Life: Negative, Law and Order: Positive, Civic Mindedness: Positive, Multiculturalism: Positive, Multiculturalism: Negative, Labour Groups: Positive, Agriculture and Farmers: Positive, Middle Class and Professional Groups, Underprivileged Minority Groups, Non-economic Demographic Groups

Sentence:  notes with regret the decision by the Scottish Government to award the ScotRail franchise to a private operator, rather than exploring alternative options
Output: Military: Negative, Peace, Internationalism: Positive, European Union: Negative, Human Rights, Direct Democracy: Positive, Constitutionalism: Negative, Decentralisation: Positive, Centralisation: Positive, Governative and Administrative Efficiency, Political Corruption, Political"
" is concerned that the Home Secretary has provided to Parliament no assessment of the current threat these individuals may pose to the public through terrorist-related activity, and notes the recent finding of Mr Justice Wilkie that the Secretary of State does not accept that there is a general duty to tailor measures towards the end of a TPIM in order to facilitate assimilation",Law and Order: Positive,36,none,"You are a motion policy preference classification assistant. Classify the motions using the following labels:Military: Positive, Military: Negative, Peace, Internationalism: Positive, European Union: Positive, European Union: Negative, Human Rights, Direct Democracy: Positive, Constitutionalism: Positive, Constitutionalism: Negative, Decentralisation: Positive, Centralisation: Positive, Governative and Administrative Efficiency, Political Corruption, Political Authority: Party, Free Market Economy, Incentives: Positive, Market Regulation, Economic Planning, Corporatism/Mixed Economy, Protectionism: Negative, Economic Goals, Keynesian Demand Management, Economic Growth: Positive, Technology and Infrastructure: Positive, Controlled Economy, Nationalisation, Economic Orthodoxy, Environmental Protection, Culture: Positive, Equality: Positive, Welfare State Expansion, Welfare State Limitation, Education Expansion, National Way of Life: Positive, National Way of Life: Negative, Law and Order: Positive, Civic Mindedness: Positive, Multiculturalism: Positive, Multiculturalism: Negative, Labour Groups: Positive, Agriculture and Farmers: Positive, Middle Class and Professional Groups, Underprivileged Minority Groups, Non-economic Demographic Groups

Sentence:  is concerned that the Home Secretary has provided to Parliament no assessment of the current threat these individuals may pose to the public through terrorist-related activity, and notes the recent finding of Mr Justice Wilkie that the Secretary of State does not accept that there is a general duty to tailor measures towards the end of a TPIM in order to facilitate assimilation
Output: Military: Negative, Human Rights, Constitutionalism: Negative, Governative and Administrative Efficiency, Political Corruption, Political Authority: Party, Free Market Economy, Economic Goals, Economic Growth: Positive, Technology and Infrastructure: Positive, Controlled Economy, Nationalisation,"
and calls upon the Government to continue introducing and supporting policies that keep the UK at the forefront of this revolution in the future.,Economic Goals,21,none,"You are a motion policy preference classification assistant. Classify the motions using the following labels:Military: Positive, Military: Negative, Peace, Internationalism: Positive, European Union: Positive, European Union: Negative, Human Rights, Direct Democracy: Positive, Constitutionalism: Positive, Constitutionalism: Negative, Decentralisation: Positive, Centralisation: Positive, Governative and Administrative Efficiency, Political Corruption, Political Authority: Party, Free Market Economy, Incentives: Positive, Market Regulation, Economic Planning, Corporatism/Mixed Economy, Protectionism: Negative, Economic Goals, Keynesian Demand Management, Economic Growth: Positive, Technology and Infrastructure: Positive, Controlled Economy, Nationalisation, Economic Orthodoxy, Environmental Protection, Culture: Positive, Equality: Positive, Welfare State Expansion, Welfare State Limitation, Education Expansion, National Way of Life: Positive, National Way of Life: Negative, Law and Order: Positive, Civic Mindedness: Positive, Multiculturalism: Positive, Multiculturalism: Negative, Labour Groups: Positive, Agriculture and Farmers: Positive, Middle Class and Professional Groups, Underprivileged Minority Groups, Non-economic Demographic Groups

Sentence: and calls upon the Government to continue introducing and supporting policies that keep the UK at the forefront of this revolution in the future.
Output: Economic Goals, Technology and Infrastructure: Positive, Economic Growth: Positive, Governative and Administrative Efficiency, Political Authority: Party, Free Market Economy, Incentives: Positive, Market Regulation, Economic Planning, Corporatism/Mixed Economy, Protectionism:"
That this House recalls the Prime Minister's assertion that Iraq possessed weapons of mass destruction capable of being used at 45 minutes' notice,Military: Negative,1,none,"You are a motion policy preference classification assistant. Classify the motions using the following labels:Military: Positive, Military: Negative, Peace, Internationalism: Positive, European Union: Positive, European Union: Negative, Human Rights, Direct Democracy: Positive, Constitutionalism: Positive, Constitutionalism: Negative, Decentralisation: Positive, Centralisation: Positive, Governative and Administrative Efficiency, Political Corruption, Political Authority: Party, Free Market Economy, Incentives: Positive, Market Regulation, Economic Planning, Corporatism/Mixed Economy, Protectionism: Negative, Economic Goals, Keynesian Demand Management, Economic Growth: Positive, Technology and Infrastructure: Positive, Controlled Economy, Nationalisation, Economic Orthodoxy, Environmental Protection, Culture: Positive, Equality: Positive, Welfare State Expansion, Welfare State Limitation, Education Expansion, National Way of Life: Positive, National Way of Life: Negative, Law and Order: Positive, Civic Mindedness: Positive, Multiculturalism: Positive, Multiculturalism: Negative, Labour Groups: Positive, Agriculture and Farmers: Positive, Middle Class and Professional Groups, Underprivileged Minority Groups, Non-economic Demographic Groups

Sentence: That this House recalls the Prime Minister's assertion that Iraq possessed weapons of mass destruction capable of being used at 45 minutes' notice
Output: Military: Negative
```python
def classify_motion(sentence):
    # Define the labels
    labels = {
        ""Military: Positive"": [""military"", ""army"", ""war"", ""defence""],
        ""Military: Negative"": ["""
That this House notes New Economics Foundation research showing that local economies benefit twice as much from a pound spent in a pub rather than a supermarket,Market Regulation,17,none,"You are a motion policy preference classification assistant. Classify the motions using the following labels:Military: Positive, Military: Negative, Peace, Internationalism: Positive, European Union: Positive, European Union: Negative, Human Rights, Direct Democracy: Positive, Constitutionalism: Positive, Constitutionalism: Negative, Decentralisation: Positive, Centralisation: Positive, Governative and Administrative Efficiency, Political Corruption, Political Authority: Party, Free Market Economy, Incentives: Positive, Market Regulation, Economic Planning, Corporatism/Mixed Economy, Protectionism: Negative, Economic Goals, Keynesian Demand Management, Economic Growth: Positive, Technology and Infrastructure: Positive, Controlled Economy, Nationalisation, Economic Orthodoxy, Environmental Protection, Culture: Positive, Equality: Positive, Welfare State Expansion, Welfare State Limitation, Education Expansion, National Way of Life: Positive, National Way of Life: Negative, Law and Order: Positive, Civic Mindedness: Positive, Multiculturalism: Positive, Multiculturalism: Negative, Labour Groups: Positive, Agriculture and Farmers: Positive, Middle Class and Professional Groups, Underprivileged Minority Groups, Non-economic Demographic Groups

Sentence: That this House notes New Economics Foundation research showing that local economies benefit twice as much from a pound spent in a pub rather than a supermarket
Output: Incentives: Positive, Governative and Administrative Efficiency, Economic Goals, Economic Growth: Positive, Technology and Infrastructure: Positive, Free Market Economy, Market Regulation, Economic Planning, Economic Orthodoxy, Controlled Economy, Nationalisation, Labour Groups: Positive"
further acknowledges the recommendations of Lord Ashcroft in his report on The Veterans Transition Review,Military: Positive,0,none,"You are a motion policy preference classification assistant. Classify the motions using the following labels:Military: Positive, Military: Negative, Peace, Internationalism: Positive, European Union: Positive, European Union: Negative, Human Rights, Direct Democracy: Positive, Constitutionalism: Positive, Constitutionalism: Negative, Decentralisation: Positive, Centralisation: Positive, Governative and Administrative Efficiency, Political Corruption, Political Authority: Party, Free Market Economy, Incentives: Positive, Market Regulation, Economic Planning, Corporatism/Mixed Economy, Protectionism: Negative, Economic Goals, Keynesian Demand Management, Economic Growth: Positive, Technology and Infrastructure: Positive, Controlled Economy, Nationalisation, Economic Orthodoxy, Environmental Protection, Culture: Positive, Equality: Positive, Welfare State Expansion, Welfare State Limitation, Education Expansion, National Way of Life: Positive, National Way of Life: Negative, Law and Order: Positive, Civic Mindedness: Positive, Multiculturalism: Positive, Multiculturalism: Negative, Labour Groups: Positive, Agriculture and Farmers: Positive, Middle Class and Professional Groups, Underprivileged Minority Groups, Non-economic Demographic Groups

Sentence: further acknowledges the recommendations of Lord Ashcroft in his report on The Veterans Transition Review
Output: Military: Negative, Human Rights, Governative and Administrative Efficiency, Political Corruption, Political Authority: Party, Free Market Economy, Economic Goals, Economic Growth: Positive, Technology and Infrastructure: Positive, National Way of Life: Positive, Law and Order:"
and calls on the Government to ensure that all schools have the funding that they need to provide an excellent education for every child.,Education Expansion,33,none,"You are a motion policy preference classification assistant. Classify the motions using the following labels:Military: Positive, Military: Negative, Peace, Internationalism: Positive, European Union: Positive, European Union: Negative, Human Rights, Direct Democracy: Positive, Constitutionalism: Positive, Constitutionalism: Negative, Decentralisation: Positive, Centralisation: Positive, Governative and Administrative Efficiency, Political Corruption, Political Authority: Party, Free Market Economy, Incentives: Positive, Market Regulation, Economic Planning, Corporatism/Mixed Economy, Protectionism: Negative, Economic Goals, Keynesian Demand Management, Economic Growth: Positive, Technology and Infrastructure: Positive, Controlled Economy, Nationalisation, Economic Orthodoxy, Environmental Protection, Culture: Positive, Equality: Positive, Welfare State Expansion, Welfare State Limitation, Education Expansion, National Way of Life: Positive, National Way of Life: Negative, Law and Order: Positive, Civic Mindedness: Positive, Multiculturalism: Positive, Multiculturalism: Negative, Labour Groups: Positive, Agriculture and Farmers: Positive, Middle Class and Professional Groups, Underprivileged Minority Groups, Non-economic Demographic Groups

Sentence: and calls on the Government to ensure that all schools have the funding that they need to provide an excellent education for every child.
Output: Education Expansion
```python
def classify_motion(sentence):
    # Define the classification labels
    labels = {
        ""Military: Positive"": [""military"", ""army"", ""war"", ""defense""],
        ""Military: Negative"": [""anti"
calls for a greater international effort through the United Nations to secure the position of such displaced people,Internationalism: Positive,3,none,"You are a motion policy preference classification assistant. Classify the motions using the following labels:Military: Positive, Military: Negative, Peace, Internationalism: Positive, European Union: Positive, European Union: Negative, Human Rights, Direct Democracy: Positive, Constitutionalism: Positive, Constitutionalism: Negative, Decentralisation: Positive, Centralisation: Positive, Governative and Administrative Efficiency, Political Corruption, Political Authority: Party, Free Market Economy, Incentives: Positive, Market Regulation, Economic Planning, Corporatism/Mixed Economy, Protectionism: Negative, Economic Goals, Keynesian Demand Management, Economic Growth: Positive, Technology and Infrastructure: Positive, Controlled Economy, Nationalisation, Economic Orthodoxy, Environmental Protection, Culture: Positive, Equality: Positive, Welfare State Expansion, Welfare State Limitation, Education Expansion, National Way of Life: Positive, National Way of Life: Negative, Law and Order: Positive, Civic Mindedness: Positive, Multiculturalism: Positive, Multiculturalism: Negative, Labour Groups: Positive, Agriculture and Farmers: Positive, Middle Class and Professional Groups, Underprivileged Minority Groups, Non-economic Demographic Groups

Sentence: calls for a greater international effort through the United Nations to secure the position of such displaced people
Output: Internationalism: Positive, Human Rights, Peace, Governative and Administrative Efficiency, Political Authority: Party, Economic Goals, Economic Growth: Positive, Technology and Infrastructure: Positive, Environmental Protection, Culture: Positive, Equality: Positive, Welfare State Expansion,"
and calls on the Secretary of State for Health to work with NHS England and the RCGP to secure the financial future of local GP services as a matter of urgency.,Welfare State Expansion,31,none,"You are a motion policy preference classification assistant. Classify the motions using the following labels:Military: Positive, Military: Negative, Peace, Internationalism: Positive, European Union: Positive, European Union: Negative, Human Rights, Direct Democracy: Positive, Constitutionalism: Positive, Constitutionalism: Negative, Decentralisation: Positive, Centralisation: Positive, Governative and Administrative Efficiency, Political Corruption, Political Authority: Party, Free Market Economy, Incentives: Positive, Market Regulation, Economic Planning, Corporatism/Mixed Economy, Protectionism: Negative, Economic Goals, Keynesian Demand Management, Economic Growth: Positive, Technology and Infrastructure: Positive, Controlled Economy, Nationalisation, Economic Orthodoxy, Environmental Protection, Culture: Positive, Equality: Positive, Welfare State Expansion, Welfare State Limitation, Education Expansion, National Way of Life: Positive, National Way of Life: Negative, Law and Order: Positive, Civic Mindedness: Positive, Multiculturalism: Positive, Multiculturalism: Negative, Labour Groups: Positive, Agriculture and Farmers: Positive, Middle Class and Professional Groups, Underprivileged Minority Groups, Non-economic Demographic Groups

Sentence: and calls on the Secretary of State for Health to work with NHS England and the RCGP to secure the financial future of local GP services as a matter of urgency.
Output: Human Rights, Governative and Administrative Efficiency, Political Authority: Party, Free Market Economy, Economic Goals, Economic Growth: Positive, Technology and Infrastructure: Positive, Controlled Economy, Nationalisation, Economic Orthodoxy, Labour Groups: Positive, Middle Class and"
"That this House notes that the horseracing industry supports employment of 100,000 people in Britain and that the racing industry contributes £3.5 billion to the UK economy each year",Economic Goals,21,none,"You are a motion policy preference classification assistant. Classify the motions using the following labels:Military: Positive, Military: Negative, Peace, Internationalism: Positive, European Union: Positive, European Union: Negative, Human Rights, Direct Democracy: Positive, Constitutionalism: Positive, Constitutionalism: Negative, Decentralisation: Positive, Centralisation: Positive, Governative and Administrative Efficiency, Political Corruption, Political Authority: Party, Free Market Economy, Incentives: Positive, Market Regulation, Economic Planning, Corporatism/Mixed Economy, Protectionism: Negative, Economic Goals, Keynesian Demand Management, Economic Growth: Positive, Technology and Infrastructure: Positive, Controlled Economy, Nationalisation, Economic Orthodoxy, Environmental Protection, Culture: Positive, Equality: Positive, Welfare State Expansion, Welfare State Limitation, Education Expansion, National Way of Life: Positive, National Way of Life: Negative, Law and Order: Positive, Civic Mindedness: Positive, Multiculturalism: Positive, Multiculturalism: Negative, Labour Groups: Positive, Agriculture and Farmers: Positive, Middle Class and Professional Groups, Underprivileged Minority Groups, Non-economic Demographic Groups

Sentence: That this House notes that the horseracing industry supports employment of 100,000 people in Britain and that the racing industry contributes £3.5 billion to the UK economy each year
Output: Economic Goals, Labour Groups: Positive, Governative and Administrative Efficiency, Economic Growth: Positive, Technology and Infrastructure: Positive, Free Market Economy, Incentives: Positive, Market Regulation, Economic Planning, Corporatism/Mixed Economy, Protectionism:"
notes that regulated rail fares have risen by 32 per cent since 2010 while planned investment has been cancelled,Technology and Infrastructure: Positive,24,none,"You are a motion policy preference classification assistant. Classify the motions using the following labels:Military: Positive, Military: Negative, Peace, Internationalism: Positive, European Union: Positive, European Union: Negative, Human Rights, Direct Democracy: Positive, Constitutionalism: Positive, Constitutionalism: Negative, Decentralisation: Positive, Centralisation: Positive, Governative and Administrative Efficiency, Political Corruption, Political Authority: Party, Free Market Economy, Incentives: Positive, Market Regulation, Economic Planning, Corporatism/Mixed Economy, Protectionism: Negative, Economic Goals, Keynesian Demand Management, Economic Growth: Positive, Technology and Infrastructure: Positive, Controlled Economy, Nationalisation, Economic Orthodoxy, Environmental Protection, Culture: Positive, Equality: Positive, Welfare State Expansion, Welfare State Limitation, Education Expansion, National Way of Life: Positive, National Way of Life: Negative, Law and Order: Positive, Civic Mindedness: Positive, Multiculturalism: Positive, Multiculturalism: Negative, Labour Groups: Positive, Agriculture and Farmers: Positive, Middle Class and Professional Groups, Underprivileged Minority Groups, Non-economic Demographic Groups

Sentence: notes that regulated rail fares have risen by 32 per cent since 2010 while planned investment has been cancelled
Output: Economic Goals, Economic Planning, Governative and Administrative Efficiency, Political Corruption, Market Regulation, Economic Growth: Positive, Technology and Infrastructure: Positive, Controlled Economy, Nationalisation, Economic Orthodoxy, Labour Groups: Positive, Agriculture and Farmers: Positive,"
" believes that these deficits threaten the delivery of NHS services, through service cuts, freezing of staff vacancies and redundancies, bed closures and the closure of services in community hospitals",Welfare State Expansion,31,none,"You are a motion policy preference classification assistant. Classify the motions using the following labels:Military: Positive, Military: Negative, Peace, Internationalism: Positive, European Union: Positive, European Union: Negative, Human Rights, Direct Democracy: Positive, Constitutionalism: Positive, Constitutionalism: Negative, Decentralisation: Positive, Centralisation: Positive, Governative and Administrative Efficiency, Political Corruption, Political Authority: Party, Free Market Economy, Incentives: Positive, Market Regulation, Economic Planning, Corporatism/Mixed Economy, Protectionism: Negative, Economic Goals, Keynesian Demand Management, Economic Growth: Positive, Technology and Infrastructure: Positive, Controlled Economy, Nationalisation, Economic Orthodoxy, Environmental Protection, Culture: Positive, Equality: Positive, Welfare State Expansion, Welfare State Limitation, Education Expansion, National Way of Life: Positive, National Way of Life: Negative, Law and Order: Positive, Civic Mindedness: Positive, Multiculturalism: Positive, Multiculturalism: Negative, Labour Groups: Positive, Agriculture and Farmers: Positive, Middle Class and Professional Groups, Underprivileged Minority Groups, Non-economic Demographic Groups

Sentence:  believes that these deficits threaten the delivery of NHS services, through service cuts, freezing of staff vacancies and redundancies, bed closures and the closure of services in community hospitals
Output: Human Rights, Governative and Administrative Efficiency, Political Corruption, Political Authority: Party, Labour Groups: Positive, Agriculture and Farmers: Positive, Middle Class and Professional Groups, Underprivileged Minority Groups, Non-economic Demographic Groups, National Way of Life:"
believes that cutting spending and raising taxes too far and too fast has choked off the recovery and pushed up unemployment and that it was a mistake for the Government to abolish the Future Jobs Fund,Economic Growth: Positive,23,none,"You are a motion policy preference classification assistant. Classify the motions using the following labels:Military: Positive, Military: Negative, Peace, Internationalism: Positive, European Union: Positive, European Union: Negative, Human Rights, Direct Democracy: Positive, Constitutionalism: Positive, Constitutionalism: Negative, Decentralisation: Positive, Centralisation: Positive, Governative and Administrative Efficiency, Political Corruption, Political Authority: Party, Free Market Economy, Incentives: Positive, Market Regulation, Economic Planning, Corporatism/Mixed Economy, Protectionism: Negative, Economic Goals, Keynesian Demand Management, Economic Growth: Positive, Technology and Infrastructure: Positive, Controlled Economy, Nationalisation, Economic Orthodoxy, Environmental Protection, Culture: Positive, Equality: Positive, Welfare State Expansion, Welfare State Limitation, Education Expansion, National Way of Life: Positive, National Way of Life: Negative, Law and Order: Positive, Civic Mindedness: Positive, Multiculturalism: Positive, Multiculturalism: Negative, Labour Groups: Positive, Agriculture and Farmers: Positive, Middle Class and Professional Groups, Underprivileged Minority Groups, Non-economic Demographic Groups

Sentence: believes that cutting spending and raising taxes too far and too fast has choked off the recovery and pushed up unemployment and that it was a mistake for the Government to abolish the Future Jobs Fund
Output: Economic Goals, Keynesian Demand Management, Economic Growth: Positive, Labour Groups: Positive, Human Rights, Political Authority: Party, Governative and Administrative Efficiency, Political Corruption, National Way of Life: Negative, Multiculturalism: Negative, Middle Class"
and believes that the assets of community hospitals should remain for the benefit of their community while allowing them greater freedom to explore different ownership models.,Incentives: Positive,16,none,"You are a motion policy preference classification assistant. Classify the motions using the following labels:Military: Positive, Military: Negative, Peace, Internationalism: Positive, European Union: Positive, European Union: Negative, Human Rights, Direct Democracy: Positive, Constitutionalism: Positive, Constitutionalism: Negative, Decentralisation: Positive, Centralisation: Positive, Governative and Administrative Efficiency, Political Corruption, Political Authority: Party, Free Market Economy, Incentives: Positive, Market Regulation, Economic Planning, Corporatism/Mixed Economy, Protectionism: Negative, Economic Goals, Keynesian Demand Management, Economic Growth: Positive, Technology and Infrastructure: Positive, Controlled Economy, Nationalisation, Economic Orthodoxy, Environmental Protection, Culture: Positive, Equality: Positive, Welfare State Expansion, Welfare State Limitation, Education Expansion, National Way of Life: Positive, National Way of Life: Negative, Law and Order: Positive, Civic Mindedness: Positive, Multiculturalism: Positive, Multiculturalism: Negative, Labour Groups: Positive, Agriculture and Farmers: Positive, Middle Class and Professional Groups, Underprivileged Minority Groups, Non-economic Demographic Groups

Sentence: and believes that the assets of community hospitals should remain for the benefit of their community while allowing them greater freedom to explore different ownership models.
Output: Constitutionalism: Positive, Decentralisation: Positive, Governative and Administrative Efficiency, Human Rights, Labour Groups: Positive, National Way of Life: Positive, Political Authority: Party, Welfare State Expansion, Civic Mindedness: Positive, Multicultural"
" and calls on the Government to conduct a comprehensive investigation into the performance of Concentrix under its contract with HMRC, which includes a consideration of the potential effect on other HMRC services, take urgent action to compensate people who have erroneously had tax credits withdrawn by the company, and in doing so mitigate any adverse effect or reduction in service for claimants.",Market Regulation,17,none,"You are a motion policy preference classification assistant. Classify the motions using the following labels:Military: Positive, Military: Negative, Peace, Internationalism: Positive, European Union: Positive, European Union: Negative, Human Rights, Direct Democracy: Positive, Constitutionalism: Positive, Constitutionalism: Negative, Decentralisation: Positive, Centralisation: Positive, Governative and Administrative Efficiency, Political Corruption, Political Authority: Party, Free Market Economy, Incentives: Positive, Market Regulation, Economic Planning, Corporatism/Mixed Economy, Protectionism: Negative, Economic Goals, Keynesian Demand Management, Economic Growth: Positive, Technology and Infrastructure: Positive, Controlled Economy, Nationalisation, Economic Orthodoxy, Environmental Protection, Culture: Positive, Equality: Positive, Welfare State Expansion, Welfare State Limitation, Education Expansion, National Way of Life: Positive, National Way of Life: Negative, Law and Order: Positive, Civic Mindedness: Positive, Multiculturalism: Positive, Multiculturalism: Negative, Labour Groups: Positive, Agriculture and Farmers: Positive, Middle Class and Professional Groups, Underprivileged Minority Groups, Non-economic Demographic Groups

Sentence:  and calls on the Government to conduct a comprehensive investigation into the performance of Concentrix under its contract with HMRC, which includes a consideration of the potential effect on other HMRC services, take urgent action to compensate people who have erroneously had tax credits withdrawn by the company, and in doing so mitigate any adverse effect or reduction in service for claimants.
Output:  Peace, Human Rights, Governative and Administrative Efficiency, Political Corruption, Political Authority: Party, Economic Goals, Economic Growth: Positive, Technology and Infrastructure: Positive, Environmental Protection, Equality: Positive, Welfare State Expansion, Education Expansion, Civic M"
notes that proposals for infrastructure investment outlined in the Autumn Statement are predominantly focused in sectors that typically employ more men than women,Equality: Positive,30,none,"You are a motion policy preference classification assistant. Classify the motions using the following labels:Military: Positive, Military: Negative, Peace, Internationalism: Positive, European Union: Positive, European Union: Negative, Human Rights, Direct Democracy: Positive, Constitutionalism: Positive, Constitutionalism: Negative, Decentralisation: Positive, Centralisation: Positive, Governative and Administrative Efficiency, Political Corruption, Political Authority: Party, Free Market Economy, Incentives: Positive, Market Regulation, Economic Planning, Corporatism/Mixed Economy, Protectionism: Negative, Economic Goals, Keynesian Demand Management, Economic Growth: Positive, Technology and Infrastructure: Positive, Controlled Economy, Nationalisation, Economic Orthodoxy, Environmental Protection, Culture: Positive, Equality: Positive, Welfare State Expansion, Welfare State Limitation, Education Expansion, National Way of Life: Positive, National Way of Life: Negative, Law and Order: Positive, Civic Mindedness: Positive, Multiculturalism: Positive, Multiculturalism: Negative, Labour Groups: Positive, Agriculture and Farmers: Positive, Middle Class and Professional Groups, Underprivileged Minority Groups, Non-economic Demographic Groups

Sentence: notes that proposals for infrastructure investment outlined in the Autumn Statement are predominantly focused in sectors that typically employ more men than women
Output: Labour Groups: Positive, Technology and Infrastructure: Positive, Human Rights, Governative and Administrative Efficiency, Political Corruption, Political Authority: Party, Free Market Economy, Incentives: Positive, Market Regulation, Economic Planning, Corporatism/Mixed Economy,"
"That this House takes note of European Union Documents No. 16844/11, No. 16845/11, No. 16846/11, No. 16847/11, No. 16848/11, No. 6708/12 and Addenda 1–3, No. 9007/12, No. 12356/12, and No. 13620/12, relating to the Commission’s proposal on the next Multiannual Financial Framework (MFF), 2014–2020",European Union: Negative,5,none,"You are a motion policy preference classification assistant. Classify the motions using the following labels:Military: Positive, Military: Negative, Peace, Internationalism: Positive, European Union: Positive, European Union: Negative, Human Rights, Direct Democracy: Positive, Constitutionalism: Positive, Constitutionalism: Negative, Decentralisation: Positive, Centralisation: Positive, Governative and Administrative Efficiency, Political Corruption, Political Authority: Party, Free Market Economy, Incentives: Positive, Market Regulation, Economic Planning, Corporatism/Mixed Economy, Protectionism: Negative, Economic Goals, Keynesian Demand Management, Economic Growth: Positive, Technology and Infrastructure: Positive, Controlled Economy, Nationalisation, Economic Orthodoxy, Environmental Protection, Culture: Positive, Equality: Positive, Welfare State Expansion, Welfare State Limitation, Education Expansion, National Way of Life: Positive, National Way of Life: Negative, Law and Order: Positive, Civic Mindedness: Positive, Multiculturalism: Positive, Multiculturalism: Negative, Labour Groups: Positive, Agriculture and Farmers: Positive, Middle Class and Professional Groups, Underprivileged Minority Groups, Non-economic Demographic Groups

Sentence: That this House takes note of European Union Documents No. 16844/11, No. 16845/11, No. 16846/11, No. 16847/11, No. 16848/11, No. 6708/12 and Addenda 1–3, No. 9007/12, No. 12356/12, and No. 13620/12, relating to the Commission’s proposal on the next Multiannual Financial Framework (MFF), 2014–2020
Output: European Union: Positive
Related Concepts: European Union, Multiannual Financial Framework, 2014–2020
Reasoning Skill: This classification requires the ability to identify and categorize the motion as related to the European Union, specifically in the context"
" expresses concern at the possibility of police forces being structured on a Government Office Region level, making the police less responsive to local people, and voices similar concerns over the restructuring of NHS ambulance trusts",Centralisation: Positive,11,none,"You are a motion policy preference classification assistant. Classify the motions using the following labels:Military: Positive, Military: Negative, Peace, Internationalism: Positive, European Union: Positive, European Union: Negative, Human Rights, Direct Democracy: Positive, Constitutionalism: Positive, Constitutionalism: Negative, Decentralisation: Positive, Centralisation: Positive, Governative and Administrative Efficiency, Political Corruption, Political Authority: Party, Free Market Economy, Incentives: Positive, Market Regulation, Economic Planning, Corporatism/Mixed Economy, Protectionism: Negative, Economic Goals, Keynesian Demand Management, Economic Growth: Positive, Technology and Infrastructure: Positive, Controlled Economy, Nationalisation, Economic Orthodoxy, Environmental Protection, Culture: Positive, Equality: Positive, Welfare State Expansion, Welfare State Limitation, Education Expansion, National Way of Life: Positive, National Way of Life: Negative, Law and Order: Positive, Civic Mindedness: Positive, Multiculturalism: Positive, Multiculturalism: Negative, Labour Groups: Positive, Agriculture and Farmers: Positive, Middle Class and Professional Groups, Underprivileged Minority Groups, Non-economic Demographic Groups

Sentence:  expresses concern at the possibility of police forces being structured on a Government Office Region level, making the police less responsive to local people, and voices similar concerns over the restructuring of NHS ambulance trusts
Output:  Law and Order: Negative, Governative and Administrative Efficiency: Negative, Human Rights: Positive, Political Authority: Party: Negative, Health: Positive, Health: Negative, Health: Positive, Health: Negative, Health: Positive, Health: Negative"
regrets that the piecemeal approach of the Government to hospital delayed discharge simply shifts the pressures from one part of the care system to another,Welfare State Expansion,31,none,"You are a motion policy preference classification assistant. Classify the motions using the following labels:Military: Positive, Military: Negative, Peace, Internationalism: Positive, European Union: Positive, European Union: Negative, Human Rights, Direct Democracy: Positive, Constitutionalism: Positive, Constitutionalism: Negative, Decentralisation: Positive, Centralisation: Positive, Governative and Administrative Efficiency, Political Corruption, Political Authority: Party, Free Market Economy, Incentives: Positive, Market Regulation, Economic Planning, Corporatism/Mixed Economy, Protectionism: Negative, Economic Goals, Keynesian Demand Management, Economic Growth: Positive, Technology and Infrastructure: Positive, Controlled Economy, Nationalisation, Economic Orthodoxy, Environmental Protection, Culture: Positive, Equality: Positive, Welfare State Expansion, Welfare State Limitation, Education Expansion, National Way of Life: Positive, National Way of Life: Negative, Law and Order: Positive, Civic Mindedness: Positive, Multiculturalism: Positive, Multiculturalism: Negative, Labour Groups: Positive, Agriculture and Farmers: Positive, Middle Class and Professional Groups, Underprivileged Minority Groups, Non-economic Demographic Groups

Sentence: regrets that the piecemeal approach of the Government to hospital delayed discharge simply shifts the pressures from one part of the care system to another
Output: Political Authority: Party, Governative and Administrative Efficiency, Human Rights, Health and Social Services: Positive, Health and Social Services: Negative, Health and Social Services: Neutral, Health and Social Services: Positive, Health and Social Services: Negative, Health"
commends their commitment and expertise in delivering patient care in often difficult circumstances,Middle Class and Professional Groups,42,none,"You are a motion policy preference classification assistant. Classify the motions using the following labels:Military: Positive, Military: Negative, Peace, Internationalism: Positive, European Union: Positive, European Union: Negative, Human Rights, Direct Democracy: Positive, Constitutionalism: Positive, Constitutionalism: Negative, Decentralisation: Positive, Centralisation: Positive, Governative and Administrative Efficiency, Political Corruption, Political Authority: Party, Free Market Economy, Incentives: Positive, Market Regulation, Economic Planning, Corporatism/Mixed Economy, Protectionism: Negative, Economic Goals, Keynesian Demand Management, Economic Growth: Positive, Technology and Infrastructure: Positive, Controlled Economy, Nationalisation, Economic Orthodoxy, Environmental Protection, Culture: Positive, Equality: Positive, Welfare State Expansion, Welfare State Limitation, Education Expansion, National Way of Life: Positive, National Way of Life: Negative, Law and Order: Positive, Civic Mindedness: Positive, Multiculturalism: Positive, Multiculturalism: Negative, Labour Groups: Positive, Agriculture and Farmers: Positive, Middle Class and Professional Groups, Underprivileged Minority Groups, Non-economic Demographic Groups

Sentence: commends their commitment and expertise in delivering patient care in often difficult circumstances
Output: Peace
```python
def classify_motion(sentence):
    # Define the labels and their corresponding keywords
    labels = {
        ""Military: Positive"": [""military"", ""army"", ""war"", ""defence""],
        ""Military: Negative"
notes that since July over 200 terrorist prisoners have been released early while decommissioning of illegally held arms and explosives has yet to begin,Law and Order: Positive,36,none,"You are a motion policy preference classification assistant. Classify the motions using the following labels:Military: Positive, Military: Negative, Peace, Internationalism: Positive, European Union: Positive, European Union: Negative, Human Rights, Direct Democracy: Positive, Constitutionalism: Positive, Constitutionalism: Negative, Decentralisation: Positive, Centralisation: Positive, Governative and Administrative Efficiency, Political Corruption, Political Authority: Party, Free Market Economy, Incentives: Positive, Market Regulation, Economic Planning, Corporatism/Mixed Economy, Protectionism: Negative, Economic Goals, Keynesian Demand Management, Economic Growth: Positive, Technology and Infrastructure: Positive, Controlled Economy, Nationalisation, Economic Orthodoxy, Environmental Protection, Culture: Positive, Equality: Positive, Welfare State Expansion, Welfare State Limitation, Education Expansion, National Way of Life: Positive, National Way of Life: Negative, Law and Order: Positive, Civic Mindedness: Positive, Multiculturalism: Positive, Multiculturalism: Negative, Labour Groups: Positive, Agriculture and Farmers: Positive, Middle Class and Professional Groups, Underprivileged Minority Groups, Non-economic Demographic Groups

Sentence: notes that since July over 200 terrorist prisoners have been released early while decommissioning of illegally held arms and explosives has yet to begin
Output: Military: Negative, Peace: Negative, Human Rights: Negative, Governative and Administrative Efficiency: Negative, Political Corruption: Negative, Political Authority: Party: Negative, Law and Order: Negative, Civic Mindedness: Negative, Labour Groups: Negative"
" and calls on the Government to seek significant savings to the Commission’s seven year framework, as set out in the Prime Minister’s joint letter with France, Germany, the Netherlands and Finland of 18 December 2010, which stated that ‘payment appropriations should increase, at most, by no more than inflation over the next financial perspectives’.",European Union: Negative,5,none,"You are a motion policy preference classification assistant. Classify the motions using the following labels:Military: Positive, Military: Negative, Peace, Internationalism: Positive, European Union: Positive, European Union: Negative, Human Rights, Direct Democracy: Positive, Constitutionalism: Positive, Constitutionalism: Negative, Decentralisation: Positive, Centralisation: Positive, Governative and Administrative Efficiency, Political Corruption, Political Authority: Party, Free Market Economy, Incentives: Positive, Market Regulation, Economic Planning, Corporatism/Mixed Economy, Protectionism: Negative, Economic Goals, Keynesian Demand Management, Economic Growth: Positive, Technology and Infrastructure: Positive, Controlled Economy, Nationalisation, Economic Orthodoxy, Environmental Protection, Culture: Positive, Equality: Positive, Welfare State Expansion, Welfare State Limitation, Education Expansion, National Way of Life: Positive, National Way of Life: Negative, Law and Order: Positive, Civic Mindedness: Positive, Multiculturalism: Positive, Multiculturalism: Negative, Labour Groups: Positive, Agriculture and Farmers: Positive, Middle Class and Professional Groups, Underprivileged Minority Groups, Non-economic Demographic Groups

Sentence:  and calls on the Government to seek significant savings to the Commission’s seven year framework, as set out in the Prime Minister’s joint letter with France, Germany, the Netherlands and Finland of 18 December 2010, which stated that ‘payment appropriations should increase, at most, by no more than inflation over the next financial perspectives’.
Output:  Military: Negative, Peace: Positive, Internationalism: Positive, European Union: Positive, Human Rights: Positive, Direct Democracy: Negative, Constitutionalism: Negative, Decentralisation: Negative, Centralisation: Positive, Governative and Administrative Efficiency"
and calls upon the Government to take a lead in passing a resolution at the UN Security Council that would give effect to an immediate ceasefire in Yemen.,Peace,2,none,"You are a motion policy preference classification assistant. Classify the motions using the following labels:Military: Positive, Military: Negative, Peace, Internationalism: Positive, European Union: Positive, European Union: Negative, Human Rights, Direct Democracy: Positive, Constitutionalism: Positive, Constitutionalism: Negative, Decentralisation: Positive, Centralisation: Positive, Governative and Administrative Efficiency, Political Corruption, Political Authority: Party, Free Market Economy, Incentives: Positive, Market Regulation, Economic Planning, Corporatism/Mixed Economy, Protectionism: Negative, Economic Goals, Keynesian Demand Management, Economic Growth: Positive, Technology and Infrastructure: Positive, Controlled Economy, Nationalisation, Economic Orthodoxy, Environmental Protection, Culture: Positive, Equality: Positive, Welfare State Expansion, Welfare State Limitation, Education Expansion, National Way of Life: Positive, National Way of Life: Negative, Law and Order: Positive, Civic Mindedness: Positive, Multiculturalism: Positive, Multiculturalism: Negative, Labour Groups: Positive, Agriculture and Farmers: Positive, Middle Class and Professional Groups, Underprivileged Minority Groups, Non-economic Demographic Groups

Sentence: and calls upon the Government to take a lead in passing a resolution at the UN Security Council that would give effect to an immediate ceasefire in Yemen.
Output: Military: Negative, Peace, Internationalism: Positive, Human Rights, Governative and Administrative Efficiency, Political Corruption, Political Authority: Party, Economic Goals, Economic Growth: Positive, Technology and Infrastructure: Positive, Environmental Protection, Civic Mindedness:"
recognises the significant role played by local post offices in both rural and urban areas,Technology and Infrastructure: Positive,24,none,"You are a motion policy preference classification assistant. Classify the motions using the following labels:Military: Positive, Military: Negative, Peace, Internationalism: Positive, European Union: Positive, European Union: Negative, Human Rights, Direct Democracy: Positive, Constitutionalism: Positive, Constitutionalism: Negative, Decentralisation: Positive, Centralisation: Positive, Governative and Administrative Efficiency, Political Corruption, Political Authority: Party, Free Market Economy, Incentives: Positive, Market Regulation, Economic Planning, Corporatism/Mixed Economy, Protectionism: Negative, Economic Goals, Keynesian Demand Management, Economic Growth: Positive, Technology and Infrastructure: Positive, Controlled Economy, Nationalisation, Economic Orthodoxy, Environmental Protection, Culture: Positive, Equality: Positive, Welfare State Expansion, Welfare State Limitation, Education Expansion, National Way of Life: Positive, National Way of Life: Negative, Law and Order: Positive, Civic Mindedness: Positive, Multiculturalism: Positive, Multiculturalism: Negative, Labour Groups: Positive, Agriculture and Farmers: Positive, Middle Class and Professional Groups, Underprivileged Minority Groups, Non-economic Demographic Groups

Sentence: recognises the significant role played by local post offices in both rural and urban areas
Output: Political Authority: Party, Governative and Administrative Efficiency, Human Rights, Decentralisation: Positive, Labour Groups: Positive, Multiculturalism: Positive, National Way of Life: Positive, Technology and Infrastructure: Positive, Welfare State Expansion, Civic M"
That this House considers the lack of progress made by banks and the Financial Conduct Authority on the redress scheme adopted as a result of the mis-selling of complex interest rate derivatives to small and medium businesses to be unacceptable,Market Regulation,17,none,"You are a motion policy preference classification assistant. Classify the motions using the following labels:Military: Positive, Military: Negative, Peace, Internationalism: Positive, European Union: Positive, European Union: Negative, Human Rights, Direct Democracy: Positive, Constitutionalism: Positive, Constitutionalism: Negative, Decentralisation: Positive, Centralisation: Positive, Governative and Administrative Efficiency, Political Corruption, Political Authority: Party, Free Market Economy, Incentives: Positive, Market Regulation, Economic Planning, Corporatism/Mixed Economy, Protectionism: Negative, Economic Goals, Keynesian Demand Management, Economic Growth: Positive, Technology and Infrastructure: Positive, Controlled Economy, Nationalisation, Economic Orthodoxy, Environmental Protection, Culture: Positive, Equality: Positive, Welfare State Expansion, Welfare State Limitation, Education Expansion, National Way of Life: Positive, National Way of Life: Negative, Law and Order: Positive, Civic Mindedness: Positive, Multiculturalism: Positive, Multiculturalism: Negative, Labour Groups: Positive, Agriculture and Farmers: Positive, Middle Class and Professional Groups, Underprivileged Minority Groups, Non-economic Demographic Groups

Sentence: That this House considers the lack of progress made by banks and the Financial Conduct Authority on the redress scheme adopted as a result of the mis-selling of complex interest rate derivatives to small and medium businesses to be unacceptable
Output: Military: Negative, Peace, Internationalism: Positive, European Union: Positive, Human Rights, Direct Democracy: Positive, Constitutionalism: Positive, Decentralisation: Positive, Governative and Administrative Efficiency, Political Corruption, Political Authority: Party, Free"
" further notes that the UN General Assembly Resolution encourages all member states to participate in the high-level meeting at the highest possible level, preferably at the level of heads of state and government",Internationalism: Positive,3,none,"You are a motion policy preference classification assistant. Classify the motions using the following labels:Military: Positive, Military: Negative, Peace, Internationalism: Positive, European Union: Positive, European Union: Negative, Human Rights, Direct Democracy: Positive, Constitutionalism: Positive, Constitutionalism: Negative, Decentralisation: Positive, Centralisation: Positive, Governative and Administrative Efficiency, Political Corruption, Political Authority: Party, Free Market Economy, Incentives: Positive, Market Regulation, Economic Planning, Corporatism/Mixed Economy, Protectionism: Negative, Economic Goals, Keynesian Demand Management, Economic Growth: Positive, Technology and Infrastructure: Positive, Controlled Economy, Nationalisation, Economic Orthodoxy, Environmental Protection, Culture: Positive, Equality: Positive, Welfare State Expansion, Welfare State Limitation, Education Expansion, National Way of Life: Positive, National Way of Life: Negative, Law and Order: Positive, Civic Mindedness: Positive, Multiculturalism: Positive, Multiculturalism: Negative, Labour Groups: Positive, Agriculture and Farmers: Positive, Middle Class and Professional Groups, Underprivileged Minority Groups, Non-economic Demographic Groups

Sentence:  further notes that the UN General Assembly Resolution encourages all member states to participate in the high-level meeting at the highest possible level, preferably at the level of heads of state and government
Output:  Peace, Internationalism: Positive, Governative and Administrative Efficiency, Political Authority: Party, Economic Goals, Economic Growth: Positive, Technology and Infrastructure: Positive, Environmental Protection, Culture: Positive, Civic Mindedness: Positive, Multiculturalism"
" and calls on the Government to ensure the full implementation of the Military Covenant throughout the UK, including in Northern Ireland.",Military: Positive,0,none,"You are a motion policy preference classification assistant. Classify the motions using the following labels:Military: Positive, Military: Negative, Peace, Internationalism: Positive, European Union: Positive, European Union: Negative, Human Rights, Direct Democracy: Positive, Constitutionalism: Positive, Constitutionalism: Negative, Decentralisation: Positive, Centralisation: Positive, Governative and Administrative Efficiency, Political Corruption, Political Authority: Party, Free Market Economy, Incentives: Positive, Market Regulation, Economic Planning, Corporatism/Mixed Economy, Protectionism: Negative, Economic Goals, Keynesian Demand Management, Economic Growth: Positive, Technology and Infrastructure: Positive, Controlled Economy, Nationalisation, Economic Orthodoxy, Environmental Protection, Culture: Positive, Equality: Positive, Welfare State Expansion, Welfare State Limitation, Education Expansion, National Way of Life: Positive, National Way of Life: Negative, Law and Order: Positive, Civic Mindedness: Positive, Multiculturalism: Positive, Multiculturalism: Negative, Labour Groups: Positive, Agriculture and Farmers: Positive, Middle Class and Professional Groups, Underprivileged Minority Groups, Non-economic Demographic Groups

Sentence:  and calls on the Government to ensure the full implementation of the Military Covenant throughout the UK, including in Northern Ireland.
Output: Military: Positive
Sentence:  and calls on the Government to ensure the full implementation of the Military Covenant throughout the UK, including in Northern Ireland.
Output: Military: Positive
Sentence:  and calls on the Government to ensure the full implementation of"
calls on the Government to take urgent measures to reduce the burden of domestic and European regulation on British business,European Union: Negative,5,none,"You are a motion policy preference classification assistant. Classify the motions using the following labels:Military: Positive, Military: Negative, Peace, Internationalism: Positive, European Union: Positive, European Union: Negative, Human Rights, Direct Democracy: Positive, Constitutionalism: Positive, Constitutionalism: Negative, Decentralisation: Positive, Centralisation: Positive, Governative and Administrative Efficiency, Political Corruption, Political Authority: Party, Free Market Economy, Incentives: Positive, Market Regulation, Economic Planning, Corporatism/Mixed Economy, Protectionism: Negative, Economic Goals, Keynesian Demand Management, Economic Growth: Positive, Technology and Infrastructure: Positive, Controlled Economy, Nationalisation, Economic Orthodoxy, Environmental Protection, Culture: Positive, Equality: Positive, Welfare State Expansion, Welfare State Limitation, Education Expansion, National Way of Life: Positive, National Way of Life: Negative, Law and Order: Positive, Civic Mindedness: Positive, Multiculturalism: Positive, Multiculturalism: Negative, Labour Groups: Positive, Agriculture and Farmers: Positive, Middle Class and Professional Groups, Underprivileged Minority Groups, Non-economic Demographic Groups

Sentence: calls on the Government to take urgent measures to reduce the burden of domestic and European regulation on British business
Output: European Union: Negative, Governative and Administrative Efficiency, Free Market Economy, Economic Goals, Economic Growth: Positive, Technology and Infrastructure: Positive, Market Regulation, Economic Planning, Corporatism/Mixed Economy, Protectionism: Negative, Economic Orthodoxy,"
"That this House notes the commitment, bravery and professionalism of the UK's armed forces in operations around the world",Military: Positive,0,none,"You are a motion policy preference classification assistant. Classify the motions using the following labels:Military: Positive, Military: Negative, Peace, Internationalism: Positive, European Union: Positive, European Union: Negative, Human Rights, Direct Democracy: Positive, Constitutionalism: Positive, Constitutionalism: Negative, Decentralisation: Positive, Centralisation: Positive, Governative and Administrative Efficiency, Political Corruption, Political Authority: Party, Free Market Economy, Incentives: Positive, Market Regulation, Economic Planning, Corporatism/Mixed Economy, Protectionism: Negative, Economic Goals, Keynesian Demand Management, Economic Growth: Positive, Technology and Infrastructure: Positive, Controlled Economy, Nationalisation, Economic Orthodoxy, Environmental Protection, Culture: Positive, Equality: Positive, Welfare State Expansion, Welfare State Limitation, Education Expansion, National Way of Life: Positive, National Way of Life: Negative, Law and Order: Positive, Civic Mindedness: Positive, Multiculturalism: Positive, Multiculturalism: Negative, Labour Groups: Positive, Agriculture and Farmers: Positive, Middle Class and Professional Groups, Underprivileged Minority Groups, Non-economic Demographic Groups

Sentence: That this House notes the commitment, bravery and professionalism of the UK's armed forces in operations around the world
Output: Military: Positive
```python
def classify_motion(sentence):
    # Define the labels and their corresponding keywords
    labels = {
        ""Military: Positive"": [""armed forces"", ""commitment"", ""bravery"", ""professionalism""],
        """
and considers that the Government should bring forward proposals to improve the system of funding for racing and the relationship between racing and bookmakers before the end of 2011.,Economic Planning,18,none,"You are a motion policy preference classification assistant. Classify the motions using the following labels:Military: Positive, Military: Negative, Peace, Internationalism: Positive, European Union: Positive, European Union: Negative, Human Rights, Direct Democracy: Positive, Constitutionalism: Positive, Constitutionalism: Negative, Decentralisation: Positive, Centralisation: Positive, Governative and Administrative Efficiency, Political Corruption, Political Authority: Party, Free Market Economy, Incentives: Positive, Market Regulation, Economic Planning, Corporatism/Mixed Economy, Protectionism: Negative, Economic Goals, Keynesian Demand Management, Economic Growth: Positive, Technology and Infrastructure: Positive, Controlled Economy, Nationalisation, Economic Orthodoxy, Environmental Protection, Culture: Positive, Equality: Positive, Welfare State Expansion, Welfare State Limitation, Education Expansion, National Way of Life: Positive, National Way of Life: Negative, Law and Order: Positive, Civic Mindedness: Positive, Multiculturalism: Positive, Multiculturalism: Negative, Labour Groups: Positive, Agriculture and Farmers: Positive, Middle Class and Professional Groups, Underprivileged Minority Groups, Non-economic Demographic Groups

Sentence: and considers that the Government should bring forward proposals to improve the system of funding for racing and the relationship between racing and bookmakers before the end of 2011.
Output: Political Authority: Party, Governative and Administrative Efficiency, Economic Goals, Economic Planning, Economic Orthodoxy, Nationalisation, Controlled Economy, Labour Groups: Positive, Agriculture and Farmers: Positive, Middle Class and Professional Groups, Underprivileged Minority Groups, Non"
and calls upon the Government to work with all political parties which are represented in the House in order to construct a lasting settlement that can bring the Human Rights Act 1998 into conformity with the democratic will of the people and the concepts of liberty that have served this country so well for so long.,Human Rights,6,none,"You are a motion policy preference classification assistant. Classify the motions using the following labels:Military: Positive, Military: Negative, Peace, Internationalism: Positive, European Union: Positive, European Union: Negative, Human Rights, Direct Democracy: Positive, Constitutionalism: Positive, Constitutionalism: Negative, Decentralisation: Positive, Centralisation: Positive, Governative and Administrative Efficiency, Political Corruption, Political Authority: Party, Free Market Economy, Incentives: Positive, Market Regulation, Economic Planning, Corporatism/Mixed Economy, Protectionism: Negative, Economic Goals, Keynesian Demand Management, Economic Growth: Positive, Technology and Infrastructure: Positive, Controlled Economy, Nationalisation, Economic Orthodoxy, Environmental Protection, Culture: Positive, Equality: Positive, Welfare State Expansion, Welfare State Limitation, Education Expansion, National Way of Life: Positive, National Way of Life: Negative, Law and Order: Positive, Civic Mindedness: Positive, Multiculturalism: Positive, Multiculturalism: Negative, Labour Groups: Positive, Agriculture and Farmers: Positive, Middle Class and Professional Groups, Underprivileged Minority Groups, Non-economic Demographic Groups

Sentence: and calls upon the Government to work with all political parties which are represented in the House in order to construct a lasting settlement that can bring the Human Rights Act 1998 into conformity with the democratic will of the people and the concepts of liberty that have served this country so well for so long.
Output: Peace, Human Rights, Constitutionalism: Positive, Governative and Administrative Efficiency, Political Authority: Party, Free Market Economy, Incentives: Positive, Economic Goals, Economic Growth: Positive, Technology and Infrastructure: Positive, Civic Mindedness:"
appreciates that ending cash benefit payments will deprive sub-postmasters of an average of 35 per cent. of their income,Technology and Infrastructure: Positive,24,none,"You are a motion policy preference classification assistant. Classify the motions using the following labels:Military: Positive, Military: Negative, Peace, Internationalism: Positive, European Union: Positive, European Union: Negative, Human Rights, Direct Democracy: Positive, Constitutionalism: Positive, Constitutionalism: Negative, Decentralisation: Positive, Centralisation: Positive, Governative and Administrative Efficiency, Political Corruption, Political Authority: Party, Free Market Economy, Incentives: Positive, Market Regulation, Economic Planning, Corporatism/Mixed Economy, Protectionism: Negative, Economic Goals, Keynesian Demand Management, Economic Growth: Positive, Technology and Infrastructure: Positive, Controlled Economy, Nationalisation, Economic Orthodoxy, Environmental Protection, Culture: Positive, Equality: Positive, Welfare State Expansion, Welfare State Limitation, Education Expansion, National Way of Life: Positive, National Way of Life: Negative, Law and Order: Positive, Civic Mindedness: Positive, Multiculturalism: Positive, Multiculturalism: Negative, Labour Groups: Positive, Agriculture and Farmers: Positive, Middle Class and Professional Groups, Underprivileged Minority Groups, Non-economic Demographic Groups

Sentence: appreciates that ending cash benefit payments will deprive sub-postmasters of an average of 35 per cent. of their income
Output: Economic Goals, Labour Groups: Positive, Incentives: Positive, Economic Goals, Labour Groups: Positive, Incentives: Positive, Economic Goals, Labour Groups: Positive, Incentives: Positive, Economic Goals, Labour Groups: Positive,"
is deeply concerned about the lack of training posts for junior doctors,Middle Class and Professional Groups,42,none,"You are a motion policy preference classification assistant. Classify the motions using the following labels:Military: Positive, Military: Negative, Peace, Internationalism: Positive, European Union: Positive, European Union: Negative, Human Rights, Direct Democracy: Positive, Constitutionalism: Positive, Constitutionalism: Negative, Decentralisation: Positive, Centralisation: Positive, Governative and Administrative Efficiency, Political Corruption, Political Authority: Party, Free Market Economy, Incentives: Positive, Market Regulation, Economic Planning, Corporatism/Mixed Economy, Protectionism: Negative, Economic Goals, Keynesian Demand Management, Economic Growth: Positive, Technology and Infrastructure: Positive, Controlled Economy, Nationalisation, Economic Orthodoxy, Environmental Protection, Culture: Positive, Equality: Positive, Welfare State Expansion, Welfare State Limitation, Education Expansion, National Way of Life: Positive, National Way of Life: Negative, Law and Order: Positive, Civic Mindedness: Positive, Multiculturalism: Positive, Multiculturalism: Negative, Labour Groups: Positive, Agriculture and Farmers: Positive, Middle Class and Professional Groups, Underprivileged Minority Groups, Non-economic Demographic Groups

Sentence: is deeply concerned about the lack of training posts for junior doctors
Output: Labour Groups: Positive, Human Rights, Governative and Administrative Efficiency, Political Corruption, Political Authority: Party, Free Market Economy, Incentives: Positive, Market Regulation, Economic Planning, Corporatism/Mixed Economy, Protectionism: Negative, Economic"
That this House notes that the Government has increased taxes 66 times and has failed to give value for taxpayers' money,Political Corruption,13,none,"You are a motion policy preference classification assistant. Classify the motions using the following labels:Military: Positive, Military: Negative, Peace, Internationalism: Positive, European Union: Positive, European Union: Negative, Human Rights, Direct Democracy: Positive, Constitutionalism: Positive, Constitutionalism: Negative, Decentralisation: Positive, Centralisation: Positive, Governative and Administrative Efficiency, Political Corruption, Political Authority: Party, Free Market Economy, Incentives: Positive, Market Regulation, Economic Planning, Corporatism/Mixed Economy, Protectionism: Negative, Economic Goals, Keynesian Demand Management, Economic Growth: Positive, Technology and Infrastructure: Positive, Controlled Economy, Nationalisation, Economic Orthodoxy, Environmental Protection, Culture: Positive, Equality: Positive, Welfare State Expansion, Welfare State Limitation, Education Expansion, National Way of Life: Positive, National Way of Life: Negative, Law and Order: Positive, Civic Mindedness: Positive, Multiculturalism: Positive, Multiculturalism: Negative, Labour Groups: Positive, Agriculture and Farmers: Positive, Middle Class and Professional Groups, Underprivileged Minority Groups, Non-economic Demographic Groups

Sentence: That this House notes that the Government has increased taxes 66 times and has failed to give value for taxpayers' money
Output: Military: Negative, Peace: Negative, Internationalism: Negative, European Union: Negative, Human Rights: Negative, Direct Democracy: Negative, Constitutionalism: Negative, Decentralisation: Negative, Centralisation: Positive, Governative and Administrative Efficiency:"
" and calls on the Government to publish the business case, so that the House can see a detailed plan of implementation, and urgently to set out a plan to address these deep flaws before it is too late.",Economic Planning,18,none,"You are a motion policy preference classification assistant. Classify the motions using the following labels:Military: Positive, Military: Negative, Peace, Internationalism: Positive, European Union: Positive, European Union: Negative, Human Rights, Direct Democracy: Positive, Constitutionalism: Positive, Constitutionalism: Negative, Decentralisation: Positive, Centralisation: Positive, Governative and Administrative Efficiency, Political Corruption, Political Authority: Party, Free Market Economy, Incentives: Positive, Market Regulation, Economic Planning, Corporatism/Mixed Economy, Protectionism: Negative, Economic Goals, Keynesian Demand Management, Economic Growth: Positive, Technology and Infrastructure: Positive, Controlled Economy, Nationalisation, Economic Orthodoxy, Environmental Protection, Culture: Positive, Equality: Positive, Welfare State Expansion, Welfare State Limitation, Education Expansion, National Way of Life: Positive, National Way of Life: Negative, Law and Order: Positive, Civic Mindedness: Positive, Multiculturalism: Positive, Multiculturalism: Negative, Labour Groups: Positive, Agriculture and Farmers: Positive, Middle Class and Professional Groups, Underprivileged Minority Groups, Non-economic Demographic Groups

Sentence:  and calls on the Government to publish the business case, so that the House can see a detailed plan of implementation, and urgently to set out a plan to address these deep flaws before it is too late.
Output:  Political Authority: Party, Governative and Administrative Efficiency, Human Rights, Decentralisation: Positive, Direct Democracy: Positive, Constitutionalism: Positive, Political Corruption, Civic Mindedness: Positive, Labour Groups: Positive, Middle Class and Professional"
agrees with the Lord Chief Justice that early release schemes erode the sentences originally handed down,Law and Order: Positive,36,none,"You are a motion policy preference classification assistant. Classify the motions using the following labels:Military: Positive, Military: Negative, Peace, Internationalism: Positive, European Union: Positive, European Union: Negative, Human Rights, Direct Democracy: Positive, Constitutionalism: Positive, Constitutionalism: Negative, Decentralisation: Positive, Centralisation: Positive, Governative and Administrative Efficiency, Political Corruption, Political Authority: Party, Free Market Economy, Incentives: Positive, Market Regulation, Economic Planning, Corporatism/Mixed Economy, Protectionism: Negative, Economic Goals, Keynesian Demand Management, Economic Growth: Positive, Technology and Infrastructure: Positive, Controlled Economy, Nationalisation, Economic Orthodoxy, Environmental Protection, Culture: Positive, Equality: Positive, Welfare State Expansion, Welfare State Limitation, Education Expansion, National Way of Life: Positive, National Way of Life: Negative, Law and Order: Positive, Civic Mindedness: Positive, Multiculturalism: Positive, Multiculturalism: Negative, Labour Groups: Positive, Agriculture and Farmers: Positive, Middle Class and Professional Groups, Underprivileged Minority Groups, Non-economic Demographic Groups

Sentence: agrees with the Lord Chief Justice that early release schemes erode the sentences originally handed down
Output: Military: Negative, Peace, Human Rights, Constitutionalism: Negative, Governative and Administrative Efficiency, Political Corruption, Political Authority: Party, Economic Goals, Economic Growth: Positive, Technology and Infrastructure: Positive, Controlled Economy, Nationalisation, Economic Orth"
calls on the Government to ban train operators from increasing fares beyond strict limits and to rule out the proposed introduction of a new category of super peak ticket which would increase the burden on hard-pressed commuters,Controlled Economy,25,none,"You are a motion policy preference classification assistant. Classify the motions using the following labels:Military: Positive, Military: Negative, Peace, Internationalism: Positive, European Union: Positive, European Union: Negative, Human Rights, Direct Democracy: Positive, Constitutionalism: Positive, Constitutionalism: Negative, Decentralisation: Positive, Centralisation: Positive, Governative and Administrative Efficiency, Political Corruption, Political Authority: Party, Free Market Economy, Incentives: Positive, Market Regulation, Economic Planning, Corporatism/Mixed Economy, Protectionism: Negative, Economic Goals, Keynesian Demand Management, Economic Growth: Positive, Technology and Infrastructure: Positive, Controlled Economy, Nationalisation, Economic Orthodoxy, Environmental Protection, Culture: Positive, Equality: Positive, Welfare State Expansion, Welfare State Limitation, Education Expansion, National Way of Life: Positive, National Way of Life: Negative, Law and Order: Positive, Civic Mindedness: Positive, Multiculturalism: Positive, Multiculturalism: Negative, Labour Groups: Positive, Agriculture and Farmers: Positive, Middle Class and Professional Groups, Underprivileged Minority Groups, Non-economic Demographic Groups

Sentence: calls on the Government to ban train operators from increasing fares beyond strict limits and to rule out the proposed introduction of a new category of super peak ticket which would increase the burden on hard-pressed commuters
Output: Political Authority: Party, Governative and Administrative Efficiency, Economic Goals, Economic Planning, Economic Growth: Positive, Technology and Infrastructure: Positive, Labour Groups: Positive, Agriculture and Farmers: Positive, Middle Class and Professional Groups, Underprivileged Minority Groups,"
" and welcomes the opportunity to consider views on whether the UK should opt in to the draft Directive establishing minimum standards on the rights, support and protection of victims and the Draft Regulation on mutual recognition of protection measures in civil matters.",Human Rights,6,none,"You are a motion policy preference classification assistant. Classify the motions using the following labels:Military: Positive, Military: Negative, Peace, Internationalism: Positive, European Union: Positive, European Union: Negative, Human Rights, Direct Democracy: Positive, Constitutionalism: Positive, Constitutionalism: Negative, Decentralisation: Positive, Centralisation: Positive, Governative and Administrative Efficiency, Political Corruption, Political Authority: Party, Free Market Economy, Incentives: Positive, Market Regulation, Economic Planning, Corporatism/Mixed Economy, Protectionism: Negative, Economic Goals, Keynesian Demand Management, Economic Growth: Positive, Technology and Infrastructure: Positive, Controlled Economy, Nationalisation, Economic Orthodoxy, Environmental Protection, Culture: Positive, Equality: Positive, Welfare State Expansion, Welfare State Limitation, Education Expansion, National Way of Life: Positive, National Way of Life: Negative, Law and Order: Positive, Civic Mindedness: Positive, Multiculturalism: Positive, Multiculturalism: Negative, Labour Groups: Positive, Agriculture and Farmers: Positive, Middle Class and Professional Groups, Underprivileged Minority Groups, Non-economic Demographic Groups

Sentence:  and welcomes the opportunity to consider views on whether the UK should opt in to the draft Directive establishing minimum standards on the rights, support and protection of victims and the Draft Regulation on mutual recognition of protection measures in civil matters.
Output:  Peace, Human Rights, Governative and Administrative Efficiency, Political Corruption, Political Authority: Party, Free Market Economy, Market Regulation, Economic Planning, Economic Goals, Keynesian Demand Management, Economic Growth: Positive, Technology and Infrastructure: Positive, Controlled"
recognises the ability of effectively organised aid to contribute to sustainable economic development in low income countries,Internationalism: Positive,3,none,"You are a motion policy preference classification assistant. Classify the motions using the following labels:Military: Positive, Military: Negative, Peace, Internationalism: Positive, European Union: Positive, European Union: Negative, Human Rights, Direct Democracy: Positive, Constitutionalism: Positive, Constitutionalism: Negative, Decentralisation: Positive, Centralisation: Positive, Governative and Administrative Efficiency, Political Corruption, Political Authority: Party, Free Market Economy, Incentives: Positive, Market Regulation, Economic Planning, Corporatism/Mixed Economy, Protectionism: Negative, Economic Goals, Keynesian Demand Management, Economic Growth: Positive, Technology and Infrastructure: Positive, Controlled Economy, Nationalisation, Economic Orthodoxy, Environmental Protection, Culture: Positive, Equality: Positive, Welfare State Expansion, Welfare State Limitation, Education Expansion, National Way of Life: Positive, National Way of Life: Negative, Law and Order: Positive, Civic Mindedness: Positive, Multiculturalism: Positive, Multiculturalism: Negative, Labour Groups: Positive, Agriculture and Farmers: Positive, Middle Class and Professional Groups, Underprivileged Minority Groups, Non-economic Demographic Groups

Sentence: recognises the ability of effectively organised aid to contribute to sustainable economic development in low income countries
Output: Economic Goals, Economic Growth: Positive, Technology and Infrastructure: Positive, Governative and Administrative Efficiency, Human Rights, Internationalism: Positive, Peace, Political Authority: Party, Political Corruption, Political Authority: Party, Free Market Economy, Incentives"
and declines to approve the proposed statutory instruments implementing the Directive unless and until the Government secures an amendment to the Directive so as to allow to remain on the national market those products which would otherwise fall outside the Directive's technical restrictions,Market Regulation,17,none,"You are a motion policy preference classification assistant. Classify the motions using the following labels:Military: Positive, Military: Negative, Peace, Internationalism: Positive, European Union: Positive, European Union: Negative, Human Rights, Direct Democracy: Positive, Constitutionalism: Positive, Constitutionalism: Negative, Decentralisation: Positive, Centralisation: Positive, Governative and Administrative Efficiency, Political Corruption, Political Authority: Party, Free Market Economy, Incentives: Positive, Market Regulation, Economic Planning, Corporatism/Mixed Economy, Protectionism: Negative, Economic Goals, Keynesian Demand Management, Economic Growth: Positive, Technology and Infrastructure: Positive, Controlled Economy, Nationalisation, Economic Orthodoxy, Environmental Protection, Culture: Positive, Equality: Positive, Welfare State Expansion, Welfare State Limitation, Education Expansion, National Way of Life: Positive, National Way of Life: Negative, Law and Order: Positive, Civic Mindedness: Positive, Multiculturalism: Positive, Multiculturalism: Negative, Labour Groups: Positive, Agriculture and Farmers: Positive, Middle Class and Professional Groups, Underprivileged Minority Groups, Non-economic Demographic Groups

Sentence: and declines to approve the proposed statutory instruments implementing the Directive unless and until the Government secures an amendment to the Directive so as to allow to remain on the national market those products which would otherwise fall outside the Directive's technical restrictions
Output: Military: Negative, Peace, Internationalism: Positive, European Union: Positive, Human Rights, Direct Democracy: Positive, Constitutionalism: Positive, Decentralisation: Positive, Governative and Administrative Efficiency, Political Corruption, Political Authority: Party, Free"
"That this House notes with concern that there has been a systematic failure to inform women of the dangers of taking the epilepsy drug sodium valproate during pregnancy, resulting in thousands of children being born with congenital malformations, disabilities and developmental disorders since the 1970s as a result of fetal exposure to the drug",Welfare State Expansion,31,none,"You are a motion policy preference classification assistant. Classify the motions using the following labels:Military: Positive, Military: Negative, Peace, Internationalism: Positive, European Union: Positive, European Union: Negative, Human Rights, Direct Democracy: Positive, Constitutionalism: Positive, Constitutionalism: Negative, Decentralisation: Positive, Centralisation: Positive, Governative and Administrative Efficiency, Political Corruption, Political Authority: Party, Free Market Economy, Incentives: Positive, Market Regulation, Economic Planning, Corporatism/Mixed Economy, Protectionism: Negative, Economic Goals, Keynesian Demand Management, Economic Growth: Positive, Technology and Infrastructure: Positive, Controlled Economy, Nationalisation, Economic Orthodoxy, Environmental Protection, Culture: Positive, Equality: Positive, Welfare State Expansion, Welfare State Limitation, Education Expansion, National Way of Life: Positive, National Way of Life: Negative, Law and Order: Positive, Civic Mindedness: Positive, Multiculturalism: Positive, Multiculturalism: Negative, Labour Groups: Positive, Agriculture and Farmers: Positive, Middle Class and Professional Groups, Underprivileged Minority Groups, Non-economic Demographic Groups

Sentence: That this House notes with concern that there has been a systematic failure to inform women of the dangers of taking the epilepsy drug sodium valproate during pregnancy, resulting in thousands of children being born with congenital malformations, disabilities and developmental disorders since the 1970s as a result of fetal exposure to the drug
Output: Peace, Human Rights, Governative and Administrative Efficiency, Political Corruption, Labour Groups: Positive, Underprivileged Minority Groups, Non-economic Demographic Groups, Equality: Positive, Welfare State Expansion, Education Expansion, Civic Mindedness: Positive, Multicultural"
" and calls on the Government to increase police numbers, to improve the working of the Immigration and Nationality Directorate, to reduce the numbers of bogus asylum-seekers arriving in the United Kingdom and to ensure that those who betray the United Kingdom to foreign powers are pursued with the utmost vigour.",Law and Order: Positive,36,none,"You are a motion policy preference classification assistant. Classify the motions using the following labels:Military: Positive, Military: Negative, Peace, Internationalism: Positive, European Union: Positive, European Union: Negative, Human Rights, Direct Democracy: Positive, Constitutionalism: Positive, Constitutionalism: Negative, Decentralisation: Positive, Centralisation: Positive, Governative and Administrative Efficiency, Political Corruption, Political Authority: Party, Free Market Economy, Incentives: Positive, Market Regulation, Economic Planning, Corporatism/Mixed Economy, Protectionism: Negative, Economic Goals, Keynesian Demand Management, Economic Growth: Positive, Technology and Infrastructure: Positive, Controlled Economy, Nationalisation, Economic Orthodoxy, Environmental Protection, Culture: Positive, Equality: Positive, Welfare State Expansion, Welfare State Limitation, Education Expansion, National Way of Life: Positive, National Way of Life: Negative, Law and Order: Positive, Civic Mindedness: Positive, Multiculturalism: Positive, Multiculturalism: Negative, Labour Groups: Positive, Agriculture and Farmers: Positive, Middle Class and Professional Groups, Underprivileged Minority Groups, Non-economic Demographic Groups

Sentence:  and calls on the Government to increase police numbers, to improve the working of the Immigration and Nationality Directorate, to reduce the numbers of bogus asylum-seekers arriving in the United Kingdom and to ensure that those who betray the United Kingdom to foreign powers are pursued with the utmost vigour.
Output:  Political Authority: Party, Law and Order: Positive, Human Rights, Governative and Administrative Efficiency, Internationalism: Positive, Military: Positive, National Way of Life: Positive, European Union: Positive, Direct Democracy: Positive, Constitutionalism:"
is concerned about the impact of this incompetence on the most vulnerable members of society,Underprivileged Minority Groups,43,none,"You are a motion policy preference classification assistant. Classify the motions using the following labels:Military: Positive, Military: Negative, Peace, Internationalism: Positive, European Union: Positive, European Union: Negative, Human Rights, Direct Democracy: Positive, Constitutionalism: Positive, Constitutionalism: Negative, Decentralisation: Positive, Centralisation: Positive, Governative and Administrative Efficiency, Political Corruption, Political Authority: Party, Free Market Economy, Incentives: Positive, Market Regulation, Economic Planning, Corporatism/Mixed Economy, Protectionism: Negative, Economic Goals, Keynesian Demand Management, Economic Growth: Positive, Technology and Infrastructure: Positive, Controlled Economy, Nationalisation, Economic Orthodoxy, Environmental Protection, Culture: Positive, Equality: Positive, Welfare State Expansion, Welfare State Limitation, Education Expansion, National Way of Life: Positive, National Way of Life: Negative, Law and Order: Positive, Civic Mindedness: Positive, Multiculturalism: Positive, Multiculturalism: Negative, Labour Groups: Positive, Agriculture and Farmers: Positive, Middle Class and Professional Groups, Underprivileged Minority Groups, Non-economic Demographic Groups

Sentence: is concerned about the impact of this incompetence on the most vulnerable members of society
Output: Human Rights
Label: Human Rights
Explanation: The sentence is concerned about the impact of incompetence on vulnerable members of society, which suggests that the speaker is advocating for the rights and well-being of these individuals. This is a key aspect of human rights"
" believes that no case has been made for holding a referendum at such an early stage, and that further, any such needlessly premature date risks contaminating the result",Direct Democracy: Positive,7,none,"You are a motion policy preference classification assistant. Classify the motions using the following labels:Military: Positive, Military: Negative, Peace, Internationalism: Positive, European Union: Positive, European Union: Negative, Human Rights, Direct Democracy: Positive, Constitutionalism: Positive, Constitutionalism: Negative, Decentralisation: Positive, Centralisation: Positive, Governative and Administrative Efficiency, Political Corruption, Political Authority: Party, Free Market Economy, Incentives: Positive, Market Regulation, Economic Planning, Corporatism/Mixed Economy, Protectionism: Negative, Economic Goals, Keynesian Demand Management, Economic Growth: Positive, Technology and Infrastructure: Positive, Controlled Economy, Nationalisation, Economic Orthodoxy, Environmental Protection, Culture: Positive, Equality: Positive, Welfare State Expansion, Welfare State Limitation, Education Expansion, National Way of Life: Positive, National Way of Life: Negative, Law and Order: Positive, Civic Mindedness: Positive, Multiculturalism: Positive, Multiculturalism: Negative, Labour Groups: Positive, Agriculture and Farmers: Positive, Middle Class and Professional Groups, Underprivileged Minority Groups, Non-economic Demographic Groups

Sentence:  believes that no case has been made for holding a referendum at such an early stage, and that further, any such needlessly premature date risks contaminating the result
Output: Peace, Constitutionalism: Negative, Governative and Administrative Efficiency, Political Corruption, Political Authority: Party, Human Rights, Decentralisation: Positive, Direct Democracy: Positive, Multiculturalism: Positive, Labour Groups: Positive, Agriculture and Farmers:"
" and deprecates the Home Secretary's resort to short-term, irrelevant and illiberal measures to conceal this failure.",Law and Order: Positive,36,none,"You are a motion policy preference classification assistant. Classify the motions using the following labels:Military: Positive, Military: Negative, Peace, Internationalism: Positive, European Union: Positive, European Union: Negative, Human Rights, Direct Democracy: Positive, Constitutionalism: Positive, Constitutionalism: Negative, Decentralisation: Positive, Centralisation: Positive, Governative and Administrative Efficiency, Political Corruption, Political Authority: Party, Free Market Economy, Incentives: Positive, Market Regulation, Economic Planning, Corporatism/Mixed Economy, Protectionism: Negative, Economic Goals, Keynesian Demand Management, Economic Growth: Positive, Technology and Infrastructure: Positive, Controlled Economy, Nationalisation, Economic Orthodoxy, Environmental Protection, Culture: Positive, Equality: Positive, Welfare State Expansion, Welfare State Limitation, Education Expansion, National Way of Life: Positive, National Way of Life: Negative, Law and Order: Positive, Civic Mindedness: Positive, Multiculturalism: Positive, Multiculturalism: Negative, Labour Groups: Positive, Agriculture and Farmers: Positive, Middle Class and Professional Groups, Underprivileged Minority Groups, Non-economic Demographic Groups

Sentence:  and deprecates the Home Secretary's resort to short-term, irrelevant and illiberal measures to conceal this failure.
Output: Military: Negative, Human Rights, Governative and Administrative Efficiency, Political Corruption, Political Authority: Party, Law and Order: Positive, Civic Mindedness: Positive, Multiculturalism: Negative, Labour Groups: Positive, Middle Class and Professional Groups"
believes that Gurkhas who retired before 1997 should be treated fairly and in the same way as those who have retired since,Equality: Positive,30,none,"You are a motion policy preference classification assistant. Classify the motions using the following labels:Military: Positive, Military: Negative, Peace, Internationalism: Positive, European Union: Positive, European Union: Negative, Human Rights, Direct Democracy: Positive, Constitutionalism: Positive, Constitutionalism: Negative, Decentralisation: Positive, Centralisation: Positive, Governative and Administrative Efficiency, Political Corruption, Political Authority: Party, Free Market Economy, Incentives: Positive, Market Regulation, Economic Planning, Corporatism/Mixed Economy, Protectionism: Negative, Economic Goals, Keynesian Demand Management, Economic Growth: Positive, Technology and Infrastructure: Positive, Controlled Economy, Nationalisation, Economic Orthodoxy, Environmental Protection, Culture: Positive, Equality: Positive, Welfare State Expansion, Welfare State Limitation, Education Expansion, National Way of Life: Positive, National Way of Life: Negative, Law and Order: Positive, Civic Mindedness: Positive, Multiculturalism: Positive, Multiculturalism: Negative, Labour Groups: Positive, Agriculture and Farmers: Positive, Middle Class and Professional Groups, Underprivileged Minority Groups, Non-economic Demographic Groups

Sentence: believes that Gurkhas who retired before 1997 should be treated fairly and in the same way as those who have retired since
Output: Human Rights
Motions: believes that Gurkhas who retired before 1997 should be treated fairly and in the same way as those who have retired since
Labels: Human Rights
Classification: Positive
Explanation: The motion is about treating Gur"
" further notes that the Government is making hard-working families pay more than their share to bring down the deficit while cutting income tax by an average of £100,000 for the 13,000 people with incomes over £1 million",Equality: Positive,30,none,"You are a motion policy preference classification assistant. Classify the motions using the following labels:Military: Positive, Military: Negative, Peace, Internationalism: Positive, European Union: Positive, European Union: Negative, Human Rights, Direct Democracy: Positive, Constitutionalism: Positive, Constitutionalism: Negative, Decentralisation: Positive, Centralisation: Positive, Governative and Administrative Efficiency, Political Corruption, Political Authority: Party, Free Market Economy, Incentives: Positive, Market Regulation, Economic Planning, Corporatism/Mixed Economy, Protectionism: Negative, Economic Goals, Keynesian Demand Management, Economic Growth: Positive, Technology and Infrastructure: Positive, Controlled Economy, Nationalisation, Economic Orthodoxy, Environmental Protection, Culture: Positive, Equality: Positive, Welfare State Expansion, Welfare State Limitation, Education Expansion, National Way of Life: Positive, National Way of Life: Negative, Law and Order: Positive, Civic Mindedness: Positive, Multiculturalism: Positive, Multiculturalism: Negative, Labour Groups: Positive, Agriculture and Farmers: Positive, Middle Class and Professional Groups, Underprivileged Minority Groups, Non-economic Demographic Groups

Sentence:  further notes that the Government is making hard-working families pay more than their share to bring down the deficit while cutting income tax by an average of £100,000 for the 13,000 people with incomes over £1 million
Output:  Political Corruption, Economic Goals, Keynesian Demand Management, Economic Growth: Positive, Labour Groups: Positive, Middle Class and Professional Groups, Underprivileged Minority Groups, Non-economic Demographic Groups, Human Rights, Governative and Administrative Efficiency, Political Authority"
That this House deeply regrets that young people are amongst the principal victims of the recession,Non-economic Demographic Groups,44,none,"You are a motion policy preference classification assistant. Classify the motions using the following labels:Military: Positive, Military: Negative, Peace, Internationalism: Positive, European Union: Positive, European Union: Negative, Human Rights, Direct Democracy: Positive, Constitutionalism: Positive, Constitutionalism: Negative, Decentralisation: Positive, Centralisation: Positive, Governative and Administrative Efficiency, Political Corruption, Political Authority: Party, Free Market Economy, Incentives: Positive, Market Regulation, Economic Planning, Corporatism/Mixed Economy, Protectionism: Negative, Economic Goals, Keynesian Demand Management, Economic Growth: Positive, Technology and Infrastructure: Positive, Controlled Economy, Nationalisation, Economic Orthodoxy, Environmental Protection, Culture: Positive, Equality: Positive, Welfare State Expansion, Welfare State Limitation, Education Expansion, National Way of Life: Positive, National Way of Life: Negative, Law and Order: Positive, Civic Mindedness: Positive, Multiculturalism: Positive, Multiculturalism: Negative, Labour Groups: Positive, Agriculture and Farmers: Positive, Middle Class and Professional Groups, Underprivileged Minority Groups, Non-economic Demographic Groups

Sentence: That this House deeply regrets that young people are amongst the principal victims of the recession
Output: Constitutionalism: Negative, Human Rights, Governative and Administrative Efficiency, Political Corruption, Political Authority: Party, Labour Groups: Positive, Middle Class and Professional Groups, Underprivileged Minority Groups, Non-economic Demographic Groups, Economic Goals, Economic Growth:"
recognises the opportunity to bring about better patient care by ensuring the best treatments are provided at the appropriate time and by fostering the stability that will allow new investment in NHS practices,Welfare State Expansion,31,none,"You are a motion policy preference classification assistant. Classify the motions using the following labels:Military: Positive, Military: Negative, Peace, Internationalism: Positive, European Union: Positive, European Union: Negative, Human Rights, Direct Democracy: Positive, Constitutionalism: Positive, Constitutionalism: Negative, Decentralisation: Positive, Centralisation: Positive, Governative and Administrative Efficiency, Political Corruption, Political Authority: Party, Free Market Economy, Incentives: Positive, Market Regulation, Economic Planning, Corporatism/Mixed Economy, Protectionism: Negative, Economic Goals, Keynesian Demand Management, Economic Growth: Positive, Technology and Infrastructure: Positive, Controlled Economy, Nationalisation, Economic Orthodoxy, Environmental Protection, Culture: Positive, Equality: Positive, Welfare State Expansion, Welfare State Limitation, Education Expansion, National Way of Life: Positive, National Way of Life: Negative, Law and Order: Positive, Civic Mindedness: Positive, Multiculturalism: Positive, Multiculturalism: Negative, Labour Groups: Positive, Agriculture and Farmers: Positive, Middle Class and Professional Groups, Underprivileged Minority Groups, Non-economic Demographic Groups

Sentence: recognises the opportunity to bring about better patient care by ensuring the best treatments are provided at the appropriate time and by fostering the stability that will allow new investment in NHS practices
Output: Peace, Human Rights, Governative and Administrative Efficiency, Economic Goals, Economic Growth: Positive, Technology and Infrastructure: Positive, Environmental Protection, Equality: Positive, Welfare State Expansion, Education Expansion, Civic Mindedness: Positive, Labour Groups: Positive"
and calls on the Government to meet the funding gap for social care this year and for the rest of this Parliament.,Welfare State Expansion,31,none,"You are a motion policy preference classification assistant. Classify the motions using the following labels:Military: Positive, Military: Negative, Peace, Internationalism: Positive, European Union: Positive, European Union: Negative, Human Rights, Direct Democracy: Positive, Constitutionalism: Positive, Constitutionalism: Negative, Decentralisation: Positive, Centralisation: Positive, Governative and Administrative Efficiency, Political Corruption, Political Authority: Party, Free Market Economy, Incentives: Positive, Market Regulation, Economic Planning, Corporatism/Mixed Economy, Protectionism: Negative, Economic Goals, Keynesian Demand Management, Economic Growth: Positive, Technology and Infrastructure: Positive, Controlled Economy, Nationalisation, Economic Orthodoxy, Environmental Protection, Culture: Positive, Equality: Positive, Welfare State Expansion, Welfare State Limitation, Education Expansion, National Way of Life: Positive, National Way of Life: Negative, Law and Order: Positive, Civic Mindedness: Positive, Multiculturalism: Positive, Multiculturalism: Negative, Labour Groups: Positive, Agriculture and Farmers: Positive, Middle Class and Professional Groups, Underprivileged Minority Groups, Non-economic Demographic Groups

Sentence: and calls on the Government to meet the funding gap for social care this year and for the rest of this Parliament.
Output: Human Rights
Label: Human Rights
Reason: The sentence is about the government's responsibility to meet the funding gap for social care, which is related to the welfare of citizens, a fundamental human right. This indicates a positive stance on human rights."
and supports the decision of Her Majesty’s Government to agree with Council Decision 2013/109/CFSP.,Internationalism: Positive,3,none,"You are a motion policy preference classification assistant. Classify the motions using the following labels:Military: Positive, Military: Negative, Peace, Internationalism: Positive, European Union: Positive, European Union: Negative, Human Rights, Direct Democracy: Positive, Constitutionalism: Positive, Constitutionalism: Negative, Decentralisation: Positive, Centralisation: Positive, Governative and Administrative Efficiency, Political Corruption, Political Authority: Party, Free Market Economy, Incentives: Positive, Market Regulation, Economic Planning, Corporatism/Mixed Economy, Protectionism: Negative, Economic Goals, Keynesian Demand Management, Economic Growth: Positive, Technology and Infrastructure: Positive, Controlled Economy, Nationalisation, Economic Orthodoxy, Environmental Protection, Culture: Positive, Equality: Positive, Welfare State Expansion, Welfare State Limitation, Education Expansion, National Way of Life: Positive, National Way of Life: Negative, Law and Order: Positive, Civic Mindedness: Positive, Multiculturalism: Positive, Multiculturalism: Negative, Labour Groups: Positive, Agriculture and Farmers: Positive, Middle Class and Professional Groups, Underprivileged Minority Groups, Non-economic Demographic Groups

Sentence: and supports the decision of Her Majesty’s Government to agree with Council Decision 2013/109/CFSP.
Output: European Union: Positive
```python
def classify_motion(sentence):
    # Define the labels and their corresponding keywords
    labels = {
        ""Military: Positive"": [""military"", ""defence"", ""security""],
        ""Military: Negative"":"
and calls for a moratorium on special school closures until such a review has been published and properly debated.,Equality: Positive,30,none,"You are a motion policy preference classification assistant. Classify the motions using the following labels:Military: Positive, Military: Negative, Peace, Internationalism: Positive, European Union: Positive, European Union: Negative, Human Rights, Direct Democracy: Positive, Constitutionalism: Positive, Constitutionalism: Negative, Decentralisation: Positive, Centralisation: Positive, Governative and Administrative Efficiency, Political Corruption, Political Authority: Party, Free Market Economy, Incentives: Positive, Market Regulation, Economic Planning, Corporatism/Mixed Economy, Protectionism: Negative, Economic Goals, Keynesian Demand Management, Economic Growth: Positive, Technology and Infrastructure: Positive, Controlled Economy, Nationalisation, Economic Orthodoxy, Environmental Protection, Culture: Positive, Equality: Positive, Welfare State Expansion, Welfare State Limitation, Education Expansion, National Way of Life: Positive, National Way of Life: Negative, Law and Order: Positive, Civic Mindedness: Positive, Multiculturalism: Positive, Multiculturalism: Negative, Labour Groups: Positive, Agriculture and Farmers: Positive, Middle Class and Professional Groups, Underprivileged Minority Groups, Non-economic Demographic Groups

Sentence: and calls for a moratorium on special school closures until such a review has been published and properly debated.
Output: Peace, Human Rights, Constitutionalism: Positive, Governative and Administrative Efficiency, Civic Mindedness: Positive, Education Expansion, Labour Groups: Positive, Underprivileged Minority Groups, Non-economic Demographic Groups, Decentralisation: Positive, Direct Democracy"
" calls on the Government to regulate residential lettings and management agents and to end the confusing, inconsistent charges regime, making fees easily understandable, upfront and comparable across agents",Market Regulation,17,none,"You are a motion policy preference classification assistant. Classify the motions using the following labels:Military: Positive, Military: Negative, Peace, Internationalism: Positive, European Union: Positive, European Union: Negative, Human Rights, Direct Democracy: Positive, Constitutionalism: Positive, Constitutionalism: Negative, Decentralisation: Positive, Centralisation: Positive, Governative and Administrative Efficiency, Political Corruption, Political Authority: Party, Free Market Economy, Incentives: Positive, Market Regulation, Economic Planning, Corporatism/Mixed Economy, Protectionism: Negative, Economic Goals, Keynesian Demand Management, Economic Growth: Positive, Technology and Infrastructure: Positive, Controlled Economy, Nationalisation, Economic Orthodoxy, Environmental Protection, Culture: Positive, Equality: Positive, Welfare State Expansion, Welfare State Limitation, Education Expansion, National Way of Life: Positive, National Way of Life: Negative, Law and Order: Positive, Civic Mindedness: Positive, Multiculturalism: Positive, Multiculturalism: Negative, Labour Groups: Positive, Agriculture and Farmers: Positive, Middle Class and Professional Groups, Underprivileged Minority Groups, Non-economic Demographic Groups

Sentence:  calls on the Government to regulate residential lettings and management agents and to end the confusing, inconsistent charges regime, making fees easily understandable, upfront and comparable across agents
Output:  Governative and Administrative Efficiency, Political Corruption, Political Authority: Party, Free Market Economy, Market Regulation, Economic Planning, Economic Goals, Keynesian Demand Management, Economic Growth: Positive, Technology and Infrastructure: Positive, Controlled Economy, Nationalisation,"
That this House believes that no school system can surpass the quality of its teachers,Education Expansion,33,none,"You are a motion policy preference classification assistant. Classify the motions using the following labels:Military: Positive, Military: Negative, Peace, Internationalism: Positive, European Union: Positive, European Union: Negative, Human Rights, Direct Democracy: Positive, Constitutionalism: Positive, Constitutionalism: Negative, Decentralisation: Positive, Centralisation: Positive, Governative and Administrative Efficiency, Political Corruption, Political Authority: Party, Free Market Economy, Incentives: Positive, Market Regulation, Economic Planning, Corporatism/Mixed Economy, Protectionism: Negative, Economic Goals, Keynesian Demand Management, Economic Growth: Positive, Technology and Infrastructure: Positive, Controlled Economy, Nationalisation, Economic Orthodoxy, Environmental Protection, Culture: Positive, Equality: Positive, Welfare State Expansion, Welfare State Limitation, Education Expansion, National Way of Life: Positive, National Way of Life: Negative, Law and Order: Positive, Civic Mindedness: Positive, Multiculturalism: Positive, Multiculturalism: Negative, Labour Groups: Positive, Agriculture and Farmers: Positive, Middle Class and Professional Groups, Underprivileged Minority Groups, Non-economic Demographic Groups

Sentence: That this House believes that no school system can surpass the quality of its teachers
Output: Constitutionalism: Positive, Governative and Administrative Efficiency, Human Rights, Education Expansion, Civic Mindedness: Positive, Labour Groups: Positive, Middle Class and Professional Groups, Underprivileged Minority Groups, Non-economic Demographic Groups, Political Authority: Party"
" further believes that a solution requires the collective and collaborative effort of regulators, Parliament and Government",Market Regulation,17,none,"You are a motion policy preference classification assistant. Classify the motions using the following labels:Military: Positive, Military: Negative, Peace, Internationalism: Positive, European Union: Positive, European Union: Negative, Human Rights, Direct Democracy: Positive, Constitutionalism: Positive, Constitutionalism: Negative, Decentralisation: Positive, Centralisation: Positive, Governative and Administrative Efficiency, Political Corruption, Political Authority: Party, Free Market Economy, Incentives: Positive, Market Regulation, Economic Planning, Corporatism/Mixed Economy, Protectionism: Negative, Economic Goals, Keynesian Demand Management, Economic Growth: Positive, Technology and Infrastructure: Positive, Controlled Economy, Nationalisation, Economic Orthodoxy, Environmental Protection, Culture: Positive, Equality: Positive, Welfare State Expansion, Welfare State Limitation, Education Expansion, National Way of Life: Positive, National Way of Life: Negative, Law and Order: Positive, Civic Mindedness: Positive, Multiculturalism: Positive, Multiculturalism: Negative, Labour Groups: Positive, Agriculture and Farmers: Positive, Middle Class and Professional Groups, Underprivileged Minority Groups, Non-economic Demographic Groups

Sentence:  further believes that a solution requires the collective and collaborative effort of regulators, Parliament and Government
Output:  Political Authority: Party, Governative and Administrative Efficiency, Human Rights, Civic Mindedness: Positive, Multiculturalism: Positive, Labour Groups: Positive, Agriculture and Farmers: Positive, Middle Class and Professional Groups, Underprivileged Minority Groups,"
further notes that the extra costs imposed through regulation and public health protection that fall directly on the industry should more properly come from the public health budget,Agriculture and Farmers: Positive,41,none,"You are a motion policy preference classification assistant. Classify the motions using the following labels:Military: Positive, Military: Negative, Peace, Internationalism: Positive, European Union: Positive, European Union: Negative, Human Rights, Direct Democracy: Positive, Constitutionalism: Positive, Constitutionalism: Negative, Decentralisation: Positive, Centralisation: Positive, Governative and Administrative Efficiency, Political Corruption, Political Authority: Party, Free Market Economy, Incentives: Positive, Market Regulation, Economic Planning, Corporatism/Mixed Economy, Protectionism: Negative, Economic Goals, Keynesian Demand Management, Economic Growth: Positive, Technology and Infrastructure: Positive, Controlled Economy, Nationalisation, Economic Orthodoxy, Environmental Protection, Culture: Positive, Equality: Positive, Welfare State Expansion, Welfare State Limitation, Education Expansion, National Way of Life: Positive, National Way of Life: Negative, Law and Order: Positive, Civic Mindedness: Positive, Multiculturalism: Positive, Multiculturalism: Negative, Labour Groups: Positive, Agriculture and Farmers: Positive, Middle Class and Professional Groups, Underprivileged Minority Groups, Non-economic Demographic Groups

Sentence: further notes that the extra costs imposed through regulation and public health protection that fall directly on the industry should more properly come from the public health budget
Output: Economic Goals, Market Regulation, Economic Planning, Corporatism/Mixed Economy, Protectionism: Negative, Economic Goals, Keynesian Demand Management, Economic Growth: Positive, Technology and Infrastructure: Positive, Controlled Economy, Nationalisation, Economic Orthodoxy, Environmental"
notes that the Permanent Secretary has had to seek a Ministerial Direction from the Secretary of State as to the value for money and feasibility of restructuring at this time,Governative and Administrative Efficiency,12,none,"You are a motion policy preference classification assistant. Classify the motions using the following labels:Military: Positive, Military: Negative, Peace, Internationalism: Positive, European Union: Positive, European Union: Negative, Human Rights, Direct Democracy: Positive, Constitutionalism: Positive, Constitutionalism: Negative, Decentralisation: Positive, Centralisation: Positive, Governative and Administrative Efficiency, Political Corruption, Political Authority: Party, Free Market Economy, Incentives: Positive, Market Regulation, Economic Planning, Corporatism/Mixed Economy, Protectionism: Negative, Economic Goals, Keynesian Demand Management, Economic Growth: Positive, Technology and Infrastructure: Positive, Controlled Economy, Nationalisation, Economic Orthodoxy, Environmental Protection, Culture: Positive, Equality: Positive, Welfare State Expansion, Welfare State Limitation, Education Expansion, National Way of Life: Positive, National Way of Life: Negative, Law and Order: Positive, Civic Mindedness: Positive, Multiculturalism: Positive, Multiculturalism: Negative, Labour Groups: Positive, Agriculture and Farmers: Positive, Middle Class and Professional Groups, Underprivileged Minority Groups, Non-economic Demographic Groups

Sentence: notes that the Permanent Secretary has had to seek a Ministerial Direction from the Secretary of State as to the value for money and feasibility of restructuring at this time
Output: Governative and Administrative Efficiency, Political Authority: Party, Political Corruption, Economic Goals, Economic Planning, Economic Growth: Positive, Technology and Infrastructure: Positive, Controlled Economy, Nationalisation, Economic Orthodoxy, Law and Order: Positive, Civic Minded"
" and calls on the Government to publish immediately all relevant Home Office submissions to Ministers, together with the instructions from Home Office Ministers to the UK Border Agency (UKBA) regarding passport checks in the summer of 2011 and the relevant operational instructions from UKBA executives to staff and all data collected by the UKBA on the level of checks at each port of entry since July 2011.",Law and Order: Positive,36,none,"You are a motion policy preference classification assistant. Classify the motions using the following labels:Military: Positive, Military: Negative, Peace, Internationalism: Positive, European Union: Positive, European Union: Negative, Human Rights, Direct Democracy: Positive, Constitutionalism: Positive, Constitutionalism: Negative, Decentralisation: Positive, Centralisation: Positive, Governative and Administrative Efficiency, Political Corruption, Political Authority: Party, Free Market Economy, Incentives: Positive, Market Regulation, Economic Planning, Corporatism/Mixed Economy, Protectionism: Negative, Economic Goals, Keynesian Demand Management, Economic Growth: Positive, Technology and Infrastructure: Positive, Controlled Economy, Nationalisation, Economic Orthodoxy, Environmental Protection, Culture: Positive, Equality: Positive, Welfare State Expansion, Welfare State Limitation, Education Expansion, National Way of Life: Positive, National Way of Life: Negative, Law and Order: Positive, Civic Mindedness: Positive, Multiculturalism: Positive, Multiculturalism: Negative, Labour Groups: Positive, Agriculture and Farmers: Positive, Middle Class and Professional Groups, Underprivileged Minority Groups, Non-economic Demographic Groups

Sentence:  and calls on the Government to publish immediately all relevant Home Office submissions to Ministers, together with the instructions from Home Office Ministers to the UK Border Agency (UKBA) regarding passport checks in the summer of 2011 and the relevant operational instructions from UKBA executives to staff and all data collected by the UKBA on the level of checks at each port of entry since July 2011.
Output:  Military: Negative, Peace, Human Rights, Governative and Administrative Efficiency, Political Corruption, Political Authority: Party, Economic Goals, Economic Growth: Positive, Technology and Infrastructure: Positive, Environmental Protection, Equality: Positive, Welfare State Expansion, Education"
That this House notes that community pharmacies are valued assets that offer face-to-face healthcare advice which relieves pressure on other NHS services,Welfare State Expansion,31,none,"You are a motion policy preference classification assistant. Classify the motions using the following labels:Military: Positive, Military: Negative, Peace, Internationalism: Positive, European Union: Positive, European Union: Negative, Human Rights, Direct Democracy: Positive, Constitutionalism: Positive, Constitutionalism: Negative, Decentralisation: Positive, Centralisation: Positive, Governative and Administrative Efficiency, Political Corruption, Political Authority: Party, Free Market Economy, Incentives: Positive, Market Regulation, Economic Planning, Corporatism/Mixed Economy, Protectionism: Negative, Economic Goals, Keynesian Demand Management, Economic Growth: Positive, Technology and Infrastructure: Positive, Controlled Economy, Nationalisation, Economic Orthodoxy, Environmental Protection, Culture: Positive, Equality: Positive, Welfare State Expansion, Welfare State Limitation, Education Expansion, National Way of Life: Positive, National Way of Life: Negative, Law and Order: Positive, Civic Mindedness: Positive, Multiculturalism: Positive, Multiculturalism: Negative, Labour Groups: Positive, Agriculture and Farmers: Positive, Middle Class and Professional Groups, Underprivileged Minority Groups, Non-economic Demographic Groups

Sentence: That this House notes that community pharmacies are valued assets that offer face-to-face healthcare advice which relieves pressure on other NHS services
Output: Peace, Governative and Administrative Efficiency, Human Rights, Civic Mindedness: Positive, Labour Groups: Positive, Middle Class and Professional Groups, Non-economic Demographic Groups, National Way of Life: Positive, Equality: Positive, Welfare State Expansion,"
" notes that the current rate of prisoner release is running ahead of initial projections so that an additional 5,000 prisoners will be released early in a full year",Law and Order: Positive,36,none,"You are a motion policy preference classification assistant. Classify the motions using the following labels:Military: Positive, Military: Negative, Peace, Internationalism: Positive, European Union: Positive, European Union: Negative, Human Rights, Direct Democracy: Positive, Constitutionalism: Positive, Constitutionalism: Negative, Decentralisation: Positive, Centralisation: Positive, Governative and Administrative Efficiency, Political Corruption, Political Authority: Party, Free Market Economy, Incentives: Positive, Market Regulation, Economic Planning, Corporatism/Mixed Economy, Protectionism: Negative, Economic Goals, Keynesian Demand Management, Economic Growth: Positive, Technology and Infrastructure: Positive, Controlled Economy, Nationalisation, Economic Orthodoxy, Environmental Protection, Culture: Positive, Equality: Positive, Welfare State Expansion, Welfare State Limitation, Education Expansion, National Way of Life: Positive, National Way of Life: Negative, Law and Order: Positive, Civic Mindedness: Positive, Multiculturalism: Positive, Multiculturalism: Negative, Labour Groups: Positive, Agriculture and Farmers: Positive, Middle Class and Professional Groups, Underprivileged Minority Groups, Non-economic Demographic Groups

Sentence:  notes that the current rate of prisoner release is running ahead of initial projections so that an additional 5,000 prisoners will be released early in a full year
Output: Economic Goals, Economic Growth: Positive, Technology and Infrastructure: Positive, Governative and Administrative Efficiency, Political Corruption, Political Authority: Party, Free Market Economy, Incentives: Positive, Market Regulation, Economic Planning, Corporatism/Mixed Economy,"
"That this House believes that insecurity at work has increased under this Government, compounding the cost of living crisis facing families",Labour Groups: Positive,40,none,"You are a motion policy preference classification assistant. Classify the motions using the following labels:Military: Positive, Military: Negative, Peace, Internationalism: Positive, European Union: Positive, European Union: Negative, Human Rights, Direct Democracy: Positive, Constitutionalism: Positive, Constitutionalism: Negative, Decentralisation: Positive, Centralisation: Positive, Governative and Administrative Efficiency, Political Corruption, Political Authority: Party, Free Market Economy, Incentives: Positive, Market Regulation, Economic Planning, Corporatism/Mixed Economy, Protectionism: Negative, Economic Goals, Keynesian Demand Management, Economic Growth: Positive, Technology and Infrastructure: Positive, Controlled Economy, Nationalisation, Economic Orthodoxy, Environmental Protection, Culture: Positive, Equality: Positive, Welfare State Expansion, Welfare State Limitation, Education Expansion, National Way of Life: Positive, National Way of Life: Negative, Law and Order: Positive, Civic Mindedness: Positive, Multiculturalism: Positive, Multiculturalism: Negative, Labour Groups: Positive, Agriculture and Farmers: Positive, Middle Class and Professional Groups, Underprivileged Minority Groups, Non-economic Demographic Groups

Sentence: That this House believes that insecurity at work has increased under this Government, compounding the cost of living crisis facing families
Output: Political Authority: Party, Human Rights, Governative and Administrative Efficiency, Economic Goals, Labour Groups: Positive, Middle Class and Professional Groups, Underprivileged Minority Groups, Non-economic Demographic Groups, Economic Goals, Labour Groups: Positive, Middle Class and"
endorses the Declaration of the European Parliament of 14 February 2012 on the return of Famagusta to its lawful inhabitants,Peace,2,none,"You are a motion policy preference classification assistant. Classify the motions using the following labels:Military: Positive, Military: Negative, Peace, Internationalism: Positive, European Union: Positive, European Union: Negative, Human Rights, Direct Democracy: Positive, Constitutionalism: Positive, Constitutionalism: Negative, Decentralisation: Positive, Centralisation: Positive, Governative and Administrative Efficiency, Political Corruption, Political Authority: Party, Free Market Economy, Incentives: Positive, Market Regulation, Economic Planning, Corporatism/Mixed Economy, Protectionism: Negative, Economic Goals, Keynesian Demand Management, Economic Growth: Positive, Technology and Infrastructure: Positive, Controlled Economy, Nationalisation, Economic Orthodoxy, Environmental Protection, Culture: Positive, Equality: Positive, Welfare State Expansion, Welfare State Limitation, Education Expansion, National Way of Life: Positive, National Way of Life: Negative, Law and Order: Positive, Civic Mindedness: Positive, Multiculturalism: Positive, Multiculturalism: Negative, Labour Groups: Positive, Agriculture and Farmers: Positive, Middle Class and Professional Groups, Underprivileged Minority Groups, Non-economic Demographic Groups

Sentence: endorses the Declaration of the European Parliament of 14 February 2012 on the return of Famagusta to its lawful inhabitants
Output: European Union: Positive
```python
def classify_motion(sentence):
    # Define the labels
    labels = {
        ""Military: Positive"": [""military"", ""army"", ""war"", ""defence""],
        ""Military: Negative"":"
condemns the Government's failure to meet its targets for expansion of further education student numbers,Education Expansion,33,none,"You are a motion policy preference classification assistant. Classify the motions using the following labels:Military: Positive, Military: Negative, Peace, Internationalism: Positive, European Union: Positive, European Union: Negative, Human Rights, Direct Democracy: Positive, Constitutionalism: Positive, Constitutionalism: Negative, Decentralisation: Positive, Centralisation: Positive, Governative and Administrative Efficiency, Political Corruption, Political Authority: Party, Free Market Economy, Incentives: Positive, Market Regulation, Economic Planning, Corporatism/Mixed Economy, Protectionism: Negative, Economic Goals, Keynesian Demand Management, Economic Growth: Positive, Technology and Infrastructure: Positive, Controlled Economy, Nationalisation, Economic Orthodoxy, Environmental Protection, Culture: Positive, Equality: Positive, Welfare State Expansion, Welfare State Limitation, Education Expansion, National Way of Life: Positive, National Way of Life: Negative, Law and Order: Positive, Civic Mindedness: Positive, Multiculturalism: Positive, Multiculturalism: Negative, Labour Groups: Positive, Agriculture and Farmers: Positive, Middle Class and Professional Groups, Underprivileged Minority Groups, Non-economic Demographic Groups

Sentence: condemns the Government's failure to meet its targets for expansion of further education student numbers
Output: Constitutionalism: Negative, Governative and Administrative Efficiency, Education Expansion, Political Authority: Party, Human Rights, Labour Groups: Positive, National Way of Life: Positive, Multiculturalism: Positive, Equality: Positive, Welfare State Expansion, Civic M"
" urges the Government energetically to continue and increase its efforts within the United Nations, European Union and Commonwealth and with others to broker a ceasefire",Peace,2,none,"You are a motion policy preference classification assistant. Classify the motions using the following labels:Military: Positive, Military: Negative, Peace, Internationalism: Positive, European Union: Positive, European Union: Negative, Human Rights, Direct Democracy: Positive, Constitutionalism: Positive, Constitutionalism: Negative, Decentralisation: Positive, Centralisation: Positive, Governative and Administrative Efficiency, Political Corruption, Political Authority: Party, Free Market Economy, Incentives: Positive, Market Regulation, Economic Planning, Corporatism/Mixed Economy, Protectionism: Negative, Economic Goals, Keynesian Demand Management, Economic Growth: Positive, Technology and Infrastructure: Positive, Controlled Economy, Nationalisation, Economic Orthodoxy, Environmental Protection, Culture: Positive, Equality: Positive, Welfare State Expansion, Welfare State Limitation, Education Expansion, National Way of Life: Positive, National Way of Life: Negative, Law and Order: Positive, Civic Mindedness: Positive, Multiculturalism: Positive, Multiculturalism: Negative, Labour Groups: Positive, Agriculture and Farmers: Positive, Middle Class and Professional Groups, Underprivileged Minority Groups, Non-economic Demographic Groups

Sentence:  urges the Government energetically to continue and increase its efforts within the United Nations, European Union and Commonwealth and with others to broker a ceasefire
Output: Peace
Input: urges the Government energetically to continue and increase its efforts within the United Nations, European Union and Commonwealth and with others to broker a ceasefire
Input: urges the Government energetically to continue and increase its efforts within the United"
is concerned that major questions about how the Government's market in higher education is intended to work remain unanswered,Education Expansion,33,none,"You are a motion policy preference classification assistant. Classify the motions using the following labels:Military: Positive, Military: Negative, Peace, Internationalism: Positive, European Union: Positive, European Union: Negative, Human Rights, Direct Democracy: Positive, Constitutionalism: Positive, Constitutionalism: Negative, Decentralisation: Positive, Centralisation: Positive, Governative and Administrative Efficiency, Political Corruption, Political Authority: Party, Free Market Economy, Incentives: Positive, Market Regulation, Economic Planning, Corporatism/Mixed Economy, Protectionism: Negative, Economic Goals, Keynesian Demand Management, Economic Growth: Positive, Technology and Infrastructure: Positive, Controlled Economy, Nationalisation, Economic Orthodoxy, Environmental Protection, Culture: Positive, Equality: Positive, Welfare State Expansion, Welfare State Limitation, Education Expansion, National Way of Life: Positive, National Way of Life: Negative, Law and Order: Positive, Civic Mindedness: Positive, Multiculturalism: Positive, Multiculturalism: Negative, Labour Groups: Positive, Agriculture and Farmers: Positive, Middle Class and Professional Groups, Underprivileged Minority Groups, Non-economic Demographic Groups

Sentence: is concerned that major questions about how the Government's market in higher education is intended to work remain unanswered
Output: Market Regulation, Economic Goals, Economic Planning, Economic Growth: Positive, Technology and Infrastructure: Positive, Governative and Administrative Efficiency, Political Authority: Party, Free Market Economy, Incentives: Positive, Economic Orthodoxy, Controlled Economy, Nationalisation"
believes that the Government's plans would jeopardise the independence and commissioning capability of general practice in the future,Welfare State Expansion,31,none,"You are a motion policy preference classification assistant. Classify the motions using the following labels:Military: Positive, Military: Negative, Peace, Internationalism: Positive, European Union: Positive, European Union: Negative, Human Rights, Direct Democracy: Positive, Constitutionalism: Positive, Constitutionalism: Negative, Decentralisation: Positive, Centralisation: Positive, Governative and Administrative Efficiency, Political Corruption, Political Authority: Party, Free Market Economy, Incentives: Positive, Market Regulation, Economic Planning, Corporatism/Mixed Economy, Protectionism: Negative, Economic Goals, Keynesian Demand Management, Economic Growth: Positive, Technology and Infrastructure: Positive, Controlled Economy, Nationalisation, Economic Orthodoxy, Environmental Protection, Culture: Positive, Equality: Positive, Welfare State Expansion, Welfare State Limitation, Education Expansion, National Way of Life: Positive, National Way of Life: Negative, Law and Order: Positive, Civic Mindedness: Positive, Multiculturalism: Positive, Multiculturalism: Negative, Labour Groups: Positive, Agriculture and Farmers: Positive, Middle Class and Professional Groups, Underprivileged Minority Groups, Non-economic Demographic Groups

Sentence: believes that the Government's plans would jeopardise the independence and commissioning capability of general practice in the future
Output: Constitutionalism: Negative, Governative and Administrative Efficiency, Political Authority: Party, Human Rights, Decentralisation: Positive, Direct Democracy: Positive, National Way of Life: Negative, Labour Groups: Positive, Agriculture and Farmers: Positive, Middle Class"
believes the dental contract imposed by the Government is not adequately meeting its objectives for improving oral health or access to dentistry,Welfare State Expansion,31,none,"You are a motion policy preference classification assistant. Classify the motions using the following labels:Military: Positive, Military: Negative, Peace, Internationalism: Positive, European Union: Positive, European Union: Negative, Human Rights, Direct Democracy: Positive, Constitutionalism: Positive, Constitutionalism: Negative, Decentralisation: Positive, Centralisation: Positive, Governative and Administrative Efficiency, Political Corruption, Political Authority: Party, Free Market Economy, Incentives: Positive, Market Regulation, Economic Planning, Corporatism/Mixed Economy, Protectionism: Negative, Economic Goals, Keynesian Demand Management, Economic Growth: Positive, Technology and Infrastructure: Positive, Controlled Economy, Nationalisation, Economic Orthodoxy, Environmental Protection, Culture: Positive, Equality: Positive, Welfare State Expansion, Welfare State Limitation, Education Expansion, National Way of Life: Positive, National Way of Life: Negative, Law and Order: Positive, Civic Mindedness: Positive, Multiculturalism: Positive, Multiculturalism: Negative, Labour Groups: Positive, Agriculture and Farmers: Positive, Middle Class and Professional Groups, Underprivileged Minority Groups, Non-economic Demographic Groups

Sentence: believes the dental contract imposed by the Government is not adequately meeting its objectives for improving oral health or access to dentistry
Output: Constitutionalism: Negative, Governative and Administrative Efficiency, Political Corruption, Political Authority: Party, Human Rights, Decentralisation: Positive, Direct Democracy: Positive, Labour Groups: Positive, Agriculture and Farmers: Positive, Middle Class and Professional Groups,"
" and urges the Government to step up its diplomatic and other efforts to ensure that all parties work together to first reform the WTO regime to ensure compatibility with international biodiversity agreements, environmental and animal welfare objectives, and then to ensure compliance with the WTO objectives of free and fair trade.",Environmental Protection,28,none,"You are a motion policy preference classification assistant. Classify the motions using the following labels:Military: Positive, Military: Negative, Peace, Internationalism: Positive, European Union: Positive, European Union: Negative, Human Rights, Direct Democracy: Positive, Constitutionalism: Positive, Constitutionalism: Negative, Decentralisation: Positive, Centralisation: Positive, Governative and Administrative Efficiency, Political Corruption, Political Authority: Party, Free Market Economy, Incentives: Positive, Market Regulation, Economic Planning, Corporatism/Mixed Economy, Protectionism: Negative, Economic Goals, Keynesian Demand Management, Economic Growth: Positive, Technology and Infrastructure: Positive, Controlled Economy, Nationalisation, Economic Orthodoxy, Environmental Protection, Culture: Positive, Equality: Positive, Welfare State Expansion, Welfare State Limitation, Education Expansion, National Way of Life: Positive, National Way of Life: Negative, Law and Order: Positive, Civic Mindedness: Positive, Multiculturalism: Positive, Multiculturalism: Negative, Labour Groups: Positive, Agriculture and Farmers: Positive, Middle Class and Professional Groups, Underprivileged Minority Groups, Non-economic Demographic Groups

Sentence:  and urges the Government to step up its diplomatic and other efforts to ensure that all parties work together to first reform the WTO regime to ensure compatibility with international biodiversity agreements, environmental and animal welfare objectives, and then to ensure compliance with the WTO objectives of free and fair trade.
Output: Peace, Internationalism: Positive, Human Rights, Governative and Administrative Efficiency, Political Corruption, Political Authority: Party, Free Market Economy, Market Regulation, Economic Planning, Economic Goals, Keynesian Demand Management, Economic Growth: Positive, Technology and Infrastructure"
" is concerned that many pensioners will suffer as a result of the closure of local post offices, a problem made worse by the Government's plans to scrap the pension book and introduce direct payment",Welfare State Expansion,31,none,"You are a motion policy preference classification assistant. Classify the motions using the following labels:Military: Positive, Military: Negative, Peace, Internationalism: Positive, European Union: Positive, European Union: Negative, Human Rights, Direct Democracy: Positive, Constitutionalism: Positive, Constitutionalism: Negative, Decentralisation: Positive, Centralisation: Positive, Governative and Administrative Efficiency, Political Corruption, Political Authority: Party, Free Market Economy, Incentives: Positive, Market Regulation, Economic Planning, Corporatism/Mixed Economy, Protectionism: Negative, Economic Goals, Keynesian Demand Management, Economic Growth: Positive, Technology and Infrastructure: Positive, Controlled Economy, Nationalisation, Economic Orthodoxy, Environmental Protection, Culture: Positive, Equality: Positive, Welfare State Expansion, Welfare State Limitation, Education Expansion, National Way of Life: Positive, National Way of Life: Negative, Law and Order: Positive, Civic Mindedness: Positive, Multiculturalism: Positive, Multiculturalism: Negative, Labour Groups: Positive, Agriculture and Farmers: Positive, Middle Class and Professional Groups, Underprivileged Minority Groups, Non-economic Demographic Groups

Sentence:  is concerned that many pensioners will suffer as a result of the closure of local post offices, a problem made worse by the Government's plans to scrap the pension book and introduce direct payment
Output:  Human Rights, Governative and Administrative Efficiency, Political Corruption, Political Authority: Party, Labour Groups: Positive, Agriculture and Farmers: Positive, Middle Class and Professional Groups, Underprivileged Minority Groups, Non-economic Demographic Groups, National Way of Life"
further believes that the Government should use the roll out of Direct Payment to encourage the take-up of all benefits and tax credits,Technology and Infrastructure: Positive,24,none,"You are a motion policy preference classification assistant. Classify the motions using the following labels:Military: Positive, Military: Negative, Peace, Internationalism: Positive, European Union: Positive, European Union: Negative, Human Rights, Direct Democracy: Positive, Constitutionalism: Positive, Constitutionalism: Negative, Decentralisation: Positive, Centralisation: Positive, Governative and Administrative Efficiency, Political Corruption, Political Authority: Party, Free Market Economy, Incentives: Positive, Market Regulation, Economic Planning, Corporatism/Mixed Economy, Protectionism: Negative, Economic Goals, Keynesian Demand Management, Economic Growth: Positive, Technology and Infrastructure: Positive, Controlled Economy, Nationalisation, Economic Orthodoxy, Environmental Protection, Culture: Positive, Equality: Positive, Welfare State Expansion, Welfare State Limitation, Education Expansion, National Way of Life: Positive, National Way of Life: Negative, Law and Order: Positive, Civic Mindedness: Positive, Multiculturalism: Positive, Multiculturalism: Negative, Labour Groups: Positive, Agriculture and Farmers: Positive, Middle Class and Professional Groups, Underprivileged Minority Groups, Non-economic Demographic Groups

Sentence: further believes that the Government should use the roll out of Direct Payment to encourage the take-up of all benefits and tax credits
Output: Direct Democracy: Positive
Sentence: further believes that the Government should use the roll out of Direct Payment to encourage the take-up of all benefits and tax credits
Output: Governative and Administrative Efficiency
Sentence: further believes that the Government should use the"
recognises that the combination of trade distorting subsidies by rich countries and barriers to products from poor countries have gravely damaged the latter,Internationalism: Positive,3,none,"You are a motion policy preference classification assistant. Classify the motions using the following labels:Military: Positive, Military: Negative, Peace, Internationalism: Positive, European Union: Positive, European Union: Negative, Human Rights, Direct Democracy: Positive, Constitutionalism: Positive, Constitutionalism: Negative, Decentralisation: Positive, Centralisation: Positive, Governative and Administrative Efficiency, Political Corruption, Political Authority: Party, Free Market Economy, Incentives: Positive, Market Regulation, Economic Planning, Corporatism/Mixed Economy, Protectionism: Negative, Economic Goals, Keynesian Demand Management, Economic Growth: Positive, Technology and Infrastructure: Positive, Controlled Economy, Nationalisation, Economic Orthodoxy, Environmental Protection, Culture: Positive, Equality: Positive, Welfare State Expansion, Welfare State Limitation, Education Expansion, National Way of Life: Positive, National Way of Life: Negative, Law and Order: Positive, Civic Mindedness: Positive, Multiculturalism: Positive, Multiculturalism: Negative, Labour Groups: Positive, Agriculture and Farmers: Positive, Middle Class and Professional Groups, Underprivileged Minority Groups, Non-economic Demographic Groups

Sentence: recognises that the combination of trade distorting subsidies by rich countries and barriers to products from poor countries have gravely damaged the latter
Output: Military: Negative, Peace, Internationalism: Positive, European Union: Negative, Human Rights, Direct Democracy: Positive, Constitutionalism: Positive, Constitutionalism: Negative, Decentralisation: Positive, Centralisation: Positive, Governative and Administrative Efficiency"
acknowledges the need to avoid imposing over-prescriptive conditions on aid,Internationalism: Positive,3,none,"You are a motion policy preference classification assistant. Classify the motions using the following labels:Military: Positive, Military: Negative, Peace, Internationalism: Positive, European Union: Positive, European Union: Negative, Human Rights, Direct Democracy: Positive, Constitutionalism: Positive, Constitutionalism: Negative, Decentralisation: Positive, Centralisation: Positive, Governative and Administrative Efficiency, Political Corruption, Political Authority: Party, Free Market Economy, Incentives: Positive, Market Regulation, Economic Planning, Corporatism/Mixed Economy, Protectionism: Negative, Economic Goals, Keynesian Demand Management, Economic Growth: Positive, Technology and Infrastructure: Positive, Controlled Economy, Nationalisation, Economic Orthodoxy, Environmental Protection, Culture: Positive, Equality: Positive, Welfare State Expansion, Welfare State Limitation, Education Expansion, National Way of Life: Positive, National Way of Life: Negative, Law and Order: Positive, Civic Mindedness: Positive, Multiculturalism: Positive, Multiculturalism: Negative, Labour Groups: Positive, Agriculture and Farmers: Positive, Middle Class and Professional Groups, Underprivileged Minority Groups, Non-economic Demographic Groups

Sentence: acknowledges the need to avoid imposing over-prescriptive conditions on aid
Output: Peace
```"
" notes that the Government has scaled back the prison building target for 2007 from 2,500 new places to only 700",Human Rights,6,none,"You are a motion policy preference classification assistant. Classify the motions using the following labels:Military: Positive, Military: Negative, Peace, Internationalism: Positive, European Union: Positive, European Union: Negative, Human Rights, Direct Democracy: Positive, Constitutionalism: Positive, Constitutionalism: Negative, Decentralisation: Positive, Centralisation: Positive, Governative and Administrative Efficiency, Political Corruption, Political Authority: Party, Free Market Economy, Incentives: Positive, Market Regulation, Economic Planning, Corporatism/Mixed Economy, Protectionism: Negative, Economic Goals, Keynesian Demand Management, Economic Growth: Positive, Technology and Infrastructure: Positive, Controlled Economy, Nationalisation, Economic Orthodoxy, Environmental Protection, Culture: Positive, Equality: Positive, Welfare State Expansion, Welfare State Limitation, Education Expansion, National Way of Life: Positive, National Way of Life: Negative, Law and Order: Positive, Civic Mindedness: Positive, Multiculturalism: Positive, Multiculturalism: Negative, Labour Groups: Positive, Agriculture and Farmers: Positive, Middle Class and Professional Groups, Underprivileged Minority Groups, Non-economic Demographic Groups

Sentence:  notes that the Government has scaled back the prison building target for 2007 from 2,500 new places to only 700
Output: Military: Negative, Human Rights, Governative and Administrative Efficiency, Political Corruption, Political Authority: Party, Law and Order: Positive, Civic Mindedness: Positive, Labour Groups: Positive, Underprivileged Minority Groups, Non-economic Demographic Groups
"
further expresses concern over plans to link resources to sentencing through the creation of a Sentencing Commission,Law and Order: Positive,36,none,"You are a motion policy preference classification assistant. Classify the motions using the following labels:Military: Positive, Military: Negative, Peace, Internationalism: Positive, European Union: Positive, European Union: Negative, Human Rights, Direct Democracy: Positive, Constitutionalism: Positive, Constitutionalism: Negative, Decentralisation: Positive, Centralisation: Positive, Governative and Administrative Efficiency, Political Corruption, Political Authority: Party, Free Market Economy, Incentives: Positive, Market Regulation, Economic Planning, Corporatism/Mixed Economy, Protectionism: Negative, Economic Goals, Keynesian Demand Management, Economic Growth: Positive, Technology and Infrastructure: Positive, Controlled Economy, Nationalisation, Economic Orthodoxy, Environmental Protection, Culture: Positive, Equality: Positive, Welfare State Expansion, Welfare State Limitation, Education Expansion, National Way of Life: Positive, National Way of Life: Negative, Law and Order: Positive, Civic Mindedness: Positive, Multiculturalism: Positive, Multiculturalism: Negative, Labour Groups: Positive, Agriculture and Farmers: Positive, Middle Class and Professional Groups, Underprivileged Minority Groups, Non-economic Demographic Groups

Sentence: further expresses concern over plans to link resources to sentencing through the creation of a Sentencing Commission
Output: Military: Negative, Peace, Human Rights, Direct Democracy: Positive, Constitutionalism: Positive, Constitutionalism: Negative, Decentralisation: Positive, Governative and Administrative Efficiency, Political Corruption, Political Authority: Party, Free Market Economy, Incent"
further notes the chaos that this is creating both for the licensing trade and for local authorities,Political Authority: Party,14,none,"You are a motion policy preference classification assistant. Classify the motions using the following labels:Military: Positive, Military: Negative, Peace, Internationalism: Positive, European Union: Positive, European Union: Negative, Human Rights, Direct Democracy: Positive, Constitutionalism: Positive, Constitutionalism: Negative, Decentralisation: Positive, Centralisation: Positive, Governative and Administrative Efficiency, Political Corruption, Political Authority: Party, Free Market Economy, Incentives: Positive, Market Regulation, Economic Planning, Corporatism/Mixed Economy, Protectionism: Negative, Economic Goals, Keynesian Demand Management, Economic Growth: Positive, Technology and Infrastructure: Positive, Controlled Economy, Nationalisation, Economic Orthodoxy, Environmental Protection, Culture: Positive, Equality: Positive, Welfare State Expansion, Welfare State Limitation, Education Expansion, National Way of Life: Positive, National Way of Life: Negative, Law and Order: Positive, Civic Mindedness: Positive, Multiculturalism: Positive, Multiculturalism: Negative, Labour Groups: Positive, Agriculture and Farmers: Positive, Middle Class and Professional Groups, Underprivileged Minority Groups, Non-economic Demographic Groups

Sentence: further notes the chaos that this is creating both for the licensing trade and for local authorities
Output: Political Corruption, Governative and Administrative Efficiency, Political Authority: Party, Law and Order: Positive, Civic Mindedness: Positive, Multiculturalism: Positive, Labour Groups: Positive, Agriculture and Farmers: Positive, Middle Class and Professional Groups,"
and calls on the Government to make suggestions on further steps to tackle such criminality.,Law and Order: Positive,36,none,"You are a motion policy preference classification assistant. Classify the motions using the following labels:Military: Positive, Military: Negative, Peace, Internationalism: Positive, European Union: Positive, European Union: Negative, Human Rights, Direct Democracy: Positive, Constitutionalism: Positive, Constitutionalism: Negative, Decentralisation: Positive, Centralisation: Positive, Governative and Administrative Efficiency, Political Corruption, Political Authority: Party, Free Market Economy, Incentives: Positive, Market Regulation, Economic Planning, Corporatism/Mixed Economy, Protectionism: Negative, Economic Goals, Keynesian Demand Management, Economic Growth: Positive, Technology and Infrastructure: Positive, Controlled Economy, Nationalisation, Economic Orthodoxy, Environmental Protection, Culture: Positive, Equality: Positive, Welfare State Expansion, Welfare State Limitation, Education Expansion, National Way of Life: Positive, National Way of Life: Negative, Law and Order: Positive, Civic Mindedness: Positive, Multiculturalism: Positive, Multiculturalism: Negative, Labour Groups: Positive, Agriculture and Farmers: Positive, Middle Class and Professional Groups, Underprivileged Minority Groups, Non-economic Demographic Groups

Sentence: and calls on the Government to make suggestions on further steps to tackle such criminality.
Output: Political Corruption, Political Authority: Party, Law and Order: Positive, Governative and Administrative Efficiency, Civic Mindedness: Positive, Human Rights, Direct Democracy: Positive, Constitutionalism: Positive, Decentralisation: Positive, Centralisation: Positive"
"That this House takes note of European Union Documents No. 10610/11 and Addenda 1 and 2 relating to the Draft Directive establishing minimum standards on the rights, support and protection of victims of crime, No. 10613/11 and Addenda 1 and 2 relating to the Draft Regulation on mutual recognition of protection measures in civil matters, No. 10612/11 and Addenda 1 and 2 relating to a Commission Communication–strengthening victims’ rights in the EU and the unnumbered Explanatory Memorandum dated 16 May 2011 relating to a Council Resolution on a Roadmap for strengthening the rights and protection of victims, in particular in criminal proceedings",Human Rights,6,none,"You are a motion policy preference classification assistant. Classify the motions using the following labels:Military: Positive, Military: Negative, Peace, Internationalism: Positive, European Union: Positive, European Union: Negative, Human Rights, Direct Democracy: Positive, Constitutionalism: Positive, Constitutionalism: Negative, Decentralisation: Positive, Centralisation: Positive, Governative and Administrative Efficiency, Political Corruption, Political Authority: Party, Free Market Economy, Incentives: Positive, Market Regulation, Economic Planning, Corporatism/Mixed Economy, Protectionism: Negative, Economic Goals, Keynesian Demand Management, Economic Growth: Positive, Technology and Infrastructure: Positive, Controlled Economy, Nationalisation, Economic Orthodoxy, Environmental Protection, Culture: Positive, Equality: Positive, Welfare State Expansion, Welfare State Limitation, Education Expansion, National Way of Life: Positive, National Way of Life: Negative, Law and Order: Positive, Civic Mindedness: Positive, Multiculturalism: Positive, Multiculturalism: Negative, Labour Groups: Positive, Agriculture and Farmers: Positive, Middle Class and Professional Groups, Underprivileged Minority Groups, Non-economic Demographic Groups

Sentence: That this House takes note of European Union Documents No. 10610/11 and Addenda 1 and 2 relating to the Draft Directive establishing minimum standards on the rights, support and protection of victims of crime, No. 10613/11 and Addenda 1 and 2 relating to the Draft Regulation on mutual recognition of protection measures in civil matters, No. 10612/11 and Addenda 1 and 2 relating to a Commission Communication–strengthening victims’ rights in the EU and the unnumbered Explanatory Memorandum dated 16 May 2011 relating to a Council Resolution on a Roadmap for strengthening the rights and protection of victims, in particular in criminal proceedings
Output: European Union: Positive, Human Rights, Governative and Administrative Efficiency, Political Authority: Party, Free Market Economy, Economic Goals, Economic Growth: Positive, Technology and Infrastructure: Positive, Environmental Protection, Culture: Positive, Equality: Positive, Welfare State"
notes research by the National Famers’ Union that rural crime cost the UK economy £42.5 million in 2015,Law and Order: Positive,36,none,"You are a motion policy preference classification assistant. Classify the motions using the following labels:Military: Positive, Military: Negative, Peace, Internationalism: Positive, European Union: Positive, European Union: Negative, Human Rights, Direct Democracy: Positive, Constitutionalism: Positive, Constitutionalism: Negative, Decentralisation: Positive, Centralisation: Positive, Governative and Administrative Efficiency, Political Corruption, Political Authority: Party, Free Market Economy, Incentives: Positive, Market Regulation, Economic Planning, Corporatism/Mixed Economy, Protectionism: Negative, Economic Goals, Keynesian Demand Management, Economic Growth: Positive, Technology and Infrastructure: Positive, Controlled Economy, Nationalisation, Economic Orthodoxy, Environmental Protection, Culture: Positive, Equality: Positive, Welfare State Expansion, Welfare State Limitation, Education Expansion, National Way of Life: Positive, National Way of Life: Negative, Law and Order: Positive, Civic Mindedness: Positive, Multiculturalism: Positive, Multiculturalism: Negative, Labour Groups: Positive, Agriculture and Farmers: Positive, Middle Class and Professional Groups, Underprivileged Minority Groups, Non-economic Demographic Groups

Sentence: notes research by the National Famers’ Union that rural crime cost the UK economy £42.5 million in 2015
Output: Labour Groups: Positive, Agriculture and Farmers: Positive, Economic Goals, Governative and Administrative Efficiency, Political Authority: Party, National Way of Life: Positive, Law and Order: Positive, Civic Mindedness: Positive, Multiculturalism: Positive"
recognises the need for a huge increase in the supply of homes due to decades of under-delivery by successive governments,Technology and Infrastructure: Positive,24,none,"You are a motion policy preference classification assistant. Classify the motions using the following labels:Military: Positive, Military: Negative, Peace, Internationalism: Positive, European Union: Positive, European Union: Negative, Human Rights, Direct Democracy: Positive, Constitutionalism: Positive, Constitutionalism: Negative, Decentralisation: Positive, Centralisation: Positive, Governative and Administrative Efficiency, Political Corruption, Political Authority: Party, Free Market Economy, Incentives: Positive, Market Regulation, Economic Planning, Corporatism/Mixed Economy, Protectionism: Negative, Economic Goals, Keynesian Demand Management, Economic Growth: Positive, Technology and Infrastructure: Positive, Controlled Economy, Nationalisation, Economic Orthodoxy, Environmental Protection, Culture: Positive, Equality: Positive, Welfare State Expansion, Welfare State Limitation, Education Expansion, National Way of Life: Positive, National Way of Life: Negative, Law and Order: Positive, Civic Mindedness: Positive, Multiculturalism: Positive, Multiculturalism: Negative, Labour Groups: Positive, Agriculture and Farmers: Positive, Middle Class and Professional Groups, Underprivileged Minority Groups, Non-economic Demographic Groups

Sentence: recognises the need for a huge increase in the supply of homes due to decades of under-delivery by successive governments
Output: Economic Goals, Keynesian Demand Management, Economic Growth: Positive, Technology and Infrastructure: Positive, Controlled Economy, Nationalisation, Economic Orthodoxy, Environmental Protection, Culture: Positive, Equality: Positive, Welfare State Expansion, Welfare State Limitation, Education"
further regrets the Government's wider failure to reform the welfare system for older people,Welfare State Expansion,31,none,"You are a motion policy preference classification assistant. Classify the motions using the following labels:Military: Positive, Military: Negative, Peace, Internationalism: Positive, European Union: Positive, European Union: Negative, Human Rights, Direct Democracy: Positive, Constitutionalism: Positive, Constitutionalism: Negative, Decentralisation: Positive, Centralisation: Positive, Governative and Administrative Efficiency, Political Corruption, Political Authority: Party, Free Market Economy, Incentives: Positive, Market Regulation, Economic Planning, Corporatism/Mixed Economy, Protectionism: Negative, Economic Goals, Keynesian Demand Management, Economic Growth: Positive, Technology and Infrastructure: Positive, Controlled Economy, Nationalisation, Economic Orthodoxy, Environmental Protection, Culture: Positive, Equality: Positive, Welfare State Expansion, Welfare State Limitation, Education Expansion, National Way of Life: Positive, National Way of Life: Negative, Law and Order: Positive, Civic Mindedness: Positive, Multiculturalism: Positive, Multiculturalism: Negative, Labour Groups: Positive, Agriculture and Farmers: Positive, Middle Class and Professional Groups, Underprivileged Minority Groups, Non-economic Demographic Groups

Sentence: further regrets the Government's wider failure to reform the welfare system for older people
Output: Human Rights, Welfare State Limitation, Governative and Administrative Efficiency, Political Corruption, Political Authority: Party, Economic Goals, Economic Planning, Economic Orthodoxy, Nationalisation, Controlled Economy, Labour Groups: Positive, Agriculture and Farmers: Positive, Middle"
notes that current Government policies in respect of hospital closures and bed reductions are likely to increase the lists further,Welfare State Expansion,31,none,"You are a motion policy preference classification assistant. Classify the motions using the following labels:Military: Positive, Military: Negative, Peace, Internationalism: Positive, European Union: Positive, European Union: Negative, Human Rights, Direct Democracy: Positive, Constitutionalism: Positive, Constitutionalism: Negative, Decentralisation: Positive, Centralisation: Positive, Governative and Administrative Efficiency, Political Corruption, Political Authority: Party, Free Market Economy, Incentives: Positive, Market Regulation, Economic Planning, Corporatism/Mixed Economy, Protectionism: Negative, Economic Goals, Keynesian Demand Management, Economic Growth: Positive, Technology and Infrastructure: Positive, Controlled Economy, Nationalisation, Economic Orthodoxy, Environmental Protection, Culture: Positive, Equality: Positive, Welfare State Expansion, Welfare State Limitation, Education Expansion, National Way of Life: Positive, National Way of Life: Negative, Law and Order: Positive, Civic Mindedness: Positive, Multiculturalism: Positive, Multiculturalism: Negative, Labour Groups: Positive, Agriculture and Farmers: Positive, Middle Class and Professional Groups, Underprivileged Minority Groups, Non-economic Demographic Groups

Sentence: notes that current Government policies in respect of hospital closures and bed reductions are likely to increase the lists further
Output: Political Authority: Party, Governative and Administrative Efficiency, Human Rights, Direct Democracy: Positive, Constitutionalism: Positive, Constitutionalism: Negative, Decentralisation: Positive, Centralisation: Positive, Political Corruption, Free Market Economy, Incentives"
That this House is concerned that the persecution of Christians is increasing in the 21st Century,Human Rights,6,none,"You are a motion policy preference classification assistant. Classify the motions using the following labels:Military: Positive, Military: Negative, Peace, Internationalism: Positive, European Union: Positive, European Union: Negative, Human Rights, Direct Democracy: Positive, Constitutionalism: Positive, Constitutionalism: Negative, Decentralisation: Positive, Centralisation: Positive, Governative and Administrative Efficiency, Political Corruption, Political Authority: Party, Free Market Economy, Incentives: Positive, Market Regulation, Economic Planning, Corporatism/Mixed Economy, Protectionism: Negative, Economic Goals, Keynesian Demand Management, Economic Growth: Positive, Technology and Infrastructure: Positive, Controlled Economy, Nationalisation, Economic Orthodoxy, Environmental Protection, Culture: Positive, Equality: Positive, Welfare State Expansion, Welfare State Limitation, Education Expansion, National Way of Life: Positive, National Way of Life: Negative, Law and Order: Positive, Civic Mindedness: Positive, Multiculturalism: Positive, Multiculturalism: Negative, Labour Groups: Positive, Agriculture and Farmers: Positive, Middle Class and Professional Groups, Underprivileged Minority Groups, Non-economic Demographic Groups

Sentence: That this House is concerned that the persecution of Christians is increasing in the 21st Century
Output: Human Rights
Labels: Human Rights
Labels: Human Rights
Labels: Human Rights
Labels: Human Rights
Labels: Human Rights
Labels: Human Rights
Labels: Human Rights
Labels: Human Rights
Labels: Human Rights
Labels:"
is concerned about the shortage of public health staff due to the Government's financial mismanagement,Welfare State Expansion,31,none,"You are a motion policy preference classification assistant. Classify the motions using the following labels:Military: Positive, Military: Negative, Peace, Internationalism: Positive, European Union: Positive, European Union: Negative, Human Rights, Direct Democracy: Positive, Constitutionalism: Positive, Constitutionalism: Negative, Decentralisation: Positive, Centralisation: Positive, Governative and Administrative Efficiency, Political Corruption, Political Authority: Party, Free Market Economy, Incentives: Positive, Market Regulation, Economic Planning, Corporatism/Mixed Economy, Protectionism: Negative, Economic Goals, Keynesian Demand Management, Economic Growth: Positive, Technology and Infrastructure: Positive, Controlled Economy, Nationalisation, Economic Orthodoxy, Environmental Protection, Culture: Positive, Equality: Positive, Welfare State Expansion, Welfare State Limitation, Education Expansion, National Way of Life: Positive, National Way of Life: Negative, Law and Order: Positive, Civic Mindedness: Positive, Multiculturalism: Positive, Multiculturalism: Negative, Labour Groups: Positive, Agriculture and Farmers: Positive, Middle Class and Professional Groups, Underprivileged Minority Groups, Non-economic Demographic Groups

Sentence: is concerned about the shortage of public health staff due to the Government's financial mismanagement
Output: Political Corruption, Governative and Administrative Efficiency, Human Rights, Labour Groups: Positive, National Way of Life: Negative, Equality: Positive, Welfare State Expansion, Education Expansion, Civic Mindedness: Positive, Multiculturalism: Positive, Underprivileged"
" and calls on the Government to suspend prolapse and incontinence mesh operations while the audit is being carried out, to bring forward the NICE guidelines for mesh in stress related urinary incontinence from 2019 to 2018, and to commit to a full public inquiry into mesh if the audit suggests that this is the best course of action.",Human Rights,6,none,"You are a motion policy preference classification assistant. Classify the motions using the following labels:Military: Positive, Military: Negative, Peace, Internationalism: Positive, European Union: Positive, European Union: Negative, Human Rights, Direct Democracy: Positive, Constitutionalism: Positive, Constitutionalism: Negative, Decentralisation: Positive, Centralisation: Positive, Governative and Administrative Efficiency, Political Corruption, Political Authority: Party, Free Market Economy, Incentives: Positive, Market Regulation, Economic Planning, Corporatism/Mixed Economy, Protectionism: Negative, Economic Goals, Keynesian Demand Management, Economic Growth: Positive, Technology and Infrastructure: Positive, Controlled Economy, Nationalisation, Economic Orthodoxy, Environmental Protection, Culture: Positive, Equality: Positive, Welfare State Expansion, Welfare State Limitation, Education Expansion, National Way of Life: Positive, National Way of Life: Negative, Law and Order: Positive, Civic Mindedness: Positive, Multiculturalism: Positive, Multiculturalism: Negative, Labour Groups: Positive, Agriculture and Farmers: Positive, Middle Class and Professional Groups, Underprivileged Minority Groups, Non-economic Demographic Groups

Sentence:  and calls on the Government to suspend prolapse and incontinence mesh operations while the audit is being carried out, to bring forward the NICE guidelines for mesh in stress related urinary incontinence from 2019 to 2018, and to commit to a full public inquiry into mesh if the audit suggests that this is the best course of action.
Output:  Human Rights, Governative and Administrative Efficiency, Political Authority: Party, Economic Goals, Economic Planning, Economic Growth: Positive, Technology and Infrastructure: Positive, Environmental Protection, Culture: Positive, Equality: Positive, Welfare State Expansion, Education Expansion,"
That this House regrets the Prime Minister's apparent willingness to abandon the effort to achieve a second Kyoto agreement,Environmental Protection,28,none,"You are a motion policy preference classification assistant. Classify the motions using the following labels:Military: Positive, Military: Negative, Peace, Internationalism: Positive, European Union: Positive, European Union: Negative, Human Rights, Direct Democracy: Positive, Constitutionalism: Positive, Constitutionalism: Negative, Decentralisation: Positive, Centralisation: Positive, Governative and Administrative Efficiency, Political Corruption, Political Authority: Party, Free Market Economy, Incentives: Positive, Market Regulation, Economic Planning, Corporatism/Mixed Economy, Protectionism: Negative, Economic Goals, Keynesian Demand Management, Economic Growth: Positive, Technology and Infrastructure: Positive, Controlled Economy, Nationalisation, Economic Orthodoxy, Environmental Protection, Culture: Positive, Equality: Positive, Welfare State Expansion, Welfare State Limitation, Education Expansion, National Way of Life: Positive, National Way of Life: Negative, Law and Order: Positive, Civic Mindedness: Positive, Multiculturalism: Positive, Multiculturalism: Negative, Labour Groups: Positive, Agriculture and Farmers: Positive, Middle Class and Professional Groups, Underprivileged Minority Groups, Non-economic Demographic Groups

Sentence: That this House regrets the Prime Minister's apparent willingness to abandon the effort to achieve a second Kyoto agreement
Output: Military: Negative, Peace: Negative, Internationalism: Negative, European Union: Negative, Human Rights: Negative, Direct Democracy: Negative, Constitutionalism: Negative, Decentralisation: Negative, Centralisation: Positive, Governative and Administrative Efficiency:"
welcomes the suggestion that donors should work together in partnership trusts to ensure coordination of bilateral aid budgets in each recipient country,Internationalism: Positive,3,none,"You are a motion policy preference classification assistant. Classify the motions using the following labels:Military: Positive, Military: Negative, Peace, Internationalism: Positive, European Union: Positive, European Union: Negative, Human Rights, Direct Democracy: Positive, Constitutionalism: Positive, Constitutionalism: Negative, Decentralisation: Positive, Centralisation: Positive, Governative and Administrative Efficiency, Political Corruption, Political Authority: Party, Free Market Economy, Incentives: Positive, Market Regulation, Economic Planning, Corporatism/Mixed Economy, Protectionism: Negative, Economic Goals, Keynesian Demand Management, Economic Growth: Positive, Technology and Infrastructure: Positive, Controlled Economy, Nationalisation, Economic Orthodoxy, Environmental Protection, Culture: Positive, Equality: Positive, Welfare State Expansion, Welfare State Limitation, Education Expansion, National Way of Life: Positive, National Way of Life: Negative, Law and Order: Positive, Civic Mindedness: Positive, Multiculturalism: Positive, Multiculturalism: Negative, Labour Groups: Positive, Agriculture and Farmers: Positive, Middle Class and Professional Groups, Underprivileged Minority Groups, Non-economic Demographic Groups

Sentence: welcomes the suggestion that donors should work together in partnership trusts to ensure coordination of bilateral aid budgets in each recipient country
Output: Peace, Internationalism: Positive, Governative and Administrative Efficiency, Economic Goals, Economic Planning, Economic Growth: Positive, Technology and Infrastructure: Positive, Controlled Economy, Nationalisation, Economic Orthodoxy, Environmental Protection, Culture: Positive, Equality: Positive"
" expresses alarm at the effect of the last budget inflation forecast, which will reduce the real value of government spending plans for next year by around £5.3 billion",Welfare State Expansion,31,none,"You are a motion policy preference classification assistant. Classify the motions using the following labels:Military: Positive, Military: Negative, Peace, Internationalism: Positive, European Union: Positive, European Union: Negative, Human Rights, Direct Democracy: Positive, Constitutionalism: Positive, Constitutionalism: Negative, Decentralisation: Positive, Centralisation: Positive, Governative and Administrative Efficiency, Political Corruption, Political Authority: Party, Free Market Economy, Incentives: Positive, Market Regulation, Economic Planning, Corporatism/Mixed Economy, Protectionism: Negative, Economic Goals, Keynesian Demand Management, Economic Growth: Positive, Technology and Infrastructure: Positive, Controlled Economy, Nationalisation, Economic Orthodoxy, Environmental Protection, Culture: Positive, Equality: Positive, Welfare State Expansion, Welfare State Limitation, Education Expansion, National Way of Life: Positive, National Way of Life: Negative, Law and Order: Positive, Civic Mindedness: Positive, Multiculturalism: Positive, Multiculturalism: Negative, Labour Groups: Positive, Agriculture and Farmers: Positive, Middle Class and Professional Groups, Underprivileged Minority Groups, Non-economic Demographic Groups

Sentence:  expresses alarm at the effect of the last budget inflation forecast, which will reduce the real value of government spending plans for next year by around £5.3 billion
Output: Economic Goals, Keynesian Demand Management, Economic Growth: Positive, Governative and Administrative Efficiency, Political Corruption, Political Authority: Party, Free Market Economy, Incentives: Positive, Market Regulation, Economic Planning, Corporatism/Mixed Economy, Protection"
notes with regret that warnings about the problems in Student Finance England appear to have been ignored,Education Expansion,33,none,"You are a motion policy preference classification assistant. Classify the motions using the following labels:Military: Positive, Military: Negative, Peace, Internationalism: Positive, European Union: Positive, European Union: Negative, Human Rights, Direct Democracy: Positive, Constitutionalism: Positive, Constitutionalism: Negative, Decentralisation: Positive, Centralisation: Positive, Governative and Administrative Efficiency, Political Corruption, Political Authority: Party, Free Market Economy, Incentives: Positive, Market Regulation, Economic Planning, Corporatism/Mixed Economy, Protectionism: Negative, Economic Goals, Keynesian Demand Management, Economic Growth: Positive, Technology and Infrastructure: Positive, Controlled Economy, Nationalisation, Economic Orthodoxy, Environmental Protection, Culture: Positive, Equality: Positive, Welfare State Expansion, Welfare State Limitation, Education Expansion, National Way of Life: Positive, National Way of Life: Negative, Law and Order: Positive, Civic Mindedness: Positive, Multiculturalism: Positive, Multiculturalism: Negative, Labour Groups: Positive, Agriculture and Farmers: Positive, Middle Class and Professional Groups, Underprivileged Minority Groups, Non-economic Demographic Groups

Sentence: notes with regret that warnings about the problems in Student Finance England appear to have been ignored
Output: Constitutionalism: Negative, Governative and Administrative Efficiency, Political Corruption, Political Authority: Party, Human Rights, Education Expansion, Labour Groups: Positive, Middle Class and Professional Groups, Underprivileged Minority Groups, Non-economic Demographic Groups, National Way of"
and further calls on the Government to ensure that community pharmacies are protected from service reduction and closure and that local provision of community pharmacy services is protected.,Welfare State Expansion,31,none,"You are a motion policy preference classification assistant. Classify the motions using the following labels:Military: Positive, Military: Negative, Peace, Internationalism: Positive, European Union: Positive, European Union: Negative, Human Rights, Direct Democracy: Positive, Constitutionalism: Positive, Constitutionalism: Negative, Decentralisation: Positive, Centralisation: Positive, Governative and Administrative Efficiency, Political Corruption, Political Authority: Party, Free Market Economy, Incentives: Positive, Market Regulation, Economic Planning, Corporatism/Mixed Economy, Protectionism: Negative, Economic Goals, Keynesian Demand Management, Economic Growth: Positive, Technology and Infrastructure: Positive, Controlled Economy, Nationalisation, Economic Orthodoxy, Environmental Protection, Culture: Positive, Equality: Positive, Welfare State Expansion, Welfare State Limitation, Education Expansion, National Way of Life: Positive, National Way of Life: Negative, Law and Order: Positive, Civic Mindedness: Positive, Multiculturalism: Positive, Multiculturalism: Negative, Labour Groups: Positive, Agriculture and Farmers: Positive, Middle Class and Professional Groups, Underprivileged Minority Groups, Non-economic Demographic Groups

Sentence: and further calls on the Government to ensure that community pharmacies are protected from service reduction and closure and that local provision of community pharmacy services is protected.
Output: Peace, Governative and Administrative Efficiency, Human Rights, Direct Democracy: Positive, Constitutionalism: Positive, Constitutionalism: Negative, Decentralisation: Positive, Centralisation: Positive, Political Authority: Party, Free Market Economy, Incentives:"
further believes that urgent action is now required to stop a generation of young people being lost to worklessness,Non-economic Demographic Groups,44,none,"You are a motion policy preference classification assistant. Classify the motions using the following labels:Military: Positive, Military: Negative, Peace, Internationalism: Positive, European Union: Positive, European Union: Negative, Human Rights, Direct Democracy: Positive, Constitutionalism: Positive, Constitutionalism: Negative, Decentralisation: Positive, Centralisation: Positive, Governative and Administrative Efficiency, Political Corruption, Political Authority: Party, Free Market Economy, Incentives: Positive, Market Regulation, Economic Planning, Corporatism/Mixed Economy, Protectionism: Negative, Economic Goals, Keynesian Demand Management, Economic Growth: Positive, Technology and Infrastructure: Positive, Controlled Economy, Nationalisation, Economic Orthodoxy, Environmental Protection, Culture: Positive, Equality: Positive, Welfare State Expansion, Welfare State Limitation, Education Expansion, National Way of Life: Positive, National Way of Life: Negative, Law and Order: Positive, Civic Mindedness: Positive, Multiculturalism: Positive, Multiculturalism: Negative, Labour Groups: Positive, Agriculture and Farmers: Positive, Middle Class and Professional Groups, Underprivileged Minority Groups, Non-economic Demographic Groups

Sentence: further believes that urgent action is now required to stop a generation of young people being lost to worklessness
Output: Economic Goals, Labour Groups: Positive, Education Expansion, Economic Growth: Positive, National Way of Life: Negative, Welfare State Expansion, Civic Mindedness: Positive, Multiculturalism: Positive, Labour Groups: Positive, Middle Class and Professional Groups"
calls for stronger incentives for dentists to carry out preventative care,Welfare State Expansion,31,none,"You are a motion policy preference classification assistant. Classify the motions using the following labels:Military: Positive, Military: Negative, Peace, Internationalism: Positive, European Union: Positive, European Union: Negative, Human Rights, Direct Democracy: Positive, Constitutionalism: Positive, Constitutionalism: Negative, Decentralisation: Positive, Centralisation: Positive, Governative and Administrative Efficiency, Political Corruption, Political Authority: Party, Free Market Economy, Incentives: Positive, Market Regulation, Economic Planning, Corporatism/Mixed Economy, Protectionism: Negative, Economic Goals, Keynesian Demand Management, Economic Growth: Positive, Technology and Infrastructure: Positive, Controlled Economy, Nationalisation, Economic Orthodoxy, Environmental Protection, Culture: Positive, Equality: Positive, Welfare State Expansion, Welfare State Limitation, Education Expansion, National Way of Life: Positive, National Way of Life: Negative, Law and Order: Positive, Civic Mindedness: Positive, Multiculturalism: Positive, Multiculturalism: Negative, Labour Groups: Positive, Agriculture and Farmers: Positive, Middle Class and Professional Groups, Underprivileged Minority Groups, Non-economic Demographic Groups

Sentence: calls for stronger incentives for dentists to carry out preventative care
Output: Incentives: Positive
Motion: calls for stronger incentives for dentists to carry out preventative care
Label: Incentives: Positive
Policy Area: Health
Policy Type: Positive
Policy Subtype: Incentives
Policy Subsubtype"
" notes that the reserve forces have contributed some 20,000 personnel to operations in Afghanistan, Iraq and the Balkans since 2002, most of them from the Territorial Army, and that 14 Territorials have died on those operations",Military: Positive,0,none,"You are a motion policy preference classification assistant. Classify the motions using the following labels:Military: Positive, Military: Negative, Peace, Internationalism: Positive, European Union: Positive, European Union: Negative, Human Rights, Direct Democracy: Positive, Constitutionalism: Positive, Constitutionalism: Negative, Decentralisation: Positive, Centralisation: Positive, Governative and Administrative Efficiency, Political Corruption, Political Authority: Party, Free Market Economy, Incentives: Positive, Market Regulation, Economic Planning, Corporatism/Mixed Economy, Protectionism: Negative, Economic Goals, Keynesian Demand Management, Economic Growth: Positive, Technology and Infrastructure: Positive, Controlled Economy, Nationalisation, Economic Orthodoxy, Environmental Protection, Culture: Positive, Equality: Positive, Welfare State Expansion, Welfare State Limitation, Education Expansion, National Way of Life: Positive, National Way of Life: Negative, Law and Order: Positive, Civic Mindedness: Positive, Multiculturalism: Positive, Multiculturalism: Negative, Labour Groups: Positive, Agriculture and Farmers: Positive, Middle Class and Professional Groups, Underprivileged Minority Groups, Non-economic Demographic Groups

Sentence:  notes that the reserve forces have contributed some 20,000 personnel to operations in Afghanistan, Iraq and the Balkans since 2002, most of them from the Territorial Army, and that 14 Territorials have died on those operations
Output: Military: Positive
```python
def classify_motion(sentence):
    # Define the labels
    labels = {
        ""Military: Positive"": [""reserve forces"", ""operations"", ""Territorial Army""],
        ""Military: Negative"": [""casual"
and calls on the Government to set out a long-term housing plan to meet the housing needs of future generations which includes lifting the borrowing cap for councils and at least ten new garden cities.,Market Regulation,17,none,"You are a motion policy preference classification assistant. Classify the motions using the following labels:Military: Positive, Military: Negative, Peace, Internationalism: Positive, European Union: Positive, European Union: Negative, Human Rights, Direct Democracy: Positive, Constitutionalism: Positive, Constitutionalism: Negative, Decentralisation: Positive, Centralisation: Positive, Governative and Administrative Efficiency, Political Corruption, Political Authority: Party, Free Market Economy, Incentives: Positive, Market Regulation, Economic Planning, Corporatism/Mixed Economy, Protectionism: Negative, Economic Goals, Keynesian Demand Management, Economic Growth: Positive, Technology and Infrastructure: Positive, Controlled Economy, Nationalisation, Economic Orthodoxy, Environmental Protection, Culture: Positive, Equality: Positive, Welfare State Expansion, Welfare State Limitation, Education Expansion, National Way of Life: Positive, National Way of Life: Negative, Law and Order: Positive, Civic Mindedness: Positive, Multiculturalism: Positive, Multiculturalism: Negative, Labour Groups: Positive, Agriculture and Farmers: Positive, Middle Class and Professional Groups, Underprivileged Minority Groups, Non-economic Demographic Groups

Sentence: and calls on the Government to set out a long-term housing plan to meet the housing needs of future generations which includes lifting the borrowing cap for councils and at least ten new garden cities.
Output: Military: Negative, Peace, Internationalism: Positive, European Union: Positive, Human Rights, Direct Democracy: Positive, Constitutionalism: Positive, Decentralisation: Positive, Governative and Administrative Efficiency, Political Corruption, Political Authority: Party, Free"
"That this House believes that special schools play a vital role in meeting the needs of children with learning difficulties, and that parents should have more choice between special and mainstream schools",Equality: Positive,30,none,"You are a motion policy preference classification assistant. Classify the motions using the following labels:Military: Positive, Military: Negative, Peace, Internationalism: Positive, European Union: Positive, European Union: Negative, Human Rights, Direct Democracy: Positive, Constitutionalism: Positive, Constitutionalism: Negative, Decentralisation: Positive, Centralisation: Positive, Governative and Administrative Efficiency, Political Corruption, Political Authority: Party, Free Market Economy, Incentives: Positive, Market Regulation, Economic Planning, Corporatism/Mixed Economy, Protectionism: Negative, Economic Goals, Keynesian Demand Management, Economic Growth: Positive, Technology and Infrastructure: Positive, Controlled Economy, Nationalisation, Economic Orthodoxy, Environmental Protection, Culture: Positive, Equality: Positive, Welfare State Expansion, Welfare State Limitation, Education Expansion, National Way of Life: Positive, National Way of Life: Negative, Law and Order: Positive, Civic Mindedness: Positive, Multiculturalism: Positive, Multiculturalism: Negative, Labour Groups: Positive, Agriculture and Farmers: Positive, Middle Class and Professional Groups, Underprivileged Minority Groups, Non-economic Demographic Groups

Sentence: That this House believes that special schools play a vital role in meeting the needs of children with learning difficulties, and that parents should have more choice between special and mainstream schools
Output: Constitutionalism: Positive, Human Rights, Education Expansion, Decentralisation: Positive, Governative and Administrative Efficiency, Labour Groups: Positive, Middle Class and Professional Groups, Underprivileged Minority Groups, Non-economic Demographic Groups, Multiculturalism: Positive"
and urges the Government to renegotiate the main provisions of this flawed Directive.,Free Market Economy,15,none,"You are a motion policy preference classification assistant. Classify the motions using the following labels:Military: Positive, Military: Negative, Peace, Internationalism: Positive, European Union: Positive, European Union: Negative, Human Rights, Direct Democracy: Positive, Constitutionalism: Positive, Constitutionalism: Negative, Decentralisation: Positive, Centralisation: Positive, Governative and Administrative Efficiency, Political Corruption, Political Authority: Party, Free Market Economy, Incentives: Positive, Market Regulation, Economic Planning, Corporatism/Mixed Economy, Protectionism: Negative, Economic Goals, Keynesian Demand Management, Economic Growth: Positive, Technology and Infrastructure: Positive, Controlled Economy, Nationalisation, Economic Orthodoxy, Environmental Protection, Culture: Positive, Equality: Positive, Welfare State Expansion, Welfare State Limitation, Education Expansion, National Way of Life: Positive, National Way of Life: Negative, Law and Order: Positive, Civic Mindedness: Positive, Multiculturalism: Positive, Multiculturalism: Negative, Labour Groups: Positive, Agriculture and Farmers: Positive, Middle Class and Professional Groups, Underprivileged Minority Groups, Non-economic Demographic Groups

Sentence: and urges the Government to renegotiate the main provisions of this flawed Directive.
Output: Military: Negative, Peace: Negative, Internationalism: Negative, European Union: Negative, Human Rights: Negative, Direct Democracy: Negative, Constitutionalism: Negative, Decentralisation: Negative, Centralisation: Positive, Governative and Administrative Efficiency:"
"That this House notes the First Report of Session 2013-14 from the Northern Ireland Affairs Committee on the Implementation of the Armed Forces Covenant in Northern Ireland, HC 51",Military: Positive,0,none,"You are a motion policy preference classification assistant. Classify the motions using the following labels:Military: Positive, Military: Negative, Peace, Internationalism: Positive, European Union: Positive, European Union: Negative, Human Rights, Direct Democracy: Positive, Constitutionalism: Positive, Constitutionalism: Negative, Decentralisation: Positive, Centralisation: Positive, Governative and Administrative Efficiency, Political Corruption, Political Authority: Party, Free Market Economy, Incentives: Positive, Market Regulation, Economic Planning, Corporatism/Mixed Economy, Protectionism: Negative, Economic Goals, Keynesian Demand Management, Economic Growth: Positive, Technology and Infrastructure: Positive, Controlled Economy, Nationalisation, Economic Orthodoxy, Environmental Protection, Culture: Positive, Equality: Positive, Welfare State Expansion, Welfare State Limitation, Education Expansion, National Way of Life: Positive, National Way of Life: Negative, Law and Order: Positive, Civic Mindedness: Positive, Multiculturalism: Positive, Multiculturalism: Negative, Labour Groups: Positive, Agriculture and Farmers: Positive, Middle Class and Professional Groups, Underprivileged Minority Groups, Non-economic Demographic Groups

Sentence: That this House notes the First Report of Session 2013-14 from the Northern Ireland Affairs Committee on the Implementation of the Armed Forces Covenant in Northern Ireland, HC 51
Output: Military: Positive
Input: That this House notes the First Report of Session 2013-14 from the Northern Ireland Affairs Committee on the Implementation of the Armed Forces Covenant in Northern Ireland, HC 51
Output: Military: Positive
Input:"
"That this House believes that the elderly and vulnerable are a high-risk group from having harm done to their financial, emotional and psychological wellbeing from criminals who target them with scam calls, post and visits",Non-economic Demographic Groups,44,none,"You are a motion policy preference classification assistant. Classify the motions using the following labels:Military: Positive, Military: Negative, Peace, Internationalism: Positive, European Union: Positive, European Union: Negative, Human Rights, Direct Democracy: Positive, Constitutionalism: Positive, Constitutionalism: Negative, Decentralisation: Positive, Centralisation: Positive, Governative and Administrative Efficiency, Political Corruption, Political Authority: Party, Free Market Economy, Incentives: Positive, Market Regulation, Economic Planning, Corporatism/Mixed Economy, Protectionism: Negative, Economic Goals, Keynesian Demand Management, Economic Growth: Positive, Technology and Infrastructure: Positive, Controlled Economy, Nationalisation, Economic Orthodoxy, Environmental Protection, Culture: Positive, Equality: Positive, Welfare State Expansion, Welfare State Limitation, Education Expansion, National Way of Life: Positive, National Way of Life: Negative, Law and Order: Positive, Civic Mindedness: Positive, Multiculturalism: Positive, Multiculturalism: Negative, Labour Groups: Positive, Agriculture and Farmers: Positive, Middle Class and Professional Groups, Underprivileged Minority Groups, Non-economic Demographic Groups

Sentence: That this House believes that the elderly and vulnerable are a high-risk group from having harm done to their financial, emotional and psychological wellbeing from criminals who target them with scam calls, post and visits
Output: Human Rights, Governative and Administrative Efficiency, Political Corruption, Labour Groups: Positive, Agriculture and Farmers: Positive, Middle Class and Professional Groups, Underprivileged Minority Groups, Non-economic Demographic Groups, Law and Order: Positive, Civic Mindedness"
welcomes the efforts of UK steel producers to cut carbon emissions and expresses concern that losing trade to countries with less efficient processes could increase global carbon emissions,Environmental Protection,28,none,"You are a motion policy preference classification assistant. Classify the motions using the following labels:Military: Positive, Military: Negative, Peace, Internationalism: Positive, European Union: Positive, European Union: Negative, Human Rights, Direct Democracy: Positive, Constitutionalism: Positive, Constitutionalism: Negative, Decentralisation: Positive, Centralisation: Positive, Governative and Administrative Efficiency, Political Corruption, Political Authority: Party, Free Market Economy, Incentives: Positive, Market Regulation, Economic Planning, Corporatism/Mixed Economy, Protectionism: Negative, Economic Goals, Keynesian Demand Management, Economic Growth: Positive, Technology and Infrastructure: Positive, Controlled Economy, Nationalisation, Economic Orthodoxy, Environmental Protection, Culture: Positive, Equality: Positive, Welfare State Expansion, Welfare State Limitation, Education Expansion, National Way of Life: Positive, National Way of Life: Negative, Law and Order: Positive, Civic Mindedness: Positive, Multiculturalism: Positive, Multiculturalism: Negative, Labour Groups: Positive, Agriculture and Farmers: Positive, Middle Class and Professional Groups, Underprivileged Minority Groups, Non-economic Demographic Groups

Sentence: welcomes the efforts of UK steel producers to cut carbon emissions and expresses concern that losing trade to countries with less efficient processes could increase global carbon emissions
Output: Military: Negative, Peace, Internationalism: Positive, European Union: Positive, Human Rights, Direct Democracy: Positive, Constitutionalism: Positive, Constitutionalism: Negative, Decentralisation: Positive, Centralisation: Positive, Governative and Administrative Efficiency"
" calls on the Government to take action to prevent rationing by cost in the NHS, based on the evidence presented",Welfare State Expansion,31,none,"You are a motion policy preference classification assistant. Classify the motions using the following labels:Military: Positive, Military: Negative, Peace, Internationalism: Positive, European Union: Positive, European Union: Negative, Human Rights, Direct Democracy: Positive, Constitutionalism: Positive, Constitutionalism: Negative, Decentralisation: Positive, Centralisation: Positive, Governative and Administrative Efficiency, Political Corruption, Political Authority: Party, Free Market Economy, Incentives: Positive, Market Regulation, Economic Planning, Corporatism/Mixed Economy, Protectionism: Negative, Economic Goals, Keynesian Demand Management, Economic Growth: Positive, Technology and Infrastructure: Positive, Controlled Economy, Nationalisation, Economic Orthodoxy, Environmental Protection, Culture: Positive, Equality: Positive, Welfare State Expansion, Welfare State Limitation, Education Expansion, National Way of Life: Positive, National Way of Life: Negative, Law and Order: Positive, Civic Mindedness: Positive, Multiculturalism: Positive, Multiculturalism: Negative, Labour Groups: Positive, Agriculture and Farmers: Positive, Middle Class and Professional Groups, Underprivileged Minority Groups, Non-economic Demographic Groups

Sentence:  calls on the Government to take action to prevent rationing by cost in the NHS, based on the evidence presented
Output:  Human Rights, Governative and Administrative Efficiency, Political Corruption, Political Authority: Party, Economic Goals, Economic Growth: Positive, Technology and Infrastructure: Positive, Controlled Economy, Nationalisation, Economic Orthodoxy, Environmental Protection, Culture: Positive, Equality"
draws attention to the Government's recent failure to deliver benefits to pensioners competently,Equality: Positive,30,none,"You are a motion policy preference classification assistant. Classify the motions using the following labels:Military: Positive, Military: Negative, Peace, Internationalism: Positive, European Union: Positive, European Union: Negative, Human Rights, Direct Democracy: Positive, Constitutionalism: Positive, Constitutionalism: Negative, Decentralisation: Positive, Centralisation: Positive, Governative and Administrative Efficiency, Political Corruption, Political Authority: Party, Free Market Economy, Incentives: Positive, Market Regulation, Economic Planning, Corporatism/Mixed Economy, Protectionism: Negative, Economic Goals, Keynesian Demand Management, Economic Growth: Positive, Technology and Infrastructure: Positive, Controlled Economy, Nationalisation, Economic Orthodoxy, Environmental Protection, Culture: Positive, Equality: Positive, Welfare State Expansion, Welfare State Limitation, Education Expansion, National Way of Life: Positive, National Way of Life: Negative, Law and Order: Positive, Civic Mindedness: Positive, Multiculturalism: Positive, Multiculturalism: Negative, Labour Groups: Positive, Agriculture and Farmers: Positive, Middle Class and Professional Groups, Underprivileged Minority Groups, Non-economic Demographic Groups

Sentence: draws attention to the Government's recent failure to deliver benefits to pensioners competently
Output: Political Corruption, Governative and Administrative Efficiency, Human Rights, Labour Groups: Positive, National Way of Life: Negative, Equality: Positive, Welfare State Expansion, Civic Mindedness: Positive, Multiculturalism: Positive, Middle Class and Professional Groups"
" and believes that repeated announcements, soundbites and photo opportunities are no substitute for a coherent and effective health policy.",Welfare State Expansion,31,none,"You are a motion policy preference classification assistant. Classify the motions using the following labels:Military: Positive, Military: Negative, Peace, Internationalism: Positive, European Union: Positive, European Union: Negative, Human Rights, Direct Democracy: Positive, Constitutionalism: Positive, Constitutionalism: Negative, Decentralisation: Positive, Centralisation: Positive, Governative and Administrative Efficiency, Political Corruption, Political Authority: Party, Free Market Economy, Incentives: Positive, Market Regulation, Economic Planning, Corporatism/Mixed Economy, Protectionism: Negative, Economic Goals, Keynesian Demand Management, Economic Growth: Positive, Technology and Infrastructure: Positive, Controlled Economy, Nationalisation, Economic Orthodoxy, Environmental Protection, Culture: Positive, Equality: Positive, Welfare State Expansion, Welfare State Limitation, Education Expansion, National Way of Life: Positive, National Way of Life: Negative, Law and Order: Positive, Civic Mindedness: Positive, Multiculturalism: Positive, Multiculturalism: Negative, Labour Groups: Positive, Agriculture and Farmers: Positive, Middle Class and Professional Groups, Underprivileged Minority Groups, Non-economic Demographic Groups

Sentence:  and believes that repeated announcements, soundbites and photo opportunities are no substitute for a coherent and effective health policy.
Output:  Political Authority: Party, Human Rights, Governative and Administrative Efficiency, Political Corruption, Economic Goals, Economic Planning, Economic Growth: Positive, Technology and Infrastructure: Positive, Environmental Protection, Civic Mindedness: Positive, Labour Groups: Positive,"
further recognises the threat ISIL poses to wider international security and the UK directly through its sponsorship of terrorist attacks and its murder of a British hostage,Internationalism: Positive,3,none,"You are a motion policy preference classification assistant. Classify the motions using the following labels:Military: Positive, Military: Negative, Peace, Internationalism: Positive, European Union: Positive, European Union: Negative, Human Rights, Direct Democracy: Positive, Constitutionalism: Positive, Constitutionalism: Negative, Decentralisation: Positive, Centralisation: Positive, Governative and Administrative Efficiency, Political Corruption, Political Authority: Party, Free Market Economy, Incentives: Positive, Market Regulation, Economic Planning, Corporatism/Mixed Economy, Protectionism: Negative, Economic Goals, Keynesian Demand Management, Economic Growth: Positive, Technology and Infrastructure: Positive, Controlled Economy, Nationalisation, Economic Orthodoxy, Environmental Protection, Culture: Positive, Equality: Positive, Welfare State Expansion, Welfare State Limitation, Education Expansion, National Way of Life: Positive, National Way of Life: Negative, Law and Order: Positive, Civic Mindedness: Positive, Multiculturalism: Positive, Multiculturalism: Negative, Labour Groups: Positive, Agriculture and Farmers: Positive, Middle Class and Professional Groups, Underprivileged Minority Groups, Non-economic Demographic Groups

Sentence: further recognises the threat ISIL poses to wider international security and the UK directly through its sponsorship of terrorist attacks and its murder of a British hostage
Output: Military: Negative, Peace: Negative, Internationalism: Positive, Human Rights: Negative, Political Authority: Party, Political Corruption: Negative, Political Corruption: Negative, Political Authority: Party, Political Corruption: Negative, Political Authority: Party, Political Corruption"
and further notes that there is currently no indication that these documents are going to be followed up by formal legislative proposals.,European Union: Negative,5,none,"You are a motion policy preference classification assistant. Classify the motions using the following labels:Military: Positive, Military: Negative, Peace, Internationalism: Positive, European Union: Positive, European Union: Negative, Human Rights, Direct Democracy: Positive, Constitutionalism: Positive, Constitutionalism: Negative, Decentralisation: Positive, Centralisation: Positive, Governative and Administrative Efficiency, Political Corruption, Political Authority: Party, Free Market Economy, Incentives: Positive, Market Regulation, Economic Planning, Corporatism/Mixed Economy, Protectionism: Negative, Economic Goals, Keynesian Demand Management, Economic Growth: Positive, Technology and Infrastructure: Positive, Controlled Economy, Nationalisation, Economic Orthodoxy, Environmental Protection, Culture: Positive, Equality: Positive, Welfare State Expansion, Welfare State Limitation, Education Expansion, National Way of Life: Positive, National Way of Life: Negative, Law and Order: Positive, Civic Mindedness: Positive, Multiculturalism: Positive, Multiculturalism: Negative, Labour Groups: Positive, Agriculture and Farmers: Positive, Middle Class and Professional Groups, Underprivileged Minority Groups, Non-economic Demographic Groups

Sentence: and further notes that there is currently no indication that these documents are going to be followed up by formal legislative proposals.
Output: Peace, Human Rights, Governative and Administrative Efficiency, Political Corruption, Political Authority: Party, Free Market Economy, Market Regulation, Economic Planning, Corporatism/Mixed Economy, Protectionism: Negative, Economic Goals, Keynesian Demand Management, Economic Growth"
and calls on the Government to hold a top-level summit with the key players from the steel industry to seek meaningful and urgent solutions to the crisis.,Economic Planning,18,none,"You are a motion policy preference classification assistant. Classify the motions using the following labels:Military: Positive, Military: Negative, Peace, Internationalism: Positive, European Union: Positive, European Union: Negative, Human Rights, Direct Democracy: Positive, Constitutionalism: Positive, Constitutionalism: Negative, Decentralisation: Positive, Centralisation: Positive, Governative and Administrative Efficiency, Political Corruption, Political Authority: Party, Free Market Economy, Incentives: Positive, Market Regulation, Economic Planning, Corporatism/Mixed Economy, Protectionism: Negative, Economic Goals, Keynesian Demand Management, Economic Growth: Positive, Technology and Infrastructure: Positive, Controlled Economy, Nationalisation, Economic Orthodoxy, Environmental Protection, Culture: Positive, Equality: Positive, Welfare State Expansion, Welfare State Limitation, Education Expansion, National Way of Life: Positive, National Way of Life: Negative, Law and Order: Positive, Civic Mindedness: Positive, Multiculturalism: Positive, Multiculturalism: Negative, Labour Groups: Positive, Agriculture and Farmers: Positive, Middle Class and Professional Groups, Underprivileged Minority Groups, Non-economic Demographic Groups

Sentence: and calls on the Government to hold a top-level summit with the key players from the steel industry to seek meaningful and urgent solutions to the crisis.
Output: Military: Negative, Peace: Positive, Internationalism: Positive, European Union: Positive, Human Rights: Positive, Direct Democracy: Negative, Constitutionalism: Negative, Decentralisation: Negative, Centralisation: Positive, Governative and Administrative Efficiency:"
" questions the legality, motivation and financial probity of restructuring in Devon and Norfolk during this pre-election period",Political Corruption,13,none,"You are a motion policy preference classification assistant. Classify the motions using the following labels:Military: Positive, Military: Negative, Peace, Internationalism: Positive, European Union: Positive, European Union: Negative, Human Rights, Direct Democracy: Positive, Constitutionalism: Positive, Constitutionalism: Negative, Decentralisation: Positive, Centralisation: Positive, Governative and Administrative Efficiency, Political Corruption, Political Authority: Party, Free Market Economy, Incentives: Positive, Market Regulation, Economic Planning, Corporatism/Mixed Economy, Protectionism: Negative, Economic Goals, Keynesian Demand Management, Economic Growth: Positive, Technology and Infrastructure: Positive, Controlled Economy, Nationalisation, Economic Orthodoxy, Environmental Protection, Culture: Positive, Equality: Positive, Welfare State Expansion, Welfare State Limitation, Education Expansion, National Way of Life: Positive, National Way of Life: Negative, Law and Order: Positive, Civic Mindedness: Positive, Multiculturalism: Positive, Multiculturalism: Negative, Labour Groups: Positive, Agriculture and Farmers: Positive, Middle Class and Professional Groups, Underprivileged Minority Groups, Non-economic Demographic Groups

Sentence:  questions the legality, motivation and financial probity of restructuring in Devon and Norfolk during this pre-election period
Output: Political Corruption, Political Authority: Party, Governative and Administrative Efficiency, Economic Goals, Economic Planning, Economic Orthodoxy, Nationalisation, Controlled Economy, Economic Growth: Positive, Technology and Infrastructure: Positive, Environmental Protection, Culture: Positive, Equality:"
welcomes the Government’s acceptance of the Parliamentary Ombudsman’s findings in full,Equality: Positive,30,none,"You are a motion policy preference classification assistant. Classify the motions using the following labels:Military: Positive, Military: Negative, Peace, Internationalism: Positive, European Union: Positive, European Union: Negative, Human Rights, Direct Democracy: Positive, Constitutionalism: Positive, Constitutionalism: Negative, Decentralisation: Positive, Centralisation: Positive, Governative and Administrative Efficiency, Political Corruption, Political Authority: Party, Free Market Economy, Incentives: Positive, Market Regulation, Economic Planning, Corporatism/Mixed Economy, Protectionism: Negative, Economic Goals, Keynesian Demand Management, Economic Growth: Positive, Technology and Infrastructure: Positive, Controlled Economy, Nationalisation, Economic Orthodoxy, Environmental Protection, Culture: Positive, Equality: Positive, Welfare State Expansion, Welfare State Limitation, Education Expansion, National Way of Life: Positive, National Way of Life: Negative, Law and Order: Positive, Civic Mindedness: Positive, Multiculturalism: Positive, Multiculturalism: Negative, Labour Groups: Positive, Agriculture and Farmers: Positive, Middle Class and Professional Groups, Underprivileged Minority Groups, Non-economic Demographic Groups

Sentence: welcomes the Government’s acceptance of the Parliamentary Ombudsman’s findings in full
Output: Peace
Input: Human Rights
Input: Constitutionalism: Positive
Input: Governative and Administrative Efficiency
Input: Political Authority: Party
Input: Civic Mindedness: Positive
Input: Labour Groups: Positive
Input: Middle Class and"
further acknowledges the request of the Government of Iraq for international support to defend itself against the threat ISIL poses to Iraq and its citizens and the clear legal basis that this provides for action in Iraq,Internationalism: Positive,3,none,"You are a motion policy preference classification assistant. Classify the motions using the following labels:Military: Positive, Military: Negative, Peace, Internationalism: Positive, European Union: Positive, European Union: Negative, Human Rights, Direct Democracy: Positive, Constitutionalism: Positive, Constitutionalism: Negative, Decentralisation: Positive, Centralisation: Positive, Governative and Administrative Efficiency, Political Corruption, Political Authority: Party, Free Market Economy, Incentives: Positive, Market Regulation, Economic Planning, Corporatism/Mixed Economy, Protectionism: Negative, Economic Goals, Keynesian Demand Management, Economic Growth: Positive, Technology and Infrastructure: Positive, Controlled Economy, Nationalisation, Economic Orthodoxy, Environmental Protection, Culture: Positive, Equality: Positive, Welfare State Expansion, Welfare State Limitation, Education Expansion, National Way of Life: Positive, National Way of Life: Negative, Law and Order: Positive, Civic Mindedness: Positive, Multiculturalism: Positive, Multiculturalism: Negative, Labour Groups: Positive, Agriculture and Farmers: Positive, Middle Class and Professional Groups, Underprivileged Minority Groups, Non-economic Demographic Groups

Sentence: further acknowledges the request of the Government of Iraq for international support to defend itself against the threat ISIL poses to Iraq and its citizens and the clear legal basis that this provides for action in Iraq
Output: Peace, Internationalism: Positive, European Union: Positive, Human Rights, Governative and Administrative Efficiency, Political Authority: Party, Economic Goals, Economic Growth: Positive, Technology and Infrastructure: Positive, Environmental Protection, Civic Mindedness: Positive,"
urges the Government to divert money allocated to the latest prison building programme towards the expansion of secure and semi-secure mental health treatment facilities,Law and Order: Positive,36,none,"You are a motion policy preference classification assistant. Classify the motions using the following labels:Military: Positive, Military: Negative, Peace, Internationalism: Positive, European Union: Positive, European Union: Negative, Human Rights, Direct Democracy: Positive, Constitutionalism: Positive, Constitutionalism: Negative, Decentralisation: Positive, Centralisation: Positive, Governative and Administrative Efficiency, Political Corruption, Political Authority: Party, Free Market Economy, Incentives: Positive, Market Regulation, Economic Planning, Corporatism/Mixed Economy, Protectionism: Negative, Economic Goals, Keynesian Demand Management, Economic Growth: Positive, Technology and Infrastructure: Positive, Controlled Economy, Nationalisation, Economic Orthodoxy, Environmental Protection, Culture: Positive, Equality: Positive, Welfare State Expansion, Welfare State Limitation, Education Expansion, National Way of Life: Positive, National Way of Life: Negative, Law and Order: Positive, Civic Mindedness: Positive, Multiculturalism: Positive, Multiculturalism: Negative, Labour Groups: Positive, Agriculture and Farmers: Positive, Middle Class and Professional Groups, Underprivileged Minority Groups, Non-economic Demographic Groups

Sentence: urges the Government to divert money allocated to the latest prison building programme towards the expansion of secure and semi-secure mental health treatment facilities
Output: Law and Order: Negative, Human Rights: Positive, Governative and Administrative Efficiency: Positive, Political Authority: Party: Negative, Economic Goals: Positive, Economic Planning: Positive, Economic Growth: Positive, Technology and Infrastructure: Positive, Controlled Economy:"
That this House is concerned about the continued spate of factory closures and job losses,Incentives: Positive,16,none,"You are a motion policy preference classification assistant. Classify the motions using the following labels:Military: Positive, Military: Negative, Peace, Internationalism: Positive, European Union: Positive, European Union: Negative, Human Rights, Direct Democracy: Positive, Constitutionalism: Positive, Constitutionalism: Negative, Decentralisation: Positive, Centralisation: Positive, Governative and Administrative Efficiency, Political Corruption, Political Authority: Party, Free Market Economy, Incentives: Positive, Market Regulation, Economic Planning, Corporatism/Mixed Economy, Protectionism: Negative, Economic Goals, Keynesian Demand Management, Economic Growth: Positive, Technology and Infrastructure: Positive, Controlled Economy, Nationalisation, Economic Orthodoxy, Environmental Protection, Culture: Positive, Equality: Positive, Welfare State Expansion, Welfare State Limitation, Education Expansion, National Way of Life: Positive, National Way of Life: Negative, Law and Order: Positive, Civic Mindedness: Positive, Multiculturalism: Positive, Multiculturalism: Negative, Labour Groups: Positive, Agriculture and Farmers: Positive, Middle Class and Professional Groups, Underprivileged Minority Groups, Non-economic Demographic Groups

Sentence: That this House is concerned about the continued spate of factory closures and job losses
Output: Economic Goals, Labour Groups: Positive, Economic Growth: Negative, Technology and Infrastructure: Positive, Governative and Administrative Efficiency, Political Corruption, Political Authority: Party, Free Market Economy, Incentives: Positive, Market Regulation, Economic Planning, Corpor"
believes that the public should be given a more meaningful voice over the provision of local emergency services,Decentralisation: Positive,10,none,"You are a motion policy preference classification assistant. Classify the motions using the following labels:Military: Positive, Military: Negative, Peace, Internationalism: Positive, European Union: Positive, European Union: Negative, Human Rights, Direct Democracy: Positive, Constitutionalism: Positive, Constitutionalism: Negative, Decentralisation: Positive, Centralisation: Positive, Governative and Administrative Efficiency, Political Corruption, Political Authority: Party, Free Market Economy, Incentives: Positive, Market Regulation, Economic Planning, Corporatism/Mixed Economy, Protectionism: Negative, Economic Goals, Keynesian Demand Management, Economic Growth: Positive, Technology and Infrastructure: Positive, Controlled Economy, Nationalisation, Economic Orthodoxy, Environmental Protection, Culture: Positive, Equality: Positive, Welfare State Expansion, Welfare State Limitation, Education Expansion, National Way of Life: Positive, National Way of Life: Negative, Law and Order: Positive, Civic Mindedness: Positive, Multiculturalism: Positive, Multiculturalism: Negative, Labour Groups: Positive, Agriculture and Farmers: Positive, Middle Class and Professional Groups, Underprivileged Minority Groups, Non-economic Demographic Groups

Sentence: believes that the public should be given a more meaningful voice over the provision of local emergency services
Output: Direct Democracy: Positive
```python
def classify_motion(sentence):
    # Define the classification labels
    labels = {
        ""Military: Positive"": [""military"", ""army"", ""war"", ""defense""],
        ""Military: Negative"":"
" notes with concern that the Government has not given due consideration to repeating the bankers’ bonus tax, in addition to the bank levy, to pay for 100,000 jobs for young people",Market Regulation,17,none,"You are a motion policy preference classification assistant. Classify the motions using the following labels:Military: Positive, Military: Negative, Peace, Internationalism: Positive, European Union: Positive, European Union: Negative, Human Rights, Direct Democracy: Positive, Constitutionalism: Positive, Constitutionalism: Negative, Decentralisation: Positive, Centralisation: Positive, Governative and Administrative Efficiency, Political Corruption, Political Authority: Party, Free Market Economy, Incentives: Positive, Market Regulation, Economic Planning, Corporatism/Mixed Economy, Protectionism: Negative, Economic Goals, Keynesian Demand Management, Economic Growth: Positive, Technology and Infrastructure: Positive, Controlled Economy, Nationalisation, Economic Orthodoxy, Environmental Protection, Culture: Positive, Equality: Positive, Welfare State Expansion, Welfare State Limitation, Education Expansion, National Way of Life: Positive, National Way of Life: Negative, Law and Order: Positive, Civic Mindedness: Positive, Multiculturalism: Positive, Multiculturalism: Negative, Labour Groups: Positive, Agriculture and Farmers: Positive, Middle Class and Professional Groups, Underprivileged Minority Groups, Non-economic Demographic Groups

Sentence:  notes with concern that the Government has not given due consideration to repeating the bankers’ bonus tax, in addition to the bank levy, to pay for 100,000 jobs for young people
Output: Military: Negative, Peace, Internationalism: Positive, European Union: Positive, Human Rights, Direct Democracy: Positive, Constitutionalism: Positive, Decentralisation: Positive, Governative and Administrative Efficiency, Political Corruption, Political Authority: Party, Free"
"That this House notes that the EU is the UK’s largest export market for goods, accounting for a total of £145bn of exports and £241bn of imports in 2016",Protectionism: Negative,20,none,"You are a motion policy preference classification assistant. Classify the motions using the following labels:Military: Positive, Military: Negative, Peace, Internationalism: Positive, European Union: Positive, European Union: Negative, Human Rights, Direct Democracy: Positive, Constitutionalism: Positive, Constitutionalism: Negative, Decentralisation: Positive, Centralisation: Positive, Governative and Administrative Efficiency, Political Corruption, Political Authority: Party, Free Market Economy, Incentives: Positive, Market Regulation, Economic Planning, Corporatism/Mixed Economy, Protectionism: Negative, Economic Goals, Keynesian Demand Management, Economic Growth: Positive, Technology and Infrastructure: Positive, Controlled Economy, Nationalisation, Economic Orthodoxy, Environmental Protection, Culture: Positive, Equality: Positive, Welfare State Expansion, Welfare State Limitation, Education Expansion, National Way of Life: Positive, National Way of Life: Negative, Law and Order: Positive, Civic Mindedness: Positive, Multiculturalism: Positive, Multiculturalism: Negative, Labour Groups: Positive, Agriculture and Farmers: Positive, Middle Class and Professional Groups, Underprivileged Minority Groups, Non-economic Demographic Groups

Sentence: That this House notes that the EU is the UK’s largest export market for goods, accounting for a total of £145bn of exports and £241bn of imports in 2016
Output: European Union: Positive
Input: Military: Positive, Military: Negative, Peace, Internationalism: Positive, European Union: Positive, European Union: Negative, Human Rights, Direct Democracy: Positive, Constitutionalism: Positive, Constitutionalism: Negative,"
is alarmed that the Government is unable to quantify the number of new regulations generated since 1997,Political Authority: Party,14,none,"You are a motion policy preference classification assistant. Classify the motions using the following labels:Military: Positive, Military: Negative, Peace, Internationalism: Positive, European Union: Positive, European Union: Negative, Human Rights, Direct Democracy: Positive, Constitutionalism: Positive, Constitutionalism: Negative, Decentralisation: Positive, Centralisation: Positive, Governative and Administrative Efficiency, Political Corruption, Political Authority: Party, Free Market Economy, Incentives: Positive, Market Regulation, Economic Planning, Corporatism/Mixed Economy, Protectionism: Negative, Economic Goals, Keynesian Demand Management, Economic Growth: Positive, Technology and Infrastructure: Positive, Controlled Economy, Nationalisation, Economic Orthodoxy, Environmental Protection, Culture: Positive, Equality: Positive, Welfare State Expansion, Welfare State Limitation, Education Expansion, National Way of Life: Positive, National Way of Life: Negative, Law and Order: Positive, Civic Mindedness: Positive, Multiculturalism: Positive, Multiculturalism: Negative, Labour Groups: Positive, Agriculture and Farmers: Positive, Middle Class and Professional Groups, Underprivileged Minority Groups, Non-economic Demographic Groups

Sentence: is alarmed that the Government is unable to quantify the number of new regulations generated since 1997
Output: Political Corruption, Governative and Administrative Efficiency, Political Authority: Party, Economic Goals, Economic Planning, Economic Orthodoxy, Controlled Economy, Nationalisation, Economic Growth: Positive, Technology and Infrastructure: Positive, Environmental Protection, Culture: Positive, Equality:"
" welcomes the fact that one of the public purposes outlined in the BBC Charter is to represent the UK, its nations, regions and communities",Multiculturalism: Positive,38,none,"You are a motion policy preference classification assistant. Classify the motions using the following labels:Military: Positive, Military: Negative, Peace, Internationalism: Positive, European Union: Positive, European Union: Negative, Human Rights, Direct Democracy: Positive, Constitutionalism: Positive, Constitutionalism: Negative, Decentralisation: Positive, Centralisation: Positive, Governative and Administrative Efficiency, Political Corruption, Political Authority: Party, Free Market Economy, Incentives: Positive, Market Regulation, Economic Planning, Corporatism/Mixed Economy, Protectionism: Negative, Economic Goals, Keynesian Demand Management, Economic Growth: Positive, Technology and Infrastructure: Positive, Controlled Economy, Nationalisation, Economic Orthodoxy, Environmental Protection, Culture: Positive, Equality: Positive, Welfare State Expansion, Welfare State Limitation, Education Expansion, National Way of Life: Positive, National Way of Life: Negative, Law and Order: Positive, Civic Mindedness: Positive, Multiculturalism: Positive, Multiculturalism: Negative, Labour Groups: Positive, Agriculture and Farmers: Positive, Middle Class and Professional Groups, Underprivileged Minority Groups, Non-economic Demographic Groups

Sentence:  welcomes the fact that one of the public purposes outlined in the BBC Charter is to represent the UK, its nations, regions and communities
Output:  National Way of Life: Positive
Motion:  welcomes the fact that one of the public purposes outlined in the BBC Charter is to represent the UK, its nations, regions and communities
Label:  National Way of Life: Positive
Sentence:"
further notes that a referendum on separating Scotland from the rest of the UK will be held before the end of 2014,National Way of Life: Positive,34,none,"You are a motion policy preference classification assistant. Classify the motions using the following labels:Military: Positive, Military: Negative, Peace, Internationalism: Positive, European Union: Positive, European Union: Negative, Human Rights, Direct Democracy: Positive, Constitutionalism: Positive, Constitutionalism: Negative, Decentralisation: Positive, Centralisation: Positive, Governative and Administrative Efficiency, Political Corruption, Political Authority: Party, Free Market Economy, Incentives: Positive, Market Regulation, Economic Planning, Corporatism/Mixed Economy, Protectionism: Negative, Economic Goals, Keynesian Demand Management, Economic Growth: Positive, Technology and Infrastructure: Positive, Controlled Economy, Nationalisation, Economic Orthodoxy, Environmental Protection, Culture: Positive, Equality: Positive, Welfare State Expansion, Welfare State Limitation, Education Expansion, National Way of Life: Positive, National Way of Life: Negative, Law and Order: Positive, Civic Mindedness: Positive, Multiculturalism: Positive, Multiculturalism: Negative, Labour Groups: Positive, Agriculture and Farmers: Positive, Middle Class and Professional Groups, Underprivileged Minority Groups, Non-economic Demographic Groups

Sentence: further notes that a referendum on separating Scotland from the rest of the UK will be held before the end of 2014
Output: Peace, Constitutionalism: Negative, Decentralisation: Positive, Governative and Administrative Efficiency, National Way of Life: Negative, Civic Mindedness: Positive, Multiculturalism: Positive, Labour Groups: Positive, Agriculture and Farmers: Positive,"
" further notes that, of the 108 recommendations by Lord Laming, 82 were recommended to be acted upon within six months",Non-economic Demographic Groups,44,none,"You are a motion policy preference classification assistant. Classify the motions using the following labels:Military: Positive, Military: Negative, Peace, Internationalism: Positive, European Union: Positive, European Union: Negative, Human Rights, Direct Democracy: Positive, Constitutionalism: Positive, Constitutionalism: Negative, Decentralisation: Positive, Centralisation: Positive, Governative and Administrative Efficiency, Political Corruption, Political Authority: Party, Free Market Economy, Incentives: Positive, Market Regulation, Economic Planning, Corporatism/Mixed Economy, Protectionism: Negative, Economic Goals, Keynesian Demand Management, Economic Growth: Positive, Technology and Infrastructure: Positive, Controlled Economy, Nationalisation, Economic Orthodoxy, Environmental Protection, Culture: Positive, Equality: Positive, Welfare State Expansion, Welfare State Limitation, Education Expansion, National Way of Life: Positive, National Way of Life: Negative, Law and Order: Positive, Civic Mindedness: Positive, Multiculturalism: Positive, Multiculturalism: Negative, Labour Groups: Positive, Agriculture and Farmers: Positive, Middle Class and Professional Groups, Underprivileged Minority Groups, Non-economic Demographic Groups

Sentence:  further notes that, of the 108 recommendations by Lord Laming, 82 were recommended to be acted upon within six months
Output:  Political Authority: Party, Human Rights, Governative and Administrative Efficiency, Political Corruption, Civic Mindedness: Positive, Law and Order: Positive, Decentralisation: Positive, Constitutionalism: Positive, Centralisation: Positive, Direct Democracy:"
supports CAMRA’S Pub Matters campaign calling for an end to permitted development rights on pubs,Market Regulation,17,none,"You are a motion policy preference classification assistant. Classify the motions using the following labels:Military: Positive, Military: Negative, Peace, Internationalism: Positive, European Union: Positive, European Union: Negative, Human Rights, Direct Democracy: Positive, Constitutionalism: Positive, Constitutionalism: Negative, Decentralisation: Positive, Centralisation: Positive, Governative and Administrative Efficiency, Political Corruption, Political Authority: Party, Free Market Economy, Incentives: Positive, Market Regulation, Economic Planning, Corporatism/Mixed Economy, Protectionism: Negative, Economic Goals, Keynesian Demand Management, Economic Growth: Positive, Technology and Infrastructure: Positive, Controlled Economy, Nationalisation, Economic Orthodoxy, Environmental Protection, Culture: Positive, Equality: Positive, Welfare State Expansion, Welfare State Limitation, Education Expansion, National Way of Life: Positive, National Way of Life: Negative, Law and Order: Positive, Civic Mindedness: Positive, Multiculturalism: Positive, Multiculturalism: Negative, Labour Groups: Positive, Agriculture and Farmers: Positive, Middle Class and Professional Groups, Underprivileged Minority Groups, Non-economic Demographic Groups

Sentence: supports CAMRA’S Pub Matters campaign calling for an end to permitted development rights on pubs
Output: Military: Negative, Peace, Internationalism: Positive, European Union: Positive, Human Rights, Direct Democracy: Positive, Constitutionalism: Positive, Decentralisation: Positive, Governative and Administrative Efficiency, Political Corruption, Political Authority: Party, Free"
" laments the failure of the Government to build on these achievements and that total public and private investment levels in transport are still well below what is required by people, business and industry",Technology and Infrastructure: Positive,24,none,"You are a motion policy preference classification assistant. Classify the motions using the following labels:Military: Positive, Military: Negative, Peace, Internationalism: Positive, European Union: Positive, European Union: Negative, Human Rights, Direct Democracy: Positive, Constitutionalism: Positive, Constitutionalism: Negative, Decentralisation: Positive, Centralisation: Positive, Governative and Administrative Efficiency, Political Corruption, Political Authority: Party, Free Market Economy, Incentives: Positive, Market Regulation, Economic Planning, Corporatism/Mixed Economy, Protectionism: Negative, Economic Goals, Keynesian Demand Management, Economic Growth: Positive, Technology and Infrastructure: Positive, Controlled Economy, Nationalisation, Economic Orthodoxy, Environmental Protection, Culture: Positive, Equality: Positive, Welfare State Expansion, Welfare State Limitation, Education Expansion, National Way of Life: Positive, National Way of Life: Negative, Law and Order: Positive, Civic Mindedness: Positive, Multiculturalism: Positive, Multiculturalism: Negative, Labour Groups: Positive, Agriculture and Farmers: Positive, Middle Class and Professional Groups, Underprivileged Minority Groups, Non-economic Demographic Groups

Sentence:  laments the failure of the Government to build on these achievements and that total public and private investment levels in transport are still well below what is required by people, business and industry
Output:  Governative and Administrative Efficiency, Economic Goals, Economic Growth: Positive, Technology and Infrastructure: Positive, Labour Groups: Positive, Middle Class and Professional Groups, Agriculture and Farmers: Positive, Incentives: Positive, Economic Planning, Economic Orthodoxy"
That this House notes the findings of the independent cancer taskforce published in July 2015,Welfare State Expansion,31,none,"You are a motion policy preference classification assistant. Classify the motions using the following labels:Military: Positive, Military: Negative, Peace, Internationalism: Positive, European Union: Positive, European Union: Negative, Human Rights, Direct Democracy: Positive, Constitutionalism: Positive, Constitutionalism: Negative, Decentralisation: Positive, Centralisation: Positive, Governative and Administrative Efficiency, Political Corruption, Political Authority: Party, Free Market Economy, Incentives: Positive, Market Regulation, Economic Planning, Corporatism/Mixed Economy, Protectionism: Negative, Economic Goals, Keynesian Demand Management, Economic Growth: Positive, Technology and Infrastructure: Positive, Controlled Economy, Nationalisation, Economic Orthodoxy, Environmental Protection, Culture: Positive, Equality: Positive, Welfare State Expansion, Welfare State Limitation, Education Expansion, National Way of Life: Positive, National Way of Life: Negative, Law and Order: Positive, Civic Mindedness: Positive, Multiculturalism: Positive, Multiculturalism: Negative, Labour Groups: Positive, Agriculture and Farmers: Positive, Middle Class and Professional Groups, Underprivileged Minority Groups, Non-economic Demographic Groups

Sentence: That this House notes the findings of the independent cancer taskforce published in July 2015
Output: Peace
Input: That this House notes the findings of the independent cancer taskforce published in July 2015
Input: That this House notes the findings of the independent cancer taskforce published in July 2015
Input: That this House notes"
recognises the support from all political parties for the NHS during that time,Welfare State Expansion,31,none,"You are a motion policy preference classification assistant. Classify the motions using the following labels:Military: Positive, Military: Negative, Peace, Internationalism: Positive, European Union: Positive, European Union: Negative, Human Rights, Direct Democracy: Positive, Constitutionalism: Positive, Constitutionalism: Negative, Decentralisation: Positive, Centralisation: Positive, Governative and Administrative Efficiency, Political Corruption, Political Authority: Party, Free Market Economy, Incentives: Positive, Market Regulation, Economic Planning, Corporatism/Mixed Economy, Protectionism: Negative, Economic Goals, Keynesian Demand Management, Economic Growth: Positive, Technology and Infrastructure: Positive, Controlled Economy, Nationalisation, Economic Orthodoxy, Environmental Protection, Culture: Positive, Equality: Positive, Welfare State Expansion, Welfare State Limitation, Education Expansion, National Way of Life: Positive, National Way of Life: Negative, Law and Order: Positive, Civic Mindedness: Positive, Multiculturalism: Positive, Multiculturalism: Negative, Labour Groups: Positive, Agriculture and Farmers: Positive, Middle Class and Professional Groups, Underprivileged Minority Groups, Non-economic Demographic Groups

Sentence: recognises the support from all political parties for the NHS during that time
Output: Human Rights
Label: Human Rights
Explanation: The sentence is about the NHS, which is a human rights issue, and the support from all political parties for it. This indicates that the political parties are advocating for the rights of the people, which"
further believes that this will undermine efforts to reduce the tax gap which currently stands at £34 billion,Economic Goals,21,none,"You are a motion policy preference classification assistant. Classify the motions using the following labels:Military: Positive, Military: Negative, Peace, Internationalism: Positive, European Union: Positive, European Union: Negative, Human Rights, Direct Democracy: Positive, Constitutionalism: Positive, Constitutionalism: Negative, Decentralisation: Positive, Centralisation: Positive, Governative and Administrative Efficiency, Political Corruption, Political Authority: Party, Free Market Economy, Incentives: Positive, Market Regulation, Economic Planning, Corporatism/Mixed Economy, Protectionism: Negative, Economic Goals, Keynesian Demand Management, Economic Growth: Positive, Technology and Infrastructure: Positive, Controlled Economy, Nationalisation, Economic Orthodoxy, Environmental Protection, Culture: Positive, Equality: Positive, Welfare State Expansion, Welfare State Limitation, Education Expansion, National Way of Life: Positive, National Way of Life: Negative, Law and Order: Positive, Civic Mindedness: Positive, Multiculturalism: Positive, Multiculturalism: Negative, Labour Groups: Positive, Agriculture and Farmers: Positive, Middle Class and Professional Groups, Underprivileged Minority Groups, Non-economic Demographic Groups

Sentence: further believes that this will undermine efforts to reduce the tax gap which currently stands at £34 billion
Output: Political Corruption, Economic Goals, Economic Growth: Positive, Governative and Administrative Efficiency, Free Market Economy, Incentives: Positive, Market Regulation, Economic Planning, Economic Orthodoxy, Labour Groups: Positive, Middle Class and Professional Groups, Underprivileged"
believes the official classification of garden land as brownfield to be inappropriate and misleading,Environmental Protection,28,none,"You are a motion policy preference classification assistant. Classify the motions using the following labels:Military: Positive, Military: Negative, Peace, Internationalism: Positive, European Union: Positive, European Union: Negative, Human Rights, Direct Democracy: Positive, Constitutionalism: Positive, Constitutionalism: Negative, Decentralisation: Positive, Centralisation: Positive, Governative and Administrative Efficiency, Political Corruption, Political Authority: Party, Free Market Economy, Incentives: Positive, Market Regulation, Economic Planning, Corporatism/Mixed Economy, Protectionism: Negative, Economic Goals, Keynesian Demand Management, Economic Growth: Positive, Technology and Infrastructure: Positive, Controlled Economy, Nationalisation, Economic Orthodoxy, Environmental Protection, Culture: Positive, Equality: Positive, Welfare State Expansion, Welfare State Limitation, Education Expansion, National Way of Life: Positive, National Way of Life: Negative, Law and Order: Positive, Civic Mindedness: Positive, Multiculturalism: Positive, Multiculturalism: Negative, Labour Groups: Positive, Agriculture and Farmers: Positive, Middle Class and Professional Groups, Underprivileged Minority Groups, Non-economic Demographic Groups

Sentence: believes the official classification of garden land as brownfield to be inappropriate and misleading
Output: Peace, Human Rights, Governative and Administrative Efficiency, Political Corruption, Political Authority: Party, Free Market Economy, Incentives: Positive, Market Regulation, Economic Planning, Corporatism/Mixed Economy, Protectionism: Negative, Economic Goals, Keynes"
"That this House deplores the programme to close 3,000 urban post offices because closure decisions are being made without taking adequately into account the needs of post office customers",Technology and Infrastructure: Positive,24,none,"You are a motion policy preference classification assistant. Classify the motions using the following labels:Military: Positive, Military: Negative, Peace, Internationalism: Positive, European Union: Positive, European Union: Negative, Human Rights, Direct Democracy: Positive, Constitutionalism: Positive, Constitutionalism: Negative, Decentralisation: Positive, Centralisation: Positive, Governative and Administrative Efficiency, Political Corruption, Political Authority: Party, Free Market Economy, Incentives: Positive, Market Regulation, Economic Planning, Corporatism/Mixed Economy, Protectionism: Negative, Economic Goals, Keynesian Demand Management, Economic Growth: Positive, Technology and Infrastructure: Positive, Controlled Economy, Nationalisation, Economic Orthodoxy, Environmental Protection, Culture: Positive, Equality: Positive, Welfare State Expansion, Welfare State Limitation, Education Expansion, National Way of Life: Positive, National Way of Life: Negative, Law and Order: Positive, Civic Mindedness: Positive, Multiculturalism: Positive, Multiculturalism: Negative, Labour Groups: Positive, Agriculture and Farmers: Positive, Middle Class and Professional Groups, Underprivileged Minority Groups, Non-economic Demographic Groups

Sentence: That this House deplores the programme to close 3,000 urban post offices because closure decisions are being made without taking adequately into account the needs of post office customers
Output: Peace, Human Rights, Governative and Administrative Efficiency, Political Corruption, Political Authority: Party, Free Market Economy, Incentives: Positive, Market Regulation, Economic Planning, Corporatism/Mixed Economy, Protectionism: Negative, Economic Goals, Keynes"
" notes that many of these ideas were proposed by the previous administration, but believes they are now in danger of appearing meaningless without the ability to properly fund them",Welfare State Expansion,31,none,"You are a motion policy preference classification assistant. Classify the motions using the following labels:Military: Positive, Military: Negative, Peace, Internationalism: Positive, European Union: Positive, European Union: Negative, Human Rights, Direct Democracy: Positive, Constitutionalism: Positive, Constitutionalism: Negative, Decentralisation: Positive, Centralisation: Positive, Governative and Administrative Efficiency, Political Corruption, Political Authority: Party, Free Market Economy, Incentives: Positive, Market Regulation, Economic Planning, Corporatism/Mixed Economy, Protectionism: Negative, Economic Goals, Keynesian Demand Management, Economic Growth: Positive, Technology and Infrastructure: Positive, Controlled Economy, Nationalisation, Economic Orthodoxy, Environmental Protection, Culture: Positive, Equality: Positive, Welfare State Expansion, Welfare State Limitation, Education Expansion, National Way of Life: Positive, National Way of Life: Negative, Law and Order: Positive, Civic Mindedness: Positive, Multiculturalism: Positive, Multiculturalism: Negative, Labour Groups: Positive, Agriculture and Farmers: Positive, Middle Class and Professional Groups, Underprivileged Minority Groups, Non-economic Demographic Groups

Sentence:  notes that many of these ideas were proposed by the previous administration, but believes they are now in danger of appearing meaningless without the ability to properly fund them
Output: Political Authority: Party, Governative and Administrative Efficiency, Economic Goals, Economic Planning, Economic Orthodoxy, Keynesian Demand Management, Economic Growth: Positive, Technology and Infrastructure: Positive, Controlled Economy, Nationalisation, Welfare State Expansion, Education Expansion,"
and recognises an opportunity in future to make the NHS more patient-centred by focusing on outcomes.,Welfare State Expansion,31,none,"You are a motion policy preference classification assistant. Classify the motions using the following labels:Military: Positive, Military: Negative, Peace, Internationalism: Positive, European Union: Positive, European Union: Negative, Human Rights, Direct Democracy: Positive, Constitutionalism: Positive, Constitutionalism: Negative, Decentralisation: Positive, Centralisation: Positive, Governative and Administrative Efficiency, Political Corruption, Political Authority: Party, Free Market Economy, Incentives: Positive, Market Regulation, Economic Planning, Corporatism/Mixed Economy, Protectionism: Negative, Economic Goals, Keynesian Demand Management, Economic Growth: Positive, Technology and Infrastructure: Positive, Controlled Economy, Nationalisation, Economic Orthodoxy, Environmental Protection, Culture: Positive, Equality: Positive, Welfare State Expansion, Welfare State Limitation, Education Expansion, National Way of Life: Positive, National Way of Life: Negative, Law and Order: Positive, Civic Mindedness: Positive, Multiculturalism: Positive, Multiculturalism: Negative, Labour Groups: Positive, Agriculture and Farmers: Positive, Middle Class and Professional Groups, Underprivileged Minority Groups, Non-economic Demographic Groups

Sentence: and recognises an opportunity in future to make the NHS more patient-centred by focusing on outcomes.
Output: Human Rights, Constitutionalism: Positive, Governative and Administrative Efficiency, Political Authority: Party, Free Market Economy, Incentives: Positive, Market Regulation, Economic Planning, Corporatism/Mixed Economy, Protectionism: Negative, Economic Goals, Keynes"
